timestamp,d_ij,d_cpa,t_cpa,uav3_avoid,uav4_avoid,uav3_offset,uav4_offset,uav3_lat,uav3_lon,uav3_alt,uav4_lat,uav4_lon,uav4_alt
1788934477.1498442,0.0,0.0,0.0,True,True,1.999,1.999,-7.768846,110.3847907,0.001,-7.768846,110.3847907,0.001
1788934477.3560286,0.0,0.0,0.0,True,True,1.999,1.999,-7.768846,110.3847907,0.001,-7.768846,110.3847907,0.001
1788934477.5562782,0.0,0.0,0.0,True,True,1.999,1.999,-7.768846,110.3847907,0.001,-7.768846,110.3847907,0.001
1788934477.7616794,0.0,0.0,0.0,True,True,1.999,1.999,-7.768846,110.3847907,0.001,-7.768846,110.3847907,0.001
1788934477.963381,0.0,0.0,0.0,True,True,1.999,1.999,-7.768846,110.3847907,0.001,-7.768846,110.3847907,0.001
1788934478.1692288,0.0,0.0,0.0,True,True,1.999,1.999,-7.768846,110.3847907,0.001,-7.768846,110.3847907,0.001
1788934478.3703601,0.0,0.0,0.0,True,True,1.999,1.999,-7.768846,110.3847907,0.001,-7.768846,110.3847907,0.001
1788934478.5714278,0.0,0.0,0.0,True,True,1.999,1.999,-7.768846,110.3847907,0.001,-7.768846,110.3847907,0.001
1788934478.7735887,0.0,0.0,0.0,True,True,1.999,1.999,-7.768846,110.3847907,0.001,-7.768846,110.3847907,0.001
1788934478.9765682,0.0,0.0,0.0,True,True,1.999,1.999,-7.768846,110.3847907,0.001,-7.768846,110.3847907,0.001
1788934479.1828728,0.0,0.0,0.0,True,True,1.999,1.999,-7.768846,110.3847907,0.001,-7.768846,110.3847907,0.001
1788934479.3886838,0.0,0.0,0.0,True,True,1.999,1.999,-7.768846,110.3847907,0.001,-7.768846,110.3847907,0.001
1788934479.5926652,0.0,0.0,0.0,True,True,1.999,1.999,-7.768846,110.3847907,0.001,-7.768846,110.3847907,0.001
1788934479.8009813,0.114,0.114,0.0,True,True,1.9989999999999999,3.0,-7.768846,110.3847907,0.001,-7.768846,110.3847907,0.115
1788934480.0020857,0.275,0.275,0.0,True,True,1.948,5.1,-7.768846,110.3847907,0.052,-7.768846,110.3847907,0.327
1788934480.2105815,0.197,0.197,0.0,True,True,1.87,6.569999999999999,-7.768846,110.3847907,0.13,-7.768846,110.3847907,0.327
1788934480.4119399,0.502,0.502,0.0,True,True,1.87,7.598999999999999,-7.768846,110.3847907,0.13,-7.768846,110.3847907,0.632
1788934480.6132002,0.5512223026304273,0.5512223026304273,0.0,True,True,3.8514875560487876,10.257229279391192,-7.768846,110.3847907,0.382,-7.7688459,110.3847906,0.933
1788934480.8146622,0.609,0.609,0.0,True,True,2.779499392562507,9.772119970615382,-7.7688459,110.3847906,0.681,-7.7688459,110.3847906,1.29
1788934481.0227797,0.716,0.716,0.0,True,True,1.9872426570238266,9.635920457997202,-7.7688459,110.3847906,0.992,-7.7688459,110.3847906,1.708
1788934481.2245076,0.34799999999999986,0.34799999999999986,0.0,True,True,1.3589716682729658,9.645625501008007,-7.7688459,110.3847906,1.36,-7.7688459,110.3847906,1.708
1788934481.4246073,0.40400000000000014,0.40400000000000014,0.0,True,True,0.8653039683444298,9.703991360249194,-7.7688459,110.3847906,1.789,-7.7688459,110.3847906,2.193
1788934481.6249483,0.9471293612540748,0.9471293612540748,0.0,True,True,1.0054191755593982,9.893206034515273,-7.7688459,110.3847906,1.789,-7.7688458,110.3847905,2.736
1788934481.8383627,0.9850627610033853,0.38516054200243804,10.0,True,True,0.9198831039844392,9.94914798822059,-7.7688459,110.3847905,2.284,-7.7688458,110.3847905,3.269
1788934482.0509324,0.9170674147060355,0.01111949259687748,2.1325581395348823,True,True,1.6043216730059895,10.263324773515631,-7.7688459,110.3847905,2.825,-7.7688458,110.3847905,3.742
1788934482.2533004,0.7909999999999999,0.0,1.438181818181818,True,True,1.6583664507380753,10.101149701238034,-7.7688458,110.3847905,3.35,-7.7688458,110.3847905,4.141
1788934482.4534957,0.33099999999999996,5.551115123125783e-17,1.273076923076923,True,True,1.9314923892206939,10.029424038639156,-7.7688458,110.3847905,3.81,-7.7688458,110.3847905,4.141
1788934482.6550078,0.653,0.0,1.1660714285714289,True,True,1.8705175209851839,10.000196303940818,-7.7688458,110.3847905,3.81,-7.7688458,110.3847905,4.463
1788934482.8562338,0.5129999999999999,0.009498371475088743,0.9496743229345215,True,True,2.2216996962220508,9.99012143139835,-7.7688458,110.3847905,4.197,-7.7688458,110.3847905,4.71
1788934483.0644753,0.3769999999999998,0.010658907549644958,0.75339728217426,True,True,2.518639089805176,9.988175986460648,-7.7688458,110.3847905,4.508,-7.7688458,110.3847905,4.885
1788934483.2692678,0.2549999999999999,0.007669389719546457,0.5420624151967433,True,True,2.746774225104855,9.989318713356523,-7.7688458,110.3847905,4.742,-7.7688458,110.3847905,4.997
1788934483.4879367,0.08800000000000008,0.0,0.4190476190476194,True,True,2.9112061547429415,9.991345551217064,-7.7688458,110.3847905,4.909,-7.7688458,110.3847905,4.997
1788934483.698045,0.03500000000000014,6.938893903907228e-18,0.17500000000000068,True,True,3.0120446103855203,9.993365186107013,-7.7688458,110.3847905,5.011,-7.7688458,110.3847905,5.046
1788934483.904597,0.027000000000000135,3.469446951953614e-18,0.07500000000000037,True,True,3.0115119043641028,9.995073168425225,-7.7688458,110.3847905,5.011,-7.7688458,110.3847905,5.038
1788934484.1060073,0.04099999999999948,0.04099999999999948,0.0,True,True,3.0502476367603473,3.996897280511059,-7.7688458,110.3847905,5.05,-7.7688458,110.3847905,5.009
1788934484.307346,0.0519999999999996,0.0,2.5999999999999814,True,True,0.20455428790992247,0.21038846254687085,-7.7688458,110.3847905,5.036,-7.7688458,110.3847905,4.984
1788934484.515671,0.03799999999999937,0.0,0.4749999999999921,True,True,3.141973532298925,2.9692608376075693,-7.7688458,110.3847905,5.007,-7.7688458,110.3847905,4.969
1788934484.7172344,0.0129999999999999,0.0,0.32499999999999757,True,True,5.199358159789995,2.9691278132908834,-7.7688458,110.3847905,4.982,-7.7688458,110.3847905,4.969
1788934484.918481,0.017999999999999794,0.0,0.2999999999999966,True,True,6.63954530614501,2.9640627348475905,-7.7688458,110.3847905,4.982,-7.7688458,110.3847905,4.964
1788934485.119964,0.0019999999999997797,0.0,0.04999999999999449,True,True,7.647679913489737,2.9650307298736323,-7.7688458,110.3847905,4.967,-7.7688458,110.3847905,4.965
1788934485.3213942,0.007000000000000561,0.007000000000000561,0.0,True,True,2.3533784289370017,2.353392957574965,-7.7688458,110.3847905,4.962,-7.7688458,110.3847905,4.969
1788934485.5226054,0.01100000000000012,0.01100000000000012,0.0,True,True,1.3526419966649155,1.3526543826124247,-7.7688458,110.3847905,4.963,-7.7688458,110.3847905,4.974
1788934485.7244453,0.007000000000000561,0.007000000000000561,0.0,True,True,2.9670008460258157,3.946849462570728,-7.7688458,110.3847905,4.967,-7.7688458,110.3847905,4.974
1788934485.9323292,0.005999999999999339,0.0,0.599999999999934,True,True,2.97200041385525,5.762793634080892,-7.7688458,110.3847905,4.972,-7.7688458,110.3847905,4.978
1788934486.13377,0.008000000000000007,1.734723475976807e-18,0.8000000000000009,True,True,2.97200020278908,7.0339552717377325,-7.7688458,110.3847905,4.972,-7.7688458,110.3847905,4.98
1788934486.3350713,0.005000000000000782,0.0,0.5000000000000782,True,True,2.975000099266449,7.92376859324225,-7.7688458,110.3847905,4.975,-7.7688458,110.3847905,4.98
1788934486.541519,0.004999999999999893,0.0,0.49999999999998934,True,True,2.976000048624216,8.546637976162401,-7.7688458,110.3847905,4.976,-7.7688458,110.3847905,4.981
1788934486.7451403,0.008000000000000007,0.0,0.8000000000000007,True,True,2.976000023825866,8.98264656641005,-7.7688458,110.3847905,4.976,-7.7688458,110.3847905,4.984
1788934486.9486437,0.006999999999999673,8.673617379884035e-19,0.6999999999999672,True,True,2.977000011670753,9.287852588865263,-7.7688458,110.3847905,4.977,-7.7688458,110.3847905,4.984
1788934487.1546273,0.008999999999999453,0.0,0.8999999999999453,True,True,2.977000005718669,9.501496808674954,-7.7688458,110.3847905,4.977,-7.7688458,110.3847905,4.986
1788934487.356027,0.008000000000000007,0.008000000000000007,0.0,True,True,2.9800000027993274,9.651047764407517,-7.7688458,110.3847905,4.98,-7.7688458,110.3847905,4.988
1788934487.5643415,0.017106814887991584,0.017106814887991584,0.0,True,True,6.700094959107103,11.453041091436384,-7.7688458,110.3847905,4.982,-7.7688459,110.3847905,4.995
1788934487.7726803,0.061550481091292415,0.061550481091292415,0.0,True,True,10.5824225022854,14.131017111578165,-7.7688458,110.3847905,4.985,-7.7688463,110.3847904,5.009
1788934487.9826987,0.04791318895088806,0.04791318895088806,0.0,True,True,13.418883588599536,16.39255248220542,-7.7688459,110.3847905,4.995,-7.7688463,110.3847904,5.009
1788934488.1897001,0.09105242063558464,0.09105242063558464,0.0,True,True,15.449516765592778,18.108109231024276,-7.7688462,110.3847904,5.019,-7.768847,110.3847903,5.035
1788934488.3907003,0.24216537524575515,0.24216537524575515,0.0,True,True,16.878047302406088,19.35416932198967,-7.7688462,110.3847904,5.019,-7.7688483,110.3847901,5.074
1788934488.6001527,0.35410051761603817,0.35410051761603817,0.0,True,True,17.679099814252783,20.0,-7.7688469,110.3847902,5.061,-7.76885,110.3847898,5.129
1788934488.801962,0.4977099713817569,0.4977099713817569,0.0,True,True,17.844684273522294,20.0,-7.768848,110.3847898,5.125,-7.7688524,110.3847894,5.205
1788934489.004059,0.6636959287677958,0.6636959287677958,0.0,True,True,17.961703845806564,20.0,-7.7688496,110.3847894,5.218,-7.7688555,110.3847889,5.302
1788934489.2051547,0.40320716146725855,0.40320716146725855,0.0,True,True,19.412906130757587,19.533541426678408,-7.7688519,110.3847887,5.345,-7.7688555,110.3847889,5.302
1788934489.4060109,0.8499092807063952,0.8499092807063952,0.0,True,True,19.453211291807563,20.0,-7.7688519,110.3847887,5.345,-7.7688595,110.3847883,5.424
1788934489.6152885,1.0813008569242404,1.0813008569242404,0.0,True,True,19.6748334756255,20.0,-7.7688547,110.3847879,5.508,-7.7688644,110.3847876,5.577
1788934489.821393,1.3242097889462274,1.3242097889462274,0.0,True,True,19.97160851156842,19.999999999999996,-7.7688584,110.3847869,5.715,-7.7688703,110.3847868,5.765
1788934490.024369,1.612405822760225,1.612405822760225,0.0,True,True,18.728618435932063,20.000000000000004,-7.7688629,110.3847857,5.972,-7.7688774,110.3847857,5.988
1788934490.2254415,1.9241352311006281,1.9241352311006281,0.0,True,True,15.835524629529338,19.906808258628654,-7.7688684,110.3847842,6.284,-7.7688857,110.3847844,6.248
1788934490.43954,1.9241352311006281,1.9241352311006281,0.0,True,True,13.82160653823708,19.80345221958114,-7.7688684,110.3847842,6.284,-7.7688857,110.3847844,6.248
1788934490.6409373,2.260369175156037,2.260369175156037,0.0,True,True,11.341766931159333,17.440774196363968,-7.7688748,110.3847824,6.651,-7.7688951,110.3847829,6.546
1788934490.8562279,2.6551843823870986,2.6551843823870986,0.0,True,True,8.951672530724341,14.383757792411977,-7.7688821,110.3847803,7.069,-7.7689059,110.3847813,6.884
1788934491.0584164,3.084780431401686,3.084780431401686,0.0,True,True,6.901232358497602,11.433563262229256,-7.7688901,110.3847781,7.532,-7.7689177,110.3847795,7.261
1788934491.2592194,3.5718850462600624,3.5718850462600624,0.0,True,True,5.232332224247158,8.866572295169881,-7.7688988,110.3847756,8.037,-7.7689307,110.3847775,7.673
1788934491.4607158,2.723271041033308,2.723271041033308,0.0,True,True,4.5455400417333784,8.119637033939584,-7.768908,110.3847731,8.573,-7.7689307,110.3847775,7.673
1788934491.662127,4.145949044174568,4.145949044174568,0.0,True,True,3.4353020976928055,6.227657099860581,-7.768908,110.3847731,8.573,-7.768945,110.3847753,8.122
1788934491.8631186,4.795089864793204,4.795089864793204,0.0,True,True,2.5644525766036237,4.702125123553399,-7.7689176,110.3847704,9.132,-7.7689604,110.3847728,8.609
1788934492.0720155,5.499831276813782,5.499831276813782,0.0,True,True,1.8980521151646732,3.5123190590841533,-7.7689275,110.3847675,9.71,-7.7689766,110.3847702,9.117
1788934492.2739933,6.248390296397333,6.248390296397333,0.0,True,True,1.3967075122139145,2.604631643953176,-7.7689379,110.3847645,10.302,-7.7689937,110.3847676,9.648
1788934492.475106,5.2346810144635665,5.2346810144635665,0.0,True,True,1.0963299020126192,2.0787439948918056,-7.7689484,110.3847615,10.904,-7.7689937,110.3847676,9.648
1788934492.6756198,5.991150737567853,5.991150737567853,0.0,True,True,0.8447194546142344,1.621351416221994,-7.7689592,110.3847585,11.508,-7.7690114,110.3847648,10.196
1788934492.8768923,7.894961164444836,7.894961164444836,0.0,True,True,0.6227456395449291,1.202296390051249,-7.7689592,110.3847585,11.508,-7.7690298,110.384762,10.764
1788934493.078556,8.814920757801836,8.814920757801836,0.0,True,True,0.45756983163695475,0.8879702974101544,-7.7689699,110.3847555,12.109,-7.7690488,110.384759,11.345
1788934493.286647,9.757807593489524,9.757807593489524,0.0,True,True,0.3355467354189578,0.6542315662408981,-7.7689808,110.3847524,12.71,-7.7690682,110.3847561,11.935
1788934493.4887433,10.71059153411398,10.71059153411398,0.0,True,True,0.2458681668816573,0.4814843849397419,-7.7689919,110.3847494,13.314,-7.7690879,110.384753,12.533
1788934493.689384,9.580551525717368,9.580551525717368,0.0,True,True,0.18833671129957827,0.37184794100524904,-7.7690029,110.3847463,13.915,-7.7690879,110.384753,12.533
1788934493.89852,11.708524753051261,11.708524753051261,0.0,True,True,0.1398075345248308,0.2773618834488526,-7.7690029,110.3847463,13.915,-7.7691079,110.38475,13.136
1788934494.0989065,12.717115011069634,12.717115011069634,0.0,True,True,20.0,0.20673738912967646,-7.769014,110.3847433,14.518,-7.7691281,110.3847469,13.744
1788934494.3006349,13.70476975814318,13.70476975814318,0.0,True,True,20.0,0.15419576169782737,-7.7690251,110.3847402,15.121,-7.7691481,110.3847438,14.344
1788934494.5020928,14.681858343075818,14.681858343075818,0.0,True,True,17.063765384108564,20.0,-7.7690363,110.3847371,15.725,-7.7691681,110.3847407,14.94
1788934494.703539,13.491104046291039,13.491104046291039,0.0,True,True,13.690118125288546,20.0,-7.7690476,110.384734,16.33,-7.7691681,110.3847407,14.94
1788934494.9048085,15.659230609566677,15.659230609566677,0.0,True,True,12.240024027774018,19.999999999999996,-7.7690476,110.384734,16.33,-7.7691882,110.3847376,15.535
1788934495.1060524,16.681012157097836,16.681012157097836,0.0,True,True,9.933594244533392,20.0,-7.7690588,110.3847309,16.935,-7.7692086,110.3847345,16.133
1788934495.308927,17.69212754615259,17.69212754615259,0.0,True,True,7.918030898004893,19.999999999999996,-7.7690701,110.3847277,17.543,-7.769229,110.3847314,16.733
1788934495.5157363,18.691967758764793,18.691967758764793,0.0,True,True,6.10785224086594,20.0,-7.7690815,110.3847246,18.156,-7.7692494,110.3847282,17.333
1788934495.7230332,17.488044687682684,17.488044687682684,0.0,True,True,4.454665321243053,20.0,-7.7690928,110.3847214,18.766,-7.7692494,110.3847282,17.333
1788934495.9233267,19.714193999823404,19.714193999823404,0.0,True,True,4.210948056777352,20.0,-7.7690928,110.3847214,18.766,-7.7692699,110.3847251,17.939
1788934496.1270175,20.758007375123555,20.758007375123555,0.0,True,True,2.738269474060174,20.000000000000004,-7.7691041,110.3847183,19.375,-7.7692906,110.3847219,18.551
1788934496.3282278,21.791277461204,21.791277461204,0.0,True,True,1.313826299694653,20.0,-7.7691154,110.3847151,19.985,-7.7693112,110.3847187,19.158
1788934496.5296168,22.80240337496748,22.80240337496748,0.0,True,True,0.005923843715377156,18.872846163157938,-7.7691268,110.384712,20.597,-7.7693317,110.3847156,19.767
1788934496.7309482,23.81373345910758,23.81373345910758,0.0,True,True,0.9124167588073243,16.45949376811482,-7.7691381,110.3847088,21.21,-7.7693521,110.3847124,20.373
1788934496.9392827,22.59805657197165,22.59805657197165,0.0,True,True,1.5497267030048139,16.377068565663162,-7.7691494,110.3847057,21.826,-7.7693521,110.3847124,20.373
1788934497.1408772,24.83608587092772,24.83608587092772,0.0,True,True,1.0845822791968605,14.014438722693212,-7.7691494,110.3847057,21.826,-7.7693726,110.3847093,20.986
1788934497.3421729,25.858359232584473,25.858359232584473,0.0,True,True,1.6630035691722003,11.680111581241542,-7.7691606,110.3847026,22.44,-7.769393,110.3847062,21.601
1788934497.5428083,26.86985673214556,26.86985673214556,0.0,True,True,2.077503600969968,9.35623617074713,-7.7691719,110.3846994,23.061,-7.7694134,110.384703,22.214
1788934497.7504745,27.8924357426689,27.8924357426689,0.0,True,True,2.3656467353751056,7.031515187291311,-7.7691832,110.3846963,23.682,-7.7694339,110.3846999,22.829
1788934497.9542947,26.671312124880288,26.671312124880288,0.0,True,True,2.5693464409284688,7.0176615115727135,-7.7691945,110.3846931,24.302,-7.7694339,110.3846999,22.829
1788934498.1556022,28.948149660186534,28.948149660186534,0.0,True,True,1.7985133989427324,4.668393488007104,-7.7691945,110.3846931,24.302,-7.7694547,110.3846967,23.451
1788934498.3561146,29.948623479547894,29.948623479547894,0.0,True,True,2.162913348014644,2.3896512887724715,-7.7692057,110.38469,24.92,-7.7694749,110.3846936,24.061
1788934498.557467,30.927029656207452,30.927029656207452,0.0,True,True,2.410491984283568,0.14591888451276067,-7.7692168,110.3846869,25.532,-7.7694948,110.3846905,24.66
1788934498.7654483,31.872410953839488,31.872410953839488,0.0,True,True,2.5592358417104326,1.4166578312954514,-7.7692276,110.3846839,26.13,-7.7695141,110.3846876,25.239
1788934498.966985,30.744548754982947,30.744548754982947,0.0,True,True,2.631292211023084,0.9916604853782651,-7.769238,110.384681,26.706,-7.7695141,110.3846876,25.239
1788934499.168783,32.80634754066214,32.80634754066214,0.0,True,True,1.8419045554777864,2.174476739706833,-7.769238,110.384681,26.706,-7.7695329,110.3846847,25.803
1788934499.3698058,33.706814858745666,33.706814858745666,0.0,True,True,2.089595267802746,2.9397310557989575,-7.7692479,110.3846782,27.251,-7.7695509,110.3846819,26.341
1788934499.5712452,34.58480466183221,34.58480466183221,0.0,True,True,2.2138543101094155,3.412692495911485,-7.7692572,110.3846756,27.76,-7.7695681,110.3846792,26.848
1788934499.772814,35.429218315979455,35.429218315979455,0.0,False,False,2.2517117250162557,3.672183701798942,-7.7692659,110.3846732,28.228,-7.7695844,110.3846767,27.324
1788934499.9742067,34.590245780579615,34.590245780579615,0.0,False,False,2.1990825830147616,2.5705285927369643,-7.7692736,110.384671,28.643,-7.7695844,110.3846767,27.324
1788934500.1754296,35.5196251348873,35.5196251348873,0.0,False,False,2.088554360798503,2.9968713617532488,-7.7692804,110.3846691,29.001,-7.7695996,110.3846743,27.763
1788934500.3767734,37.072315238594584,37.072315238594584,0.0,False,False,1.4619880542915726,3.2071726874219473,-7.7692804,110.3846691,29.001,-7.7696137,110.3846722,28.163
1788934500.5783756,37.826586684884575,37.826586684884575,0.0,False,False,1.4914003452273312,3.2378064683318897,-7.7692862,110.3846675,29.294,-7.7696263,110.3846702,28.515
1788934500.782745,38.558486547209725,38.558486547209725,0.0,False,False,1.4253700164087004,3.156898703926021,-7.7692909,110.3846661,29.523,-7.7696376,110.3846684,28.822
1788934500.98292,39.245885115936964,39.245885115936964,0.0,False,False,1.2883858904813592,2.981345638228815,-7.7692945,110.3846651,29.693,-7.7696474,110.3846669,29.086
1788934501.1905203,38.948321171629715,38.948321171629715,0.0,False,False,1.1208839581652437,2.0869419469111437,-7.7692972,110.3846643,29.814,-7.7696474,110.3846669,29.086
1788934501.3907592,39.88906150238817,39.88906150238817,0.0,False,False,0.78461877075813,2.1300211453923827,-7.7692972,110.3846643,29.814,-7.7696559,110.3846656,29.31
1788934501.592234,40.465926639880344,40.465926639880344,0.0,False,False,0.7041459391415453,2.0501269883882633,-7.7692991,110.3846637,29.895,-7.769663,110.3846645,29.493
1788934501.795846,40.95424060547783,40.95424060547783,0.0,False,False,0.5965627461981488,1.8841516423211064,-7.7693004,110.3846634,29.945,-7.7696687,110.3846636,29.639
1788934501.995981,40.88773807783509,40.88773807783509,0.0,False,False,0.4667277919395991,1.3189061496306507,-7.769301,110.3846632,29.97,-7.7696687,110.3846636,29.639
1788934502.1968145,41.354011187188306,41.354011187188306,0.0,False,False,0.3438059392349597,1.2699419082711103,-7.7693012,110.3846631,29.978,-7.7696731,110.3846629,29.753
1788934502.3994,41.720642654962596,41.720642654962596,0.0,False,False,0.24066415737901448,1.1486956407506819,-7.7693012,110.3846631,29.978,-7.7696764,110.3846624,29.838
1788934502.6058908,41.97633409709789,41.97633409709789,0.0,False,False,0.15890753115573936,0.9768589306786853,-7.7693011,110.3846632,29.977,-7.7696786,110.3846621,29.898
1788934502.8143127,42.13201407682659,42.13201407682659,0.0,False,False,0.10371798596621322,0.7861573380336992,-7.769301,110.3846632,29.971,-7.7696799,110.3846619,29.938
1788934503.022717,42.23215724547884,42.23215724547884,0.0,False,False,0.048052214273266586,0.5976402593515235,-7.7693007,110.3846633,29.968,-7.7696805,110.3846618,29.96
1788934503.2243288,42.25439588269447,42.25439588269447,0.0,False,False,0.01893406271488774,0.4183481815491022,-7.7693005,110.3846633,29.967,-7.7696805,110.3846618,29.96
1788934503.4243193,42.26555941465489,41.56716171343926,10.0,False,False,0.012085109633425371,0.3005413042040122,-7.7693005,110.3846634,29.967,-7.7696806,110.3846618,29.971
1788934503.6267345,42.2321569139782,40.23265758142745,10.0,False,False,0.008459576740309107,0.18619818007184616,-7.7693005,110.3846634,29.967,-7.7696803,110.3846619,29.973
1788934503.8282208,42.165440233138575,39.466535969509415,10.0,False,False,0.01044880502630779,0.083061905736037,-7.7693005,110.3846635,29.967,-7.7696797,110.384662,29.971
1788934504.029511,42.09868179274405,39.49929034363065,10.0,False,False,0.007314163491014235,0.011284377547655032,-7.7693005,110.3846635,29.968,-7.7696791,110.3846621,29.968
1788934504.2313266,42.08756237470177,39.58816885026575,10.0,False,False,0.011462364311851622,0.00789906428453121,-7.7693006,110.3846635,29.968,-7.7696791,110.3846621,29.968
1788934504.4395256,42.031926346314656,40.43198626424883,10.0,False,False,0.008023655008098072,0.034545612211019046,-7.7693006,110.3846635,29.968,-7.7696786,110.3846622,29.966
1788934504.6425831,41.99853218492354,41.79833650246973,10.0,False,False,0.005616558499551656,0.048745627497240124,-7.7693006,110.3846635,29.968,-7.7696783,110.3846623,29.963
1788934504.8489096,41.998568597922045,41.998568597922045,0.0,False,False,0.01727059669156121,0.03704058816825593,-7.7693006,110.3846637,29.968,-7.7696783,110.3846624,29.961
1788934505.0507395,41.99856877649956,41.99856877649956,0.0,False,False,0.012089417684093213,0.02592841171777883,-7.7693006,110.3846637,29.968,-7.7696783,110.3846624,29.96
1788934505.2518263,41.998499614498805,41.998499614498805,0.0,False,False,0.008462592378864868,0.028795187077033275,-7.7693006,110.3846637,29.968,-7.7696783,110.3846626,29.959
1788934505.4601476,41.998499840697356,41.998499840697356,0.0,False,False,0.005923814665205322,0.02015663095392329,-7.7693006,110.3846637,29.969,-7.7696783,110.3846626,29.959
1788934505.668895,41.998499840697356,41.998499840697356,0.0,False,False,0.004146670265643876,0.01410964166774729,-7.7693006,110.3846637,29.969,-7.7696783,110.3846626,29.959
1788934505.8701189,42.00965228897374,42.00965228897374,0.0,False,False,0.010567057924881454,0.008513065515646921,-7.7693006,110.3846638,29.969,-7.7696784,110.3846626,29.96
1788934506.0711124,42.00961867978684,42.00961867978684,0.0,False,False,0.0073969405474170755,0.013547874882426869,-7.7693006,110.3846638,29.968,-7.7696784,110.3846627,29.961
1788934506.2864234,42.00958786478371,42.00958786478371,0.0,False,False,0.005177858383191955,0.017166037401226332,-7.7693006,110.3846638,29.966,-7.7696784,110.3846628,29.963
1788934506.489084,42.00961809659158,42.00961809659158,0.0,False,False,0.011332528028333613,0.012016226180858383,-7.7693006,110.3846639,29.964,-7.7696784,110.3846628,29.964
1788934506.7032661,42.00972646161276,42.00972646161276,0.0,False,False,0.031068322051592486,0.008411358326600837,-7.7693006,110.3846642,29.963,-7.7696784,110.3846628,29.964
1788934506.909676,42.00972649731877,42.00972649731877,0.0,False,False,0.021747825436114757,0.005887950828620661,-7.7693006,110.3846642,29.963,-7.7696784,110.3846628,29.965
1788934507.1127255,41.99890193622827,41.99890193622827,0.0,False,False,0.06149649298898556,0.008567090492173478,-7.7693006,110.3846648,29.963,-7.7696783,110.3846628,29.966
1788934507.327959,42.01083182600071,42.01083182600071,0.0,False,False,0.12811521387972263,0.005996963344079663,-7.7693005,110.3846659,29.963,-7.7696783,110.3846628,29.967
1788934507.5363944,42.01263473347572,42.01263473347572,0.0,False,False,0.2129809848730678,0.004197874340855128,-7.7693005,110.3846675,29.964,-7.7696783,110.3846628,29.968
1788934507.7449973,42.02743879694082,42.02743879694082,0.0,False,False,0.3189167720464956,0.0029385120381590357,-7.7693004,110.3846697,29.965,-7.7696783,110.3846628,29.968
1788934507.9476557,42.04498773195395,42.04498773195395,0.0,False,False,0.44703054890984517,0.01651076682409356,-7.7693003,110.3846726,29.966,-7.7696783,110.384663,29.969
1788934508.1512072,42.04390229312697,42.04390229312697,0.0,False,False,0.31292138423689186,0.04235590894876558,-7.7693003,110.3846726,29.966,-7.7696783,110.3846634,29.97
1788934508.3627095,42.0746982241347,42.0746982241347,0.0,False,False,0.5047980606699982,0.09904961353293527,-7.7693001,110.3846763,29.967,-7.7696783,110.3846643,29.971
1788934508.572504,42.109912487772974,42.109912487772974,0.0,False,False,0.7084602907112868,0.16959157714052214,-7.7692999,110.3846809,29.969,-7.7696783,110.3846656,29.971
1788934508.7793708,42.13930537807433,42.13930537807433,0.0,False,False,0.9280759419848456,0.26537218124600676,-7.7692997,110.3846865,29.971,-7.7696782,110.3846675,29.971
1788934508.9830859,42.195475602614586,42.195475602614586,0.0,False,False,1.143779638187548,0.38623124732430864,-7.7692994,110.3846929,29.973,-7.7696782,110.3846701,29.972
1788934509.1833014,42.28251712175,42.28251712175,0.0,False,False,1.3487088010743677,0.27036187332533906,-7.7692991,110.3847,29.976,-7.7696782,110.3846701,29.972
1788934509.3840966,42.24465308647564,42.24465308647564,0.0,False,False,0.9440961610814068,0.443861258220608,-7.7692991,110.3847,29.976,-7.7696781,110.3846734,29.973
1788934509.5922618,42.29532480130618,42.29532480130618,0.0,False,False,1.2551625315807242,0.6347084007793002,-7.7692988,110.3847077,29.978,-7.769678,110.3846776,29.974
1788934509.7942722,42.322522965133004,42.322522965133004,0.0,False,False,1.5111533838849887,0.8456086135509765,-7.7692986,110.3847159,29.98,-7.7696778,110.3846828,29.974
1788934509.9958618,42.36026297553394,42.36026297553394,0.0,False,False,1.729174140436192,1.054918366777958,-7.7692983,110.3847246,29.982,-7.7696776,110.3846888,29.976
1788934510.2029355,42.49848145637241,42.49848145637241,0.0,False,False,1.9126192739178243,0.7384428574576948,-7.769298,110.3847337,29.984,-7.7696776,110.3846888,29.976
1788934510.4055996,42.38351874215611,42.38351874215611,0.0,False,False,1.3388334936587045,1.04954530181787,-7.769298,110.3847337,29.984,-7.7696773,110.3846957,29.978
1788934510.6066406,42.42454963626377,42.42454963626377,0.0,False,False,1.655074970880049,1.3209932026439144,-7.7692976,110.384743,29.985,-7.7696771,110.3847033,29.98
1788934510.8107505,42.45296180299096,42.45296180299096,0.0,False,False,1.8915738860205695,1.541855773590913,-7.7692973,110.3847525,29.986,-7.7696769,110.3847113,29.982
1788934511.0115247,42.475935845697116,42.475935845697116,0.0,False,False,2.0571284240877667,1.7350124201288968,-7.769297,110.384762,29.987,-7.7696767,110.3847198,29.983
1788934511.211947,42.63773842728079,42.63773842728079,0.0,False,False,2.180726458659602,1.2145086956571125,-7.7692967,110.3847716,29.989,-7.7696767,110.3847198,29.983
1788934511.4184456,42.484446756106834,42.484446756106834,0.0,False,False,1.526508524021477,1.5369302503177433,-7.7692967,110.3847716,29.989,-7.7696764,110.3847287,29.984
1788934511.619696,42.51147059986808,42.51147059986808,0.0,False,False,1.8095642616449497,1.7855280416411596,-7.7692963,110.3847812,29.99,-7.7696762,110.3847379,29.985
1788934511.8209336,42.51147060007483,42.51147060007483,0.0,False,False,1.984304375590767,1.9674765370918108,-7.769296,110.3847905,29.991,-7.7696759,110.3847472,29.986
1788934512.0224254,42.5175983158108,42.46661510569638,6.492114349607749,False,False,2.0835022473775657,2.1023329614556037,-7.7692957,110.3847995,29.992,-7.7696757,110.3847566,29.987
1788934512.2243538,42.66785550346115,42.46609032641881,7.530518003128314,False,False,2.1298183891731353,1.471633075599266,-7.7692954,110.3848082,29.993,-7.7696757,110.3847566,29.987
1788934512.4254034,42.506689669703654,42.392306252161674,5.5611932514828,False,False,1.4908728763884547,1.7708760492645375,-7.7692954,110.3848082,29.993,-7.7696754,110.3847662,29.989
1788934512.6335485,42.50007479897871,42.31475829545943,4.663843577585119,False,False,1.6610262062574659,1.9724243782171922,-7.7692951,110.3848162,29.994,-7.7696752,110.3847757,29.99
1788934512.8353274,42.46315326108152,42.254072314243714,3.757725644893522,False,False,1.7259105074746983,2.1214277604635083,-7.7692949,110.3848235,29.995,-7.7696749,110.3847853,29.991
1788934513.0432148,42.42261594759695,42.18246899244081,3.2424778938565435,False,False,1.701962512653291,2.194898975892272,-7.7692947,110.3848299,29.995,-7.7696746,110.3847945,29.992
1788934513.2447243,42.39073642471882,42.19757244589582,2.4203079595210726,False,False,1.608119602639623,2.2075612688910513,-7.7692945,110.3848353,29.996,-7.7696744,110.3848032,29.992
1788934513.4486861,42.45502655021833,42.183693979037955,2.2182337260995775,False,False,1.45765151157077,1.5452928907994143,-7.7692943,110.3848396,29.998,-7.7696744,110.3848032,29.992
1788934513.6611414,42.35624665003582,42.1888117300272,1.9799736155537353,False,False,1.0203560613204574,1.7220040133500962,-7.7692943,110.3848396,29.998,-7.7696742,110.3848115,29.993
1788934513.8696537,42.301379215967884,42.16006035531332,1.7270800445180308,False,False,0.9611594430268358,1.7919585227944317,-7.7692942,110.3848428,30.0,-7.7696739,110.3848191,29.994
1788934514.0717778,42.2731228360661,42.168988337126876,1.5126218319570017,False,False,0.8503578071834897,1.786520414222456,-7.7692941,110.3848451,30.002,-7.7696738,110.384826,29.994
1788934514.2865345,42.22996717674901,42.15214876645269,1.4154084449493773,False,False,0.7551074136540811,1.7058384324075015,-7.7692941,110.3848467,30.004,-7.7696736,110.3848319,29.995
1788934514.4883845,42.21587479190568,42.15278050276247,1.4976778941336284,False,False,0.6755583868379966,1.5643467005219491,-7.769294,110.3848477,30.005,-7.7696735,110.3848367,29.996
1788934514.6925278,42.21587479190568,42.15278050276247,1.4976778941336284,False,False,0.542529630182802,1.0950426903653665,-7.769294,110.3848477,30.005,-7.7696735,110.3848367,29.996
1788934514.8985896,42.184990419538174,42.156892705660695,1.241306335030169,False,False,0.504475473721198,1.0522234763786193,-7.769294,110.3848482,30.005,-7.7696733,110.3848404,29.997
1788934515.0989897,42.17997893738344,42.15538294239966,1.499932080078421,False,False,0.4503135285849013,0.9524008091631495,-7.769294,110.3848483,30.006,-7.7696733,110.3848432,29.999
1788934515.3009803,42.17770948576157,42.16669833447203,1.396528541607441,False,False,0.40503853610174784,0.8355201001156898,-7.7692939,110.3848483,30.006,-7.7696732,110.3848451,30.001
1788934515.5032914,42.17670201727182,42.160224564810584,2.740741365952266,False,False,0.35103051806935515,0.7391734791046758,-7.7692939,110.3848481,30.005,-7.7696732,110.3848463,30.002
1788934515.7113943,42.18777103575881,42.12536663376744,5.727341203265294,False,False,0.3180890435958166,0.5792242735846997,-7.7692938,110.384848,30.005,-7.7696732,110.3848463,30.002
1788934515.9236324,42.18749907845692,42.12976276736159,10.0,False,False,0.3023145081464801,0.5443727703566948,-7.7692938,110.384848,30.005,-7.7696732,110.384847,30.003
1788934516.1295705,42.187447288152825,41.98750422319658,10.0,False,False,0.29129470293524995,0.4880388010942835,-7.7692938,110.384848,30.005,-7.7696732,110.3848472,30.003
1788934516.3343859,42.176352282828915,42.08204406677917,10.0,False,False,0.29460430089891687,0.4333587005094844,-7.7692938,110.3848481,30.005,-7.7696731,110.3848472,30.003
1788934516.5362463,42.17635234210384,42.08584204378537,10.0,False,False,0.28922159304292944,0.3949013459891216,-7.7692938,110.3848481,30.005,-7.7696731,110.3848472,30.002
1788934516.7443457,42.187529348690845,42.09193928869194,10.0,False,False,0.29686278776050584,0.35697555500456585,-7.7692937,110.3848482,30.005,-7.7696731,110.3848471,30.002
1788934516.944347,42.187529348690845,42.09058225742328,10.0,False,False,0.29415355438570423,0.3381436895403792,-7.7692937,110.3848482,30.005,-7.7696731,110.3848471,30.002
1788934517.1483078,42.187562436885514,42.187562436885514,0.0,False,False,0.29227308505521177,0.31394830789294303,-7.7692937,110.3848482,30.005,-7.7696731,110.384847,30.002
1788934517.3488996,42.176442998834524,42.17623578293606,6.610449326821117,False,False,0.2909647546778821,0.3049182249603219,-7.7692937,110.3848482,30.005,-7.769673,110.384847,30.002
1788934517.550691,42.176442998834524,42.17623578293606,6.610449326821117,False,False,0.2900528949770808,0.298389888823934,-7.7692937,110.3848482,30.005,-7.769673,110.384847,30.002
1788934517.7523577,42.18752934869543,42.08773510858306,10.0,False,False,0.27880765910349814,0.29383480049766525,-7.7692936,110.3848481,30.005,-7.769673,110.384847,30.002
1788934517.9525535,42.18752934869543,42.08773510858306,10.0,False,False,0.2782829358361866,0.2906538162209823,-7.7692936,110.3848481,30.005,-7.769673,110.384847,30.002
1788934518.1635754,42.17637968297295,42.076331664784654,10.0,False,False,0.277932680000638,0.29965895184955593,-7.7692936,110.3848481,30.005,-7.7696729,110.3848471,30.002
1788934518.364875,42.17637968297295,42.076237013259664,10.0,False,False,0.2776958859713963,0.2980249644125467,-7.7692936,110.3848481,30.005,-7.7696729,110.3848471,30.002
1788934518.5711339,42.17637976595778,41.97623709982535,10.0,False,False,0.27753425068306525,0.2968984404224986,-7.7692936,110.3848481,30.005,-7.7696729,110.3848471,30.001
1788934518.7725327,42.176379766056606,42.176379766056606,0.0,False,False,0.2778290976437912,0.29636776456757485,-7.7692935,110.3848481,30.005,-7.7696728,110.3848471,30.001
1788934518.97721,42.176379766056606,42.176379766056606,0.0,False,False,0.2776749743795092,0.295729370719567,-7.7692935,110.3848481,30.005,-7.7696728,110.3848471,30.001
1788934519.1839566,42.20973813017035,42.20973813017035,0.0,False,False,0.2797299252208611,0.29530450497108685,-7.7692932,110.3848481,30.005,-7.7696728,110.3848471,30.001
1788934519.3917968,42.20973813017035,42.20973813017035,0.0,False,False,0.27899174365159535,0.2950179241511175,-7.7692932,110.3848481,30.005,-7.7696728,110.3848471,30.001
1788934519.5991876,42.25421594920258,42.25421594920258,0.0,False,False,0.28459786141832305,0.2950590691271657,-7.7692927,110.3848481,30.005,-7.7696727,110.3848471,30.001
1788934519.8001287,42.36541060459146,42.36541060459146,0.0,False,False,0.30524321879667166,0.294837859925399,-7.7692917,110.3848481,30.005,-7.7696727,110.3848471,30.0
1788934520.0031168,42.521082976377386,42.521082976377386,0.0,False,False,0.3448850935560008,0.2947023557080427,-7.7692903,110.3848481,30.005,-7.7696727,110.3848471,30.0
1788934520.203392,42.75459143588164,42.75459143588164,0.0,False,False,0.4203629551344595,0.29461701314058814,-7.7692882,110.3848481,30.004,-7.7696727,110.3848471,30.0
1788934520.4044096,42.7434719801633,42.7434719801633,0.0,False,False,0.36438236202545354,0.29479978231396314,-7.7692882,110.3848481,30.004,-7.7696726,110.3848471,30.0
1788934520.6063411,42.999219465834265,42.999219465834265,0.0,False,False,0.47557406254524337,0.2973937650891528,-7.7692855,110.3848481,30.004,-7.7696722,110.3848471,30.0
1788934520.8072503,43.288298692563444,43.288298692563444,0.0,False,False,0.6117646029021387,0.3089142568329812,-7.7692821,110.384848,30.004,-7.7696714,110.3848471,30.0
1788934521.0115848,43.63295755579172,43.63295755579172,0.0,False,False,0.7802197055937206,0.3360678646276974,-7.7692778,110.3848478,30.004,-7.7696702,110.3848471,30.0
1788934521.216828,44.21113733412829,44.21113733412829,0.0,False,False,0.978000015538117,0.3174237376536335,-7.7692726,110.3848476,30.004,-7.7696702,110.3848471,30.0
1788934521.4188237,44.01100189438883,44.01100189438883,0.0,False,False,0.7479981893735326,0.3631590227954983,-7.7692726,110.3848476,30.004,-7.7696684,110.384847,29.999
1788934521.6196523,44.444634310013875,44.444634310013875,0.0,False,False,1.0486149664453384,0.4525343800938856,-7.7692663,110.3848474,30.004,-7.769666,110.384847,29.999
1788934521.826675,44.94500178106989,44.94500178106989,0.0,False,False,1.3786267897649969,0.5610795728495395,-7.7692588,110.3848472,30.004,-7.769663,110.3848469,29.999
1788934522.0308998,44.94500178106989,44.94500178106989,0.0,False,False,1.0730751004414751,0.4512794994702385,-7.7692588,110.3848472,30.004,-7.769663,110.3848469,29.999
1788934522.237281,44.94500178106989,44.94500178106989,0.0,False,False,0.8828148543435042,0.385801078172497,-7.7692588,110.3848472,30.004,-7.769663,110.3848469,29.999
1788934522.4386632,44.94500178106989,44.94500178106989,0.0,False,False,0.7703754607592993,0.34891919816064265,-7.7692588,110.3848472,30.004,-7.769663,110.3848469,29.999
1788934522.6475136,44.94500178106989,44.94500178106989,0.0,False,False,0.7070478538353512,0.32908695288178247,-7.7692588,110.3848472,30.004,-7.769663,110.3848469,29.999
1788934522.8490522,42.55444162416039,42.55444162416039,0.0,False,False,0.6725600325622122,1.8173858737790571,-7.7692588,110.3848472,30.004,-7.7696415,110.3848462,29.997
1788934523.0599203,47.62479285130519,47.62479285130519,0.0,False,False,4.868425759277835,1.9811352553977495,-7.7692049,110.3848457,30.005,-7.7696332,110.3848459,29.997
1788934523.2652998,48.08070698731965,48.08070698731965,0.0,False,False,5.088018314880022,2.2150914130103154,-7.7691915,110.3848453,30.004,-7.7696239,110.3848457,29.997
1788934523.4684749,49.6486134755539,49.6486134755539,0.0,False,False,5.545667653504166,1.695402148000702,-7.7691774,110.3848449,30.004,-7.7696239,110.3848457,29.997
1788934523.6698184,48.48101957148679,48.48101957148679,0.0,False,False,4.91125365556951,2.1703019897225153,-7.7691774,110.3848449,30.004,-7.7696134,110.3848454,29.999
1788934523.871069,48.847976095732626,48.847976095732626,0.0,False,False,5.760409419160367,2.6569938566213214,-7.7691628,110.3848445,30.003,-7.7696021,110.3848451,30.0
1788934524.076368,49.170441038138186,49.170441038138186,0.0,False,False,6.7022677982855186,3.188092231144662,-7.7691477,110.3848441,30.003,-7.7695899,110.3848447,30.001
1788934524.2795124,49.42622349101497,49.42622349101497,0.0,False,False,7.719701125235441,3.7986236435737095,-7.7691323,110.3848436,30.003,-7.7695768,110.3848444,30.002
1788934524.4808128,49.64861302249042,49.64861302249042,0.0,False,False,8.818170725236445,4.4666284742803954,-7.7691167,110.3848432,30.004,-7.7695632,110.384844,30.002
1788934524.6808827,51.42785305508938,51.42785305508938,0.0,False,False,10.004875824896393,4.032146553811712,-7.7691007,110.3848427,30.004,-7.7695632,110.384844,30.002
1788934524.8837094,49.82652462554352,49.82652462554352,0.0,False,False,9.788447152454179,4.930934600515719,-7.7691007,110.3848427,30.004,-7.7695488,110.3848435,30.002
1788934525.0851169,49.93771942859706,49.93771942859706,0.0,False,False,11.07339361675013,5.884469919591757,-7.7690849,110.3848423,30.005,-7.769534,110.3848431,30.002
1788934525.287352,49.99333744323886,49.99333744323886,0.0,False,False,12.398100280723668,6.92140829249343,-7.769069,110.3848418,30.005,-7.7695186,110.3848427,30.002
1788934525.487818,50.02667523140685,50.02667523140685,0.0,False,False,20.0,8.001617945859842,-7.7690532,110.3848414,30.005,-7.7695031,110.3848422,30.002
1788934525.6879082,51.761436597730196,50.861440105697056,10.0,False,False,15.05386759182702,20.0,-7.7690376,110.3848409,30.005,-7.7695031,110.3848422,30.002
1788934525.8904343,50.01557638488458,48.515579426592446,10.0,False,False,10.537707312023535,18.73294975738801,-7.7690376,110.3848409,30.005,-7.7694874,110.3848418,30.002
1788934526.0987875,49.948838853931576,46.348844897202326,10.0,False,False,6.33933209335204,12.00938610636927,-7.7690224,110.3848405,30.004,-7.7694716,110.3848413,30.002
1788934526.3016303,49.84876354598042,43.84868723019332,10.0,False,False,3.5047322518979316,7.340107625886561,-7.7690076,110.3848401,30.003,-7.7694559,110.3848409,30.002
1788934526.501959,49.67083361428919,41.07095756083268,10.0,False,False,1.7780400542494132,4.1442711955445555,-7.7689934,110.3848397,30.002,-7.7694401,110.3848404,30.001
1788934526.704666,51.17204876194442,38.872447704711384,10.0,False,False,1.252882056727583,2.9009898335206707,-7.7689799,110.3848393,30.0,-7.7694401,110.3848404,30.001
1788934526.9124024,49.448444030386725,38.14916864347218,10.0,False,False,0.8770174369708232,1.3622591665128583,-7.7689799,110.3848393,30.0,-7.7694246,110.38484,30.001
1788934527.1138895,49.137082641359235,35.13877545550262,10.0,False,False,1.359317641452709,1.3353344283650783,-7.7689673,110.384839,29.998,-7.7694092,110.3848396,30.001
1788934527.315022,48.74788722277999,31.949890183427005,10.0,False,False,1.814044571954065,1.9604769173941206,-7.7689557,110.3848387,29.996,-7.7693941,110.3848392,30.001
1788934527.5161562,48.30308794987935,28.707073496886363,10.0,False,False,2.0685097465150357,2.4607344136094205,-7.7689453,110.3848384,29.994,-7.7693797,110.3848387,30.001
1788934527.7239835,49.30387543833756,23.612342122332745,10.0,True,True,2.1451558462852134,1.7225140890681963,-7.7689363,110.3848381,29.993,-7.7693797,110.3848387,30.001
1788934527.9240613,48.63669261459922,20.050504352508046,10.0,True,True,2.0993433179209164,2.2618047997709043,-7.7689286,110.3848379,29.993,-7.769366,110.3848384,30.0
1788934528.1281207,47.21336740357644,22.62405881368538,10.0,True,True,1.4695403224695918,2.5773840397217187,-7.7689286,110.3848379,29.993,-7.7693532,110.384838,29.998
1788934528.3283365,46.5795561173758,20.588856716301642,10.0,True,True,1.5181591013567395,2.737253150231267,-7.7689223,110.3848378,29.994,-7.7693412,110.3848377,29.996
1788934528.5293367,45.923510164745935,19.936855068523077,10.0,True,True,1.444322987167686,2.756583242349684,-7.7689174,110.3848376,29.997,-7.7693304,110.3848374,29.993
1788934528.729342,45.27859647064199,20.49208918346319,10.0,True,True,1.3067738964060047,2.677044790810423,-7.7689136,110.3848375,30.0,-7.7693208,110.3848371,29.991
1788934528.9296007,45.58993323266532,16.51095261345274,10.0,True,True,1.1327950670821263,1.8739313535549489,-7.7689108,110.3848374,30.002,-7.7693208,110.3848371,29.991
1788934529.1345892,44.678156840561115,21.78797460384128,10.0,True,True,0.7929565469501106,1.9500747015017588,-7.7689108,110.3848374,30.002,-7.7693126,110.3848369,29.991
1788934529.3351192,44.12219778329341,23.828874877759958,10.0,True,True,0.7031592309561664,1.902319672203868,-7.7689089,110.3848373,30.003,-7.7693057,110.3848367,29.992
1788934529.5382175,43.64407758109866,26.050403516287364,10.0,True,True,0.5777416229599127,1.7519559075142195,-7.7689078,110.3848373,30.003,-7.7693003,110.3848366,29.995
1788934529.7581315,43.23270147975782,28.436969130218763,10.0,True,True,0.4433055928121301,1.5536182004532466,-7.7689073,110.3848373,30.003,-7.7692961,110.3848364,29.998
1788934529.9601414,43.23267751036986,26.93701105194831,10.0,True,True,0.3107070671562092,1.087532740317272,-7.7689073,110.3848372,30.002,-7.7692961,110.3848364,29.998
1788934530.164488,42.887973821501795,30.99031400027759,10.0,True,True,0.21749494700934469,1.0024498839560434,-7.7689073,110.3848372,30.002,-7.769293,110.3848364,30.0
1788934530.3764558,42.63225020013045,33.53451053004406,10.0,True,True,0.14447929733694365,0.8731064121511025,-7.7689074,110.3848372,30.001,-7.7692908,110.3848363,30.002
1788934530.5775979,42.421007632476424,36.32218896455004,10.0,False,False,0.0623582689073311,0.7203435736725552,-7.7689079,110.3848372,30.001,-7.7692894,110.3848362,30.003
1788934530.782685,42.29866636510973,39.1005875883438,10.0,False,False,0.017464728193297963,0.5586930218293755,-7.7689083,110.3848371,30.0,-7.7692887,110.3848362,30.002
1788934530.9880052,42.25421580746774,41.855221484380984,10.0,False,False,0.011162936349089065,0.4069624146164304,-7.7689085,110.3848371,30.0,-7.7692885,110.3848361,30.002
1788934531.1892433,42.25421580746774,41.855221484380984,10.0,False,False,0.007814055444361234,0.28487369023150305,-7.7689085,110.3848371,30.0,-7.7692885,110.3848361,30.002
1788934531.3904924,42.254215771968184,42.254215771968184,0.0,False,False,0.019463592695492103,0.18386602305926708,-7.7689087,110.3848371,30.0,-7.7692887,110.3848361,30.001
1788934531.599044,42.28754686751548,42.28754686751548,0.0,False,False,0.01706372210795287,0.10539846027494171,-7.7689087,110.384837,30.0,-7.769289,110.3848361,30.001
1788934531.800212,42.3542908548143,42.3542908548143,0.0,False,False,0.007642106241637383,0.03693445646713662,-7.7689086,110.384837,30.0,-7.7692895,110.384836,30.0
1788934532.0082855,42.37650255301975,42.37650255301975,0.0,False,False,0.01568824677867988,0.008916667233558466,-7.7689087,110.3848369,30.0,-7.7692898,110.384836,30.0
1788934532.2098873,42.37650255301975,42.37650255301975,0.0,False,False,0.01098177274507512,0.006241667063490772,-7.7689087,110.3848369,30.0,-7.7692898,110.384836,30.0
1788934532.4114783,42.38762201528292,42.38762201528292,0.0,False,False,0.00768724091927833,0.008517230939235922,-7.7689087,110.3848369,30.0,-7.7692899,110.384836,30.0
1788934532.612661,42.40988814203001,42.11026953199572,10.0,False,False,0.005381068638947107,0.02332237399062951,-7.7689087,110.3848369,30.0,-7.7692901,110.3848359,29.999
1788934532.8207726,42.39876868686897,41.99915142702478,10.0,False,False,0.0037667480495376334,0.010079435786148767,-7.7689087,110.3848369,30.0,-7.76929,110.3848359,29.999
1788934533.0292504,42.39874148925976,42.0996884464449,10.0,False,False,0.010000672020393316,0.007055605050302711,-7.7689087,110.3848368,30.0,-7.76929,110.3848359,29.999
1788934533.23147,42.39874148925976,42.0996884464449,10.0,False,False,0.007000470414275383,0.0049389235352121355,-7.7689087,110.3848368,30.0,-7.76929,110.3848359,29.999
1788934533.4327855,42.39874148925976,42.19909550011049,10.0,False,False,0.004900329289992553,0.0034572464746484934,-7.7689087,110.3848368,30.0,-7.76929,110.3848359,29.999
1788934533.6346357,42.39876868686897,42.299147697180544,10.0,False,False,0.0034302305029950513,0.009654664455244068,-7.7689087,110.3848368,30.0,-7.76929,110.3848358,29.999
1788934533.8348222,42.39876868686897,42.39876868686897,0.0,False,False,0.0024011613520965357,0.006758265118670908,-7.7689087,110.3848368,30.0,-7.76929,110.3848358,29.999
1788934534.0362804,42.3987414892561,42.3987414892561,0.0,False,False,0.009377653885819254,0.004730785583069337,-7.7689087,110.3848367,29.999,-7.76929,110.3848358,29.998
1788934534.2386463,42.3987987473684,42.3987987473684,0.0,False,False,0.001163405413307973,0.010991285861753358,-7.7689087,110.3848368,29.999,-7.76929,110.3848357,29.998
1788934534.4400852,42.39894761808924,42.39894761808924,0.0,False,False,0.03165415022011826,0.007693900103227372,-7.7689087,110.3848372,29.999,-7.76929,110.3848357,29.998
1788934534.6469643,42.39894761808924,42.39894761808924,0.0,False,False,0.02215790515408278,0.005385730072259197,-7.7689087,110.3848372,29.999,-7.76929,110.3848357,29.998
1788934534.8484437,42.39938277565216,42.39938277565216,0.0,False,False,0.07720802392879536,0.003770011050581359,-7.7689087,110.384838,29.999,-7.76929,110.3848357,29.998
1788934535.0499713,42.41149807358588,42.41071980682154,0.38924700013700825,False,False,0.146796254155696,0.0026390077390753075,-7.7689086,110.3848392,29.999,-7.76929,110.3848357,29.998
1788934535.2512908,42.413614492162935,42.413614492162935,0.0,False,False,0.23378456427644106,0.0018473054173527128,-7.7689086,110.3848409,29.998,-7.76929,110.3848357,29.998
1788934535.4526205,42.41801014800248,42.41801014800248,0.0,False,False,0.3487186069797406,0.001293113792146764,-7.7689086,110.3848433,29.998,-7.76929,110.3848357,29.998
1788934535.657477,42.41737057403292,42.41736906944098,0.010861319796021585,False,False,0.24410302488581842,0.02223260377305592,-7.7689086,110.3848433,29.998,-7.76929,110.384836,29.998
1788934535.8693957,42.423768740827406,42.423768740827406,0.0,False,False,0.41765647692595786,0.06183598535200434,-7.7689086,110.3848465,29.998,-7.76929,110.3848366,29.998
1788934536.072186,42.43318539606042,42.43318539606042,0.0,False,False,0.6008459650509805,0.1281193636850852,-7.7689086,110.3848505,29.998,-7.76929,110.3848377,29.998
1788934536.2788115,42.446823908250884,42.446823908250884,0.0,False,False,0.7984894082366059,0.21307872001288972,-7.7689086,110.3848554,29.999,-7.76929,110.3848393,29.998
1788934536.4816191,42.44360251357093,42.44360251357093,0.0,False,False,1.013987081025996,0.3189181912106821,-7.7689087,110.3848613,29.999,-7.7692899,110.3848415,29.998
1788934536.6830986,42.44360251357093,42.44360251357093,0.0,False,False,0.7097909567181974,0.2232427338474775,-7.7689087,110.3848613,29.999,-7.7692899,110.3848415,29.998
1788934536.8835032,42.466505508001376,42.466505508001376,0.0,False,False,1.0135646410266308,0.38760814527560544,-7.7689087,110.384868,30.001,-7.7692899,110.3848445,29.998
1788934537.0854766,42.49253136663888,42.49253136663888,0.0,False,False,1.2801960085712798,0.5643824217873883,-7.7689087,110.3848754,30.002,-7.7692899,110.3848483,29.998
1788934537.286708,42.51962452838175,42.51962452838175,0.0,False,False,1.5208245642684441,0.7652510638035771,-7.7689087,110.3848835,30.002,-7.7692899,110.3848531,29.999
1788934537.4875882,42.533957479798886,42.533957479798886,0.0,False,False,1.7201137612547222,0.9753117953012739,-7.7689087,110.384892,30.002,-7.7692898,110.3848588,29.999
1788934537.691164,42.63067709484174,42.63067709484174,0.0,False,False,1.8981773402693345,0.6827182567108917,-7.7689087,110.384901,30.001,-7.7692898,110.3848588,29.999
1788934537.896947,42.556497908376755,42.556497908376755,0.0,False,False,1.328724138188534,0.9946092579766502,-7.7689087,110.384901,30.001,-7.7692898,110.3848655,30.0
1788934538.1068897,42.56624755102509,42.56624755102509,0.0,False,False,1.6473615997148594,1.2592138077340356,-7.7689088,110.3849103,30.001,-7.7692898,110.3848728,30.001
1788934538.3137667,42.57265643460039,42.561402150887034,1.7344264195062578,False,False,1.885846121062769,1.4907121975804316,-7.7689089,110.3849198,30.0,-7.7692898,110.3848807,30.002
1788934538.5166779,42.57517856521258,42.52578790400717,5.195715469169943,False,False,2.0604510960943925,1.691347678121503,-7.7689089,110.3849294,30.0,-7.7692897,110.3848891,30.002
1788934538.7302861,42.68741204425115,42.67909400373221,2.083351834702536,False,False,2.1827191107233435,1.1839433741984027,-7.768909,110.384939,29.999,-7.7692897,110.3848891,30.002
1788934538.9303594,42.68638876806715,42.5191866091271,10.0,False,False,2.2683114771746813,1.5151402888543501,-7.7689091,110.3849486,29.999,-7.7692897,110.384898,30.002
1788934539.1332085,42.56705879575712,42.16443140907983,10.0,False,False,1.5878180340222785,1.762406299219451,-7.7689091,110.3849486,29.999,-7.7692897,110.3849071,30.001
1788934539.335769,42.54851335907287,41.97140675171697,10.0,False,False,1.85196886919067,1.95091807014048,-7.7689093,110.3849582,29.998,-7.7692897,110.3849164,30.001
1788934539.5371068,42.5228384775002,41.92272818900253,10.0,False,False,2.0136536475263984,2.106033502937873,-7.7689094,110.3849675,29.998,-7.7692896,110.384926,30.001
1788934539.7389321,42.62839232341392,41.9760064561591,10.0,False,False,2.095987077324247,1.4742234512310408,-7.7689095,110.3849764,29.997,-7.7692896,110.384926,30.001
1788934539.9454563,42.59754498359046,42.090373304426485,8.974338243144853,False,False,2.1150623375702247,1.7877475139608188,-7.7689096,110.3849848,29.997,-7.7692896,110.3849358,30.0
1788934540.1470156,42.47646089406996,42.117246765323465,7.653247378731576,False,False,1.480543636299161,1.9917927349806106,-7.7689096,110.3849848,29.997,-7.7692896,110.3849454,29.999
1788934540.355334,42.444512416452774,42.149859056709744,5.093425233555767,False,False,1.630270564227887,2.134625287896263,-7.7689097,110.3849925,29.996,-7.7692896,110.384955,29.999
1788934540.5568304,42.41959034762196,42.21011778436542,3.4229892173066707,False,False,1.6733870775035438,2.21148000545335,-7.7689098,110.3849994,29.995,-7.7692897,110.3849643,29.998
1788934540.7642338,42.38981886714263,42.218340343627325,2.556318374806092,False,False,1.6340743167550462,2.2498441109242195,-7.7689098,110.3850054,29.995,-7.7692897,110.3849734,29.998
1788934540.9801614,42.42706047819102,42.23183324617503,2.0532474997453725,False,False,1.521812067742988,1.5748908763862424,-7.7689099,110.3850103,29.995,-7.7692897,110.3849734,29.998
1788934541.1878824,42.34758618133824,42.23183318697797,1.8086409673556245,False,False,1.0652684474200926,1.7579596687220516,-7.7689099,110.3850103,29.995,-7.7692897,110.3849819,29.997
1788934541.4035566,42.31660802205765,42.24533873567081,1.292049271138943,False,False,1.0387358303967866,1.8398351049205408,-7.7689099,110.3850141,29.996,-7.7692897,110.3849898,29.996
1788934541.605264,42.27817423375302,42.23161743940668,1.0330894610729575,False,False,0.9508461852596504,1.8431626950668196,-7.76891,110.385017,29.998,-7.7692897,110.384997,29.995
1788934541.8142521,42.267241835050854,42.240791113432174,0.8305935453033991,False,False,0.8293978745221873,1.776102556139364,-7.76891,110.385019,29.999,-7.7692898,110.3850033,29.995
1788934542.0152657,42.24072480478071,42.228137975228876,0.6567469088867378,False,False,0.7334158579962787,1.6443025957297097,-7.7689101,110.3850203,30.0,-7.7692898,110.3850085,29.995
1788934542.2236843,42.243168745383876,42.233579231320405,0.5084706672139447,False,False,0.6429624927019056,1.1510118170108008,-7.7689101,110.385021,30.0,-7.7692898,110.3850085,29.995
1788934542.4322171,42.23109842104434,42.23019161666852,0.21618356838890035,False,False,0.5256765068737512,1.1141947236875045,-7.7689101,110.385021,30.0,-7.7692898,110.3850125,29.996
1788934542.63315,42.236835533430444,42.2361763148552,0.2313410302763153,False,False,0.48764909907261744,1.0113473166746942,-7.7689101,110.3850214,30.0,-7.7692899,110.3850155,29.997
1788934542.83966,42.23380054615242,42.23380054615242,0.0,False,False,0.43018910215544404,0.8814547184378309,-7.7689101,110.3850214,30.0,-7.7692899,110.3850177,29.998
1788934543.0546436,42.23252869564106,42.23252869564106,0.0,False,False,0.3789550615157993,0.7750791826876946,-7.7689101,110.3850213,29.999,-7.7692899,110.3850191,29.999
1788934543.2650535,42.24323424273447,42.24323424273447,0.0,False,False,0.3508064795805887,0.6807571687976047,-7.7689101,110.3850213,29.999,-7.76929,110.3850199,30.0
1788934543.466349,42.24319545118789,42.24319545118789,0.0,False,False,0.32008757800336674,0.5529641550471341,-7.7689101,110.3850212,29.999,-7.76929,110.3850199,30.0
1788934543.6680858,42.24306901924671,42.24306901924671,0.0,False,False,0.30629744600904557,0.5075826915605199,-7.7689101,110.3850212,29.999,-7.76929,110.3850203,30.0
1788934543.8719027,42.24304459484821,42.24304459484821,0.0,False,False,0.29664492717398205,0.4559945932474446,-7.7689101,110.3850212,29.999,-7.76929,110.3850204,30.0
1788934544.0776777,42.24306900741045,42.24306900741045,0.0,False,False,0.2898884743118922,0.40116283268088154,-7.7689101,110.3850212,29.999,-7.76929,110.3850203,29.999
1788934544.2795177,42.24312647651943,42.24312647651943,0.0,False,False,0.2851591206381549,0.3484659982166727,-7.7689101,110.3850212,29.999,-7.76929,110.3850201,29.999
1788934544.4803405,42.24312647651943,42.24312647651943,0.0,False,False,0.2818486572995096,0.3270050309380315,-7.7689101,110.3850212,29.999,-7.76929,110.3850201,29.999
1788934544.6804597,42.24312647651943,42.1435331020183,10.0,False,False,0.27953137576588616,0.31198404219425035,-7.7689101,110.3850212,29.999,-7.76929,110.3850201,29.999
1788934544.881734,42.24312648835568,42.142957972223954,10.0,False,False,0.2779093002131672,0.30147030632909055,-7.7689101,110.3850212,29.999,-7.76929,110.3850201,29.998
1788934545.0846565,42.24312647651943,42.14302631886437,10.0,False,False,0.2767738580648165,0.2941112121930398,-7.7689101,110.3850212,29.998,-7.76929,110.3850201,29.998
1788934545.29288,42.24312647651943,42.14302631886437,10.0,False,False,0.2759790538905903,0.2889601219126388,-7.7689101,110.3850212,29.998,-7.76929,110.3850201,29.998
1788934545.494431,42.2542459234668,42.1541457921228,10.0,False,False,0.27569168337788197,0.28535450380786964,-7.76891,110.3850212,29.998,-7.76929,110.3850201,29.998
1788934545.6958482,42.2542459234668,42.054145967295085,10.0,False,False,0.2752479843138908,0.2828306421461802,-7.76891,110.3850212,29.998,-7.76929,110.3850201,29.998
1788934545.8972254,42.2542459234668,42.154077451649755,10.0,False,False,0.2749486052989681,0.2810639756072052,-7.76891,110.3850212,29.998,-7.76929,110.3850201,29.998
1788934546.0985954,42.2542459234668,42.154077451649755,10.0,False,False,0.2747445518816768,0.27982732733025434,-7.76891,110.3850212,29.998,-7.76929,110.3850201,29.998
1788934546.3068984,42.2542459234668,42.154077451649755,10.0,False,False,0.27460442162150067,0.2789616826279177,-7.76891,110.3850212,29.998,-7.76929,110.3850201,29.998
1788934546.511518,42.24312647661827,41.942957985864965,10.0,False,False,0.2745076614718602,0.27870836015668005,-7.76891,110.3850212,29.998,-7.7692899,110.3850201,29.998
1788934546.7182112,42.24312647661827,41.14295808996149,10.0,False,False,0.27444057942100164,0.278230825504222,-7.76891,110.3850212,29.998,-7.7692899,110.3850201,29.998
1788934546.927418,42.24312647661827,41.24295807672858,10.0,False,False,0.2743939415840992,0.27790757647285674,-7.76891,110.3850212,29.998,-7.7692899,110.3850201,29.998
1788934547.1342802,42.19864870101738,39.69865966104794,10.0,False,False,0.2754523847515264,0.27768671463672007,-7.7689104,110.3850212,29.997,-7.7692899,110.3850201,29.998
1788934547.3347278,42.10969312740318,37.610169171873004,10.0,False,False,0.285277034589178,0.2775347622894955,-7.7689112,110.3850212,29.997,-7.7692899,110.3850201,29.998
1788934547.536141,41.97629306037907,35.3768469686203,10.0,False,False,0.3211771311882976,0.2774296875528045,-7.7689124,110.3850213,29.996,-7.7692899,110.3850201,29.998
1788934547.7389615,41.7761431900925,32.976751573035294,10.0,False,False,0.3754592916897255,0.2773567534341244,-7.7689142,110.3850213,29.996,-7.7692899,110.3850201,29.998
1788934547.9406652,41.49819383815965,29.598946053697006,10.0,False,False,0.47273042322101283,0.277305984155772,-7.7689167,110.3850214,29.996,-7.7692899,110.3850201,29.998
1788934548.1552188,41.531552081465925,31.03163565070877,10.0,False,False,0.3946535303193759,0.27748684658745526,-7.7689167,110.3850214,29.996,-7.7692902,110.3850201,29.997
1788934548.3691595,41.253606139024114,29.05372722247531,10.0,False,False,0.5350271990758739,0.28387780198723106,-7.7689199,110.3850215,29.996,-7.7692909,110.3850201,29.996
1788934548.5776722,40.931103100727015,27.031231966026763,10.0,False,False,0.6999611334712157,0.3146090539611622,-7.7689239,110.3850215,29.997,-7.769292,110.3850202,29.996
1788934548.7803862,40.55308309472665,24.853268405221346,10.0,True,True,0.9131036157660021,0.36237973638906423,-7.768929,110.3850216,29.997,-7.7692937,110.3850202,29.996
1788934548.9807162,39.88596260667634,19.28632835295326,10.0,True,True,1.1449890630024646,0.3247423749613036,-7.768935,110.3850217,29.998,-7.7692937,110.3850202,29.996
1788934549.1820188,40.152784320637934,22.65301322786812,10.0,True,True,0.8762904312277624,0.41915979457872726,-7.768935,110.3850217,29.998,-7.7692961,110.3850203,29.996
1788934549.3842628,39.69693292487117,20.399859314331,10.0,True,True,1.2253495196737387,0.5410706968022495,-7.7689422,110.3850218,29.999,-7.7692992,110.3850203,29.996
1788934549.5847905,39.19660814809647,18.60513890557407,10.0,True,True,1.6014752019305152,0.6997193408965203,-7.7689506,110.385022,30.0,-7.7693031,110.3850204,29.997
1788934549.786945,38.66292977625256,17.2761530019699,10.0,True,True,2.016041381439055,0.8947318524432666,-7.7689603,110.3850222,30.001,-7.769308,110.3850205,29.998
1788934549.987506,37.47327529397313,11.59440968144524,10.0,True,True,2.4587621998189872,0.6844922554680398,-7.768971,110.3850224,30.003,-7.769308,110.3850205,29.998
1788934550.1876602,36.828419384031584,11.74986321766673,10.0,True,True,2.9519754735832784,0.9659527531973612,-7.7689827,110.3850226,30.004,-7.7693139,110.3850206,29.998
1788934550.3903053,37.61782645056061,17.82452287214881,10.0,True,True,2.489772983167398,1.2765021798320297,-7.7689827,110.3850226,30.004,-7.769321,110.3850207,29.999
1788934550.5930073,37.15087867606281,19.252890728096688,10.0,True,True,3.1840447361150424,1.6192246097597445,-7.7689952,110.3850229,30.004,-7.7693293,110.3850209,30.0
1788934550.7995083,36.7172261826227,20.817731351080983,10.0,True,True,3.91354425129082,1.9893064744698437,-7.7690085,110.3850231,30.005,-7.7693387,110.3850211,30.001
1788934551.0011823,36.33917014798032,22.539579212730054,10.0,True,True,4.6941566176274065,2.400945008723655,-7.7690224,110.3850233,30.005,-7.7693492,110.3850213,30.003
1788934551.2025614,34.7381408310879,18.638871390334792,10.0,True,True,5.540512297281981,1.9465088005854105,-7.7690368,110.3850235,30.006,-7.7693492,110.3850213,30.003
1788934551.4038806,36.016710842489864,24.01704765678241,10.0,True,True,5.2008756703086485,2.5446865852518714,-7.7690368,110.3850235,30.006,-7.7693607,110.3850215,30.004
1788934551.612261,35.73866248318114,25.33891410607533,10.0,True,True,6.2329924147661915,3.183619472400485,-7.7690518,110.3850237,30.005,-7.7693732,110.3850218,30.005
1788934551.8207073,35.48291857043958,26.783119147545598,10.0,True,True,7.3237563848223495,3.8476950856443155,-7.7690672,110.3850239,30.005,-7.7693863,110.385022,30.005
1788934552.029058,35.293957623809135,28.39507690330178,10.0,True,True,8.48043116747842,4.596391046277064,-7.7690829,110.3850242,30.004,-7.7694003,110.3850222,30.006
1788934552.2373056,33.526146705652174,26.127514001743133,10.0,True,True,9.688073186838647,4.201024382384686,-7.7690988,110.3850244,30.003,-7.7694003,110.3850222,30.006
1788934552.4398737,33.3815972005438,28.182797088554633,10.0,True,True,10.93789107459322,5.142436014807145,-7.7691147,110.3850246,30.002,-7.7694149,110.3850224,30.006
1788934552.6469896,35.06045303040675,31.86137112566391,10.0,True,True,10.771802397322176,6.1401388962039185,-7.7691147,110.3850246,30.002,-7.76943,110.3850226,30.006
1788934552.8490129,34.99366988350818,33.39447647719874,10.0,True,True,12.11478374971776,7.198736218547119,-7.7691307,110.3850248,30.001,-7.7694454,110.3850229,30.006
1788934553.0503573,34.938073416989994,34.938073416989994,0.0,True,True,13.489787085763464,8.299155780286245,-7.7691467,110.385025,30.001,-7.7694609,110.3850231,30.006
1788934553.2583022,34.96031216041283,34.96031216041283,0.0,True,True,14.866905969305208,9.48071770169459,-7.7691624,110.3850252,30.0,-7.7694768,110.3850233,30.006
1788934553.459429,33.259207851924124,33.259207851924124,0.0,True,True,16.23437901334995,9.274014123096492,-7.7691777,110.3850254,30.0,-7.7694768,110.3850233,30.006
1788934553.674756,35.01590847078343,35.01590847078343,0.0,False,False,16.160162166553242,10.546848014800569,-7.7691777,110.3850254,30.0,-7.7694926,110.3850235,30.005
1788934553.8762033,35.115982120492625,35.115982120492625,0.0,False,False,17.54177469065733,11.862593161819715,-7.7691927,110.3850256,29.999,-7.7695085,110.3850237,30.004
1788934554.0775328,35.29389101197392,35.29389101197392,0.0,False,False,18.886363337998795,13.220911958039073,-7.7692071,110.3850258,29.997,-7.7695245,110.3850239,30.003
1788934554.287037,35.56075417329043,35.56075417329043,0.0,False,False,20.0,14.611741743062094,-7.7692207,110.385026,29.996,-7.7695405,110.3850241,30.002
1788934554.48736,35.87203219697842,35.87203219697842,0.0,False,False,20.0,15.991608652634476,-7.7692334,110.3850262,29.994,-7.769556,110.3850244,30.001
1788934554.6873713,34.57113762866525,34.57113762866525,0.0,False,False,20.000000000000004,15.90876731228359,-7.7692451,110.3850263,29.992,-7.769556,110.3850244,30.001
1788934554.8970885,36.250030831451184,36.250030831451184,0.0,False,False,20.000000000000004,17.29227181833979,-7.7692451,110.3850263,29.992,-7.7695711,110.3850246,30.0
1788934555.0989785,36.672566199118826,36.672566199118826,0.0,False,False,20.0,18.630255511267215,-7.7692557,110.3850265,29.99,-7.7695855,110.3850248,29.999
1788934555.300926,37.18400217613082,37.18400217613082,0.0,False,False,20.0,19.938473325952216,-7.769265,110.3850266,29.989,-7.7695994,110.385025,29.997
1788934555.5012934,37.76220901264953,37.76220901264953,0.0,False,False,20.0,20.0,-7.7692728,110.3850267,29.989,-7.7696124,110.3850251,29.995
1788934555.7024941,37.03950383035442,37.03950383035442,0.0,False,False,19.999999999999996,19.999999999999996,-7.7692793,110.3850268,29.991,-7.7696124,110.3850251,29.995
1788934555.9056737,38.38484444839808,38.38484444839808,0.0,False,False,20.0,20.0,-7.7692793,110.3850268,29.991,-7.7696245,110.3850253,29.992
1788934556.1123931,39.01860483520033,39.01860483520033,0.0,False,False,20.000000000000004,20.0,-7.7692845,110.3850268,29.994,-7.7696354,110.3850254,29.99
1788934556.313714,39.65237031988968,39.65237031988968,0.0,False,False,19.999999999999996,20.0,-7.7692885,110.3850269,29.996,-7.7696451,110.3850256,29.988
1788934556.5149546,40.252781806194875,40.252781806194875,0.0,False,False,20.000000000000004,20.0,-7.7692914,110.3850269,29.998,-7.7696534,110.3850257,29.988
1788934556.71654,40.03043161917154,40.03043161917154,0.0,False,False,20.0,20.0,-7.7692934,110.385027,30.0,-7.7696534,110.3850257,29.988
1788934556.9178593,40.78651485404966,40.78651485404966,0.0,False,False,20.0,20.000000000000004,-7.7692934,110.385027,30.0,-7.7696602,110.3850258,29.989
1788934557.1287713,41.26465005385481,41.26465005385481,0.0,False,False,20.0,20.0,-7.7692946,110.385027,30.0,-7.7696657,110.3850258,29.991
1788934557.3358524,41.67603530370304,41.67603530370304,0.0,False,False,20.0,20.0,-7.7692952,110.385027,30.001,-7.76967,110.3850259,29.994
1788934557.5376177,42.0207376501189,42.0207376501189,0.0,False,False,20.000000000000004,20.000000000000004,-7.7692953,110.385027,30.0,-7.7696732,110.3850259,29.997
1788934557.7379267,42.04297648344898,42.04297648344898,0.0,False,False,20.000000000000004,20.0,-7.7692951,110.385027,29.999,-7.7696732,110.3850259,29.997
1788934557.9380236,42.332082064066746,42.332082064066746,0.0,False,False,20.0,20.0,-7.7692947,110.385027,29.998,-7.7696754,110.3850259,29.999
1788934558.152218,42.48772432824728,42.48772432824728,0.0,False,False,20.0,20.0,-7.7692947,110.385027,29.998,-7.7696768,110.385026,29.999
1788934558.356869,42.61003851343936,42.61003851343936,0.0,False,False,20.0,20.0,-7.7692943,110.385027,29.996,-7.7696775,110.385026,30.0
1788934558.5578477,42.676801841493045,42.676801841493045,0.0,False,False,19.999999999999996,20.0,-7.7692939,110.3850271,29.961,-7.7696777,110.385026,29.999
1788934558.7583048,42.69923095468331,42.69923095468331,0.0,False,False,19.999999999999996,20.000000000000004,-7.7692936,110.3850271,29.866,-7.7696776,110.385026,29.999
1788934558.95989,42.74453343962544,42.74387488814952,0.2965681893788236,False,False,20.0,20.0,-7.7692932,110.3850271,29.702,-7.7696776,110.385026,29.999
1788934559.1606574,42.70004977900901,42.562301896497424,4.267513766799081,False,False,20.0,20.0,-7.7692932,110.3850271,29.702,-7.7696772,110.385026,29.998
1788934559.3624008,42.69121469869353,42.65059892035271,1.7372520159612166,False,False,19.999999999999996,20.0,-7.7692929,110.3850272,29.468,-7.7696768,110.385026,29.997
1788934559.5636277,42.67335363549119,42.66822077535578,0.5702008831293781,False,False,20.0,19.999999999999996,-7.7692926,110.3850272,29.165,-7.7696763,110.3850261,29.975
1788934559.7649653,42.67971456665664,42.67971456665664,0.0,False,False,20.000000000000004,20.0,-7.7692923,110.3850272,28.802,-7.769676,110.3850261,29.897
1788934559.9670858,42.71386543760852,42.71386543760852,0.0,False,False,20.000000000000004,19.999999999999996,-7.7692921,110.3850272,28.408,-7.769676,110.3850261,29.897
1788934560.167541,42.664632372790926,42.664321912860515,0.19131177458399812,False,False,20.0,19.999999999999996,-7.7692921,110.3850272,28.408,-7.7696756,110.3850261,29.753
1788934560.3691986,42.6707934599979,42.664038780703606,1.352942084715601,False,False,20.000000000000004,20.0,-7.7692918,110.3850273,28.009,-7.7696753,110.3850262,29.537
1788934560.570535,42.66349461127657,42.53322528573101,10.0,False,False,20.000000000000004,20.0,-7.7692916,110.3850273,27.616,-7.769675,110.3850262,29.247
1788934560.7718332,42.64254695932143,42.34261016198009,10.0,False,False,20.0,20.0,-7.7692915,110.3850273,27.232,-7.7696747,110.3850262,28.896
1788934560.9731164,42.681135088542874,42.27231609360063,10.0,False,False,20.0,20.0,-7.7692913,110.3850273,26.855,-7.7696747,110.3850262,28.896
1788934561.175253,42.631008045422064,42.303821846447036,10.0,False,False,19.999999999999996,19.999999999999996,-7.7692913,110.3850273,26.855,-7.7696744,110.3850262,28.508
1788934561.3837821,42.63008420071957,42.20209733565477,10.0,False,False,20.0,20.0,-7.7692911,110.3850273,26.483,-7.7696742,110.3850262,28.112
1788934561.585363,42.61799473219515,42.2953005193177,10.0,False,False,20.0,20.0,-7.769291,110.3850273,26.114,-7.769674,110.3850263,27.718
1788934561.7867756,42.606209316915105,42.29317102178998,10.0,False,False,20.0,20.0,-7.7692909,110.3850273,25.746,-7.7696738,110.3850263,27.332
1788934561.9877868,42.59483750416697,42.391227630342236,10.0,False,False,19.999999999999996,20.000000000000004,-7.7692908,110.3850273,25.376,-7.7696736,110.3850263,26.955
1788934562.1888428,42.59483750416697,42.391227630342236,10.0,False,False,20.000000000000004,20.0,-7.7692908,110.3850273,25.376,-7.7696736,110.3850263,26.955
1788934562.3996084,42.5837627851535,42.387747446302235,10.0,False,False,20.0,20.0,-7.7692908,110.3850273,25.001,-7.7696735,110.3850263,26.581
1788934562.6051471,42.583837038841814,42.391912643567686,10.0,False,False,19.999999999999996,20.0,-7.7692907,110.3850273,24.628,-7.7696734,110.3850263,26.21
1788934562.8063872,42.57276243295359,42.48075641259066,10.0,False,False,20.000000000000004,20.0,-7.7692907,110.3850273,24.254,-7.7696733,110.3850263,25.837
1788934563.008594,42.572911354201636,42.47683539749482,10.0,False,False,20.0,20.0,-7.7692906,110.3850273,23.88,-7.7696732,110.3850263,25.467
1788934563.2163122,42.5884009229357,42.49323543089969,10.0,False,False,20.0,20.0,-7.7692906,110.3850273,23.508,-7.7696732,110.3850263,25.467
1788934563.4246469,42.56187425019504,42.4658042170532,10.0,False,False,20.0,20.0,-7.7692906,110.3850273,23.508,-7.7696731,110.3850263,25.097
1788934563.6335976,42.550837282995424,42.450907711074564,10.0,False,False,20.0,19.999999999999996,-7.7692906,110.3850273,23.136,-7.769673,110.3850263,24.727
1788934563.834229,42.561874250096416,42.561874250096416,0.0,False,False,19.999999999999996,20.0,-7.7692905,110.3850273,22.765,-7.769673,110.3850263,24.354
1788934564.0365813,42.561874250096416,42.561874250096416,0.0,False,False,19.999999999999996,20.000000000000004,-7.7692905,110.3850273,22.392,-7.769673,110.3850263,23.981
1788934564.2373686,42.55091211097079,42.55091211097079,0.0,False,False,20.0,20.0,-7.7692905,110.3850273,22.016,-7.7696729,110.3850263,23.609
1788934564.4373887,42.57766207392118,42.57766207392118,0.0,False,False,20.000000000000004,20.0,-7.7692904,110.3850273,21.642,-7.7696729,110.3850263,23.609
1788934564.6397045,42.5619863573239,42.5619863573239,0.0,False,False,20.000000000000004,20.0,-7.7692904,110.3850273,21.642,-7.7696729,110.3850263,23.234
1788934564.841102,42.55072521689806,42.55072521689806,0.0,False,False,20.0,20.0,-7.7692904,110.3850273,21.268,-7.7696728,110.3850263,22.856
1788934565.0425773,42.55076254879535,42.55076254879535,0.0,False,False,20.000000000000004,20.000000000000004,-7.7692904,110.3850273,20.893,-7.7696728,110.3850263,22.482
1788934565.2436361,42.55076254879535,42.55076254879535,0.0,False,False,19.999999999999996,20.000000000000004,-7.7692904,110.3850273,20.519,-7.7696728,110.3850263,22.108
1788934565.4454026,42.57747746977776,42.57747746977776,0.0,False,False,20.0,20.0,-7.7692903,110.3850273,20.145,-7.7696728,110.3850263,22.108
1788934565.6535645,42.550874685298425,42.550874685298425,0.0,False,False,20.0,20.0,-7.7692903,110.3850273,20.145,-7.7696727,110.3850263,21.737
1788934565.8547747,42.550912111069614,42.550912111069614,0.0,False,False,20.0,20.0,-7.7692903,110.3850273,19.77,-7.7696727,110.3850263,21.363
1788934566.0564802,42.550847584957864,42.550847584957864,0.0,False,False,20.000000000000004,20.0,-7.7692903,110.3850272,19.397,-7.7696727,110.3850263,20.989
1788934566.2577455,42.550959932747865,42.550959932747865,0.0,False,False,20.0,20.0,-7.7692903,110.3850272,19.021,-7.7696727,110.3850263,20.616
1788934566.4665492,42.56675874668301,42.56675874668301,0.0,False,False,19.999999999999996,20.0,-7.7692903,110.3850272,18.644,-7.7696727,110.3850263,20.616
1788934566.6747594,42.539923322440146,42.539923322440146,0.0,False,False,20.000000000000004,20.0,-7.7692903,110.3850272,18.644,-7.7696726,110.3850263,20.241
1788934566.882938,42.5398379118297,42.5398379118297,0.0,False,False,19.999999999999996,20.0,-7.7692903,110.3850272,18.268,-7.7696726,110.3850262,19.862
1788934567.0844142,42.53991290029569,42.53991290029569,0.0,False,False,19.999999999999996,20.000000000000004,-7.7692903,110.3850272,17.892,-7.7696726,110.3850262,19.488
1788934567.2856655,42.551034948517064,42.45110584189953,10.0,False,False,20.0,20.0,-7.7692902,110.3850272,17.516,-7.7696726,110.3850263,19.113
1788934567.4873536,42.56680508553491,42.46691308772227,10.0,False,False,19.999999999999993,20.0,-7.7692902,110.3850272,17.14,-7.7696726,110.3850263,19.113
1788934567.6884444,42.54007367505481,42.44014495955271,10.0,False,False,20.0,19.999999999999996,-7.7692902,110.3850272,17.14,-7.7696725,110.3850263,18.741
1788934567.889811,42.5400631589182,42.5400631589182,0.0,False,False,20.0,20.0,-7.7692902,110.3850272,16.765,-7.7696725,110.3850262,18.365
1788934568.0912974,42.540025559051436,42.540025559051436,0.0,False,False,20.0,19.999999999999996,-7.7692902,110.3850272,16.391,-7.7696725,110.3850262,17.99
1788934568.3065896,42.540025559051436,42.540025559051436,0.0,False,False,20.000000000000004,20.0,-7.7692902,110.3850272,16.017,-7.7696725,110.3850262,17.616
1788934568.5100079,42.54010078225896,42.53683121009241,10.0,False,False,20.0,20.000000000000004,-7.7692902,110.3850272,15.64,-7.7696725,110.3850262,17.241
1788934568.7161689,42.5549858719839,42.511839026274686,10.0,False,False,20.0,19.999999999999996,-7.7692902,110.3850272,15.284,-7.7696725,110.3850262,17.241
1788934568.9310615,42.53931562172515,42.51033185804784,9.793706554198138,False,False,20.000000000000004,20.0,-7.7692902,110.3850272,15.284,-7.7696725,110.3850262,16.864
1788934569.1329112,42.5365959917428,42.510077230772595,3.75326832256647,False,False,20.0,20.000000000000004,-7.7692902,110.3850272,14.98,-7.7696725,110.3850262,16.485
1788934569.3338115,42.532001299783076,42.51002012861267,2.0104178560927393,False,False,19.999999999999996,20.0,-7.7692902,110.3850272,14.741,-7.7696725,110.3850262,16.11
1788934569.5356698,42.526006132303905,42.50999761162714,1.2544950964657704,False,False,20.0,20.0,-7.7692902,110.3850272,14.569,-7.7696725,110.3850262,15.737
1788934569.7376451,42.5295924923429,42.50999688243818,1.2293653713430908,False,False,20.000000000000004,20.000000000000004,-7.7692902,110.3850272,14.445,-7.7696725,110.3850262,15.737
1788934569.9376879,42.52234294538284,42.50996322704537,0.9500000000000014,False,False,20.000000000000004,20.0,-7.7692902,110.3850272,14.338,-7.7696725,110.3850262,15.364
1788934570.146694,42.51494766037881,42.50996322704537,0.6027777777777792,False,False,19.999999999999993,20.0,-7.7692902,110.3850272,14.338,-7.7696725,110.3850262,14.989
1788934570.3482494,42.52280754470455,42.5210826824057,0.36132075471698194,False,False,20.0,20.0,-7.7692901,110.3850272,14.232,-7.7696725,110.3850262,14.615
1788934570.5514615,42.52125770110736,42.5210826824057,0.11844660194174919,False,False,20.0,20.0,-7.7692901,110.3850272,14.12,-7.7696725,110.3850262,14.242
1788934570.7578673,42.521266414395306,42.521266414395306,0.0,False,False,20.0,20.0,-7.7692901,110.3850272,14.002,-7.7696725,110.3850262,13.877
1788934570.9592993,42.52108272944119,42.518360271284024,0.5467390567968619,False,False,20.0,20.0,-7.7692901,110.3850272,13.879,-7.7696725,110.3850262,13.877
1788934571.1608722,42.522301871888146,42.52092372468186,0.5348533060511816,False,False,20.0,20.0,-7.7692901,110.3850272,13.879,-7.7696725,110.3850262,13.557
1788934571.3619785,42.52344266970846,42.516532609278485,2.189309946893706,False,False,20.000000000000004,20.0,-7.7692901,110.3850272,13.752,-7.7696725,110.3850262,13.304
1788934571.563485,42.52405767896547,42.43799546000086,10.0,False,False,20.000000000000004,20.0,-7.7692901,110.3850272,13.624,-7.7696725,110.3850262,13.121
1788934571.7642934,42.524081383187834,42.4210475432073,10.0,False,False,20.0,20.0,-7.7692901,110.3850272,13.496,-7.7696725,110.3850262,12.991
1788934571.9660506,42.52275392638607,42.42152730233854,10.0,False,False,19.999999999999996,19.999999999999996,-7.7692901,110.3850272,13.368,-7.7696725,110.3850262,12.991
1788934572.1744602,42.52385999040988,42.424055035593355,10.0,False,False,20.000000000000004,20.000000000000004,-7.7692901,110.3850272,13.368,-7.7696725,110.3850262,12.882
1788934572.382712,42.5236033454831,42.423333832858994,10.0,False,False,20.000000000000007,20.0,-7.7692901,110.3850272,13.241,-7.7696725,110.3850262,12.778
1788934572.5912206,42.51229232310057,42.40999922746416,10.0,False,False,19.999999999999996,20.000000000000004,-7.7692901,110.3850272,13.114,-7.7696724,110.3850262,12.669
1788934572.7924569,42.512188823498086,42.41061464390148,10.0,False,False,20.0,20.0,-7.7692901,110.3850272,12.988,-7.7696724,110.3850262,12.553
1788934573.0010521,42.51215823226051,42.412163744302305,10.0,False,False,20.000000000000004,20.0,-7.7692901,110.3850272,12.862,-7.7696724,110.3850262,12.43
1788934573.2041984,42.511071764479844,42.411074714908025,10.0,False,False,20.000000000000007,20.0,-7.7692901,110.3850272,12.737,-7.7696724,110.3850262,12.43
1788934573.4173832,42.51216840581947,42.413312750521044,10.0,False,False,20.000000000000004,20.0,-7.7692901,110.3850272,12.737,-7.7696724,110.3850262,12.304
1788934573.6189396,42.512188823498086,42.512188823498086,0.0,False,False,20.0,20.0,-7.7692901,110.3850272,12.611,-7.7696724,110.3850262,12.176
1788934573.8203037,42.5122093352575,42.5122093352575,0.0,False,False,20.000000000000004,20.0,-7.7692901,110.3850272,12.486,-7.7696724,110.3850262,12.049
1788934574.0217779,42.512240279297856,42.512240279297856,0.0,False,False,20.000000000000004,20.0,-7.7692901,110.3850272,12.361,-7.7696724,110.3850262,11.921
1788934574.23028,42.51113029036931,42.51113029036931,0.0,False,False,19.999999999999996,20.0,-7.7692901,110.3850272,12.236,-7.7696724,110.3850262,11.921
1788934574.4387317,42.512261026258706,42.512261026258706,0.0,False,False,19.999999999999996,20.0,-7.7692901,110.3850272,12.236,-7.7696724,110.3850262,11.794
1788934574.6465464,42.512261026258706,42.512261026258706,0.0,False,False,19.999999999999996,20.0,-7.7692901,110.3850272,12.11,-7.7696724,110.3850262,11.668
1788934574.848408,42.512261026258706,42.512261026258706,0.0,False,False,20.000000000000004,20.0,-7.7692901,110.3850272,11.984,-7.7696724,110.3850262,11.542
1788934575.056405,42.51227143501927,42.5121298894046,10.0,False,False,19.999999999999993,19.999999999999996,-7.7692901,110.3850272,11.859,-7.7696724,110.3850262,11.416
1788934575.2577534,42.51229232310057,42.51215077755544,10.0,False,False,20.000000000000004,20.0,-7.7692901,110.3850272,11.734,-7.7696724,110.3850262,11.289
1788934575.4591115,42.51116763351432,42.511026084224405,10.0,False,False,19.999999999999996,20.000000000000004,-7.7692901,110.3850272,11.609,-7.7696724,110.3850262,11.289
1788934575.6677334,42.51229232310057,42.51215077755544,10.0,False,False,20.000000000000004,20.0,-7.7692901,110.3850272,11.609,-7.7696724,110.3850262,11.164
1788934575.8687122,42.51229232310057,42.51215077755544,10.0,False,False,20.0,20.0,-7.7692901,110.3850272,11.484,-7.7696724,110.3850262,11.039
1788934576.0703013,42.51229232310057,42.51215077755544,10.0,False,False,20.0,20.0,-7.7692901,110.3850272,11.359,-7.7696724,110.3850262,10.914
1788934576.271366,42.51231330526198,42.512171759786725,10.0,False,False,20.000000000000004,19.999999999999993,-7.7692901,110.3850272,11.235,-7.7696724,110.3850262,10.788
1788934576.4810321,42.51117517270906,42.511033623444256,10.0,False,False,19.999999999999996,19.999999999999996,-7.7692901,110.3850272,11.109,-7.7696724,110.3850262,10.788
1788934576.681671,42.51230280242127,42.512161256911035,10.0,False,False,19.999999999999996,19.999999999999996,-7.7692901,110.3850272,11.109,-7.7696724,110.3850262,10.663
1788934576.8826518,42.51229232310057,42.51215077755544,10.0,False,False,20.0,20.0,-7.7692901,110.3850272,10.983,-7.7696724,110.3850262,10.538
1788934577.0845585,42.51230280242127,42.512161256911035,10.0,False,False,19.999999999999993,20.000000000000004,-7.7692901,110.3850272,10.858,-7.7696724,110.3850262,10.412
1788934577.286398,42.51231330526198,42.512171759786725,10.0,False,False,20.0,20.0,-7.7692901,110.3850272,10.733,-7.7696724,110.3850262,10.286
1788934577.488771,42.51117517270906,42.511033623444256,10.0,False,False,19.999999999999996,20.0,-7.7692901,110.3850272,10.607,-7.7696724,110.3850262,10.286
1788934577.6953986,42.51118273542569,42.51118273542569,0.0,False,False,20.0,20.0,-7.7692901,110.3850272,10.482,-7.7696724,110.3850262,10.16
1788934577.903466,42.51231330526198,42.51231330526198,0.0,False,False,20.0,20.0,-7.7692901,110.3850272,10.482,-7.7696724,110.3850262,10.035
1788934578.1118348,42.51230280242127,42.51230280242127,0.0,False,False,20.0,20.0,-7.7692901,110.3850272,10.357,-7.7696724,110.3850262,9.911
1788934578.3141453,42.51230280242127,42.51230280242127,0.0,False,False,20.000000000000004,20.0,-7.7692901,110.3850272,10.231,-7.7696724,110.3850262,9.785
1788934578.5148063,42.51231330526198,42.51231330526198,0.0,False,False,20.0,19.999999999999996,-7.7692901,110.3850272,10.107,-7.7696724,110.3850262,9.66
1788934578.7233224,42.51117517270906,42.51117517270906,0.0,False,False,20.000000000000004,20.0,-7.7692901,110.3850272,9.981,-7.7696724,110.3850262,9.66
1788934578.92564,42.51230280242127,42.51230280242127,0.0,False,False,20.0,20.0,-7.7692901,110.3850272,9.981,-7.7696724,110.3850262,9.535
1788934579.13384,42.51229232310057,42.51229232310057,0.0,False,False,19.999999999999996,20.000000000000004,-7.7692901,110.3850272,9.855,-7.7696724,110.3850262,9.41
1788934579.334326,42.51231330526198,42.51231330526198,0.0,False,False,20.0,20.000000000000004,-7.7692901,110.3850272,9.73,-7.7696724,110.3850262,9.283
1788934579.5358057,42.5123238316227,42.5123238316227,0.0,False,False,20.0,20.0,-7.7692901,110.3850272,9.606,-7.7696724,110.3850262,9.158
1788934579.7386355,42.5123238316227,42.5123238316227,0.0,False,False,20.0,20.0,-7.7692901,110.3850272,9.481,-7.7696724,110.3850262,9.033
1788934579.9398642,42.5123238316227,42.5123238316227,0.0,False,False,20.000000000000004,20.0,-7.7692901,110.3850272,9.481,-7.7696724,110.3850262,9.033
1788934580.140509,42.5123238316227,42.5123238316227,0.0,False,False,20.0,20.0,-7.7692901,110.3850272,9.356,-7.7696724,110.3850262,8.908
1788934580.3550158,42.5123238316227,42.5123238316227,0.0,False,False,20.0,20.000000000000004,-7.7692901,110.3850272,9.231,-7.7696724,110.3850262,8.783
1788934580.5564075,42.512334381503386,42.512334381503386,0.0,False,False,19.999999999999996,20.0,-7.7692901,110.3850272,9.107,-7.7696724,110.3850262,8.658
1788934580.7641604,42.512344954904044,42.512344954904044,0.0,False,False,20.000000000000004,20.0,-7.7692901,110.3850272,8.982,-7.7696724,110.3850262,8.532
1788934580.9730194,42.511197931424554,42.511197931424554,0.0,False,False,20.0,20.0,-7.7692901,110.3850272,8.856,-7.7696724,110.3850262,8.532
1788934581.1759784,42.512334381503386,42.512334381503386,0.0,False,False,20.000000000000004,20.0,-7.7692901,110.3850272,8.856,-7.7696724,110.3850262,8.407
1788934581.3826754,42.512344954904044,42.512344954904044,0.0,False,False,20.0,20.0,-7.7692901,110.3850272,8.731,-7.7696724,110.3850262,8.281
1788934581.584232,42.512344954904044,42.512344954904044,0.0,False,False,20.0,20.0,-7.7692901,110.3850272,8.605,-7.7696724,110.3850262,8.155
1788934581.7855415,42.512344954904044,42.512344954904044,0.0,False,False,20.000000000000007,19.999999999999996,-7.7692901,110.3850272,8.48,-7.7696724,110.3850262,8.03
1788934581.9872804,42.512344954904044,42.512344954904044,0.0,False,False,20.0,20.0,-7.7692901,110.3850272,8.355,-7.7696724,110.3850262,7.905
1788934582.18895,42.512344954904044,42.512344954904044,0.0,False,False,20.0,20.0,-7.7692901,110.3850272,8.355,-7.7696724,110.3850262,7.905
1788934582.3897257,42.512334381503386,42.512334381503386,0.0,False,False,20.000000000000004,20.0,-7.7692901,110.3850272,8.23,-7.7696724,110.3850262,7.781
1788934582.5911481,42.512344954904044,42.512344954904044,0.0,False,False,19.999999999999996,19.999999999999996,-7.7692901,110.3850272,8.106,-7.7696724,110.3850262,7.656
1788934582.7936616,42.512344954904044,42.512344954904044,0.0,False,False,20.000000000000004,20.0,-7.7692901,110.3850272,7.981,-7.7696724,110.3850262,7.531
1788934582.9938886,42.512334381503386,42.512334381503386,0.0,False,False,20.000000000000004,20.0,-7.7692901,110.3850272,7.855,-7.7696724,110.3850262,7.406
1788934583.1939745,42.511197931424554,42.511197931424554,0.0,False,False,20.0,20.0,-7.7692901,110.3850272,7.73,-7.7696724,110.3850262,7.406
1788934583.3965404,42.512334381503386,42.512334381503386,0.0,False,False,20.000000000000004,19.999999999999996,-7.7692901,110.3850272,7.73,-7.7696724,110.3850262,7.281
1788934583.6048002,42.512344954904044,42.512344954904044,0.0,False,False,20.0,19.999999999999996,-7.7692901,110.3850272,7.604,-7.7696724,110.3850262,7.154
1788934583.806596,42.512344954904044,42.512344954904044,0.0,False,False,20.0,19.999999999999996,-7.7692901,110.3850272,7.479,-7.7696724,110.3850262,7.029
1788934584.0156534,42.512344954904044,42.512344954904044,0.0,False,False,20.0,20.0,-7.7692901,110.3850272,7.354,-7.7696724,110.3850262,6.904
1788934584.2300034,42.51121322151081,42.51121322151081,0.0,False,False,20.0,20.0,-7.7692901,110.3850272,7.23,-7.7696724,110.3850262,6.904
1788934584.432946,42.512344954904044,42.512344954904044,0.0,False,False,19.999999999999996,20.0,-7.7692901,110.3850272,7.23,-7.7696724,110.3850262,6.78
1788934584.6396806,42.512344954904044,42.512344954904044,0.0,False,False,20.000000000000007,20.0,-7.7692901,110.3850272,7.105,-7.7696724,110.3850262,6.655
1788934584.8548944,42.51235555182464,42.51235555182464,0.0,False,False,19.999999999999996,20.0,-7.7692901,110.3850272,6.981,-7.7696724,110.3850262,6.53
1788934585.0631747,42.512344954904044,42.512344954904044,0.0,False,False,20.000000000000004,20.0,-7.7692901,110.3850272,6.855,-7.7696724,110.3850262,6.405
1788934585.2717485,42.512344954904044,42.512344954904044,0.0,False,False,20.000000000000004,19.999999999999996,-7.7692901,110.3850272,6.73,-7.7696724,110.3850262,6.28
1788934585.4807522,42.51120556470676,42.51120556470676,0.0,False,False,20.000000000000004,20.0,-7.7692901,110.3850272,6.605,-7.7696724,110.3850262,6.28
1788934585.6887429,42.51235555182464,42.51235555182464,0.0,False,False,20.000000000000004,20.0,-7.7692901,110.3850272,6.605,-7.7696724,110.3850262,6.154
1788934585.8962486,42.51235555182464,42.51235555182464,0.0,False,False,20.000000000000004,20.0,-7.7692901,110.3850272,6.48,-7.7696724,110.3850262,6.029
1788934586.104993,42.512344954904044,42.512344954904044,0.0,False,False,20.000000000000004,19.999999999999996,-7.7692901,110.3850272,6.354,-7.7696724,110.3850262,5.904
1788934586.306235,42.512344954904044,42.512344954904044,0.0,False,False,20.000000000000004,20.0,-7.7692901,110.3850272,6.23,-7.7696724,110.3850262,5.78
1788934586.507856,42.512344954904044,42.512344954904044,0.0,False,False,20.000000000000004,20.0,-7.7692901,110.3850272,6.105,-7.7696724,110.3850262,5.655
1788934586.722861,42.51120556470676,42.51120556470676,0.0,False,False,20.000000000000004,20.0,-7.7692901,110.3850272,5.98,-7.7696724,110.3850262,5.655
1788934586.9347494,42.512334381503386,42.512334381503386,0.0,False,False,20.000000000000004,20.0,-7.7692901,110.3850272,5.98,-7.7696724,110.3850262,5.531
1788934587.140629,42.5123238316227,42.5123238316227,0.0,False,False,20.000000000000004,20.0,-7.7692901,110.3850272,5.855,-7.7696724,110.3850262,5.407
1788934587.3408155,42.51231330526198,42.51231330526198,0.0,False,False,20.000000000000004,20.0,-7.7692901,110.3850272,5.729,-7.7696724,110.3850262,5.282
1788934587.5563219,42.51231330526198,42.51231330526198,0.0,False,False,20.000000000000004,20.0,-7.7692901,110.3850272,5.604,-7.7696724,110.3850262,5.157
1788934587.7643394,42.5123238316227,42.5123238316227,0.0,False,False,20.000000000000004,19.999999999999996,-7.7692901,110.3850272,5.479,-7.7696724,110.3850262,5.031
1788934587.9795206,42.511190321664195,42.511190321664195,0.0,False,False,20.000000000000004,19.999999999999996,-7.7692901,110.3850272,5.354,-7.7696724,110.3850262,5.031
1788934588.1885102,42.5123238316227,42.5123238316227,0.0,False,False,20.000000000000004,19.999999999999996,-7.7692901,110.3850272,5.354,-7.7696724,110.3850262,4.906
1788934588.390781,42.5123238316227,42.5123238316227,0.0,False,False,20.000000000000004,19.999999999999996,-7.7692901,110.3850272,5.229,-7.7696724,110.3850262,4.781
1788934588.604602,42.51231330526198,42.51231330526198,0.0,False,False,20.000000000000004,19.999999999999996,-7.7692901,110.3850272,5.104,-7.7696724,110.3850262,4.657
1788934588.8130858,42.51231330526198,42.51231330526198,0.0,False,False,20.000000000000004,19.999999999999996,-7.7692901,110.3850272,4.979,-7.7696724,110.3850262,4.532
1788934589.0149276,42.51231330526198,42.51231330526198,0.0,False,False,20.000000000000004,19.999999999999996,-7.7692901,110.3850272,4.854,-7.7696724,110.3850262,4.407
1788934589.2237911,42.51117517270906,42.51117517270906,0.0,False,False,20.000000000000004,19.999999999999996,-7.7692901,110.3850272,4.728,-7.7696724,110.3850262,4.407
1788934589.437976,42.51230280242127,42.51230280242127,0.0,False,False,20.000000000000004,19.999999999999996,-7.7692901,110.3850272,4.728,-7.7696724,110.3850262,4.282
1788934589.6402016,42.51231330526198,42.51231330526198,0.0,False,False,20.000000000000004,19.999999999999996,-7.7692901,110.3850272,4.604,-7.7696724,110.3850262,4.157
1788934589.8415985,42.5123238316227,42.51218228618249,10.0,False,False,20.000000000000004,19.999999999999996,-7.7692901,110.3850272,4.479,-7.7696724,110.3850262,4.031
1788934590.0427687,42.512334381503386,42.5121928360983,10.0,False,False,20.000000000000004,19.999999999999996,-7.7692901,110.3850272,4.355,-7.7696724,110.3850262,3.906
1788934590.2506177,42.512334381503386,42.5121928360983,10.0,False,False,20.000000000000004,19.999999999999996,-7.7692901,110.3850272,4.23,-7.7696724,110.3850262,3.781
1788934590.4539905,42.51120556470676,42.51106401554315,10.0,False,False,20.000000000000004,19.999999999999996,-7.7692901,110.3850272,4.106,-7.7696724,110.3850262,3.781
1788934590.6607802,42.512344954904044,42.51220340953416,10.0,False,False,20.000000000000004,19.999999999999996,-7.7692901,110.3850272,4.106,-7.7696724,110.3850262,3.656
1788934590.8654451,42.512344954904044,42.51220340953416,10.0,False,False,20.000000000000004,19.999999999999996,-7.7692901,110.3850272,3.981,-7.7696724,110.3850262,3.531
1788934591.0711534,42.51235555182464,42.51221400649004,10.0,False,False,20.000000000000004,19.999999999999996,-7.7692901,110.3850272,3.857,-7.7696724,110.3850262,3.406
1788934591.2714167,42.51235555182464,42.51221400649004,10.0,False,False,20.000000000000004,19.999999999999996,-7.7692901,110.3850272,3.732,-7.7696724,110.3850262,3.281
1788934591.4738715,42.51120556470676,42.51106401554315,10.0,False,False,20.000000000000004,19.999999999999996,-7.7692901,110.3850272,3.606,-7.7696724,110.3850262,3.281
1788934591.6740425,42.512344954904044,42.51220340953416,10.0,False,False,20.000000000000004,19.999999999999996,-7.7692901,110.3850272,3.606,-7.7696724,110.3850262,3.156
1788934591.87541,42.51235555182464,42.51221400649004,10.0,False,False,20.000000000000004,19.999999999999996,-7.7692901,110.3850272,3.481,-7.7696724,110.3850262,3.03
1788934592.0765843,42.51235555182464,42.51221400649004,10.0,False,False,20.000000000000004,19.999999999999996,-7.7692901,110.3850272,3.356,-7.7696724,110.3850262,2.905
1788934592.2808897,42.512344954904044,42.51220340953416,10.0,False,False,20.000000000000004,19.999999999999996,-7.7692901,110.3850272,3.23,-7.7696724,110.3850262,2.78
1788934592.4809842,42.51120556470676,42.51106401554315,10.0,False,False,20.000000000000004,19.999999999999996,-7.7692901,110.3850272,3.105,-7.7696724,110.3850262,2.78
1788934592.6812484,42.512334381503386,42.5121928360983,10.0,False,False,20.000000000000004,19.999999999999996,-7.7692901,110.3850272,3.105,-7.7696724,110.3850262,2.656
1788934592.8867872,42.512334381503386,42.512334381503386,0.0,False,False,20.000000000000004,19.999999999999996,-7.7692901,110.3850272,2.98,-7.7696724,110.3850262,2.531
1788934593.0931332,42.512334381503386,42.512334381503386,0.0,False,False,20.000000000000004,19.999999999999996,-7.7692901,110.3850272,2.855,-7.7696724,110.3850262,2.406
1788934593.3019395,42.512334381503386,42.512334381503386,0.0,False,False,20.000000000000004,19.999999999999996,-7.7692901,110.3850272,2.73,-7.7696724,110.3850262,2.281
1788934593.5098796,42.5123238316227,42.5123238316227,0.0,False,False,20.000000000000004,19.999999999999996,-7.7692901,110.3850272,2.604,-7.7696724,110.3850262,2.156
1788934593.7184505,42.511190321664195,42.511190321664195,0.0,False,False,20.000000000000004,19.999999999999996,-7.7692901,110.3850272,2.479,-7.7696724,110.3850262,2.156
1788934593.9216247,42.5123238316227,42.5123238316227,0.0,False,False,20.000000000000004,19.999999999999996,-7.7692901,110.3850272,2.479,-7.7696724,110.3850262,2.031
1788934594.1264033,42.512334381503386,42.512334381503386,0.0,False,False,20.000000000000004,20.000225623727346,-7.7692901,110.3850272,2.354,-7.7696724,110.3850262,1.905
1788934594.3274343,42.512344954904044,42.512344954904044,0.0,False,False,20.000000000000004,20.001209963399713,-7.7692901,110.3850272,2.23,-7.7696724,110.3850262,1.78
1788934594.532219,42.512344954904044,42.512344954904044,0.0,False,False,20.000000000000004,20.002975403674323,-7.7692901,110.3850272,2.105,-7.7696724,110.3850262,1.655
1788934594.7356098,42.51120556470676,42.51120556470676,0.0,False,False,20.000009999997502,20.002975403674323,-7.7692901,110.3850272,1.98,-7.7696724,110.3850262,1.655
1788934594.9363468,42.512334381503386,42.512334381503386,0.0,False,False,20.000009999997502,20.005498269225885,-7.7692901,110.3850272,1.98,-7.7696724,110.3850262,1.531
1788934595.1510253,42.512344954904044,42.512344954904044,0.0,False,False,20.000518393281713,20.00881895565053,-7.7692901,110.3850272,1.856,-7.7696724,110.3850262,1.406
1788934595.352812,42.512344954904044,42.512344954904044,0.0,False,False,20.001808943193115,20.012919851935646,-7.7692901,110.3850272,1.731,-7.7696724,110.3850262,1.281
1788934595.5594254,42.512334381503386,42.512334381503386,0.0,False,False,20.003900244702283,20.01780047857406,-7.7692901,110.3850272,1.605,-7.7696724,110.3850262,1.156
1788934595.7641582,42.51235555182464,42.51235555182464,0.0,False,False,20.006732891704235,20.023508683544947,-7.7692901,110.3850272,1.481,-7.7696724,110.3850262,1.03
1788934595.9675272,42.51121322151081,42.51121322151081,0.0,False,False,20.010365713799438,20.023508683544947,-7.7692901,110.3850272,1.356,-7.7696724,110.3850262,1.03
1788934596.1693847,42.51236617226516,42.51236617226516,0.0,False,False,20.010365713799438,20.030007888166192,-7.7692901,110.3850272,1.356,-7.7696724,110.3850262,0.904
1788934596.3704126,42.51236617226516,42.51236617226516,0.0,False,False,20.014778564850527,20.03723636133486,-7.7692901,110.3850272,1.231,-7.7696724,110.3850262,0.779
1788934596.5770345,42.51237681622559,42.51237681622559,0.0,False,False,20.01992629856564,20.045241729647458,-7.7692901,110.3850272,1.107,-7.7696724,110.3850262,0.654
1788934596.7780972,42.51236617226516,42.51236617226516,0.0,False,False,20.025891340961582,20.05394973565058,-7.7692901,110.3850272,0.982,-7.7696724,110.3850262,0.53
1788934596.978684,42.51122090183667,42.51122090183667,0.0,False,False,20.03263459957277,20.05394973565058,-7.7692901,110.3850272,0.857,-7.7696724,110.3850262,0.53
1788934597.1791327,42.51236617226516,42.51236617226516,0.0,False,False,20.03263459957277,20.063499819323642,-7.7692901,110.3850272,0.857,-7.7696724,110.3850262,0.405
1788934597.3893168,42.51236617226516,42.51142055453752,10.0,False,False,20.040092040706803,20.073738092343437,-7.7692901,110.3850272,0.733,-7.7696724,110.3850262,0.281
1788934597.5933359,42.512344954904044,42.51140404132467,10.0,False,False,20.048452533799214,20.08473671721887,-7.7692901,110.3850272,0.607,-7.7696724,110.3850262,0.157
1788934597.8014424,42.512344954904044,42.51140404132467,10.0,False,False,20.05752537079288,20.096592347957895,-7.7692901,110.3850272,0.482,-7.7696724,110.3850262,0.032
1788934598.0012763,42.51120556470676,42.51055867152013,10.0,False,False,20.067372747821278,20.096592347957895,-7.7692901,110.3850272,0.357,-7.7696724,110.3850262,0.032
1788934598.2047951,42.51121322151081,42.510563976084285,10.0,False,False,20.077993525250477,20.10932211686908,-7.7692901,110.3850272,0.232,-7.7696724,110.3850262,-0.094
1788934598.4114676,42.51235555182464,42.51141228617035,10.0,False,False,20.077993525250477,20.122722504671177,-7.7692901,110.3850272,0.232,-7.7696724,110.3850262,-0.219
1788934598.6115792,42.512344954904044,42.512344954904044,0.0,False,False,20.089480729974085,20.13688992868561,-7.7692901,110.3850272,0.106,-7.7696724,110.3850262,-0.344
1788934598.8131042,42.512344954904044,42.512344954904044,0.0,False,False,20.10155028847278,20.15170027565912,-7.7692901,110.3850272,-0.018,-7.7696724,110.3850262,-0.468
1788934599.0140386,42.512344954904044,42.512344954904044,0.0,False,False,20.114483562845955,20.16739073355797,-7.7692901,110.3850272,-0.143,-7.7696724,110.3850262,-0.593
1788934599.2156568,42.51121322151081,42.51121322151081,0.0,False,False,20.128072163026445,20.16739073355797,-7.7692901,110.3850272,-0.267,-7.7696724,110.3850262,-0.593
1788934599.4176624,42.512344954904044,42.512344954904044,0.0,False,False,20.128072163026445,20.183708504633135,-7.7692901,110.3850272,-0.267,-7.7696724,110.3850262,-0.717
1788934599.618649,42.512344954904044,42.512344954904044,0.0,False,False,20.14253370358357,20.200914929774836,-7.7692901,110.3850272,-0.392,-7.7696724,110.3850262,-0.842
1788934599.8203926,42.512334381503386,42.512334381503386,0.0,False,False,20.157884908888633,20.218879518905094,-7.7692901,110.3850272,-0.518,-7.7696724,110.3850262,-0.967
1788934600.0212393,42.512334381503386,42.512334381503386,0.0,False,False,20.17388036546267,20.237600252994422,-7.7692901,110.3850272,-0.643,-7.7696724,110.3850262,-1.092
1788934600.226374,42.511197931424554,42.511197931424554,0.0,False,False,20.19063703799363,20.237600252994422,-7.7692901,110.3850272,-0.768,-7.7696724,110.3850262,-1.092
1788934600.4309332,42.51235555182464,42.51235555182464,0.0,False,False,20.19063703799363,20.257392749315,-7.7692901,110.3850272,-0.768,-7.7696724,110.3850262,-1.219
1788934600.6328983,42.51237681622559,42.51237681622559,0.0,False,False,20.207866809735265,20.277631419867557,-7.7692901,110.3850272,-0.891,-7.7696724,110.3850262,-1.344
1788934600.8350255,42.51401583671855,42.51401583671855,0.0,False,False,20.206438602584083,20.298448807729123,-7.7692901,110.3850272,-0.881,-7.7696724,110.3850262,-1.468
1788934601.042015,42.52728005038634,42.52728005038634,0.0,False,False,20.204447257967736,20.320178370280118,-7.76929,110.3850272,-0.867,-7.7696724,110.3850262,-1.593
1788934601.243901,42.52721195286599,42.52721195286599,0.0,False,False,20.205015243745795,20.320178370280118,-7.76929,110.3850272,-0.871,-7.7696724,110.3850262,-1.593
1788934601.4504986,42.52953769421892,42.52953769421892,0.0,False,False,20.204731153865914,20.342470081088972,-7.76929,110.3850272,-0.869,-7.7696724,110.3850262,-1.717
1788934601.6521597,42.53221369131858,42.53221369131858,0.0,False,False,20.204731153865918,20.365681034524727,-7.76929,110.3850272,-0.869,-7.7696724,110.3850262,-1.842
1788934601.8614948,42.53525686397095,42.53525686397095,0.0,False,False,20.204589181668602,20.389437363497798,-7.76929,110.3850272,-0.868,-7.7696724,110.3850262,-1.966
1788934602.0690079,42.538667133373934,42.538667133373934,0.0,False,False,20.204589181668606,20.414119647929958,-7.76929,110.3850272,-0.868,-7.7696724,110.3850262,-2.091
1788934602.2787213,42.54250783021598,42.54250783021598,0.0,False,False,20.204447257967736,20.43974287998751,-7.76929,110.3850272,-0.867,-7.7696724,110.3850262,-2.217
1788934602.4851358,42.54250783021598,42.54250783021598,0.0,False,False,20.20444725796774,20.43974287998751,-7.76929,110.3850272,-0.867,-7.7696724,110.3850262,-2.217
1788934602.693447,42.546692568094976,42.546692568094976,0.0,False,False,20.204305382764336,20.465897585984347,-7.76929,110.3850272,-0.866,-7.7696724,110.3850262,-2.342
1788934602.8946712,42.54749667705478,42.521574621774505,10.0,False,False,20.20430538276434,20.470789554875502,-7.76929,110.3850272,-0.866,-7.7696724,110.3850262,-2.365
1788934603.0963788,42.54728571229883,42.54728571229883,0.0,False,False,20.204163556059434,20.469298082738447,-7.76929,110.3850272,-0.865,-7.7696724,110.3850262,-2.358
1788934603.29918,42.54763778970565,42.54763778970565,0.0,False,False,20.20402177785403,20.47121610945476,-7.76929,110.3850272,-0.864,-7.7696724,110.3850262,-2.367
1788934603.5072544,42.53656062218431,42.53656062218431,0.0,False,False,20.203880048149166,20.47121610945476,-7.76929,110.3850272,-0.863,-7.7696723,110.3850262,-2.367
1788934603.7135043,42.53659599174293,42.53659599174293,0.0,False,False,20.203738366945853,20.471216109454762,-7.76929,110.3850272,-0.862,-7.7696723,110.3850262,-2.367
1788934603.9231658,42.53656062218431,42.53656062218431,0.0,False,False,20.203738366945853,20.471002808851352,-7.76929,110.3850272,-0.862,-7.7696723,110.3850262,-2.366
1788934604.123216,42.53656062218431,42.53656062218431,0.0,False,False,20.203596734245117,20.470789554875505,-7.76929,110.3850272,-0.861,-7.7696723,110.3850262,-2.365
1788934604.3266675,42.536525276105486,42.536525276105486,0.0,False,False,20.20359673424512,20.470576347528663,-7.76929,110.3850272,-0.861,-7.7696723,110.3850262,-2.364
1788934604.5341372,42.53648995350652,42.53648995350652,0.0,False,False,20.203455150047976,20.47015007272785,-7.76929,110.3850272,-0.86,-7.7696723,110.3850262,-2.362
1788934604.7417564,42.53645465438746,42.53645465438746,0.0,False,False,20.203455150047972,20.46993700527679,-7.76929,110.3850272,-0.86,-7.7696723,110.3850262,-2.361
1788934604.9543626,42.53648995350652,42.53648995350652,0.0,False,False,20.203313614355437,20.469937005276783,-7.76929,110.3850272,-0.859,-7.7696723,110.3850262,-2.361
1788934605.156225,42.53638412658933,42.53638412658933,0.0,False,False,20.203313614355444,20.469298082738447,-7.76929,110.3850272,-0.859,-7.7696723,110.3850262,-2.358
1788934605.356894,42.53624335275461,42.53624335275461,0.0,False,False,20.20331361435544,20.468446838976334,-7.76929,110.3850272,-0.859,-7.7696723,110.3850262,-2.354
1788934605.5571694,42.536138018921754,42.536138018921754,0.0,False,False,20.203172127168543,20.467596341534584,-7.76929,110.3850272,-0.858,-7.7696723,110.3850262,-2.35
1788934605.7647102,42.536032896413374,42.536032896413374,0.0,False,False,20.203172127168546,20.466958958282003,-7.76929,110.3850272,-0.858,-7.7696723,110.3850262,-2.347
1788934605.971513,42.536032896413374,42.536032896413374,0.0,False,False,20.203172127168546,20.466958958282003,-7.76929,110.3850272,-0.858,-7.7696723,110.3850262,-2.347
1788934606.1764364,42.53596293214438,42.53596293214438,0.0,False,False,20.203172127168546,20.466534269387182,-7.76929,110.3850272,-0.858,-7.7696723,110.3850262,-2.345
1788934606.3813114,42.53589306179854,42.53589306179854,0.0,False,False,20.203172127168546,20.46610976712477,-7.76929,110.3850272,-0.858,-7.7696723,110.3850262,-2.343
1788934606.5939095,42.53585816184694,42.53585816184694,0.0,False,False,20.2030306884883,20.46568545150638,-7.76929,110.3850272,-0.857,-7.7696723,110.3850262,-2.341
1788934606.8026388,42.53578843238668,42.53578843238668,0.0,False,False,20.203030688488298,20.465261322543626,-7.76929,110.3850272,-0.857,-7.7696723,110.3850262,-2.339
1788934607.0130067,42.535753602878145,42.535753602878145,0.0,False,False,20.2030306884883,20.46504932806173,-7.76929,110.3850272,-0.857,-7.7696723,110.3850262,-2.338
1788934607.2152562,42.535753602878145,42.535753602878145,0.0,False,False,20.203030688488298,20.46504932806173,-7.76929,110.3850272,-0.857,-7.7696723,110.3850262,-2.338
1788934607.4246035,42.53571879685074,42.53571879685074,0.0,False,False,20.203030688488298,20.464837380248106,-7.76929,110.3850272,-0.857,-7.7696723,110.3850262,-2.337
1788934607.6335835,42.535684014304515,42.535684014304515,0.0,False,False,20.203030688488298,20.46462547910418,-7.76929,110.3850272,-0.857,-7.7696723,110.3850262,-2.336
1788934607.8377504,42.53564925523955,42.53564925523955,0.0,False,False,20.203030688488298,20.464413624631415,-7.76929,110.3850272,-0.857,-7.7696723,110.3850262,-2.335
1788934608.0398326,42.53561451965589,42.53561451965589,0.0,False,False,20.2030306884883,20.464201816831263,-7.76929,110.3850272,-0.857,-7.7696723,110.3850262,-2.334
1788934608.2418222,42.53561451965589,42.53561451965589,0.0,False,False,20.203030688488294,20.464201816831267,-7.76929,110.3850272,-0.857,-7.7696723,110.3850262,-2.334
1788934608.4503894,42.535579807553596,42.535579807553596,0.0,False,False,20.203030688488298,20.46399005570517,-7.76929,110.3850272,-0.857,-7.7696723,110.3850262,-2.333
1788934608.6552517,42.535579807553596,42.535579807553596,0.0,False,False,20.203030688488298,20.463990055705167,-7.76929,110.3850272,-0.857,-7.7696723,110.3850262,-2.333
1788934608.857377,42.53554511893272,42.53554511893272,0.0,False,False,20.203030688488305,20.463778341254578,-7.76929,110.3850272,-0.857,-7.7696723,110.3850262,-2.332
1788934609.0582936,42.53554511893272,42.53554511893272,0.0,False,False,20.203030688488298,20.46377834125458,-7.76929,110.3850272,-0.857,-7.7696723,110.3850262,-2.332
1788934609.2647393,42.53551045379332,42.53551045379332,0.0,False,False,20.203030688488298,20.46356667348094,-7.76929,110.3850272,-0.857,-7.7696723,110.3850262,-2.331
1788934609.472767,42.53551045379332,42.53551045379332,0.0,False,False,20.2030306884883,20.46356667348094,-7.76929,110.3850272,-0.857,-7.7696723,110.3850262,-2.331
1788934609.6794624,42.53551045379332,42.53551045379332,0.0,False,False,20.203030688488298,20.46356667348094,-7.76929,110.3850272,-0.857,-7.7696723,110.3850262,-2.331
1788934609.8807745,42.53547581213546,42.53547581213546,0.0,False,False,20.203030688488305,20.46335505238571,-7.76929,110.3850272,-0.857,-7.7696723,110.3850262,-2.33
1788934610.0820959,42.53547581213546,42.53547581213546,0.0,False,False,20.2030306884883,20.46335505238571,-7.76929,110.3850272,-0.857,-7.7696723,110.3850262,-2.33
1788934610.2822866,42.535441193959194,42.535441193959194,0.0,False,False,20.203030688488294,20.463143477970338,-7.76929,110.3850272,-0.857,-7.7696723,110.3850262,-2.329
1788934610.482347,42.535441193959194,42.535441193959194,0.0,False,False,20.203030688488298,20.463143477970345,-7.76929,110.3850272,-0.857,-7.7696723,110.3850262,-2.329
1788934610.6837473,42.535441193959194,42.535441193959194,0.0,False,False,20.203030688488298,20.46314347797034,-7.76929,110.3850272,-0.857,-7.7696723,110.3850262,-2.329
1788934610.884601,42.535441193959194,42.535441193959194,0.0,False,False,20.2030306884883,20.463143477970334,-7.76929,110.3850272,-0.857,-7.7696723,110.3850262,-2.329
1788934611.0870435,42.535441193959194,42.535441193959194,0.0,False,False,20.2030306884883,20.463143477970338,-7.76929,110.3850272,-0.857,-7.7696723,110.3850262,-2.329
1788934611.2940288,42.53540659926458,42.53540659926458,0.0,False,False,20.203030688488298,20.462931950236257,-7.76929,110.3850272,-0.857,-7.7696723,110.3850262,-2.328
1788934611.4992805,42.53540659926458,42.53540659926458,0.0,False,False,20.203030688488294,20.462931950236257,-7.76929,110.3850272,-0.857,-7.7696723,110.3850262,-2.328
1788934611.7006974,42.535372028051675,42.535372028051675,0.0,False,False,20.20317212716854,20.462931950236264,-7.76929,110.3850272,-0.858,-7.7696723,110.3850262,-2.328
1788934611.909312,42.535372028051675,42.535372028051675,0.0,False,False,20.20317212716854,20.462931950236264,-7.76929,110.3850272,-0.858,-7.7696723,110.3850262,-2.328
1788934612.1181273,42.535372028051675,42.535372028051675,0.0,False,False,20.203172127168546,20.462931950236264,-7.76929,110.3850272,-0.858,-7.7696723,110.3850262,-2.328
1788934612.3204634,42.535372028051675,42.535372028051675,0.0,False,False,20.203172127168543,20.46293195023626,-7.76929,110.3850272,-0.858,-7.7696723,110.3850262,-2.328
1788934612.5274036,42.535337480320536,42.535337480320536,0.0,False,False,20.203172127168546,20.46272046918493,-7.76929,110.3850272,-0.858,-7.7696723,110.3850262,-2.327
1788934612.7297297,42.535337480320536,42.535337480320536,0.0,False,False,20.203172127168543,20.462720469184926,-7.76929,110.3850272,-0.858,-7.7696723,110.3850262,-2.327
1788934612.9306471,42.535337480320536,42.535337480320536,0.0,False,False,20.20317212716855,20.462720469184934,-7.76929,110.3850272,-0.858,-7.7696723,110.3850262,-2.327
1788934613.139076,42.535337480320536,42.535337480320536,0.0,False,False,20.203172127168543,20.462720469184934,-7.76929,110.3850272,-0.858,-7.7696723,110.3850262,-2.327
1788934613.3479846,42.535337480320536,42.535337480320536,0.0,False,False,20.203172127168546,20.46272046918493,-7.76929,110.3850272,-0.858,-7.7696723,110.3850262,-2.327
1788934613.550747,42.535337480320536,42.535337480320536,0.0,False,False,20.203172127168543,20.46272046918493,-7.76929,110.3850272,-0.858,-7.7696723,110.3850262,-2.327
1788934613.7593946,42.535337480320536,42.535337480320536,0.0,False,False,20.203172127168546,20.462720469184937,-7.76929,110.3850272,-0.858,-7.7696723,110.3850262,-2.327
1788934613.9594798,42.535337480320536,42.535337480320536,0.0,False,False,20.20317212716855,20.462720469184934,-7.76929,110.3850272,-0.858,-7.7696723,110.3850262,-2.327
1788934614.1696534,42.535337480320536,42.535337480320536,0.0,False,False,20.203172127168546,20.462720469184934,-7.76929,110.3850272,-0.858,-7.7696723,110.3850262,-2.327
1788934614.372999,42.535337480320536,42.535337480320536,0.0,False,False,20.203172127168543,20.462720469184934,-7.76929,110.3850272,-0.858,-7.7696723,110.3850262,-2.327
1788934614.5834882,42.535337480320536,42.535337480320536,0.0,False,False,20.203172127168546,20.462720469184934,-7.76929,110.3850272,-0.858,-7.7696723,110.3850262,-2.327
1788934614.790082,42.53530295607122,42.53530295607122,0.0,False,False,20.203172127168546,20.462509034817796,-7.76929,110.3850272,-0.858,-7.7696723,110.3850262,-2.326
1788934614.9941227,42.53530295607122,42.53530295607122,0.0,False,False,20.203172127168543,20.462509034817796,-7.76929,110.3850272,-0.858,-7.7696723,110.3850262,-2.326
1788934615.1975963,42.53530295607122,42.53530295607122,0.0,False,False,20.203172127168546,20.4625090348178,-7.76929,110.3850272,-0.858,-7.7696723,110.3850262,-2.326
1788934615.4017978,42.53530295607122,42.53530295607122,0.0,False,False,20.203172127168546,20.4625090348178,-7.76929,110.3850272,-0.858,-7.7696723,110.3850262,-2.326
1788934615.6067946,42.53526845530378,42.53526845530378,0.0,False,False,20.203313614355444,20.462509034817792,-7.76929,110.3850272,-0.859,-7.7696723,110.3850262,-2.326
1788934615.8117065,42.53526845530378,42.53526845530378,0.0,False,False,20.203313614355444,20.4625090348178,-7.76929,110.3850272,-0.859,-7.7696723,110.3850262,-2.326
1788934616.017763,42.53526845530378,42.53526845530378,0.0,False,False,20.20331361435544,20.462509034817796,-7.76929,110.3850272,-0.859,-7.7696723,110.3850262,-2.326
1788934616.2216437,42.53526845530378,42.53526845530378,0.0,False,False,20.203313614355444,20.462509034817796,-7.76929,110.3850272,-0.859,-7.7696723,110.3850262,-2.326
1788934616.4299085,42.53526845530378,42.53526845530378,0.0,False,False,20.203313614355444,20.4625090348178,-7.76929,110.3850272,-0.859,-7.7696723,110.3850262,-2.326
1788934616.6326501,42.53526845530378,42.53526845530378,0.0,False,False,20.203313614355444,20.4625090348178,-7.76929,110.3850272,-0.859,-7.7696723,110.3850262,-2.326
1788934616.834318,42.53526845530378,42.53526845530378,0.0,False,False,20.203313614355444,20.4625090348178,-7.76929,110.3850272,-0.859,-7.7696723,110.3850262,-2.326
1788934617.0403056,42.53526845530378,42.53526845530378,0.0,False,False,20.203313614355444,20.462509034817796,-7.76929,110.3850272,-0.859,-7.7696723,110.3850262,-2.326
1788934617.244023,42.53526845530378,42.53526845530378,0.0,False,False,20.203313614355444,20.462509034817803,-7.76929,110.3850272,-0.859,-7.7696723,110.3850262,-2.326
1788934617.4440668,42.53526845530378,42.53526845530378,0.0,False,False,20.203313614355444,20.462509034817796,-7.76929,110.3850272,-0.859,-7.7696723,110.3850262,-2.326
1788934617.6532326,42.53526845530378,42.53526845530378,0.0,False,False,20.20331361435544,20.4625090348178,-7.76929,110.3850272,-0.859,-7.7696723,110.3850262,-2.326
1788934617.8577547,42.53526845530378,42.53526845530378,0.0,False,False,20.203313614355444,20.462509034817792,-7.76929,110.3850272,-0.859,-7.7696723,110.3850262,-2.326
1788934618.0601065,42.53526845530378,42.53526845530378,0.0,False,False,20.203313614355444,20.4625090348178,-7.76929,110.3850272,-0.859,-7.7696723,110.3850262,-2.326
1788934618.2671397,42.53526845530378,42.53526845530378,0.0,False,False,20.20331361435544,20.4625090348178,-7.76929,110.3850272,-0.859,-7.7696723,110.3850262,-2.326
1788934618.472219,42.53526845530378,42.53526845530378,0.0,False,False,20.203313614355444,20.462509034817792,-7.76929,110.3850272,-0.859,-7.7696723,110.3850262,-2.326
1788934618.6766918,42.53526845530378,42.53526845530378,0.0,False,False,20.20331361435544,20.462509034817796,-7.76929,110.3850272,-0.859,-7.7696723,110.3850262,-2.326
1788934618.8826241,42.53526845530378,42.53526845530378,0.0,False,False,20.203313614355444,20.4625090348178,-7.76929,110.3850272,-0.859,-7.7696723,110.3850262,-2.326
1788934619.0845509,42.53526845530378,42.53526845530378,0.0,False,False,20.203313614355444,20.462509034817792,-7.76929,110.3850272,-0.859,-7.7696723,110.3850262,-2.326
1788934619.2861538,42.53526845530378,42.53526845530378,0.0,False,False,20.203313614355437,20.462509034817796,-7.76929,110.3850272,-0.859,-7.7696723,110.3850262,-2.326
1788934619.4862826,42.53526845530378,42.53526845530378,0.0,False,False,20.203313614355444,20.462509034817796,-7.76929,110.3850272,-0.859,-7.7696723,110.3850262,-2.326
1788934619.6874783,42.53526845530378,42.53526845530378,0.0,False,False,20.20331361435544,20.4625090348178,-7.76929,110.3850272,-0.859,-7.7696723,110.3850262,-2.326
1788934619.8940573,42.53526845530378,42.53526845530378,0.0,False,False,20.203313614355437,20.462509034817796,-7.76929,110.3850272,-0.859,-7.7696723,110.3850262,-2.326
1788934620.094406,42.53526845530378,42.53526845530378,0.0,False,False,20.203313614355444,20.462509034817796,-7.76929,110.3850272,-0.859,-7.7696723,110.3850262,-2.326
1788934620.2971115,42.53526845530378,42.53526845530378,0.0,False,False,20.20331361435544,20.4625090348178,-7.76929,110.3850272,-0.859,-7.7696723,110.3850262,-2.326
1788934620.4981685,42.53526845530378,42.53526845530378,0.0,False,False,20.203313614355448,20.462509034817792,-7.76929,110.3850272,-0.859,-7.7696723,110.3850262,-2.326
1788934620.7037673,42.53526845530378,42.53526845530378,0.0,False,False,20.203313614355444,20.4625090348178,-7.76929,110.3850272,-0.859,-7.7696723,110.3850262,-2.326
1788934620.9067163,42.53526845530378,42.53526845530378,0.0,False,False,20.203313614355444,20.462509034817796,-7.76929,110.3850272,-0.859,-7.7696723,110.3850262,-2.326
1788934621.1121194,42.53526845530378,42.53526845530378,0.0,False,False,20.203313614355444,20.4625090348178,-7.76929,110.3850272,-0.859,-7.7696723,110.3850262,-2.326
1788934621.3185987,42.53526845530378,42.53526845530378,0.0,False,False,20.203313614355444,20.462509034817796,-7.76929,110.3850272,-0.859,-7.7696723,110.3850262,-2.326
1788934621.5201414,42.53526845530378,42.53526845530378,0.0,False,False,20.203313614355444,20.462509034817796,-7.76929,110.3850272,-0.859,-7.7696723,110.3850262,-2.326
1788934621.7222354,42.53526845530378,42.53526845530378,0.0,False,False,20.203313614355444,20.4625090348178,-7.76929,110.3850272,-0.859,-7.7696723,110.3850262,-2.326
1788934621.9223545,42.53526845530378,42.53526845530378,0.0,False,False,20.203313614355444,20.462509034817796,-7.76929,110.3850272,-0.859,-7.7696723,110.3850262,-2.326
1788934622.1311986,42.53526845530378,42.53526845530378,0.0,False,False,20.203313614355444,20.462509034817796,-7.76929,110.3850272,-0.859,-7.7696723,110.3850262,-2.326
1788934622.3333411,42.53526845530378,42.53526845530378,0.0,False,False,20.203313614355444,20.462509034817796,-7.76929,110.3850272,-0.859,-7.7696723,110.3850262,-2.326
1788934622.5353832,42.53526845530378,42.53526845530378,0.0,False,False,20.203313614355444,20.462509034817803,-7.76929,110.3850272,-0.859,-7.7696723,110.3850262,-2.326
1788934622.7441735,42.53526845530378,42.53526845530378,0.0,False,False,20.203313614355444,20.462509034817803,-7.76929,110.3850272,-0.859,-7.7696723,110.3850262,-2.326
1788934622.9470844,42.53526845530378,42.53526845530378,0.0,False,False,20.203313614355444,20.462509034817796,-7.76929,110.3850272,-0.859,-7.7696723,110.3850262,-2.326
1788934623.15002,42.53526845530378,42.53526845530378,0.0,False,False,20.203313614355444,20.4625090348178,-7.76929,110.3850272,-0.859,-7.7696723,110.3850262,-2.326
1788934623.354903,42.53526845530378,42.53526845530378,0.0,False,False,20.203313614355444,20.4625090348178,-7.76929,110.3850272,-0.859,-7.7696723,110.3850262,-2.326
1788934623.5560296,42.53526845530378,42.53526845530378,0.0,False,False,20.203313614355444,20.462509034817792,-7.76929,110.3850272,-0.859,-7.7696723,110.3850262,-2.326
1788934623.7590501,42.53526845530378,42.53526845530378,0.0,False,False,20.203313614355444,20.462509034817792,-7.76929,110.3850272,-0.859,-7.7696723,110.3850262,-2.326
1788934623.96853,42.53526845530378,42.53526845530378,0.0,False,False,20.203313614355444,20.462509034817792,-7.76929,110.3850272,-0.859,-7.7696723,110.3850262,-2.326
1788934624.1701014,42.53526845530378,42.53526845530378,0.0,False,False,20.203313614355444,20.462509034817796,-7.76929,110.3850272,-0.859,-7.7696723,110.3850262,-2.326
1788934624.373159,42.53526845530378,42.53526845530378,0.0,False,False,20.203313614355444,20.462509034817796,-7.76929,110.3850272,-0.859,-7.7696723,110.3850262,-2.326
1788934624.5740457,42.53526845530378,42.53526845530378,0.0,False,False,20.203313614355444,20.462509034817796,-7.76929,110.3850272,-0.859,-7.7696723,110.3850262,-2.326
1788934624.775335,42.53523397801828,42.53523397801828,0.0,False,False,20.203455150047976,20.462509034817796,-7.76929,110.3850272,-0.86,-7.7696723,110.3850262,-2.326
1788934624.9820101,42.53523397801828,42.53523397801828,0.0,False,False,20.203455150047976,20.462509034817796,-7.76929,110.3850272,-0.86,-7.7696723,110.3850262,-2.326
1788934625.1841938,42.53526845530378,42.53526845530378,0.0,False,False,20.203455150047976,20.46272046918493,-7.76929,110.3850272,-0.86,-7.7696723,110.3850262,-2.327
1788934625.3877096,42.53526845530378,42.53526845530378,0.0,False,False,20.203455150047976,20.46272046918493,-7.76929,110.3850272,-0.86,-7.7696723,110.3850262,-2.327
1788934625.6027937,42.53526845530378,42.53526845530378,0.0,False,False,20.203455150047976,20.46272046918493,-7.76929,110.3850272,-0.86,-7.7696723,110.3850262,-2.327
1788934625.8104305,42.53526845530378,42.53526845530378,0.0,False,False,20.203455150047976,20.46272046918493,-7.76929,110.3850272,-0.86,-7.7696723,110.3850262,-2.327
1788934626.0165293,42.53526845530378,42.53526845530378,0.0,False,False,20.203455150047976,20.46272046918493,-7.76929,110.3850272,-0.86,-7.7696723,110.3850262,-2.327
1788934626.223313,42.53526845530378,42.53526845530378,0.0,False,False,20.203455150047976,20.46272046918493,-7.76929,110.3850272,-0.86,-7.7696723,110.3850262,-2.327
1788934626.425218,42.53526845530378,42.53526845530378,0.0,False,False,20.203455150047976,20.46272046918493,-7.76929,110.3850272,-0.86,-7.7696723,110.3850262,-2.327
1788934626.6281219,42.53526845530378,42.53526845530378,0.0,False,False,20.203455150047976,20.46272046918493,-7.76929,110.3850272,-0.86,-7.7696723,110.3850262,-2.327
1788934626.8319998,42.53526845530378,42.53526845530378,0.0,False,False,20.203455150047976,20.46272046918493,-7.76929,110.3850272,-0.86,-7.7696723,110.3850262,-2.327
1788934627.0376859,42.53526845530378,42.53526845530378,0.0,False,False,20.203455150047976,20.46272046918493,-7.76929,110.3850272,-0.86,-7.7696723,110.3850262,-2.327
1788934627.2404275,42.53526845530378,42.53526845530378,0.0,False,False,20.203455150047976,20.46272046918493,-7.76929,110.3850272,-0.86,-7.7696723,110.3850262,-2.327
1788934627.4445994,42.53526845530378,42.53526845530378,0.0,False,False,20.203455150047976,20.46272046918493,-7.76929,110.3850272,-0.86,-7.7696723,110.3850262,-2.327
1788934627.6541636,42.53526845530378,42.53526845530378,0.0,False,False,20.203455150047976,20.46272046918493,-7.76929,110.3850272,-0.86,-7.7696723,110.3850262,-2.327
1788934627.855941,42.53526845530378,42.53526845530378,0.0,False,False,20.203455150047976,20.46272046918493,-7.76929,110.3850272,-0.86,-7.7696723,110.3850262,-2.327
1788934628.0606594,42.53526845530378,42.53526845530378,0.0,False,False,20.203455150047976,20.46272046918493,-7.76929,110.3850272,-0.86,-7.7696723,110.3850262,-2.327
1788934628.2690132,42.53526845530378,42.53526845530378,0.0,False,False,20.203455150047976,20.46272046918493,-7.76929,110.3850272,-0.86,-7.7696723,110.3850262,-2.327
1788934628.4732506,42.53526845530378,42.53526845530378,0.0,False,False,20.203455150047976,20.46272046918493,-7.76929,110.3850272,-0.86,-7.7696723,110.3850262,-2.327
1788934628.6830232,42.53526845530378,42.53526845530378,0.0,False,False,20.203455150047976,20.46272046918493,-7.76929,110.3850272,-0.86,-7.7696723,110.3850262,-2.327
1788934628.8872106,42.53526845530378,42.53526845530378,0.0,False,False,20.203455150047976,20.46272046918493,-7.76929,110.3850272,-0.86,-7.7696723,110.3850262,-2.327
1788934629.0895903,42.53526845530378,42.53526845530378,0.0,False,False,20.203455150047976,20.46272046918493,-7.76929,110.3850272,-0.86,-7.7696723,110.3850262,-2.327
1788934629.2900362,42.53526845530378,42.53526845530378,0.0,False,False,20.203455150047976,20.46272046918493,-7.76929,110.3850272,-0.86,-7.7696723,110.3850262,-2.327
1788934629.494786,42.53526845530378,42.53526845530378,0.0,False,False,20.203455150047976,20.46272046918493,-7.76929,110.3850272,-0.86,-7.7696723,110.3850262,-2.327
1788934629.7012706,42.53526845530378,42.53526845530378,0.0,False,False,20.203455150047976,20.46272046918493,-7.76929,110.3850272,-0.86,-7.7696723,110.3850262,-2.327
1788934629.9045765,42.53526845530378,42.53526845530378,0.0,False,False,20.203455150047976,20.46272046918493,-7.76929,110.3850272,-0.86,-7.7696723,110.3850262,-2.327
1788934630.114187,42.53526845530378,42.53526845530378,0.0,False,False,20.203455150047976,20.46272046918493,-7.76929,110.3850272,-0.86,-7.7696723,110.3850262,-2.327
1788934630.3153498,42.53526845530378,42.53526845530378,0.0,False,False,20.203455150047976,20.46272046918493,-7.76929,110.3850272,-0.86,-7.7696723,110.3850262,-2.327
1788934630.521386,42.53526845530378,42.53526845530378,0.0,False,False,20.203455150047976,20.46272046918493,-7.76929,110.3850272,-0.86,-7.7696723,110.3850262,-2.327
1788934630.727791,42.53526845530378,42.53526845530378,0.0,False,False,20.203455150047976,20.46272046918493,-7.76929,110.3850272,-0.86,-7.7696723,110.3850262,-2.327
1788934630.9376445,42.53526845530378,42.53526845530378,0.0,False,False,20.203455150047976,20.46272046918493,-7.76929,110.3850272,-0.86,-7.7696723,110.3850262,-2.327
1788934631.1394017,42.53526845530378,42.53526845530378,0.0,False,False,20.203455150047976,20.46272046918493,-7.76929,110.3850272,-0.86,-7.7696723,110.3850262,-2.327
1788934631.342909,42.53526845530378,42.53526845530378,0.0,False,False,20.203455150047976,20.46272046918493,-7.76929,110.3850272,-0.86,-7.7696723,110.3850262,-2.327
1788934631.5477197,42.53526845530378,42.53526845530378,0.0,False,False,20.203455150047976,20.46272046918493,-7.76929,110.3850272,-0.86,-7.7696723,110.3850262,-2.327
1788934631.7484689,42.53526845530378,42.53526845530378,0.0,False,False,20.203455150047976,20.46272046918493,-7.76929,110.3850272,-0.86,-7.7696723,110.3850262,-2.327
1788934631.9519317,42.53526845530378,42.53526845530378,0.0,False,False,20.203455150047976,20.46272046918493,-7.76929,110.3850272,-0.86,-7.7696723,110.3850262,-2.327
1788934632.156679,42.53526845530378,42.53526845530378,0.0,False,False,20.203455150047976,20.46272046918493,-7.76929,110.3850272,-0.86,-7.7696723,110.3850262,-2.327
1788934632.3596206,42.53526845530378,42.53526845530378,0.0,False,False,20.203455150047976,20.46272046918493,-7.76929,110.3850272,-0.86,-7.7696723,110.3850262,-2.327
1788934632.5680404,42.53526845530378,42.53526845530378,0.0,False,False,20.203455150047976,20.46272046918493,-7.76929,110.3850272,-0.86,-7.7696723,110.3850262,-2.327
1788934632.773518,42.53526845530378,42.53526845530378,0.0,False,False,20.203455150047976,20.46272046918493,-7.76929,110.3850272,-0.86,-7.7696723,110.3850262,-2.327
1788934632.9775896,42.53526845530378,42.53526845530378,0.0,False,False,20.203455150047976,20.46272046918493,-7.76929,110.3850272,-0.86,-7.7696723,110.3850262,-2.327
1788934633.1873295,42.53526845530378,42.53526845530378,0.0,False,False,20.203455150047976,20.46272046918493,-7.76929,110.3850272,-0.86,-7.7696723,110.3850262,-2.327
1788934633.3911543,42.53526845530378,42.53526845530378,0.0,False,False,20.203455150047976,20.46272046918493,-7.76929,110.3850272,-0.86,-7.7696723,110.3850262,-2.327
1788934633.5983007,42.53526845530378,42.53526845530378,0.0,False,False,20.203455150047976,20.46272046918493,-7.76929,110.3850272,-0.86,-7.7696723,110.3850262,-2.327
1788934633.8058417,42.53526845530378,42.53526845530378,0.0,False,False,20.203455150047976,20.46272046918493,-7.76929,110.3850272,-0.86,-7.7696723,110.3850262,-2.327
1788934634.0099623,42.53526845530378,42.53526845530378,0.0,False,False,20.203455150047976,20.46272046918493,-7.76929,110.3850272,-0.86,-7.7696723,110.3850262,-2.327
1788934634.217584,42.53526845530378,42.53526845530378,0.0,False,False,20.203455150047976,20.46272046918493,-7.76929,110.3850272,-0.86,-7.7696723,110.3850262,-2.327
1788934634.4197905,42.53526845530378,42.53526845530378,0.0,False,False,20.203455150047976,20.46272046918493,-7.76929,110.3850272,-0.86,-7.7696723,110.3850262,-2.327
1788934634.6242695,42.53526845530378,42.53526845530378,0.0,False,False,20.203455150047976,20.46272046918493,-7.76929,110.3850272,-0.86,-7.7696723,110.3850262,-2.327
1788934634.8319337,42.53526845530378,42.53526845530378,0.0,False,False,20.203455150047976,20.46272046918493,-7.76929,110.3850272,-0.86,-7.7696723,110.3850262,-2.327
1788934635.0376723,42.53526845530378,42.53526845530378,0.0,False,False,20.203455150047976,20.46272046918493,-7.76929,110.3850272,-0.86,-7.7696723,110.3850262,-2.327
1788934635.2391293,42.53526845530378,42.53526845530378,0.0,False,False,20.203455150047976,20.46272046918493,-7.76929,110.3850272,-0.86,-7.7696723,110.3850262,-2.327
1788934635.43924,42.53526845530378,42.53526845530378,0.0,False,False,20.203455150047976,20.46272046918493,-7.76929,110.3850272,-0.86,-7.7696723,110.3850262,-2.327
1788934635.6473145,42.53526845530378,42.53526845530378,0.0,False,False,20.203455150047976,20.46272046918493,-7.76929,110.3850272,-0.86,-7.7696723,110.3850262,-2.327
1788934635.8490958,42.53526845530378,42.53526845530378,0.0,False,False,20.203455150047976,20.46272046918493,-7.76929,110.3850272,-0.86,-7.7696723,110.3850262,-2.327
1788934636.0533948,42.53526845530378,42.53526845530378,0.0,False,False,20.203455150047976,20.46272046918493,-7.76929,110.3850272,-0.86,-7.7696723,110.3850262,-2.327
1788934636.2549944,42.53526845530378,42.53526845530378,0.0,False,False,20.203455150047976,20.46272046918493,-7.76929,110.3850272,-0.86,-7.7696723,110.3850262,-2.327
1788934636.4583821,42.53526845530378,42.53526845530378,0.0,False,False,20.203455150047976,20.46272046918493,-7.76929,110.3850272,-0.86,-7.7696723,110.3850262,-2.327
1788934636.6598065,42.53526845530378,42.53526845530378,0.0,False,False,20.203455150047976,20.46272046918493,-7.76929,110.3850272,-0.86,-7.7696723,110.3850262,-2.327
1788934636.8683174,42.53526845530378,42.53526845530378,0.0,False,False,20.203455150047976,20.46272046918493,-7.76929,110.3850272,-0.86,-7.7696723,110.3850262,-2.327
1788934637.0687191,42.53526845530378,42.53526845530378,0.0,False,False,20.203455150047976,20.46272046918493,-7.76929,110.3850272,-0.86,-7.7696723,110.3850262,-2.327
1788934637.276271,42.53526845530378,42.53526845530378,0.0,False,False,20.203455150047976,20.46272046918493,-7.76929,110.3850272,-0.86,-7.7696723,110.3850262,-2.327
1788934637.4859252,42.53526845530378,42.53526845530378,0.0,False,False,20.203455150047976,20.46272046918493,-7.76929,110.3850272,-0.86,-7.7696723,110.3850262,-2.327
1788934637.6875017,42.53526845530378,42.53526845530378,0.0,False,False,20.203455150047976,20.46272046918493,-7.76929,110.3850272,-0.86,-7.7696723,110.3850262,-2.327
1788934637.8901486,42.53526845530378,42.53526845530378,0.0,False,False,20.203455150047976,20.46272046918493,-7.76929,110.3850272,-0.86,-7.7696723,110.3850262,-2.327
1788934638.091663,42.53526845530378,42.53526845530378,0.0,False,False,20.203455150047976,20.46272046918493,-7.76929,110.3850272,-0.86,-7.7696723,110.3850262,-2.327
1788934638.2969954,42.53526845530378,42.53526845530378,0.0,False,False,20.203455150047976,20.46272046918493,-7.76929,110.3850272,-0.86,-7.7696723,110.3850262,-2.327
1788934638.5029836,42.53526845530378,42.53526845530378,0.0,False,False,20.203455150047976,20.46272046918493,-7.76929,110.3850272,-0.86,-7.7696723,110.3850262,-2.327
1788934638.7112234,42.53526845530378,42.53526845530378,0.0,False,False,20.203455150047976,20.46272046918493,-7.76929,110.3850272,-0.86,-7.7696723,110.3850262,-2.327
1788934638.9206042,42.53526845530378,42.53526845530378,0.0,False,False,20.203455150047976,20.46272046918493,-7.76929,110.3850272,-0.86,-7.7696723,110.3850262,-2.327
1788934639.1230865,42.53526845530378,42.53526845530378,0.0,False,False,20.203455150047976,20.46272046918493,-7.76929,110.3850272,-0.86,-7.7696723,110.3850262,-2.327
1788934639.3267734,42.53526845530378,42.53526845530378,0.0,False,False,20.203455150047976,20.46272046918493,-7.76929,110.3850272,-0.86,-7.7696723,110.3850262,-2.327
1788934639.527489,42.53526845530378,42.53526845530378,0.0,False,False,20.203455150047976,20.46272046918493,-7.76929,110.3850272,-0.86,-7.7696723,110.3850262,-2.327
1788934639.7333007,42.53526845530378,42.53526845530378,0.0,False,False,20.203455150047976,20.46272046918493,-7.76929,110.3850272,-0.86,-7.7696723,110.3850262,-2.327
1788934639.9425642,42.53526845530378,42.53526845530378,0.0,False,False,20.203455150047976,20.46272046918493,-7.76929,110.3850272,-0.86,-7.7696723,110.3850262,-2.327
1788934640.1503558,42.53526845530378,42.53526845530378,0.0,False,False,20.203455150047976,20.46272046918493,-7.76929,110.3850272,-0.86,-7.7696723,110.3850262,-2.327
1788934640.3573842,42.53526845530378,42.53526845530378,0.0,False,False,20.203455150047976,20.46272046918493,-7.76929,110.3850272,-0.86,-7.7696723,110.3850262,-2.327
1788934640.5573986,42.53526845530378,42.53526845530378,0.0,False,False,20.203455150047976,20.46272046918493,-7.76929,110.3850272,-0.86,-7.7696723,110.3850262,-2.327
1788934640.7657087,42.53526845530378,42.53526845530378,0.0,False,False,20.203455150047976,20.46272046918493,-7.76929,110.3850272,-0.86,-7.7696723,110.3850262,-2.327
1788934640.9686615,42.53526845530378,42.53526845530378,0.0,False,False,20.203455150047976,20.46272046918493,-7.76929,110.3850272,-0.86,-7.7696723,110.3850262,-2.327
1788934641.1694922,42.53526845530378,42.53526845530378,0.0,False,False,20.203455150047976,20.46272046918493,-7.76929,110.3850272,-0.86,-7.7696723,110.3850262,-2.327
1788934641.3768458,42.53526845530378,42.53526845530378,0.0,False,False,20.203455150047976,20.46272046918493,-7.76929,110.3850272,-0.86,-7.7696723,110.3850262,-2.327
1788934641.5780082,42.53526845530378,42.53526845530378,0.0,False,False,20.203455150047976,20.46272046918493,-7.76929,110.3850272,-0.86,-7.7696723,110.3850262,-2.327
1788934641.779706,42.53526845530378,42.53526845530378,0.0,False,False,20.203455150047976,20.46272046918493,-7.76929,110.3850272,-0.86,-7.7696723,110.3850262,-2.327
1788934641.9863436,42.53526845530378,42.43532842424477,10.0,False,False,20.203455150047976,20.46272046918493,-7.76929,110.3850272,-0.86,-7.7696723,110.3850262,-2.327
1788934642.186847,42.53526845530378,42.43532842424477,10.0,False,False,20.203455150047976,20.46272046918493,-7.76929,110.3850272,-0.86,-7.7696723,110.3850262,-2.327
1788934642.3963325,42.53526845530378,42.435705877299476,10.0,False,False,20.203455150047976,20.46272046918493,-7.76929,110.3850272,-0.86,-7.7696723,110.3850262,-2.327
1788934642.5999742,42.53526845530378,42.435705877299476,10.0,False,False,20.203455150047976,20.46272046918493,-7.76929,110.3850272,-0.86,-7.7696723,110.3850262,-2.327
1788934642.8081076,42.53526845530378,42.435705877299476,10.0,False,False,20.203455150047976,20.46272046918493,-7.76929,110.3850272,-0.86,-7.7696723,110.3850262,-2.327
1788934643.012664,42.53526845530378,42.53526845530378,0.0,False,False,20.203455150047976,20.46272046918493,-7.76929,110.3850272,-0.86,-7.7696723,110.3850262,-2.327
1788934643.2135816,42.53526845530378,42.53526845530378,0.0,False,False,20.203455150047976,20.46272046918493,-7.76929,110.3850272,-0.86,-7.7696723,110.3850262,-2.327
1788934643.4225113,42.53526845530378,42.53526845530378,0.0,False,False,20.203455150047976,20.46272046918493,-7.76929,110.3850272,-0.86,-7.7696723,110.3850262,-2.327
1788934643.6352863,42.53526845530378,42.53526845530378,0.0,False,False,20.203455150047976,20.46272046918493,-7.76929,110.3850272,-0.86,-7.7696723,110.3850262,-2.327
1788934643.8368459,42.53526845530378,42.53526845530378,0.0,False,False,20.203455150047976,20.46272046918493,-7.76929,110.3850272,-0.86,-7.7696723,110.3850262,-2.327
1788934644.037448,42.53526845530378,42.53526845530378,0.0,False,False,20.203455150047976,20.46272046918493,-7.76929,110.3850272,-0.86,-7.7696723,110.3850262,-2.327
1788934644.2463257,42.53526845530378,42.53526845530378,0.0,False,False,20.203455150047976,20.46272046918493,-7.76929,110.3850272,-0.86,-7.7696723,110.3850262,-2.327
1788934644.4522839,42.53526845530378,42.53526845530378,0.0,False,False,20.203455150047976,20.46272046918493,-7.76929,110.3850272,-0.86,-7.7696723,110.3850262,-2.327
1788934644.6675003,42.53526845530378,42.53526845530378,0.0,False,False,20.203455150047976,20.46272046918493,-7.76929,110.3850272,-0.86,-7.7696723,110.3850262,-2.327
1788934644.8715343,42.53526845530378,42.53526845530378,0.0,False,False,20.203455150047976,20.46272046918493,-7.76929,110.3850272,-0.86,-7.7696723,110.3850262,-2.327
1788934645.0723119,42.53526845530378,42.53526845530378,0.0,False,False,20.203455150047976,20.46272046918493,-7.76929,110.3850272,-0.86,-7.7696723,110.3850262,-2.327
1788934645.2803934,42.53526845530378,42.53526845530378,0.0,False,False,20.203455150047976,20.46272046918493,-7.76929,110.3850272,-0.86,-7.7696723,110.3850262,-2.327
1788934645.4851985,42.53526845530378,42.53526845530378,0.0,False,False,20.203455150047976,20.46272046918493,-7.76929,110.3850272,-0.86,-7.7696723,110.3850262,-2.327
1788934645.6886556,42.53526845530378,42.53526845530378,0.0,False,False,20.203455150047976,20.46272046918493,-7.76929,110.3850272,-0.86,-7.7696723,110.3850262,-2.327
1788934645.8978996,42.53526845530378,42.53526845530378,0.0,False,False,20.203455150047976,20.46272046918493,-7.76929,110.3850272,-0.86,-7.7696723,110.3850262,-2.327
1788934646.1000333,42.53526845530378,42.53526845530378,0.0,False,False,20.203455150047976,20.46272046918493,-7.76929,110.3850272,-0.86,-7.7696723,110.3850262,-2.327
1788934646.301274,42.53526845530378,42.53526845530378,0.0,False,False,20.203455150047976,20.46272046918493,-7.76929,110.3850272,-0.86,-7.7696723,110.3850262,-2.327
1788934646.5087595,42.53530295607122,42.53530295607122,0.0,False,False,20.203455150047976,20.462931950236257,-7.76929,110.3850272,-0.86,-7.7696723,110.3850262,-2.328
1788934646.7147691,42.53530295607122,42.53530295607122,0.0,False,False,20.203455150047976,20.462931950236257,-7.76929,110.3850272,-0.86,-7.7696723,110.3850262,-2.328
1788934646.9187224,42.53530295607122,42.53530295607122,0.0,False,False,20.203455150047976,20.462931950236257,-7.76929,110.3850272,-0.86,-7.7696723,110.3850262,-2.328
1788934647.1201732,42.53530295607122,42.53530295607122,0.0,False,False,20.203455150047976,20.462931950236257,-7.76929,110.3850272,-0.86,-7.7696723,110.3850262,-2.328
1788934647.3223054,42.53530295607122,42.53530295607122,0.0,False,False,20.203455150047976,20.462931950236257,-7.76929,110.3850272,-0.86,-7.7696723,110.3850262,-2.328
1788934647.531421,42.53530295607122,42.53530295607122,0.0,False,False,20.203455150047976,20.462931950236257,-7.76929,110.3850272,-0.86,-7.7696723,110.3850262,-2.328
1788934647.7378993,42.53530295607122,42.53530295607122,0.0,False,False,20.203455150047976,20.462931950236257,-7.76929,110.3850272,-0.86,-7.7696723,110.3850262,-2.328
1788934647.943045,42.53530295607122,42.53530295607122,0.0,False,False,20.203455150047976,20.462931950236257,-7.76929,110.3850272,-0.86,-7.7696723,110.3850262,-2.328
1788934648.1485875,42.53530295607122,42.53530295607122,0.0,False,False,20.203455150047976,20.462931950236257,-7.76929,110.3850272,-0.86,-7.7696723,110.3850262,-2.328
1788934648.3562422,42.53530295607122,42.53530295607122,0.0,False,False,20.203455150047976,20.462931950236257,-7.76929,110.3850272,-0.86,-7.7696723,110.3850262,-2.328
1788934648.5575483,42.53530295607122,42.53530295607122,0.0,False,False,20.203455150047976,20.462931950236257,-7.76929,110.3850272,-0.86,-7.7696723,110.3850262,-2.328
1788934648.7658317,42.53530295607122,42.53530295607122,0.0,False,False,20.203455150047976,20.462931950236257,-7.76929,110.3850272,-0.86,-7.7696723,110.3850262,-2.328
1788934648.972794,42.53530295607122,42.53530295607122,0.0,False,False,20.203455150047976,20.462931950236257,-7.76929,110.3850272,-0.86,-7.7696723,110.3850262,-2.328
1788934649.1768358,42.53530295607122,42.53530295607122,0.0,False,False,20.203455150047976,20.462931950236257,-7.76929,110.3850272,-0.86,-7.7696723,110.3850262,-2.328
1788934649.3865693,42.53530295607122,42.53530295607122,0.0,False,False,20.203455150047976,20.462931950236257,-7.76929,110.3850272,-0.86,-7.7696723,110.3850262,-2.328
1788934649.5870605,42.53530295607122,42.53530295607122,0.0,False,False,20.203455150047976,20.462931950236257,-7.76929,110.3850272,-0.86,-7.7696723,110.3850262,-2.328
1788934649.7963173,42.53530295607122,42.53530295607122,0.0,False,False,20.203455150047976,20.462931950236257,-7.76929,110.3850272,-0.86,-7.7696723,110.3850262,-2.328
1788934649.998442,42.53530295607122,42.53530295607122,0.0,False,False,20.203455150047976,20.462931950236257,-7.76929,110.3850272,-0.86,-7.7696723,110.3850262,-2.328
1788934650.2025483,42.53530295607122,42.53530295607122,0.0,False,False,20.203455150047976,20.462931950236257,-7.76929,110.3850272,-0.86,-7.7696723,110.3850262,-2.328
1788934650.4123716,42.52415561691689,42.52415561691689,0.0,False,False,20.203455150047976,20.46272046918494,-7.7692901,110.3850272,-0.86,-7.7696723,110.3850262,-2.327
1788934650.6138537,42.52418558872536,42.52418558872536,0.0,False,False,20.203455150047976,20.462720469184934,-7.7692901,110.3850273,-0.86,-7.7696723,110.3850262,-2.327
1788934650.815218,42.52418558872536,42.52418558872536,0.0,False,False,20.203455150047972,20.462720469184934,-7.7692901,110.3850273,-0.86,-7.7696723,110.3850262,-2.327
1788934651.0249321,42.53529841928169,42.53529841928169,0.0,False,False,20.203455150047972,20.46272046918493,-7.7692901,110.3850273,-0.86,-7.7696724,110.3850262,-2.327
1788934651.2299294,42.53529841928169,42.53529841928169,0.0,False,False,20.203455150047976,20.462720469184934,-7.7692901,110.3850273,-0.86,-7.7696724,110.3850262,-2.327
1788934651.4350662,42.535268455303715,42.535268455303715,0.0,False,False,20.203455150047976,20.462720469184934,-7.7692901,110.3850273,-0.86,-7.7696724,110.3850263,-2.327
1788934651.6402597,42.535268455303715,42.535268455303715,0.0,False,False,20.203455150047972,20.462720469184937,-7.7692901,110.3850273,-0.86,-7.7696724,110.3850263,-2.327
1788934651.849619,42.535268455303715,42.535268455303715,0.0,False,False,20.203455150047972,20.462720469184937,-7.7692901,110.3850273,-0.86,-7.7696724,110.3850263,-2.327
1788934652.0520627,42.535268455303715,42.535268455303715,0.0,False,False,20.203455150047976,20.46272046918493,-7.7692901,110.3850273,-0.86,-7.7696724,110.3850263,-2.327
1788934652.255573,42.535268455303715,42.535268455303715,0.0,False,False,20.203455150047972,20.46272046918493,-7.7692901,110.3850273,-0.86,-7.7696724,110.3850263,-2.327
1788934652.455777,42.535268455303715,42.535268455303715,0.0,False,False,20.203455150047972,20.46272046918493,-7.7692901,110.3850273,-0.86,-7.7696724,110.3850263,-2.327
1788934652.6613941,42.535268455303715,42.535268455303715,0.0,False,False,20.20345515004797,20.46272046918493,-7.7692901,110.3850273,-0.86,-7.7696724,110.3850263,-2.327
1788934652.8704736,42.535268455303715,42.535268455303715,0.0,False,False,20.20345515004797,20.46272046918493,-7.7692901,110.3850273,-0.86,-7.7696724,110.3850263,-2.327
1788934653.0767574,42.535268455303715,42.535268455303715,0.0,False,False,20.203455150047976,20.462720469184934,-7.7692901,110.3850273,-0.86,-7.7696724,110.3850263,-2.327
1788934653.2780735,42.535268455303715,42.535268455303715,0.0,False,False,20.203455150047972,20.462720469184934,-7.7692901,110.3850273,-0.86,-7.7696724,110.3850263,-2.327
1788934653.4879456,42.535268455303715,42.535268455303715,0.0,False,False,20.203455150047976,20.46272046918493,-7.7692901,110.3850273,-0.86,-7.7696724,110.3850263,-2.327
1788934653.6894214,42.535268455303715,42.535268455303715,0.0,False,False,20.203455150047976,20.462720469184934,-7.7692901,110.3850273,-0.86,-7.7696724,110.3850263,-2.327
1788934653.8903818,42.535268455303715,42.535268455303715,0.0,False,False,20.203455150047972,20.46272046918493,-7.7692901,110.3850273,-0.86,-7.7696724,110.3850263,-2.327
1788934654.093152,42.535268455303715,42.535268455303715,0.0,False,False,20.203455150047976,20.462720469184934,-7.7692901,110.3850273,-0.86,-7.7696724,110.3850263,-2.327
1788934654.294381,42.535268455303715,42.535268455303715,0.0,False,False,20.203455150047972,20.462720469184934,-7.7692901,110.3850273,-0.86,-7.7696724,110.3850263,-2.327
1788934654.4966118,42.535268455303715,42.535268455303715,0.0,False,False,20.203455150047972,20.462720469184934,-7.7692901,110.3850273,-0.86,-7.7696724,110.3850263,-2.327
1788934654.6974318,42.535268455303715,42.535268455303715,0.0,False,False,20.203455150047972,20.462720469184934,-7.7692901,110.3850273,-0.86,-7.7696724,110.3850263,-2.327
1788934654.9069765,42.535268455303715,42.535268455303715,0.0,False,False,20.203455150047972,20.46272046918493,-7.7692901,110.3850273,-0.86,-7.7696724,110.3850263,-2.327
1788934655.1155002,42.535268455303715,42.535268455303715,0.0,False,False,20.203455150047972,20.46272046918493,-7.7692901,110.3850273,-0.86,-7.7696724,110.3850263,-2.327
1788934655.3241265,42.535268455303715,42.535268455303715,0.0,False,False,20.203455150047972,20.462720469184934,-7.7692901,110.3850273,-0.86,-7.7696724,110.3850263,-2.327
1788934655.5335205,42.535268455303715,42.535268455303715,0.0,False,False,20.203455150047976,20.46272046918493,-7.7692901,110.3850273,-0.86,-7.7696724,110.3850263,-2.327
1788934655.7348816,42.535268455303715,42.535268455303715,0.0,False,False,20.203455150047972,20.462720469184934,-7.7692901,110.3850273,-0.86,-7.7696724,110.3850263,-2.327
1788934655.9366481,42.535268455303715,42.535268455303715,0.0,False,False,20.203455150047972,20.462720469184937,-7.7692901,110.3850273,-0.86,-7.7696724,110.3850263,-2.327
1788934656.1429045,42.535268455303715,42.535268455303715,0.0,False,False,20.20345515004797,20.462720469184934,-7.7692901,110.3850273,-0.86,-7.7696724,110.3850263,-2.327
1788934656.349307,42.53530295607115,42.53530295607115,0.0,False,False,20.203313614355448,20.462720469184934,-7.7692901,110.3850273,-0.859,-7.7696724,110.3850263,-2.327
1788934656.5542743,42.53530295607115,42.53530295607115,0.0,False,False,20.20331361435544,20.462720469184934,-7.7692901,110.3850273,-0.859,-7.7696724,110.3850263,-2.327
1788934656.7665467,42.53530295607115,42.53530295607115,0.0,False,False,20.203313614355444,20.462720469184934,-7.7692901,110.3850273,-0.859,-7.7696724,110.3850263,-2.327
1788934656.9705498,42.53530295607115,42.53530295607115,0.0,False,False,20.20331361435544,20.462720469184926,-7.7692901,110.3850273,-0.859,-7.7696724,110.3850263,-2.327
1788934657.1756148,42.53530295607115,42.53530295607115,0.0,False,False,20.203313614355444,20.462720469184934,-7.7692901,110.3850273,-0.859,-7.7696724,110.3850263,-2.327
1788934657.3826442,42.53530295607115,42.53530295607115,0.0,False,False,20.20331361435544,20.462720469184934,-7.7692901,110.3850273,-0.859,-7.7696724,110.3850263,-2.327
1788934657.583761,42.53530295607115,42.53530295607115,0.0,False,False,20.203313614355448,20.462720469184926,-7.7692901,110.3850273,-0.859,-7.7696724,110.3850263,-2.327
1788934657.786558,42.53530295607115,42.53530295607115,0.0,False,False,20.203313614355444,20.46272046918493,-7.7692901,110.3850273,-0.859,-7.7696724,110.3850263,-2.327
1788934657.9883492,42.53530295607115,42.53530295607115,0.0,False,False,20.203313614355444,20.462720469184934,-7.7692901,110.3850273,-0.859,-7.7696724,110.3850263,-2.327
1788934658.1904511,42.53530295607115,42.53530295607115,0.0,False,False,20.203313614355448,20.462720469184934,-7.7692901,110.3850273,-0.859,-7.7696724,110.3850263,-2.327
1788934658.3947747,42.53530295607115,42.53530295607115,0.0,False,False,20.203313614355444,20.462720469184934,-7.7692901,110.3850273,-0.859,-7.7696724,110.3850263,-2.327
1788934658.604306,42.53530295607115,42.53530295607115,0.0,False,False,20.20331361435545,20.46272046918493,-7.7692901,110.3850273,-0.859,-7.7696724,110.3850263,-2.327
1788934658.812724,42.53530295607115,42.53530295607115,0.0,False,False,20.203313614355444,20.462720469184937,-7.7692901,110.3850273,-0.859,-7.7696724,110.3850263,-2.327
1788934659.02071,42.53530295607115,42.53530295607115,0.0,False,False,20.203313614355444,20.462720469184934,-7.7692901,110.3850273,-0.859,-7.7696724,110.3850263,-2.327
1788934659.2320704,42.53530295607115,42.53530295607115,0.0,False,False,20.203313614355448,20.462720469184934,-7.7692901,110.3850273,-0.859,-7.7696724,110.3850263,-2.327
1788934659.4357274,42.53530295607115,42.53530295607115,0.0,False,False,20.20331361435544,20.462720469184937,-7.7692901,110.3850273,-0.859,-7.7696724,110.3850263,-2.327
1788934659.6386583,42.53530295607115,42.53530295607115,0.0,False,False,20.20331361435544,20.462720469184934,-7.7692901,110.3850273,-0.859,-7.7696724,110.3850263,-2.327
1788934659.8452857,42.53530295607115,42.53530295607115,0.0,False,False,20.203313614355448,20.462720469184934,-7.7692901,110.3850273,-0.859,-7.7696724,110.3850263,-2.327
1788934660.0480404,42.53530295607115,42.53530295607115,0.0,False,False,20.203313614355444,20.46272046918493,-7.7692901,110.3850273,-0.859,-7.7696724,110.3850263,-2.327
1788934660.2508523,42.53530295607115,42.53530295607115,0.0,False,False,20.203313614355444,20.462720469184937,-7.7692901,110.3850273,-0.859,-7.7696724,110.3850263,-2.327
1788934660.452133,42.53530295607115,42.53530295607115,0.0,False,False,20.203313614355444,20.462720469184934,-7.7692901,110.3850273,-0.859,-7.7696724,110.3850263,-2.327
1788934660.6522262,42.53530295607115,42.53530295607115,0.0,False,False,20.203313614355444,20.462720469184937,-7.7692901,110.3850273,-0.859,-7.7696724,110.3850263,-2.327
1788934660.8529477,42.53530295607115,42.53530295607115,0.0,False,False,20.20331361435545,20.46272046918493,-7.7692901,110.3850273,-0.859,-7.7696724,110.3850263,-2.327
1788934661.0595903,42.53530295607115,42.53530295607115,0.0,False,False,20.203313614355444,20.462720469184934,-7.7692901,110.3850273,-0.859,-7.7696724,110.3850263,-2.327
1788934661.2599533,42.53530295607115,42.53530295607115,0.0,False,False,20.203313614355444,20.46272046918493,-7.7692901,110.3850273,-0.859,-7.7696724,110.3850263,-2.327
1788934661.4621816,42.53530295607115,42.53530295607115,0.0,False,False,20.203313614355444,20.462720469184934,-7.7692901,110.3850273,-0.859,-7.7696724,110.3850263,-2.327
1788934661.6622841,42.53530295607115,42.53530295607115,0.0,False,False,20.203313614355444,20.462720469184934,-7.7692901,110.3850273,-0.859,-7.7696724,110.3850263,-2.327
1788934661.8727233,42.53530295607115,42.53530295607115,0.0,False,False,20.203313614355448,20.46272046918493,-7.7692901,110.3850273,-0.859,-7.7696724,110.3850263,-2.327
1788934662.0866516,42.53530295607115,42.53530295607115,0.0,False,False,20.20331361435544,20.46272046918493,-7.7692901,110.3850273,-0.859,-7.7696724,110.3850263,-2.327
1788934662.2904146,42.53530295607115,42.53530295607115,0.0,False,False,20.203313614355444,20.46272046918493,-7.7692901,110.3850273,-0.859,-7.7696724,110.3850263,-2.327
1788934662.4981632,42.53530295607115,42.53530295607115,0.0,False,False,20.203313614355444,20.462720469184937,-7.7692901,110.3850273,-0.859,-7.7696724,110.3850263,-2.327
1788934662.7005239,42.53530295607115,42.43574045901236,10.0,False,False,20.203313614355437,20.462720469184934,-7.7692901,110.3850273,-0.859,-7.7696724,110.3850263,-2.327
1788934662.9020467,42.53530295607115,42.43574045901236,10.0,False,False,20.203313614355444,20.46272046918493,-7.7692901,110.3850273,-0.859,-7.7696724,110.3850263,-2.327
1788934663.1053731,42.53530295607115,42.43574045901236,10.0,False,False,20.203313614355448,20.462720469184934,-7.7692901,110.3850273,-0.859,-7.7696724,110.3850263,-2.327
1788934663.3095279,42.53530295607115,42.43574045901236,10.0,False,False,20.203313614355448,20.462720469184934,-7.7692901,110.3850273,-0.859,-7.7696724,110.3850263,-2.327
1788934663.5164275,42.53530295607115,42.53530295607115,0.0,False,False,20.203313614355444,20.462720469184934,-7.7692901,110.3850273,-0.859,-7.7696724,110.3850263,-2.327
1788934663.7263365,42.53530295607115,42.53530295607115,0.0,False,False,20.20331361435544,20.46272046918494,-7.7692901,110.3850273,-0.859,-7.7696724,110.3850263,-2.327
1788934663.9354882,42.53530295607115,42.53530295607115,0.0,False,False,20.203313614355444,20.46272046918494,-7.7692901,110.3850273,-0.859,-7.7696724,110.3850263,-2.327
1788934664.144609,42.53530295607115,42.53530295607115,0.0,False,False,20.203313614355444,20.46272046918493,-7.7692901,110.3850273,-0.859,-7.7696724,110.3850263,-2.327
1788934664.349006,42.535268455303715,42.535268455303715,0.0,False,False,20.203455150047976,20.462720469184937,-7.7692901,110.3850273,-0.86,-7.7696724,110.3850263,-2.327
1788934664.5514004,42.535268455303715,42.535268455303715,0.0,False,False,20.203455150047976,20.462720469184934,-7.7692901,110.3850273,-0.86,-7.7696724,110.3850263,-2.327
1788934664.759154,42.535268455303715,42.535268455303715,0.0,False,False,20.203455150047972,20.46272046918493,-7.7692901,110.3850273,-0.86,-7.7696724,110.3850263,-2.327
1788934664.9596326,42.535268455303715,42.535268455303715,0.0,False,False,20.203455150047972,20.46272046918493,-7.7692901,110.3850273,-0.86,-7.7696724,110.3850263,-2.327
1788934665.1653295,42.535268455303715,42.535268455303715,0.0,False,False,20.203455150047976,20.462720469184937,-7.7692901,110.3850273,-0.86,-7.7696724,110.3850263,-2.327
1788934665.3725061,42.535268455303715,42.535268455303715,0.0,False,False,20.203455150047976,20.462720469184934,-7.7692901,110.3850273,-0.86,-7.7696724,110.3850263,-2.327
1788934665.5735993,42.535268455303715,42.535268455303715,0.0,False,False,20.203455150047972,20.462720469184934,-7.7692901,110.3850273,-0.86,-7.7696724,110.3850263,-2.327
1788934665.7816374,42.535268455303715,42.535268455303715,0.0,False,False,20.203455150047972,20.462720469184934,-7.7692901,110.3850273,-0.86,-7.7696724,110.3850263,-2.327
1788934665.987543,42.535268455303715,42.535268455303715,0.0,False,False,20.203455150047972,20.462720469184934,-7.7692901,110.3850273,-0.86,-7.7696724,110.3850263,-2.327
1788934666.1954498,42.535268455303715,42.535268455303715,0.0,False,False,20.203455150047972,20.462720469184934,-7.7692901,110.3850273,-0.86,-7.7696724,110.3850263,-2.327
1788934666.401249,42.535268455303715,42.535268455303715,0.0,False,False,20.203455150047972,20.462720469184934,-7.7692901,110.3850273,-0.86,-7.7696724,110.3850263,-2.327
1788934666.6105468,42.535268455303715,42.535268455303715,0.0,False,False,20.203455150047972,20.462720469184934,-7.7692901,110.3850273,-0.86,-7.7696724,110.3850263,-2.327
1788934666.811754,42.535268455303715,42.535268455303715,0.0,False,False,20.203455150047972,20.462720469184934,-7.7692901,110.3850273,-0.86,-7.7696724,110.3850263,-2.327
1788934667.0179756,42.535268455303715,42.535268455303715,0.0,False,False,20.203455150047972,20.462720469184934,-7.7692901,110.3850273,-0.86,-7.7696724,110.3850263,-2.327
1788934667.2277834,42.535268455303715,42.535268455303715,0.0,False,False,20.203455150047972,20.462720469184934,-7.7692901,110.3850273,-0.86,-7.7696724,110.3850263,-2.327
1788934667.4362226,42.535268455303715,42.535268455303715,0.0,False,False,20.203455150047972,20.462720469184934,-7.7692901,110.3850273,-0.86,-7.7696724,110.3850263,-2.327
1788934667.6424205,42.535268455303715,42.535268455303715,0.0,False,False,20.203455150047972,20.462720469184934,-7.7692901,110.3850273,-0.86,-7.7696724,110.3850263,-2.327
1788934667.8462534,42.535268455303715,42.535268455303715,0.0,False,False,20.203455150047972,20.462720469184934,-7.7692901,110.3850273,-0.86,-7.7696724,110.3850263,-2.327
1788934668.0523582,42.535268455303715,42.535268455303715,0.0,False,False,20.203455150047972,20.462720469184934,-7.7692901,110.3850273,-0.86,-7.7696724,110.3850263,-2.327
1788934668.2598703,42.535268455303715,42.535268455303715,0.0,False,False,20.203455150047972,20.462720469184934,-7.7692901,110.3850273,-0.86,-7.7696724,110.3850263,-2.327
1788934668.4631057,42.535268455303715,42.535268455303715,0.0,False,False,20.203455150047972,20.462720469184934,-7.7692901,110.3850273,-0.86,-7.7696724,110.3850263,-2.327
1788934668.6684172,42.535268455303715,42.535268455303715,0.0,False,False,20.203455150047972,20.462720469184934,-7.7692901,110.3850273,-0.86,-7.7696724,110.3850263,-2.327
1788934668.8740058,42.535268455303715,42.535268455303715,0.0,False,False,20.203455150047972,20.462720469184934,-7.7692901,110.3850273,-0.86,-7.7696724,110.3850263,-2.327
1788934669.0817587,42.535268455303715,42.535268455303715,0.0,False,False,20.203455150047972,20.462720469184934,-7.7692901,110.3850273,-0.86,-7.7696724,110.3850263,-2.327
1788934669.2871234,42.535268455303715,42.535268455303715,0.0,False,False,20.203455150047972,20.462720469184934,-7.7692901,110.3850273,-0.86,-7.7696724,110.3850263,-2.327
1788934669.49267,42.535268455303715,42.535268455303715,0.0,False,False,20.203455150047972,20.462720469184934,-7.7692901,110.3850273,-0.86,-7.7696724,110.3850263,-2.327
1788934669.694129,42.535268455303715,42.535268455303715,0.0,False,False,20.203455150047972,20.462720469184934,-7.7692901,110.3850273,-0.86,-7.7696724,110.3850263,-2.327
1788934669.8999968,42.535268455303715,42.535268455303715,0.0,False,False,20.203455150047972,20.462720469184934,-7.7692901,110.3850273,-0.86,-7.7696724,110.3850263,-2.327
1788934670.1083052,42.535268455303715,42.535268455303715,0.0,False,False,20.203455150047972,20.462720469184934,-7.7692901,110.3850273,-0.86,-7.7696724,110.3850263,-2.327
1788934670.3141587,42.535268455303715,42.535268455303715,0.0,False,False,20.203455150047972,20.462720469184934,-7.7692901,110.3850273,-0.86,-7.7696724,110.3850263,-2.327
1788934670.5182543,42.535268455303715,42.535268455303715,0.0,False,False,20.203455150047972,20.462720469184934,-7.7692901,110.3850273,-0.86,-7.7696724,110.3850263,-2.327
1788934670.7323272,42.535268455303715,42.535268455303715,0.0,False,False,20.203455150047972,20.462720469184934,-7.7692901,110.3850273,-0.86,-7.7696724,110.3850263,-2.327
1788934670.9361048,42.535268455303715,42.535268455303715,0.0,False,False,20.203455150047972,20.462720469184934,-7.7692901,110.3850273,-0.86,-7.7696724,110.3850263,-2.327
1788934671.1443686,42.535268455303715,42.535268455303715,0.0,False,False,20.203455150047972,20.462720469184934,-7.7692901,110.3850273,-0.86,-7.7696724,110.3850263,-2.327
1788934671.3511398,42.535268455303715,42.535268455303715,0.0,False,False,20.203455150047972,20.462720469184934,-7.7692901,110.3850273,-0.86,-7.7696724,110.3850263,-2.327
1788934671.5541115,42.535268455303715,42.535268455303715,0.0,False,False,20.203455150047972,20.462720469184934,-7.7692901,110.3850273,-0.86,-7.7696724,110.3850263,-2.327
1788934671.763182,42.535268455303715,42.535268455303715,0.0,False,False,20.203455150047972,20.462720469184934,-7.7692901,110.3850273,-0.86,-7.7696724,110.3850263,-2.327
1788934671.9632266,42.535268455303715,42.535268455303715,0.0,False,False,20.203455150047972,20.462720469184934,-7.7692901,110.3850273,-0.86,-7.7696724,110.3850263,-2.327
1788934672.1679916,42.535268455303715,42.535268455303715,0.0,False,False,20.203455150047972,20.462720469184934,-7.7692901,110.3850273,-0.86,-7.7696724,110.3850263,-2.327
1788934672.3726828,42.535268455303715,42.535268455303715,0.0,False,False,20.203455150047972,20.462720469184934,-7.7692901,110.3850273,-0.86,-7.7696724,110.3850263,-2.327
1788934672.5857933,42.535268455303715,42.535268455303715,0.0,False,False,20.203455150047972,20.462720469184934,-7.7692901,110.3850273,-0.86,-7.7696724,110.3850263,-2.327
1788934672.790142,42.535268455303715,42.535268455303715,0.0,False,False,20.203455150047972,20.462720469184934,-7.7692901,110.3850273,-0.86,-7.7696724,110.3850263,-2.327
1788934672.9943845,42.535268455303715,42.535268455303715,0.0,False,False,20.203455150047972,20.462720469184934,-7.7692901,110.3850273,-0.86,-7.7696724,110.3850263,-2.327
1788934673.1944046,42.535268455303715,42.535268455303715,0.0,False,False,20.203455150047972,20.462720469184934,-7.7692901,110.3850273,-0.86,-7.7696724,110.3850263,-2.327
1788934673.4004767,42.535268455303715,42.535268455303715,0.0,False,False,20.203455150047972,20.462720469184934,-7.7692901,110.3850273,-0.86,-7.7696724,110.3850263,-2.327
1788934673.6079602,42.535268455303715,42.535268455303715,0.0,False,False,20.203455150047972,20.462720469184934,-7.7692901,110.3850273,-0.86,-7.7696724,110.3850263,-2.327
1788934673.8085976,42.535298419277225,42.535298419277225,0.0,False,False,20.203455150047972,20.462720469184934,-7.7692901,110.3850274,-0.86,-7.7696724,110.3850263,-2.327
1788934674.0099084,42.535298419277225,42.535298419277225,0.0,False,False,20.203455150047972,20.462720469184934,-7.7692901,110.3850274,-0.86,-7.7696724,110.3850263,-2.327
1788934674.2167497,42.535268455303715,42.535268455303715,0.0,False,False,20.20345515004797,20.462720469184934,-7.7692901,110.3850273,-0.86,-7.7696724,110.3850263,-2.327
1788934674.4215562,42.535268455303715,42.535268455303715,0.0,False,False,20.203455150047972,20.462720469184934,-7.7692901,110.3850273,-0.86,-7.7696724,110.3850263,-2.327
1788934674.6312778,42.535268455303715,42.535268455303715,0.0,False,False,20.20345515004798,20.46272046918493,-7.7692901,110.3850274,-0.86,-7.7696724,110.3850264,-2.327
1788934674.8396792,42.535268455303715,42.535268455303715,0.0,False,False,20.203455150047976,20.462720469184934,-7.7692901,110.3850274,-0.86,-7.7696724,110.3850264,-2.327
1788934675.047122,42.535268455303715,42.535268455303715,0.0,False,False,20.203455150047972,20.462720469184934,-7.7692901,110.3850274,-0.86,-7.7696724,110.3850264,-2.327
1788934675.2499907,42.535268455303715,42.535268455303715,0.0,False,False,20.20345515004797,20.46272046918493,-7.7692901,110.3850274,-0.86,-7.7696724,110.3850264,-2.327
1788934675.453104,42.535268455303715,42.535268455303715,0.0,False,False,20.203455150047976,20.462720469184926,-7.7692901,110.3850274,-0.86,-7.7696724,110.3850264,-2.327
1788934675.665956,42.535268455303715,42.535268455303715,0.0,False,False,20.20345515004798,20.462720469184934,-7.7692901,110.3850274,-0.86,-7.7696724,110.3850264,-2.327
1788934675.8774595,42.535268455303715,42.535268455303715,0.0,False,False,20.203455150047972,20.462720469184934,-7.7692901,110.3850274,-0.86,-7.7696724,110.3850264,-2.327
1788934676.080506,42.535268455303715,42.535268455303715,0.0,False,False,20.203455150047976,20.46272046918493,-7.7692901,110.3850274,-0.86,-7.7696724,110.3850264,-2.327
1788934676.2831032,42.535268455303715,42.535268455303715,0.0,False,False,20.203455150047972,20.462720469184934,-7.7692901,110.3850274,-0.86,-7.7696724,110.3850264,-2.327
1788934676.4941537,42.535268455303715,42.535268455303715,0.0,False,False,20.203455150047976,20.462720469184934,-7.7692901,110.3850274,-0.86,-7.7696724,110.3850264,-2.327
1788934676.6987855,42.535268455303644,42.535268455303644,0.0,False,False,20.203455150047972,20.46272046918493,-7.7692902,110.3850274,-0.86,-7.7696725,110.3850264,-2.327
1788934676.9088447,42.535268455303644,42.535268455303644,0.0,False,False,20.203455150047976,20.462720469184937,-7.7692902,110.3850274,-0.86,-7.7696725,110.3850264,-2.327
1788934677.1114137,42.535268455303644,42.535268455303644,0.0,False,False,20.203455150047972,20.46272046918493,-7.7692902,110.3850274,-0.86,-7.7696725,110.3850264,-2.327
1788934677.3122213,42.52415561691682,42.52415561691682,0.0,False,False,20.203455150047972,20.462720469184934,-7.7692902,110.3850274,-0.86,-7.7696724,110.3850264,-2.327
1788934677.514462,42.535268455303644,42.535268455303644,0.0,False,False,20.203455150047972,20.462720469184934,-7.7692902,110.3850274,-0.86,-7.7696725,110.3850264,-2.327
1788934677.714581,42.535268455303644,42.535268455303644,0.0,False,False,20.203455150047972,20.462720469184937,-7.7692902,110.3850274,-0.86,-7.7696725,110.3850264,-2.327
1788934677.916196,42.535268455303644,42.535268455303644,0.0,False,False,20.203455150047972,20.462720469184934,-7.7692902,110.3850274,-0.86,-7.7696725,110.3850264,-2.327
1788934678.1180675,42.52415561691682,42.52415561691682,0.0,False,False,20.20345515004797,20.462720469184937,-7.7692902,110.3850274,-0.86,-7.7696724,110.3850264,-2.327
1788934678.3272798,42.535268455303644,42.535268455303644,0.0,False,False,20.203455150047976,20.462720469184934,-7.7692902,110.3850274,-0.86,-7.7696725,110.3850264,-2.327
1788934678.534284,42.535268455303644,42.535268455303644,0.0,False,False,20.203455150047972,20.462720469184926,-7.7692902,110.3850274,-0.86,-7.7696725,110.3850264,-2.327
1788934678.7370884,42.535268455303644,42.535268455303644,0.0,False,False,20.203455150047972,20.46272046918493,-7.7692902,110.3850274,-0.86,-7.7696725,110.3850264,-2.327
1788934678.943586,42.535268455303644,42.535268455303644,0.0,False,False,20.203455150047976,20.46272046918493,-7.7692902,110.3850274,-0.86,-7.7696725,110.3850264,-2.327
1788934679.1448832,42.535268455303644,42.535268455303644,0.0,False,False,20.203455150047972,20.462720469184934,-7.7692902,110.3850274,-0.86,-7.7696725,110.3850264,-2.327
1788934679.345579,42.535268455303644,42.535268455303644,0.0,False,False,20.203455150047972,20.462720469184937,-7.7692902,110.3850274,-0.86,-7.7696725,110.3850264,-2.327
1788934679.5480235,42.535268455303644,42.535268455303644,0.0,False,False,20.20345515004798,20.462720469184934,-7.7692902,110.3850274,-0.86,-7.7696725,110.3850264,-2.327
1788934679.7494426,42.535268455303644,42.535268455303644,0.0,False,False,20.20345515004798,20.46272046918493,-7.7692902,110.3850274,-0.86,-7.7696725,110.3850264,-2.327
1788934679.9507692,42.535268455303644,42.535268455303644,0.0,False,False,20.203455150047972,20.462720469184934,-7.7692902,110.3850274,-0.86,-7.7696725,110.3850264,-2.327
1788934680.1590745,42.535268455303644,42.535268455303644,0.0,False,False,20.203455150047972,20.462720469184934,-7.7692902,110.3850274,-0.86,-7.7696725,110.3850264,-2.327
1788934680.3608344,42.535268455303644,42.535268455303644,0.0,False,False,20.203455150047976,20.462720469184934,-7.7692902,110.3850274,-0.86,-7.7696725,110.3850264,-2.327
1788934680.56844,42.535268455303644,42.535268455303644,0.0,False,False,20.203455150047976,20.462720469184934,-7.7692902,110.3850274,-0.86,-7.7696725,110.3850264,-2.327
1788934680.7746646,42.535268455303644,42.535268455303644,0.0,False,False,20.20345515004798,20.462720469184934,-7.7692902,110.3850274,-0.86,-7.7696725,110.3850264,-2.327
1788934680.9783561,42.535268455303644,42.535268455303644,0.0,False,False,20.203455150047972,20.462720469184934,-7.7692902,110.3850274,-0.86,-7.7696725,110.3850264,-2.327
1788934681.1904504,42.535268455303644,42.535268455303644,0.0,False,False,20.203455150047972,20.462720469184934,-7.7692902,110.3850274,-0.86,-7.7696725,110.3850264,-2.327
1788934681.3917599,42.535268455303644,42.535268455303644,0.0,False,False,20.203455150047972,20.46272046918493,-7.7692902,110.3850274,-0.86,-7.7696725,110.3850264,-2.327
1788934681.5940187,42.535268455303644,42.535268455303644,0.0,False,False,20.203455150047972,20.462720469184934,-7.7692902,110.3850274,-0.86,-7.7696725,110.3850264,-2.327
1788934681.79778,42.535268455303644,42.535268455303644,0.0,False,False,20.203455150047976,20.46272046918493,-7.7692902,110.3850274,-0.86,-7.7696725,110.3850264,-2.327
1788934682.0009758,42.535268455303644,42.535268455303644,0.0,False,False,20.203455150047972,20.462720469184934,-7.7692902,110.3850274,-0.86,-7.7696725,110.3850264,-2.327
1788934682.1987932,42.535268455303644,42.535268455303644,0.0,False,False,20.203455150047972,20.46272046918493,-7.7692902,110.3850274,-0.86,-7.7696725,110.3850264,-2.327
1788934682.408797,42.535268455303644,42.535268455303644,0.0,False,False,20.203455150047976,20.462720469184937,-7.7692902,110.3850274,-0.86,-7.7696725,110.3850264,-2.327
1788934682.6134167,42.535268455303644,42.535268455303644,0.0,False,False,20.203455150047972,20.46272046918493,-7.7692902,110.3850274,-0.86,-7.7696725,110.3850264,-2.327
1788934682.819523,42.535268455303644,42.535268455303644,0.0,False,False,20.20345515004797,20.462720469184934,-7.7692902,110.3850274,-0.86,-7.7696725,110.3850264,-2.327
1788934683.020991,42.535268455303644,42.535268455303644,0.0,False,False,20.20345515004798,20.46272046918493,-7.7692902,110.3850274,-0.86,-7.7696725,110.3850264,-2.327
1788934683.2286043,42.535268455303644,42.535268455303644,0.0,False,False,20.20345515004797,20.462720469184934,-7.7692902,110.3850274,-0.86,-7.7696725,110.3850264,-2.327
1788934683.4369972,42.535268455303644,42.535268455303644,0.0,False,False,20.203455150047976,20.462720469184934,-7.7692902,110.3850274,-0.86,-7.7696725,110.3850264,-2.327
1788934683.6403399,42.535268455303644,42.535268455303644,0.0,False,False,20.203455150047976,20.462720469184934,-7.7692902,110.3850274,-0.86,-7.7696725,110.3850264,-2.327
1788934683.8411922,42.535268455303644,42.535268455303644,0.0,False,False,20.203455150047976,20.462720469184937,-7.7692902,110.3850274,-0.86,-7.7696725,110.3850264,-2.327
1788934684.048449,42.535268455303644,42.535268455303644,0.0,False,False,20.203455150047972,20.46272046918493,-7.7692902,110.3850274,-0.86,-7.7696725,110.3850264,-2.327
1788934684.2510915,42.535268455303644,42.535268455303644,0.0,False,False,20.203455150047972,20.462720469184934,-7.7692902,110.3850274,-0.86,-7.7696725,110.3850264,-2.327
1788934684.452477,42.535268455303644,42.535268455303644,0.0,False,False,20.203455150047972,20.46272046918493,-7.7692902,110.3850274,-0.86,-7.7696725,110.3850264,-2.327
1788934684.6528528,42.535268455303644,42.535268455303644,0.0,False,False,20.203455150047972,20.462720469184934,-7.7692902,110.3850274,-0.86,-7.7696725,110.3850264,-2.327
1788934684.8585274,42.535268455303644,42.535268455303644,0.0,False,False,20.203455150047972,20.462720469184934,-7.7692902,110.3850274,-0.86,-7.7696725,110.3850264,-2.327
1788934685.062407,42.535268455303644,42.535268455303644,0.0,False,False,20.20345515004797,20.462720469184934,-7.7692902,110.3850274,-0.86,-7.7696725,110.3850264,-2.327
1788934685.2744598,42.535268455303644,42.535268455303644,0.0,False,False,20.203455150047972,20.462720469184934,-7.7692902,110.3850274,-0.86,-7.7696725,110.3850264,-2.327
1788934685.4779634,42.535268455303644,42.535268455303644,0.0,False,False,20.20345515004797,20.462720469184934,-7.7692902,110.3850274,-0.86,-7.7696725,110.3850264,-2.327
1788934685.6800284,42.535268455303644,42.535268455303644,0.0,False,False,20.203455150047972,20.462720469184926,-7.7692902,110.3850274,-0.86,-7.7696725,110.3850264,-2.327
1788934685.881004,42.535268455303644,42.535268455303644,0.0,False,False,20.20345515004797,20.462720469184934,-7.7692902,110.3850274,-0.86,-7.7696725,110.3850264,-2.327
1788934686.0829086,42.535268455303644,42.535268455303644,0.0,False,False,20.203455150047972,20.462720469184934,-7.7692902,110.3850274,-0.86,-7.7696725,110.3850264,-2.327
1788934686.284224,42.535268455303644,42.535268455303644,0.0,False,False,20.20345515004797,20.46272046918493,-7.7692902,110.3850274,-0.86,-7.7696725,110.3850264,-2.327
1788934686.4851859,42.535268455303644,42.535268455303644,0.0,False,False,20.203455150047972,20.462720469184934,-7.7692902,110.3850274,-0.86,-7.7696725,110.3850264,-2.327
1788934686.6927454,42.535268455303644,42.535268455303644,0.0,False,False,20.203455150047976,20.462720469184934,-7.7692902,110.3850274,-0.86,-7.7696725,110.3850264,-2.327
1788934686.9053745,42.535268455303644,42.535268455303644,0.0,False,False,20.203455150047972,20.462720469184926,-7.7692902,110.3850274,-0.86,-7.7696725,110.3850264,-2.327
1788934687.1103232,42.535268455303644,42.535268455303644,0.0,False,False,20.203455150047972,20.46272046918493,-7.7692902,110.3850274,-0.86,-7.7696725,110.3850264,-2.327
1788934687.3159018,42.535268455303644,42.535268455303644,0.0,False,False,20.20345515004797,20.462720469184934,-7.7692902,110.3850274,-0.86,-7.7696725,110.3850264,-2.327
1788934687.5228508,42.535268455303644,42.535268455303644,0.0,False,False,20.20345515004798,20.46272046918493,-7.7692902,110.3850274,-0.86,-7.7696725,110.3850264,-2.327
1788934687.7312653,42.535268455303644,42.535268455303644,0.0,False,False,20.203455150047972,20.46272046918493,-7.7692902,110.3850274,-0.86,-7.7696725,110.3850264,-2.327
1788934687.9401016,42.535268455303644,42.535268455303644,0.0,False,False,20.203455150047972,20.46272046918493,-7.7692902,110.3850274,-0.86,-7.7696725,110.3850264,-2.327
1788934688.1449895,42.535268455303644,42.535268455303644,0.0,False,False,20.203455150047976,20.46272046918493,-7.7692902,110.3850274,-0.86,-7.7696725,110.3850264,-2.327
1788934688.3463268,42.535268455303644,42.535268455303644,0.0,False,False,20.203455150047972,20.462720469184934,-7.7692902,110.3850274,-0.86,-7.7696725,110.3850264,-2.327
1788934688.5483286,42.535302956071085,42.535302956071085,0.0,False,False,20.20331361435544,20.462720469184926,-7.7692902,110.3850274,-0.859,-7.7696725,110.3850264,-2.327
1788934688.7495894,42.535302956071085,42.535302956071085,0.0,False,False,20.203313614355444,20.46272046918493,-7.7692902,110.3850274,-0.859,-7.7696725,110.3850264,-2.327
1788934688.9495811,42.535302956071085,42.535302956071085,0.0,False,False,20.20331361435544,20.46272046918493,-7.7692902,110.3850274,-0.859,-7.7696725,110.3850264,-2.327
1788934689.1527865,42.535302956071085,42.535302956071085,0.0,False,False,20.203313614355444,20.46272046918493,-7.7692902,110.3850274,-0.859,-7.7696725,110.3850264,-2.327
1788934689.3534687,42.535302956071085,42.535302956071085,0.0,False,False,20.20331361435544,20.462720469184926,-7.7692902,110.3850274,-0.859,-7.7696725,110.3850264,-2.327
1788934689.5605788,42.535302956071085,42.535302956071085,0.0,False,False,20.203313614355437,20.46272046918493,-7.7692902,110.3850274,-0.859,-7.7696725,110.3850264,-2.327
1788934689.7698672,42.535302956071085,42.535302956071085,0.0,False,False,20.20331361435544,20.46272046918493,-7.7692902,110.3850274,-0.859,-7.7696725,110.3850264,-2.327
1788934689.9769084,42.535268455303644,42.535268455303644,0.0,False,False,20.20345515004797,20.462720469184937,-7.7692902,110.3850274,-0.86,-7.7696725,110.3850264,-2.327
1788934690.1878781,42.535268455303644,42.535268455303644,0.0,False,False,20.203455150047976,20.46272046918493,-7.7692902,110.3850274,-0.86,-7.7696725,110.3850264,-2.327
1788934690.3901627,42.535268455303644,42.535268455303644,0.0,False,False,20.203455150047972,20.462720469184934,-7.7692902,110.3850274,-0.86,-7.7696725,110.3850264,-2.327
1788934690.5963314,42.535268455303644,42.535268455303644,0.0,False,False,20.203455150047972,20.46272046918493,-7.7692902,110.3850274,-0.86,-7.7696725,110.3850264,-2.327
1788934690.7978134,42.535268455303644,42.535268455303644,0.0,False,False,20.203455150047976,20.46272046918493,-7.7692902,110.3850274,-0.86,-7.7696725,110.3850264,-2.327
1788934691.005634,42.535268455303644,42.535268455303644,0.0,False,False,20.203455150047976,20.462720469184934,-7.7692902,110.3850274,-0.86,-7.7696725,110.3850264,-2.327
1788934691.2056205,42.535268455303644,42.535268455303644,0.0,False,False,20.203455150047972,20.462720469184926,-7.7692902,110.3850274,-0.86,-7.7696725,110.3850264,-2.327
1788934691.4121382,42.535268455303644,42.535268455303644,0.0,False,False,20.203455150047976,20.462720469184926,-7.7692902,110.3850274,-0.86,-7.7696725,110.3850264,-2.327
1788934691.6180398,42.535268455303644,42.535268455303644,0.0,False,False,20.203455150047976,20.462720469184926,-7.7692902,110.3850274,-0.86,-7.7696725,110.3850264,-2.327
1788934691.8202586,42.535268455303644,42.535268455303644,0.0,False,False,20.20345515004797,20.46272046918493,-7.7692902,110.3850274,-0.86,-7.7696725,110.3850264,-2.327
1788934692.028535,42.535268455303644,42.535268455303644,0.0,False,False,20.20345515004797,20.46272046918493,-7.7692902,110.3850274,-0.86,-7.7696725,110.3850264,-2.327
1788934692.2304087,42.535268455303644,42.535268455303644,0.0,False,False,20.20345515004797,20.46272046918493,-7.7692902,110.3850274,-0.86,-7.7696725,110.3850264,-2.327
1788934692.4379897,42.535268455303644,42.535268455303644,0.0,False,False,20.20345515004797,20.46272046918493,-7.7692902,110.3850274,-0.86,-7.7696725,110.3850264,-2.327
1788934692.6403553,42.535302956071085,42.535302956071085,0.0,False,False,20.203313614355437,20.46272046918493,-7.7692902,110.3850274,-0.859,-7.7696725,110.3850264,-2.327
1788934692.8499646,42.535302956071085,42.535302956071085,0.0,False,False,20.203313614355437,20.46272046918493,-7.7692902,110.3850274,-0.859,-7.7696725,110.3850264,-2.327
1788934693.058782,42.535302956071085,42.535302956071085,0.0,False,False,20.203313614355437,20.46272046918493,-7.7692902,110.3850274,-0.859,-7.7696725,110.3850264,-2.327
1788934693.2615879,42.535302956071085,42.535302956071085,0.0,False,False,20.203313614355437,20.46272046918493,-7.7692902,110.3850274,-0.859,-7.7696725,110.3850264,-2.327
1788934693.466734,42.535302956071085,42.535302956071085,0.0,False,False,20.203313614355437,20.46272046918493,-7.7692902,110.3850274,-0.859,-7.7696725,110.3850264,-2.327
1788934693.6702502,42.535302956071085,42.535302956071085,0.0,False,False,20.203313614355437,20.46272046918493,-7.7692902,110.3850274,-0.859,-7.7696725,110.3850264,-2.327
1788934693.8793979,42.535302956071085,42.535302956071085,0.0,False,False,20.203313614355437,20.46272046918493,-7.7692902,110.3850274,-0.859,-7.7696725,110.3850264,-2.327
1788934694.0827112,42.535302956071085,42.535302956071085,0.0,False,False,20.203313614355437,20.46272046918493,-7.7692902,110.3850274,-0.859,-7.7696725,110.3850264,-2.327
1788934694.2835352,42.535302956071085,42.535302956071085,0.0,False,False,20.203313614355437,20.46272046918493,-7.7692902,110.3850274,-0.859,-7.7696725,110.3850264,-2.327
1788934694.483889,42.535302956071085,42.535302956071085,0.0,False,False,20.203313614355437,20.46272046918493,-7.7692902,110.3850274,-0.859,-7.7696725,110.3850264,-2.327
1788934694.6846063,42.535302956071085,42.535302956071085,0.0,False,False,20.203313614355437,20.46272046918493,-7.7692902,110.3850274,-0.859,-7.7696725,110.3850264,-2.327
1788934694.8947265,42.535302956071085,42.535302956071085,0.0,False,False,20.203313614355437,20.46272046918493,-7.7692902,110.3850274,-0.859,-7.7696725,110.3850264,-2.327
1788934695.095084,42.535302956071085,42.535302956071085,0.0,False,False,20.203313614355437,20.46272046918493,-7.7692902,110.3850274,-0.859,-7.7696725,110.3850264,-2.327
1788934695.2979102,42.535302956071085,42.535302956071085,0.0,False,False,20.203313614355437,20.46272046918493,-7.7692902,110.3850274,-0.859,-7.7696725,110.3850264,-2.327
1788934695.5066931,42.535302956071085,42.535302956071085,0.0,False,False,20.203313614355437,20.46272046918493,-7.7692902,110.3850274,-0.859,-7.7696725,110.3850264,-2.327
1788934695.7068517,42.535302956071085,42.535302956071085,0.0,False,False,20.203313614355437,20.46272046918493,-7.7692902,110.3850274,-0.859,-7.7696725,110.3850264,-2.327
1788934695.9088218,42.535302956071085,42.535302956071085,0.0,False,False,20.203313614355437,20.46272046918493,-7.7692902,110.3850274,-0.859,-7.7696725,110.3850264,-2.327
1788934696.122026,42.535302956071085,42.535302956071085,0.0,False,False,20.203313614355437,20.46272046918493,-7.7692902,110.3850274,-0.859,-7.7696725,110.3850264,-2.327
1788934696.326684,42.535302956071085,42.535302956071085,0.0,False,False,20.203313614355437,20.46272046918493,-7.7692902,110.3850274,-0.859,-7.7696725,110.3850264,-2.327
1788934696.530159,42.535302956071085,42.535302956071085,0.0,False,False,20.203313614355437,20.46272046918493,-7.7692902,110.3850274,-0.859,-7.7696725,110.3850264,-2.327
1788934696.73574,42.535302956071085,42.535302956071085,0.0,False,False,20.203313614355437,20.46272046918493,-7.7692902,110.3850274,-0.859,-7.7696725,110.3850264,-2.327
1788934696.9385843,42.535302956071085,42.535302956071085,0.0,False,False,20.203313614355437,20.46272046918493,-7.7692902,110.3850274,-0.859,-7.7696725,110.3850264,-2.327
1788934697.1398716,42.535302956071085,42.535302956071085,0.0,False,False,20.203313614355437,20.46272046918493,-7.7692902,110.3850274,-0.859,-7.7696725,110.3850264,-2.327
1788934697.3470953,42.535302956071085,42.535302956071085,0.0,False,False,20.203313614355437,20.46272046918493,-7.7692902,110.3850274,-0.859,-7.7696725,110.3850264,-2.327
1788934697.5550494,42.535302956071085,42.535302956071085,0.0,False,False,20.203313614355437,20.46272046918493,-7.7692902,110.3850274,-0.859,-7.7696725,110.3850264,-2.327
1788934697.7631457,42.535302956071085,42.535302956071085,0.0,False,False,20.203313614355437,20.46272046918493,-7.7692902,110.3850274,-0.859,-7.7696725,110.3850264,-2.327
1788934697.9643543,42.535302956071085,42.535302956071085,0.0,False,False,20.203313614355437,20.46272046918493,-7.7692902,110.3850274,-0.859,-7.7696725,110.3850264,-2.327
1788934698.166123,42.535302956071085,42.535302956071085,0.0,False,False,20.203313614355437,20.46272046918493,-7.7692902,110.3850274,-0.859,-7.7696725,110.3850264,-2.327
1788934698.3708367,42.535302956071085,42.535302956071085,0.0,False,False,20.203313614355437,20.46272046918493,-7.7692902,110.3850274,-0.859,-7.7696725,110.3850264,-2.327
1788934698.5787902,42.535302956071085,42.535302956071085,0.0,False,False,20.203313614355437,20.46272046918493,-7.7692902,110.3850274,-0.859,-7.7696725,110.3850264,-2.327
1788934698.7878833,42.535302956071085,42.535302956071085,0.0,False,False,20.203313614355437,20.46272046918493,-7.7692902,110.3850274,-0.859,-7.7696725,110.3850264,-2.327
1788934698.9944763,42.535302956071085,42.535302956071085,0.0,False,False,20.203313614355437,20.46272046918493,-7.7692902,110.3850274,-0.859,-7.7696725,110.3850264,-2.327
1788934699.201147,42.535302956071085,42.535302956071085,0.0,False,False,20.203313614355437,20.46272046918493,-7.7692902,110.3850274,-0.859,-7.7696725,110.3850264,-2.327
1788934699.409009,42.535302956071085,42.535302956071085,0.0,False,False,20.203313614355437,20.46272046918493,-7.7692902,110.3850274,-0.859,-7.7696725,110.3850264,-2.327
1788934699.6148195,42.535302956071085,42.535302956071085,0.0,False,False,20.203313614355437,20.46272046918493,-7.7692902,110.3850274,-0.859,-7.7696725,110.3850264,-2.327
1788934699.8188543,42.535302956071085,42.535302956071085,0.0,False,False,20.203313614355437,20.46272046918493,-7.7692902,110.3850274,-0.859,-7.7696725,110.3850264,-2.327
1788934700.0269947,42.535302956071085,42.535302956071085,0.0,False,False,20.203313614355437,20.46272046918493,-7.7692902,110.3850274,-0.859,-7.7696725,110.3850264,-2.327
1788934700.2357676,42.535302956071085,42.535302956071085,0.0,False,False,20.203313614355437,20.46272046918493,-7.7692902,110.3850274,-0.859,-7.7696725,110.3850264,-2.327
1788934700.4403496,42.535302956071085,42.535302956071085,0.0,False,False,20.203313614355437,20.46272046918493,-7.7692902,110.3850274,-0.859,-7.7696725,110.3850264,-2.327
1788934700.6519718,42.535302956071085,42.535302956071085,0.0,False,False,20.203313614355437,20.46272046918493,-7.7692902,110.3850274,-0.859,-7.7696725,110.3850264,-2.327
1788934700.8606274,42.535302956071085,42.535302956071085,0.0,False,False,20.203313614355437,20.46272046918493,-7.7692902,110.3850274,-0.859,-7.7696725,110.3850264,-2.327
1788934701.0694551,42.535302956071085,42.535302956071085,0.0,False,False,20.203313614355437,20.46272046918493,-7.7692902,110.3850274,-0.859,-7.7696725,110.3850264,-2.327
1788934701.2770805,42.535268455303644,42.535268455303644,0.0,False,False,20.20345515004797,20.46272046918493,-7.7692902,110.3850274,-0.86,-7.7696725,110.3850264,-2.327
1788934701.4859402,42.535268455303644,42.535268455303644,0.0,False,False,20.20345515004797,20.46272046918493,-7.7692902,110.3850274,-0.86,-7.7696725,110.3850264,-2.327
1788934701.6939301,42.535268455303644,42.535268455303644,0.0,False,False,20.20345515004797,20.46272046918493,-7.7692902,110.3850274,-0.86,-7.7696725,110.3850264,-2.327
1788934701.9088218,42.535268455303644,42.535268455303644,0.0,False,False,20.20345515004797,20.46272046918493,-7.7692902,110.3850274,-0.86,-7.7696725,110.3850264,-2.327
1788934702.1178608,42.535268455303644,42.535268455303644,0.0,False,False,20.20345515004797,20.46272046918493,-7.7692902,110.3850274,-0.86,-7.7696725,110.3850264,-2.327
1788934702.319503,42.535302956071085,42.535302956071085,0.0,False,False,20.203313614355437,20.46272046918493,-7.7692902,110.3850274,-0.859,-7.7696725,110.3850264,-2.327
1788934702.526672,42.535302956071085,42.535302956071085,0.0,False,False,20.203313614355437,20.46272046918493,-7.7692902,110.3850274,-0.859,-7.7696725,110.3850264,-2.327
1788934702.7356815,42.535302956071085,42.535302956071085,0.0,False,False,20.203313614355437,20.46272046918493,-7.7692902,110.3850274,-0.859,-7.7696725,110.3850264,-2.327
1788934702.9403827,42.535302956071085,42.535302956071085,0.0,False,False,20.203313614355437,20.46272046918493,-7.7692902,110.3850274,-0.859,-7.7696725,110.3850264,-2.327
1788934703.1516423,42.535302956071085,42.535302956071085,0.0,False,False,20.203313614355437,20.46272046918493,-7.7692902,110.3850274,-0.859,-7.7696725,110.3850264,-2.327
1788934703.367205,42.535268455303644,42.535268455303644,0.0,False,False,20.20345515004797,20.46272046918493,-7.7692902,110.3850274,-0.86,-7.7696725,110.3850264,-2.327
1788934703.5692253,42.535268455303644,42.535268455303644,0.0,False,False,20.20345515004797,20.46272046918493,-7.7692902,110.3850274,-0.86,-7.7696725,110.3850264,-2.327
1788934703.7776318,42.535268455303644,42.535268455303644,0.0,False,False,20.20345515004797,20.46272046918493,-7.7692902,110.3850274,-0.86,-7.7696725,110.3850264,-2.327
1788934703.9847608,42.535268455303644,42.535268455303644,0.0,False,False,20.20345515004797,20.46272046918493,-7.7692902,110.3850274,-0.86,-7.7696725,110.3850264,-2.327
1788934704.1908886,42.535268455303644,42.535268455303644,0.0,False,False,20.20345515004797,20.46272046918493,-7.7692902,110.3850274,-0.86,-7.7696725,110.3850264,-2.327
1788934704.4031124,42.535268455303644,42.535268455303644,0.0,False,False,20.20345515004797,20.46272046918493,-7.7692902,110.3850274,-0.86,-7.7696725,110.3850264,-2.327
1788934704.617403,42.535268455303644,42.535268455303644,0.0,False,False,20.20345515004797,20.46272046918493,-7.7692902,110.3850274,-0.86,-7.7696725,110.3850264,-2.327
1788934704.819274,42.535268455303644,42.535268455303644,0.0,False,False,20.20345515004797,20.46272046918493,-7.7692902,110.3850274,-0.86,-7.7696725,110.3850264,-2.327
1788934705.0268593,42.535268455303644,42.535268455303644,0.0,False,False,20.20345515004797,20.46272046918493,-7.7692902,110.3850274,-0.86,-7.7696725,110.3850264,-2.327
1788934705.2300854,42.535268455303644,42.535268455303644,0.0,False,False,20.20345515004797,20.46272046918493,-7.7692902,110.3850274,-0.86,-7.7696725,110.3850264,-2.327
1788934705.4308558,42.535268455303644,42.535268455303644,0.0,False,False,20.20345515004797,20.46272046918493,-7.7692902,110.3850274,-0.86,-7.7696725,110.3850264,-2.327
1788934705.631858,42.535268455303644,42.535268455303644,0.0,False,False,20.20345515004797,20.46272046918493,-7.7692902,110.3850274,-0.86,-7.7696725,110.3850264,-2.327
1788934705.8323913,42.535268455303644,42.535268455303644,0.0,False,False,20.20345515004797,20.46272046918493,-7.7692902,110.3850274,-0.86,-7.7696725,110.3850264,-2.327
1788934706.0347948,42.535268455303644,42.535268455303644,0.0,False,False,20.20345515004797,20.46272046918493,-7.7692902,110.3850274,-0.86,-7.7696725,110.3850264,-2.327
1788934706.237001,42.535268455303644,42.535268455303644,0.0,False,False,20.20345515004797,20.46272046918493,-7.7692902,110.3850274,-0.86,-7.7696725,110.3850264,-2.327
1788934706.443905,42.535268455303644,42.535268455303644,0.0,False,False,20.20345515004797,20.46272046918493,-7.7692902,110.3850274,-0.86,-7.7696725,110.3850264,-2.327
1788934706.6524637,42.535268455303644,42.535268455303644,0.0,False,False,20.20345515004797,20.46272046918493,-7.7692902,110.3850274,-0.86,-7.7696725,110.3850264,-2.327
1788934706.8537729,42.535268455303644,42.535268455303644,0.0,False,False,20.20345515004797,20.46272046918493,-7.7692902,110.3850274,-0.86,-7.7696725,110.3850264,-2.327
1788934707.055318,42.535302956071085,42.535302956071085,0.0,False,False,20.203313614355437,20.46272046918493,-7.7692902,110.3850274,-0.859,-7.7696725,110.3850264,-2.327
1788934707.2565942,42.535302956071085,42.535302956071085,0.0,False,False,20.203313614355437,20.46272046918493,-7.7692902,110.3850274,-0.859,-7.7696725,110.3850264,-2.327
1788934707.45664,42.535302956071085,42.535302956071085,0.0,False,False,20.203313614355437,20.46272046918493,-7.7692902,110.3850274,-0.859,-7.7696725,110.3850264,-2.327
1788934707.6643298,42.535302956071085,42.535302956071085,0.0,False,False,20.203313614355437,20.46272046918493,-7.7692902,110.3850274,-0.859,-7.7696725,110.3850264,-2.327
1788934707.8703825,42.535302956071085,42.535302956071085,0.0,False,False,20.203313614355437,20.46272046918493,-7.7692902,110.3850274,-0.859,-7.7696725,110.3850264,-2.327
1788934708.0766976,42.535302956071085,42.535302956071085,0.0,False,False,20.203313614355437,20.46272046918493,-7.7692902,110.3850274,-0.859,-7.7696725,110.3850264,-2.327
1788934708.2849867,42.535302956071085,42.535302956071085,0.0,False,False,20.203313614355437,20.46272046918493,-7.7692902,110.3850274,-0.859,-7.7696725,110.3850264,-2.327
1788934708.4851382,42.535302956071085,42.535302956071085,0.0,False,False,20.203313614355437,20.46272046918493,-7.7692902,110.3850274,-0.859,-7.7696725,110.3850264,-2.327
1788934708.687029,42.535302956071085,42.535302956071085,0.0,False,False,20.203313614355437,20.46272046918493,-7.7692902,110.3850274,-0.859,-7.7696725,110.3850264,-2.327
1788934708.8883102,42.535302956071085,42.535302956071085,0.0,False,False,20.203313614355437,20.46272046918493,-7.7692902,110.3850274,-0.859,-7.7696725,110.3850264,-2.327
1788934709.0969944,42.535302956071085,42.535302956071085,0.0,False,False,20.203313614355437,20.46272046918493,-7.7692902,110.3850274,-0.859,-7.7696725,110.3850264,-2.327
1788934709.2981546,42.535302956071085,42.535302956071085,0.0,False,False,20.203313614355437,20.46272046918493,-7.7692902,110.3850274,-0.859,-7.7696725,110.3850264,-2.327
1788934709.499846,42.535302956071085,42.535302956071085,0.0,False,False,20.203313614355437,20.46272046918493,-7.7692902,110.3850274,-0.859,-7.7696725,110.3850264,-2.327
1788934709.70048,42.535302956071085,42.535302956071085,0.0,False,False,20.203313614355437,20.46272046918493,-7.7692902,110.3850274,-0.859,-7.7696725,110.3850264,-2.327
1788934709.902167,42.535302956071085,42.535302956071085,0.0,False,False,20.203313614355437,20.46272046918493,-7.7692902,110.3850274,-0.859,-7.7696725,110.3850264,-2.327
1788934710.1036358,42.535302956071085,42.535302956071085,0.0,False,False,20.203313614355437,20.46272046918493,-7.7692902,110.3850274,-0.859,-7.7696725,110.3850264,-2.327
1788934710.306418,42.535302956071085,42.535302956071085,0.0,False,False,20.203313614355437,20.46272046918493,-7.7692902,110.3850274,-0.859,-7.7696725,110.3850264,-2.327
1788934710.5126102,42.535302956071085,42.535302956071085,0.0,False,False,20.203313614355437,20.46272046918493,-7.7692902,110.3850274,-0.859,-7.7696725,110.3850264,-2.327
1788934710.7200809,42.535302956071085,42.535302956071085,0.0,False,False,20.203313614355437,20.46272046918493,-7.7692902,110.3850274,-0.859,-7.7696725,110.3850264,-2.327
1788934710.922885,42.535302956071085,42.535302956071085,0.0,False,False,20.203313614355437,20.46272046918493,-7.7692902,110.3850274,-0.859,-7.7696725,110.3850264,-2.327
1788934711.1243575,42.535302956071085,42.535302956071085,0.0,False,False,20.203313614355437,20.46272046918493,-7.7692902,110.3850274,-0.859,-7.7696725,110.3850264,-2.327
1788934711.326154,42.535302956071085,42.535302956071085,0.0,False,False,20.203313614355437,20.46272046918493,-7.7692902,110.3850274,-0.859,-7.7696725,110.3850264,-2.327
1788934711.5273557,42.535302956071085,42.535302956071085,0.0,False,False,20.203313614355437,20.46272046918493,-7.7692902,110.3850274,-0.859,-7.7696725,110.3850264,-2.327
1788934711.7358341,42.535302956071085,42.535302956071085,0.0,False,False,20.203313614355437,20.46272046918493,-7.7692902,110.3850274,-0.859,-7.7696725,110.3850264,-2.327
1788934711.9368162,42.535302956071085,42.535302956071085,0.0,False,False,20.203313614355437,20.46272046918493,-7.7692902,110.3850274,-0.859,-7.7696725,110.3850264,-2.327
1788934712.1451662,42.535302956071085,42.535302956071085,0.0,False,False,20.203313614355437,20.46272046918493,-7.7692902,110.3850274,-0.859,-7.7696725,110.3850264,-2.327
1788934712.353985,42.535302956071085,42.535302956071085,0.0,False,False,20.203313614355437,20.46272046918493,-7.7692902,110.3850274,-0.859,-7.7696725,110.3850264,-2.327
1788934712.5621376,42.535302956071085,42.535302956071085,0.0,False,False,20.203313614355437,20.46272046918493,-7.7692902,110.3850274,-0.859,-7.7696725,110.3850264,-2.327
1788934712.7703621,42.535302956071085,42.535302956071085,0.0,False,False,20.203313614355437,20.46272046918493,-7.7692902,110.3850274,-0.859,-7.7696725,110.3850264,-2.327
1788934712.9783556,42.535302956071085,42.535302956071085,0.0,False,False,20.203313614355437,20.46272046918493,-7.7692902,110.3850274,-0.859,-7.7696725,110.3850264,-2.327
1788934713.1800473,42.535302956071085,42.535302956071085,0.0,False,False,20.203313614355437,20.46272046918493,-7.7692902,110.3850274,-0.859,-7.7696725,110.3850264,-2.327
1788934713.3813224,42.535302956071085,42.535302956071085,0.0,False,False,20.203313614355437,20.46272046918493,-7.7692902,110.3850274,-0.859,-7.7696725,110.3850264,-2.327
1788934713.584391,42.535302956071085,42.535302956071085,0.0,False,False,20.203313614355437,20.46272046918493,-7.7692902,110.3850274,-0.859,-7.7696725,110.3850264,-2.327
1788934713.7857034,42.535302956071085,42.535302956071085,0.0,False,False,20.203313614355437,20.46272046918493,-7.7692902,110.3850274,-0.859,-7.7696725,110.3850264,-2.327
1788934713.986769,42.535302956071085,42.535302956071085,0.0,False,False,20.203313614355437,20.46272046918493,-7.7692902,110.3850274,-0.859,-7.7696725,110.3850264,-2.327
1788934714.1873143,42.535302956071085,42.535302956071085,0.0,False,False,20.203313614355437,20.46272046918493,-7.7692902,110.3850274,-0.859,-7.7696725,110.3850264,-2.327
1788934714.4021568,42.535302956071085,42.535302956071085,0.0,False,False,20.203313614355437,20.46272046918493,-7.7692902,110.3850274,-0.859,-7.7696725,110.3850264,-2.327
1788934714.6041527,42.535302956071085,42.535302956071085,0.0,False,False,20.203313614355437,20.46272046918493,-7.7692902,110.3850274,-0.859,-7.7696725,110.3850264,-2.327
1788934714.8058364,42.535302956071085,42.535302956071085,0.0,False,False,20.203313614355437,20.46272046918493,-7.7692902,110.3850274,-0.859,-7.7696725,110.3850264,-2.327
1788934715.0065486,42.535302956071085,42.535302956071085,0.0,False,False,20.203313614355437,20.46272046918493,-7.7692902,110.3850274,-0.859,-7.7696725,110.3850264,-2.327
1788934715.208328,42.535302956071085,42.535302956071085,0.0,False,False,20.203313614355437,20.46272046918493,-7.7692902,110.3850274,-0.859,-7.7696725,110.3850264,-2.327
1788934715.4097435,42.535302956071085,42.535302956071085,0.0,False,False,20.203313614355437,20.46272046918493,-7.7692902,110.3850274,-0.859,-7.7696725,110.3850264,-2.327
1788934715.6126876,42.535302956071085,42.535302956071085,0.0,False,False,20.203313614355437,20.46272046918493,-7.7692902,110.3850274,-0.859,-7.7696725,110.3850264,-2.327
1788934715.8274486,42.535302956071085,42.535302956071085,0.0,False,False,20.203313614355437,20.46272046918493,-7.7692902,110.3850274,-0.859,-7.7696725,110.3850264,-2.327
1788934716.0292242,42.535302956071085,42.535302956071085,0.0,False,False,20.203313614355437,20.46272046918493,-7.7692902,110.3850274,-0.859,-7.7696725,110.3850264,-2.327
1788934716.2445617,42.535302956071085,42.535302956071085,0.0,False,False,20.203313614355437,20.46272046918493,-7.7692902,110.3850274,-0.859,-7.7696725,110.3850264,-2.327
1788934716.4467163,42.535302956071085,42.535302956071085,0.0,False,False,20.203313614355437,20.46272046918493,-7.7692902,110.3850274,-0.859,-7.7696725,110.3850264,-2.327
1788934716.6506586,42.535302956071085,42.535302956071085,0.0,False,False,20.203313614355437,20.46272046918493,-7.7692902,110.3850274,-0.859,-7.7696725,110.3850264,-2.327
1788934716.8549268,42.535302956071085,42.535302956071085,0.0,False,False,20.203313614355437,20.46272046918493,-7.7692902,110.3850274,-0.859,-7.7696725,110.3850264,-2.327
1788934717.0561433,42.535302956071085,42.535302956071085,0.0,False,False,20.203313614355437,20.46272046918493,-7.7692902,110.3850274,-0.859,-7.7696725,110.3850264,-2.327
1788934717.2581074,42.535302956071085,42.535302956071085,0.0,False,False,20.203313614355437,20.46272046918493,-7.7692902,110.3850274,-0.859,-7.7696725,110.3850264,-2.327
1788934717.4614964,42.535268455303644,42.535268455303644,0.0,False,False,20.20345515004797,20.46272046918493,-7.7692902,110.3850274,-0.86,-7.7696725,110.3850264,-2.327
1788934717.6647468,42.535268455303644,42.535268455303644,0.0,False,False,20.20345515004797,20.46272046918493,-7.7692902,110.3850274,-0.86,-7.7696725,110.3850264,-2.327
1788934717.8673067,42.535268455303644,42.535268455303644,0.0,False,False,20.20345515004797,20.46272046918493,-7.7692902,110.3850274,-0.86,-7.7696725,110.3850264,-2.327
1788934718.0691905,42.535268455303644,42.535268455303644,0.0,False,False,20.20345515004797,20.46272046918493,-7.7692902,110.3850274,-0.86,-7.7696725,110.3850264,-2.327
1788934718.2697873,42.535268455303644,42.535268455303644,0.0,False,False,20.20345515004797,20.46272046918493,-7.7692902,110.3850274,-0.86,-7.7696725,110.3850264,-2.327
1788934718.4720483,42.535268455303644,42.535268455303644,0.0,False,False,20.20345515004797,20.46272046918493,-7.7692902,110.3850274,-0.86,-7.7696725,110.3850264,-2.327
1788934718.6751688,42.535268455303644,42.535268455303644,0.0,False,False,20.20345515004797,20.46272046918493,-7.7692902,110.3850274,-0.86,-7.7696725,110.3850264,-2.327
1788934718.8765135,42.535268455303644,42.535268455303644,0.0,False,False,20.20345515004797,20.46272046918493,-7.7692902,110.3850274,-0.86,-7.7696725,110.3850264,-2.327
1788934719.078203,42.535268455303644,42.535268455303644,0.0,False,False,20.20345515004797,20.46272046918493,-7.7692902,110.3850274,-0.86,-7.7696725,110.3850264,-2.327
1788934719.2788534,42.535268455303644,42.535268455303644,0.0,False,False,20.20345515004797,20.46272046918493,-7.7692902,110.3850274,-0.86,-7.7696725,110.3850264,-2.327
1788934719.4801223,42.535268455303644,42.535268455303644,0.0,False,False,20.20345515004797,20.46272046918493,-7.7692902,110.3850274,-0.86,-7.7696725,110.3850264,-2.327
1788934719.6818583,42.535268455303644,42.535268455303644,0.0,False,False,20.20345515004797,20.46272046918493,-7.7692902,110.3850274,-0.86,-7.7696725,110.3850264,-2.327
1788934719.8851054,42.535268455303644,42.535268455303644,0.0,False,False,20.20345515004797,20.46272046918493,-7.7692902,110.3850274,-0.86,-7.7696725,110.3850264,-2.327
1788934720.0862432,42.535268455303644,42.535268455303644,0.0,False,False,20.20345515004797,20.46272046918493,-7.7692902,110.3850274,-0.86,-7.7696725,110.3850264,-2.327
1788934720.288047,42.535268455303644,42.535268455303644,0.0,False,False,20.20345515004797,20.46272046918493,-7.7692902,110.3850274,-0.86,-7.7696725,110.3850264,-2.327
1788934720.489519,42.535268455303644,42.535268455303644,0.0,False,False,20.20345515004797,20.46272046918493,-7.7692902,110.3850274,-0.86,-7.7696725,110.3850264,-2.327
1788934720.6915302,42.535268455303644,42.535268455303644,0.0,False,False,20.20345515004797,20.46272046918493,-7.7692902,110.3850274,-0.86,-7.7696725,110.3850264,-2.327
1788934720.9052584,42.535268455303644,42.535268455303644,0.0,False,False,20.20345515004797,20.46272046918493,-7.7692902,110.3850274,-0.86,-7.7696725,110.3850264,-2.327
1788934721.1092765,42.535268455303644,42.535268455303644,0.0,False,False,20.20345515004797,20.46272046918493,-7.7692902,110.3850274,-0.86,-7.7696725,110.3850264,-2.327
1788934721.3208437,42.535268455303644,42.535268455303644,0.0,False,False,20.20345515004797,20.46272046918493,-7.7692902,110.3850274,-0.86,-7.7696725,110.3850264,-2.327
1788934721.521104,42.535268455303644,42.535268455303644,0.0,False,False,20.20345515004797,20.46272046918493,-7.7692902,110.3850274,-0.86,-7.7696725,110.3850264,-2.327
1788934721.7233422,42.535268455303644,42.535268455303644,0.0,False,False,20.20345515004797,20.46272046918493,-7.7692902,110.3850274,-0.86,-7.7696725,110.3850264,-2.327
1788934721.9244924,42.535268455303644,42.535268455303644,0.0,False,False,20.20345515004797,20.46272046918493,-7.7692902,110.3850274,-0.86,-7.7696725,110.3850264,-2.327
1788934722.1367369,42.535268455303644,42.535268455303644,0.0,False,False,20.20345515004797,20.46272046918493,-7.7692902,110.3850274,-0.86,-7.7696725,110.3850264,-2.327
1788934722.3382185,42.535268455303644,42.535268455303644,0.0,False,False,20.20345515004797,20.46272046918493,-7.7692902,110.3850274,-0.86,-7.7696725,110.3850264,-2.327
1788934722.5418766,42.535268455303644,42.535268455303644,0.0,False,False,20.20345515004797,20.46272046918493,-7.7692902,110.3850274,-0.86,-7.7696725,110.3850264,-2.327
1788934722.7434223,42.535268455303644,42.535268455303644,0.0,False,False,20.20345515004797,20.46272046918493,-7.7692902,110.3850274,-0.86,-7.7696725,110.3850264,-2.327
1788934722.9550586,42.535268455303644,42.535268455303644,0.0,False,False,20.20345515004797,20.46272046918493,-7.7692902,110.3850274,-0.86,-7.7696725,110.3850264,-2.327
1788934723.1571033,42.535268455303644,42.535268455303644,0.0,False,False,20.20345515004797,20.46272046918493,-7.7692902,110.3850274,-0.86,-7.7696725,110.3850264,-2.327
1788934723.3599217,42.535268455303644,42.535268455303644,0.0,False,False,20.20345515004797,20.46272046918493,-7.7692902,110.3850274,-0.86,-7.7696725,110.3850264,-2.327
1788934723.5609875,42.535268455303644,42.535268455303644,0.0,False,False,20.20345515004797,20.46272046918493,-7.7692902,110.3850274,-0.86,-7.7696725,110.3850264,-2.327
1788934723.7628636,42.535268455303644,42.535268455303644,0.0,False,False,20.20345515004797,20.46272046918493,-7.7692902,110.3850274,-0.86,-7.7696725,110.3850264,-2.327
1788934723.96785,42.535268455303644,42.535268455303644,0.0,False,False,20.20345515004797,20.46272046918493,-7.7692902,110.3850274,-0.86,-7.7696725,110.3850264,-2.327
1788934724.1705337,42.535268455303644,42.535268455303644,0.0,False,False,20.20345515004797,20.46272046918493,-7.7692902,110.3850274,-0.86,-7.7696725,110.3850264,-2.327
1788934724.370997,42.535268455303644,42.535268455303644,0.0,False,False,20.20345515004797,20.46272046918493,-7.7692902,110.3850274,-0.86,-7.7696725,110.3850264,-2.327
1788934724.573052,42.535268455303644,42.535268455303644,0.0,False,False,20.20345515004797,20.46272046918493,-7.7692902,110.3850274,-0.86,-7.7696725,110.3850264,-2.327
1788934724.7737875,42.535268455303644,42.535268455303644,0.0,False,False,20.20345515004797,20.46272046918493,-7.7692902,110.3850274,-0.86,-7.7696725,110.3850264,-2.327
1788934724.9738946,42.535268455303644,42.535268455303644,0.0,False,False,20.20345515004797,20.46272046918493,-7.7692902,110.3850274,-0.86,-7.7696725,110.3850264,-2.327
1788934725.1749623,42.535268455303644,42.535268455303644,0.0,False,False,20.20345515004797,20.46272046918493,-7.7692902,110.3850274,-0.86,-7.7696725,110.3850264,-2.327
1788934725.3763237,42.535268455303644,42.535268455303644,0.0,False,False,20.20345515004797,20.46272046918493,-7.7692902,110.3850274,-0.86,-7.7696725,110.3850264,-2.327
1788934725.577414,42.535268455303644,42.535268455303644,0.0,False,False,20.20345515004797,20.46272046918493,-7.7692902,110.3850274,-0.86,-7.7696725,110.3850264,-2.327
1788934725.7886505,42.535268455303644,42.535268455303644,0.0,False,False,20.20345515004797,20.46272046918493,-7.7692902,110.3850274,-0.86,-7.7696725,110.3850264,-2.327
1788934725.9916794,42.535268455303644,42.535268455303644,0.0,False,False,20.20345515004797,20.46272046918493,-7.7692902,110.3850274,-0.86,-7.7696725,110.3850264,-2.327
1788934726.1938531,42.535268455303644,42.535268455303644,0.0,False,False,20.20345515004797,20.46272046918493,-7.7692902,110.3850274,-0.86,-7.7696725,110.3850264,-2.327
1788934726.3960724,42.535268455303644,42.535268455303644,0.0,False,False,20.20345515004797,20.46272046918493,-7.7692902,110.3850274,-0.86,-7.7696725,110.3850264,-2.327
1788934726.598851,42.535268455303644,42.535268455303644,0.0,False,False,20.20345515004797,20.46272046918493,-7.7692902,110.3850274,-0.86,-7.7696725,110.3850264,-2.327
1788934726.79977,42.535268455303644,42.535268455303644,0.0,False,False,20.20345515004797,20.46272046918493,-7.7692902,110.3850274,-0.86,-7.7696725,110.3850264,-2.327
1788934727.0002298,42.535268455303644,42.535268455303644,0.0,False,False,20.20345515004797,20.46272046918493,-7.7692902,110.3850274,-0.86,-7.7696725,110.3850264,-2.327
1788934727.2015884,42.535268455303644,42.535268455303644,0.0,False,False,20.20345515004797,20.46272046918493,-7.7692902,110.3850274,-0.86,-7.7696725,110.3850264,-2.327
1788934727.4035566,42.535268455303644,42.535268455303644,0.0,False,False,20.20345515004797,20.46272046918493,-7.7692902,110.3850274,-0.86,-7.7696725,110.3850264,-2.327
1788934727.6055222,42.535268455303644,42.535268455303644,0.0,False,False,20.20345515004797,20.46272046918493,-7.7692902,110.3850274,-0.86,-7.7696725,110.3850264,-2.327
1788934727.8059013,42.535268455303644,42.535268455303644,0.0,False,False,20.20345515004797,20.46272046918493,-7.7692902,110.3850274,-0.86,-7.7696725,110.3850264,-2.327
1788934728.0078967,42.535268455303644,42.535268455303644,0.0,False,False,20.20345515004797,20.46272046918493,-7.7692902,110.3850274,-0.86,-7.7696725,110.3850264,-2.327
1788934728.2080443,42.535268455303644,42.535268455303644,0.0,False,False,20.20345515004797,20.46272046918493,-7.7692902,110.3850274,-0.86,-7.7696725,110.3850264,-2.327
1788934728.42204,42.535268455303644,42.535268455303644,0.0,False,False,20.20345515004797,20.46272046918493,-7.7692902,110.3850274,-0.86,-7.7696725,110.3850264,-2.327
1788934728.6246998,42.535268455303644,42.535268455303644,0.0,False,False,20.20345515004797,20.46272046918493,-7.7692902,110.3850274,-0.86,-7.7696725,110.3850264,-2.327
1788934728.824846,42.535268455303644,42.535268455303644,0.0,False,False,20.20345515004797,20.46272046918493,-7.7692902,110.3850274,-0.86,-7.7696725,110.3850264,-2.327
1788934729.0403585,42.535268455303644,42.535268455303644,0.0,False,False,20.20345515004797,20.46272046918493,-7.7692902,110.3850274,-0.86,-7.7696725,110.3850264,-2.327
1788934729.2428038,42.535268455303644,42.535268455303644,0.0,False,False,20.20345515004797,20.46272046918493,-7.7692902,110.3850274,-0.86,-7.7696725,110.3850264,-2.327
1788934729.448457,42.535268455303644,42.535268455303644,0.0,False,False,20.20345515004797,20.46272046918493,-7.7692902,110.3850274,-0.86,-7.7696725,110.3850264,-2.327
1788934729.6516695,42.535268455303644,42.535268455303644,0.0,False,False,20.20345515004797,20.46272046918493,-7.7692902,110.3850274,-0.86,-7.7696725,110.3850264,-2.327
1788934729.8536053,42.535268455303644,42.535268455303644,0.0,False,False,20.20345515004797,20.46272046918493,-7.7692902,110.3850274,-0.86,-7.7696725,110.3850264,-2.327
1788934730.0553997,42.535268455303644,42.535268455303644,0.0,False,False,20.20345515004797,20.46272046918493,-7.7692902,110.3850274,-0.86,-7.7696725,110.3850264,-2.327
1788934730.2590246,42.535268455303644,42.535268455303644,0.0,False,False,20.20345515004797,20.46272046918493,-7.7692902,110.3850274,-0.86,-7.7696725,110.3850264,-2.327
1788934730.460099,42.535268455303644,42.535268455303644,0.0,False,False,20.20345515004797,20.46272046918493,-7.7692902,110.3850274,-0.86,-7.7696725,110.3850264,-2.327
1788934730.6612885,42.535268455303644,42.535268455303644,0.0,False,False,20.20345515004797,20.46272046918493,-7.7692902,110.3850274,-0.86,-7.7696725,110.3850264,-2.327
1788934730.862683,42.535268455303644,42.535268455303644,0.0,False,False,20.20345515004797,20.46272046918493,-7.7692902,110.3850274,-0.86,-7.7696725,110.3850264,-2.327
1788934731.0770886,42.535268455303644,42.535268455303644,0.0,False,False,20.20345515004797,20.46272046918493,-7.7692902,110.3850274,-0.86,-7.7696725,110.3850264,-2.327
1788934731.2807238,42.535268455303644,42.535268455303644,0.0,False,False,20.20345515004797,20.46272046918493,-7.7692902,110.3850274,-0.86,-7.7696725,110.3850264,-2.327
1788934731.48217,42.535268455303644,42.535268455303644,0.0,False,False,20.20345515004797,20.46272046918493,-7.7692902,110.3850274,-0.86,-7.7696725,110.3850264,-2.327
1788934731.6834104,42.535268455303644,42.535268455303644,0.0,False,False,20.20345515004797,20.46272046918493,-7.7692902,110.3850274,-0.86,-7.7696725,110.3850264,-2.327
1788934731.8845787,42.535268455303644,42.535268455303644,0.0,False,False,20.20345515004797,20.46272046918493,-7.7692902,110.3850274,-0.86,-7.7696725,110.3850264,-2.327
1788934732.0859523,42.535268455303644,42.535268455303644,0.0,False,False,20.20345515004797,20.46272046918493,-7.7692902,110.3850274,-0.86,-7.7696725,110.3850264,-2.327
1788934732.2877963,42.535268455303644,42.535268455303644,0.0,False,False,20.20345515004797,20.46272046918493,-7.7692902,110.3850274,-0.86,-7.7696725,110.3850264,-2.327
1788934732.492187,42.535268455303644,42.535268455303644,0.0,False,False,20.20345515004797,20.46272046918493,-7.7692902,110.3850274,-0.86,-7.7696725,110.3850264,-2.327
1788934732.6930752,42.535268455303644,42.535268455303644,0.0,False,False,20.20345515004797,20.46272046918493,-7.7692902,110.3850274,-0.86,-7.7696725,110.3850264,-2.327
1788934732.895768,42.535268455303644,42.535268455303644,0.0,False,False,20.20345515004797,20.46272046918493,-7.7692902,110.3850274,-0.86,-7.7696725,110.3850264,-2.327
1788934733.0987296,42.535268455303644,42.535268455303644,0.0,False,False,20.20345515004797,20.46272046918493,-7.7692902,110.3850274,-0.86,-7.7696725,110.3850264,-2.327
1788934733.3002977,42.535268455303644,42.535268455303644,0.0,False,False,20.20345515004797,20.46272046918493,-7.7692902,110.3850274,-0.86,-7.7696725,110.3850264,-2.327
1788934733.502144,42.535302956071085,42.535302956071085,0.0,False,False,20.203313614355437,20.46272046918493,-7.7692902,110.3850274,-0.859,-7.7696725,110.3850264,-2.327
1788934733.7047582,42.535302956071085,42.535302956071085,0.0,False,False,20.203313614355437,20.46272046918493,-7.7692902,110.3850274,-0.859,-7.7696725,110.3850264,-2.327
1788934733.9062705,42.535302956071085,42.535302956071085,0.0,False,False,20.203313614355437,20.46272046918493,-7.7692902,110.3850274,-0.859,-7.7696725,110.3850264,-2.327
1788934734.106858,42.535302956071085,42.535302956071085,0.0,False,False,20.203313614355437,20.46272046918493,-7.7692902,110.3850274,-0.859,-7.7696725,110.3850264,-2.327
1788934734.3086092,42.535302956071085,42.535302956071085,0.0,False,False,20.203313614355437,20.46272046918493,-7.7692902,110.3850274,-0.859,-7.7696725,110.3850264,-2.327
1788934734.5100493,42.535302956071085,42.535302956071085,0.0,False,False,20.203313614355437,20.46272046918493,-7.7692902,110.3850274,-0.859,-7.7696725,110.3850264,-2.327
1788934734.7104146,42.535302956071085,42.535302956071085,0.0,False,False,20.203313614355437,20.46272046918493,-7.7692902,110.3850274,-0.859,-7.7696725,110.3850264,-2.327
1788934734.9111834,42.535302956071085,42.535302956071085,0.0,False,False,20.203313614355437,20.46272046918493,-7.7692902,110.3850274,-0.859,-7.7696725,110.3850264,-2.327
1788934735.1159103,42.535302956071085,42.535302956071085,0.0,False,False,20.203313614355437,20.46272046918493,-7.7692902,110.3850274,-0.859,-7.7696725,110.3850264,-2.327
1788934735.316312,42.535302956071085,42.535302956071085,0.0,False,False,20.203313614355437,20.46272046918493,-7.7692902,110.3850274,-0.859,-7.7696725,110.3850264,-2.327
1788934735.5183172,42.535302956071085,42.535302956071085,0.0,False,False,20.203313614355437,20.46272046918493,-7.7692902,110.3850274,-0.859,-7.7696725,110.3850264,-2.327
1788934735.7198076,42.535302956071085,42.535302956071085,0.0,False,False,20.203313614355437,20.46272046918493,-7.7692902,110.3850274,-0.859,-7.7696725,110.3850264,-2.327
1788934735.9229941,42.535302956071085,42.535302956071085,0.0,False,False,20.203313614355437,20.46272046918493,-7.7692902,110.3850274,-0.859,-7.7696725,110.3850264,-2.327
1788934736.1253426,42.535302956071085,42.535302956071085,0.0,False,False,20.203313614355437,20.46272046918493,-7.7692902,110.3850274,-0.859,-7.7696725,110.3850264,-2.327
1788934736.327025,42.535302956071085,42.535302956071085,0.0,False,False,20.203313614355437,20.46272046918493,-7.7692902,110.3850274,-0.859,-7.7696725,110.3850264,-2.327
1788934736.5299258,42.535302956071085,42.535302956071085,0.0,False,False,20.203313614355437,20.46272046918493,-7.7692902,110.3850274,-0.859,-7.7696725,110.3850264,-2.327
1788934736.731485,42.535302956071085,42.535302956071085,0.0,False,False,20.203313614355437,20.46272046918493,-7.7692902,110.3850274,-0.859,-7.7696725,110.3850264,-2.327
1788934736.9350667,42.535302956071085,42.535302956071085,0.0,False,False,20.203313614355437,20.46272046918493,-7.7692902,110.3850274,-0.859,-7.7696725,110.3850264,-2.327
1788934737.1503055,42.535302956071085,42.535302956071085,0.0,False,False,20.203313614355437,20.46272046918493,-7.7692902,110.3850274,-0.859,-7.7696725,110.3850264,-2.327
1788934737.3504581,42.535302956071085,42.535302956071085,0.0,False,False,20.203313614355437,20.46272046918493,-7.7692902,110.3850274,-0.859,-7.7696725,110.3850264,-2.327
1788934737.5517843,42.535302956071085,42.535302956071085,0.0,False,False,20.203313614355437,20.46272046918493,-7.7692902,110.3850274,-0.859,-7.7696725,110.3850264,-2.327
1788934737.7537055,42.535302956071085,42.535302956071085,0.0,False,False,20.203313614355437,20.46272046918493,-7.7692902,110.3850274,-0.859,-7.7696725,110.3850264,-2.327
1788934737.955743,42.535302956071085,42.535302956071085,0.0,False,False,20.203313614355437,20.46272046918493,-7.7692902,110.3850274,-0.859,-7.7696725,110.3850264,-2.327
1788934738.157953,42.535302956071085,42.535302956071085,0.0,False,False,20.203313614355437,20.46272046918493,-7.7692902,110.3850274,-0.859,-7.7696725,110.3850264,-2.327
1788934738.359978,42.535302956071085,42.535302956071085,0.0,False,False,20.203313614355437,20.46272046918493,-7.7692902,110.3850274,-0.859,-7.7696725,110.3850264,-2.327
1788934738.561869,42.535302956071085,42.535302956071085,0.0,False,False,20.203313614355437,20.46272046918493,-7.7692902,110.3850274,-0.859,-7.7696725,110.3850264,-2.327
1788934738.7644706,42.535302956071085,42.535302956071085,0.0,False,False,20.203313614355437,20.46272046918493,-7.7692902,110.3850274,-0.859,-7.7696725,110.3850264,-2.327
1788934738.9669604,42.535302956071085,42.535302956071085,0.0,False,False,20.203313614355437,20.46272046918493,-7.7692902,110.3850274,-0.859,-7.7696725,110.3850264,-2.327
1788934739.1686265,42.535302956071085,42.535302956071085,0.0,False,False,20.203313614355437,20.46272046918493,-7.7692902,110.3850274,-0.859,-7.7696725,110.3850264,-2.327
1788934739.3709395,42.535302956071085,42.535302956071085,0.0,False,False,20.203313614355437,20.46272046918493,-7.7692902,110.3850274,-0.859,-7.7696725,110.3850264,-2.327
1788934739.5746782,42.535302956071085,42.535302956071085,0.0,False,False,20.203313614355437,20.46272046918493,-7.7692902,110.3850274,-0.859,-7.7696725,110.3850264,-2.327
1788934739.7773294,42.535302956071085,42.535302956071085,0.0,False,False,20.203313614355437,20.46272046918493,-7.7692902,110.3850274,-0.859,-7.7696725,110.3850264,-2.327
1788934739.9820437,42.535302956071085,42.535302956071085,0.0,False,False,20.203313614355437,20.46272046918493,-7.7692902,110.3850274,-0.859,-7.7696725,110.3850264,-2.327
1788934740.183374,42.535302956071085,42.535302956071085,0.0,False,False,20.203313614355437,20.46272046918493,-7.7692902,110.3850274,-0.859,-7.7696725,110.3850264,-2.327
1788934740.3850641,42.535302956071085,42.535302956071085,0.0,False,False,20.203313614355437,20.46272046918493,-7.7692902,110.3850274,-0.859,-7.7696725,110.3850264,-2.327
1788934740.5875463,42.535302956071085,42.535302956071085,0.0,False,False,20.203313614355437,20.46272046918493,-7.7692902,110.3850274,-0.859,-7.7696725,110.3850264,-2.327
1788934740.7916636,42.535302956071085,42.535302956071085,0.0,False,False,20.203313614355437,20.46272046918493,-7.7692902,110.3850274,-0.859,-7.7696725,110.3850264,-2.327
1788934740.993959,42.535302956071085,42.535302956071085,0.0,False,False,20.203313614355437,20.46272046918493,-7.7692902,110.3850274,-0.859,-7.7696725,110.3850264,-2.327
1788934741.198573,42.535302956071085,42.535302956071085,0.0,False,False,20.203313614355437,20.46272046918493,-7.7692902,110.3850274,-0.859,-7.7696725,110.3850264,-2.327
1788934741.4022105,42.535302956071085,42.535302956071085,0.0,False,False,20.203313614355437,20.46272046918493,-7.7692902,110.3850274,-0.859,-7.7696725,110.3850264,-2.327
1788934741.604006,42.535302956071085,42.535302956071085,0.0,False,False,20.203313614355437,20.46272046918493,-7.7692902,110.3850274,-0.859,-7.7696725,110.3850264,-2.327
1788934741.8051515,42.535302956071085,42.535302956071085,0.0,False,False,20.203313614355437,20.46272046918493,-7.7692902,110.3850274,-0.859,-7.7696725,110.3850264,-2.327
1788934742.0084631,42.535302956071085,42.535302956071085,0.0,False,False,20.203313614355437,20.46272046918493,-7.7692902,110.3850274,-0.859,-7.7696725,110.3850264,-2.327
1788934742.2098253,42.535302956071085,42.535302956071085,0.0,False,False,20.203313614355437,20.46272046918493,-7.7692902,110.3850274,-0.859,-7.7696725,110.3850264,-2.327
1788934742.411723,42.535302956071085,42.535302956071085,0.0,False,False,20.203313614355437,20.46272046918493,-7.7692902,110.3850274,-0.859,-7.7696725,110.3850264,-2.327
1788934742.6153755,42.535302956071085,42.535302956071085,0.0,False,False,20.203313614355437,20.46272046918493,-7.7692902,110.3850274,-0.859,-7.7696725,110.3850264,-2.327
1788934742.8159719,42.535302956071085,42.535302956071085,0.0,False,False,20.203313614355437,20.46272046918493,-7.7692902,110.3850274,-0.859,-7.7696725,110.3850264,-2.327
1788934743.0190773,42.535302956071085,42.535302956071085,0.0,False,False,20.203313614355437,20.46272046918493,-7.7692902,110.3850274,-0.859,-7.7696725,110.3850264,-2.327
1788934743.2200267,42.535302956071085,42.535302956071085,0.0,False,False,20.203313614355437,20.46272046918493,-7.7692902,110.3850274,-0.859,-7.7696725,110.3850264,-2.327
1788934743.4219618,42.535302956071085,42.535302956071085,0.0,False,False,20.203313614355437,20.46272046918493,-7.7692902,110.3850274,-0.859,-7.7696725,110.3850264,-2.327
1788934743.6235888,42.535302956071085,42.535302956071085,0.0,False,False,20.203313614355437,20.46272046918493,-7.7692902,110.3850274,-0.859,-7.7696725,110.3850264,-2.327
1788934743.8281713,42.535302956071085,42.535302956071085,0.0,False,False,20.203313614355437,20.46272046918493,-7.7692902,110.3850274,-0.859,-7.7696725,110.3850264,-2.327
1788934744.0321424,42.535302956071085,42.535302956071085,0.0,False,False,20.203313614355437,20.46272046918493,-7.7692902,110.3850274,-0.859,-7.7696725,110.3850264,-2.327
1788934744.2345295,42.535302956071085,42.535302956071085,0.0,False,False,20.203313614355437,20.46272046918493,-7.7692902,110.3850274,-0.859,-7.7696725,110.3850264,-2.327
1788934744.4493077,42.535302956071085,42.535302956071085,0.0,False,False,20.203313614355437,20.46272046918493,-7.7692902,110.3850274,-0.859,-7.7696725,110.3850264,-2.327
1788934744.6535006,42.535268455303644,42.535268455303644,0.0,False,False,20.20345515004797,20.46272046918493,-7.7692902,110.3850274,-0.86,-7.7696725,110.3850264,-2.327
1788934744.8553717,42.535268455303644,42.535268455303644,0.0,False,False,20.20345515004797,20.46272046918493,-7.7692902,110.3850274,-0.86,-7.7696725,110.3850264,-2.327
1788934745.0589225,42.535268455303644,42.535268455303644,0.0,False,False,20.20345515004797,20.46272046918493,-7.7692902,110.3850274,-0.86,-7.7696725,110.3850264,-2.327
1788934745.263233,42.535268455303644,42.535268455303644,0.0,False,False,20.20345515004797,20.46272046918493,-7.7692902,110.3850274,-0.86,-7.7696725,110.3850264,-2.327
1788934745.4653947,42.535268455303644,42.535268455303644,0.0,False,False,20.20345515004797,20.46272046918493,-7.7692902,110.3850274,-0.86,-7.7696725,110.3850264,-2.327
1788934745.669015,42.535268455303644,42.535268455303644,0.0,False,False,20.20345515004797,20.46272046918493,-7.7692902,110.3850274,-0.86,-7.7696725,110.3850264,-2.327
1788934745.8701212,42.535268455303644,42.535268455303644,0.0,False,False,20.20345515004797,20.46272046918493,-7.7692902,110.3850274,-0.86,-7.7696725,110.3850264,-2.327
1788934746.0720134,42.535268455303644,42.535268455303644,0.0,False,False,20.20345515004797,20.46272046918493,-7.7692902,110.3850274,-0.86,-7.7696725,110.3850264,-2.327
1788934746.2741024,42.535268455303644,42.535268455303644,0.0,False,False,20.20345515004797,20.46272046918493,-7.7692902,110.3850274,-0.86,-7.7696725,110.3850264,-2.327
1788934746.4890592,42.535268455303644,42.535268455303644,0.0,False,False,20.20345515004797,20.46272046918493,-7.7692902,110.3850274,-0.86,-7.7696725,110.3850264,-2.327
1788934746.6938446,42.535268455303644,42.535268455303644,0.0,False,False,20.20345515004797,20.46272046918493,-7.7692902,110.3850274,-0.86,-7.7696725,110.3850264,-2.327
1788934746.89642,42.535268455303644,42.535268455303644,0.0,False,False,20.20345515004797,20.46272046918493,-7.7692902,110.3850274,-0.86,-7.7696725,110.3850264,-2.327
1788934747.0975556,42.535268455303644,42.535268455303644,0.0,False,False,20.20345515004797,20.46272046918493,-7.7692902,110.3850274,-0.86,-7.7696725,110.3850264,-2.327
1788934747.3024256,42.535268455303644,42.535268455303644,0.0,False,False,20.20345515004797,20.46272046918493,-7.7692902,110.3850274,-0.86,-7.7696725,110.3850264,-2.327
1788934747.503937,42.535268455303644,42.535268455303644,0.0,False,False,20.20345515004797,20.46272046918493,-7.7692902,110.3850274,-0.86,-7.7696725,110.3850264,-2.327
1788934747.7059276,42.535268455303644,42.535268455303644,0.0,False,False,20.20345515004797,20.46272046918493,-7.7692902,110.3850274,-0.86,-7.7696725,110.3850264,-2.327
1788934747.9063253,42.535268455303644,42.535268455303644,0.0,False,False,20.20345515004797,20.46272046918493,-7.7692902,110.3850274,-0.86,-7.7696725,110.3850264,-2.327
1788934748.1092544,42.535268455303644,42.535268455303644,0.0,False,False,20.20345515004797,20.46272046918493,-7.7692902,110.3850274,-0.86,-7.7696725,110.3850264,-2.327
1788934748.3105175,42.535268455303644,42.535268455303644,0.0,False,False,20.20345515004797,20.46272046918493,-7.7692902,110.3850274,-0.86,-7.7696725,110.3850264,-2.327
1788934748.514678,42.535268455303644,42.535268455303644,0.0,False,False,20.20345515004797,20.46272046918493,-7.7692902,110.3850274,-0.86,-7.7696725,110.3850264,-2.327
1788934748.7162318,42.535268455303644,42.535268455303644,0.0,False,False,20.20345515004797,20.46272046918493,-7.7692902,110.3850274,-0.86,-7.7696725,110.3850264,-2.327
1788934748.918492,42.535268455303644,42.535268455303644,0.0,False,False,20.20345515004797,20.46272046918493,-7.7692902,110.3850274,-0.86,-7.7696725,110.3850264,-2.327
1788934749.1205447,42.535268455303644,42.535268455303644,0.0,False,False,20.20345515004797,20.46272046918493,-7.7692902,110.3850274,-0.86,-7.7696725,110.3850264,-2.327
1788934749.3222866,42.535268455303644,42.535268455303644,0.0,False,False,20.20345515004797,20.46272046918493,-7.7692902,110.3850274,-0.86,-7.7696725,110.3850264,-2.327
1788934749.535103,42.535268455303644,42.535268455303644,0.0,False,False,20.20345515004797,20.46272046918493,-7.7692902,110.3850274,-0.86,-7.7696725,110.3850264,-2.327
1788934749.7360733,42.535268455303644,42.535268455303644,0.0,False,False,20.20345515004797,20.46272046918493,-7.7692902,110.3850274,-0.86,-7.7696725,110.3850264,-2.327
1788934749.93757,42.535268455303644,42.535268455303644,0.0,False,False,20.20345515004797,20.46272046918493,-7.7692902,110.3850274,-0.86,-7.7696725,110.3850264,-2.327
1788934750.1498003,42.535268455303644,42.535268455303644,0.0,False,False,20.20345515004797,20.46272046918493,-7.7692902,110.3850274,-0.86,-7.7696725,110.3850264,-2.327
1788934750.3648884,42.535268455303644,42.535268455303644,0.0,False,False,20.20345515004797,20.46272046918493,-7.7692902,110.3850274,-0.86,-7.7696725,110.3850264,-2.327
1788934750.567163,42.535268455303644,42.535268455303644,0.0,False,False,20.20345515004797,20.46272046918493,-7.7692902,110.3850274,-0.86,-7.7696725,110.3850264,-2.327
1788934750.7696886,42.535268455303644,42.535268455303644,0.0,False,False,20.20345515004797,20.46272046918493,-7.7692902,110.3850274,-0.86,-7.7696725,110.3850264,-2.327
1788934750.970854,42.535268455303644,42.535268455303644,0.0,False,False,20.20345515004797,20.46272046918493,-7.7692902,110.3850274,-0.86,-7.7696725,110.3850264,-2.327
1788934751.1847048,42.535268455303644,42.535268455303644,0.0,False,False,20.20345515004797,20.46272046918493,-7.7692902,110.3850274,-0.86,-7.7696725,110.3850264,-2.327
1788934751.3880467,42.535268455303644,42.535268455303644,0.0,False,False,20.20345515004797,20.46272046918493,-7.7692902,110.3850274,-0.86,-7.7696725,110.3850264,-2.327
1788934751.589683,42.535268455303644,42.535268455303644,0.0,False,False,20.20345515004797,20.46272046918493,-7.7692902,110.3850274,-0.86,-7.7696725,110.3850264,-2.327
1788934751.7932923,42.535268455303644,42.535268455303644,0.0,False,False,20.20345515004797,20.46272046918493,-7.7692902,110.3850274,-0.86,-7.7696725,110.3850264,-2.327
1788934751.995432,42.535268455303644,42.535268455303644,0.0,False,False,20.20345515004797,20.46272046918493,-7.7692902,110.3850274,-0.86,-7.7696725,110.3850264,-2.327
1788934752.1987948,42.535268455303644,42.535268455303644,0.0,False,False,20.20345515004797,20.46272046918493,-7.7692902,110.3850274,-0.86,-7.7696725,110.3850264,-2.327
1788934752.3991473,42.535268455303644,42.535268455303644,0.0,False,False,20.20345515004797,20.46272046918493,-7.7692902,110.3850274,-0.86,-7.7696725,110.3850264,-2.327
1788934752.6017008,42.535268455303644,42.535268455303644,0.0,False,False,20.20345515004797,20.46272046918493,-7.7692902,110.3850274,-0.86,-7.7696725,110.3850264,-2.327
1788934752.8024309,42.535268455303644,42.535268455303644,0.0,False,False,20.20345515004797,20.46272046918493,-7.7692902,110.3850274,-0.86,-7.7696725,110.3850264,-2.327
1788934753.0061023,42.535268455303644,42.535268455303644,0.0,False,False,20.20345515004797,20.46272046918493,-7.7692902,110.3850274,-0.86,-7.7696725,110.3850264,-2.327
1788934753.2092352,42.535268455303644,42.535268455303644,0.0,False,False,20.20345515004797,20.46272046918493,-7.7692902,110.3850274,-0.86,-7.7696725,110.3850264,-2.327
1788934753.410065,42.535268455303644,42.535268455303644,0.0,False,False,20.20345515004797,20.46272046918493,-7.7692902,110.3850274,-0.86,-7.7696725,110.3850264,-2.327
1788934753.6129942,42.535268455303644,42.535268455303644,0.0,False,False,20.20345515004797,20.46272046918493,-7.7692902,110.3850274,-0.86,-7.7696725,110.3850264,-2.327
1788934753.8164155,42.535268455303644,42.535268455303644,0.0,False,False,20.20345515004797,20.46272046918493,-7.7692902,110.3850274,-0.86,-7.7696725,110.3850264,-2.327
1788934754.017234,42.535268455303644,42.535268455303644,0.0,False,False,20.20345515004797,20.46272046918493,-7.7692902,110.3850274,-0.86,-7.7696725,110.3850264,-2.327
1788934754.2219002,42.535268455303644,42.535268455303644,0.0,False,False,20.20345515004797,20.46272046918493,-7.7692902,110.3850274,-0.86,-7.7696725,110.3850264,-2.327
1788934754.4254434,42.535268455303644,42.535268455303644,0.0,False,False,20.20345515004797,20.46272046918493,-7.7692902,110.3850274,-0.86,-7.7696725,110.3850264,-2.327
1788934754.6274662,42.535268455303644,42.535268455303644,0.0,False,False,20.20345515004797,20.46272046918493,-7.7692902,110.3850274,-0.86,-7.7696725,110.3850264,-2.327
1788934754.8294656,42.535268455303644,42.535268455303644,0.0,False,False,20.20345515004797,20.46272046918493,-7.7692902,110.3850274,-0.86,-7.7696725,110.3850264,-2.327
1788934755.0317428,42.535268455303644,42.535268455303644,0.0,False,False,20.20345515004797,20.46272046918493,-7.7692902,110.3850274,-0.86,-7.7696725,110.3850264,-2.327
1788934755.2330914,42.535268455303644,42.535268455303644,0.0,False,False,20.20345515004797,20.46272046918493,-7.7692902,110.3850274,-0.86,-7.7696725,110.3850264,-2.327
1788934755.4351122,42.535268455303644,42.535268455303644,0.0,False,False,20.20345515004797,20.46272046918493,-7.7692902,110.3850274,-0.86,-7.7696725,110.3850264,-2.327
1788934755.6380517,42.535268455303644,42.535268455303644,0.0,False,False,20.20345515004797,20.46272046918493,-7.7692902,110.3850274,-0.86,-7.7696725,110.3850264,-2.327
1788934755.8538227,42.535268455303644,42.535268455303644,0.0,False,False,20.20345515004797,20.46272046918493,-7.7692902,110.3850274,-0.86,-7.7696725,110.3850264,-2.327
1788934756.0677965,42.535268455303644,42.535268455303644,0.0,False,False,20.20345515004797,20.46272046918493,-7.7692902,110.3850274,-0.86,-7.7696725,110.3850264,-2.327
1788934756.2689857,42.535268455303644,42.535268455303644,0.0,False,False,20.20345515004797,20.46272046918493,-7.7692902,110.3850274,-0.86,-7.7696725,110.3850264,-2.327
1788934756.4837945,42.535268455303644,42.535268455303644,0.0,False,False,20.20345515004797,20.46272046918493,-7.7692902,110.3850274,-0.86,-7.7696725,110.3850264,-2.327
1788934756.6846814,42.535268455303644,42.535268455303644,0.0,False,False,20.20345515004797,20.46272046918493,-7.7692902,110.3850274,-0.86,-7.7696725,110.3850264,-2.327
1788934756.8876343,42.535268455303644,42.535268455303644,0.0,False,False,20.20345515004797,20.46272046918493,-7.7692902,110.3850274,-0.86,-7.7696725,110.3850264,-2.327
1788934757.0915759,42.535268455303644,42.535268455303644,0.0,False,False,20.20345515004797,20.46272046918493,-7.7692902,110.3850274,-0.86,-7.7696725,110.3850264,-2.327
1788934757.293691,42.535268455303644,42.535268455303644,0.0,False,False,20.20345515004797,20.46272046918493,-7.7692902,110.3850274,-0.86,-7.7696725,110.3850264,-2.327
1788934757.4946532,42.535302956071085,42.535302956071085,0.0,False,False,20.203313614355437,20.46272046918493,-7.7692902,110.3850274,-0.859,-7.7696725,110.3850264,-2.327
1788934757.695799,42.535302956071085,42.535302956071085,0.0,False,False,20.203313614355437,20.46272046918493,-7.7692902,110.3850274,-0.859,-7.7696725,110.3850264,-2.327
1788934757.8976183,42.535302956071085,42.535302956071085,0.0,False,False,20.203313614355437,20.46272046918493,-7.7692902,110.3850274,-0.859,-7.7696725,110.3850264,-2.327
1788934758.100767,42.535302956071085,42.535302956071085,0.0,False,False,20.203313614355437,20.46272046918493,-7.7692902,110.3850274,-0.859,-7.7696725,110.3850264,-2.327
1788934758.3034985,42.535302956071085,42.535302956071085,0.0,False,False,20.203313614355437,20.46272046918493,-7.7692902,110.3850274,-0.859,-7.7696725,110.3850264,-2.327
1788934758.504393,42.535302956071085,42.535302956071085,0.0,False,False,20.203313614355437,20.46272046918493,-7.7692902,110.3850274,-0.859,-7.7696725,110.3850264,-2.327
1788934758.7066271,42.535302956071085,42.535302956071085,0.0,False,False,20.203313614355437,20.46272046918493,-7.7692902,110.3850274,-0.859,-7.7696725,110.3850264,-2.327
1788934758.909381,42.535268455303644,42.535268455303644,0.0,False,False,20.20345515004797,20.46272046918493,-7.7692902,110.3850274,-0.86,-7.7696725,110.3850264,-2.327
1788934759.1122463,42.535268455303644,42.535268455303644,0.0,False,False,20.20345515004797,20.46272046918493,-7.7692902,110.3850274,-0.86,-7.7696725,110.3850264,-2.327
1788934759.3127754,42.535268455303644,42.535268455303644,0.0,False,False,20.20345515004797,20.46272046918493,-7.7692902,110.3850274,-0.86,-7.7696725,110.3850264,-2.327
1788934759.5137303,42.535268455303644,42.535268455303644,0.0,False,False,20.20345515004797,20.46272046918493,-7.7692902,110.3850274,-0.86,-7.7696725,110.3850264,-2.327
1788934759.7145746,42.535268455303644,42.535268455303644,0.0,False,False,20.20345515004797,20.46272046918493,-7.7692902,110.3850274,-0.86,-7.7696725,110.3850264,-2.327
1788934759.9152489,42.535268455303644,42.535268455303644,0.0,False,False,20.20345515004797,20.46272046918493,-7.7692902,110.3850274,-0.86,-7.7696725,110.3850264,-2.327
1788934760.1188004,42.535268455303644,42.535268455303644,0.0,False,False,20.20345515004797,20.46272046918493,-7.7692902,110.3850274,-0.86,-7.7696725,110.3850264,-2.327
1788934760.3195057,42.535268455303644,42.535268455303644,0.0,False,False,20.20345515004797,20.46272046918493,-7.7692902,110.3850274,-0.86,-7.7696725,110.3850264,-2.327
1788934760.5327785,42.535268455303644,42.535268455303644,0.0,False,False,20.20345515004797,20.46272046918493,-7.7692902,110.3850274,-0.86,-7.7696725,110.3850264,-2.327
1788934760.7350311,42.535268455303644,42.535268455303644,0.0,False,False,20.20345515004797,20.46272046918493,-7.7692902,110.3850274,-0.86,-7.7696725,110.3850264,-2.327
1788934760.9367294,42.535268455303644,42.535268455303644,0.0,False,False,20.20345515004797,20.46272046918493,-7.7692902,110.3850274,-0.86,-7.7696725,110.3850264,-2.327
1788934761.138394,42.535268455303644,42.535268455303644,0.0,False,False,20.20345515004797,20.46272046918493,-7.7692902,110.3850274,-0.86,-7.7696725,110.3850264,-2.327
1788934761.340206,42.535268455303644,42.535268455303644,0.0,False,False,20.20345515004797,20.46272046918493,-7.7692902,110.3850274,-0.86,-7.7696725,110.3850264,-2.327
1788934761.5426798,42.535268455303644,42.535268455303644,0.0,False,False,20.20345515004797,20.46272046918493,-7.7692902,110.3850274,-0.86,-7.7696725,110.3850264,-2.327
1788934761.746469,42.535268455303644,42.535268455303644,0.0,False,False,20.20345515004797,20.46272046918493,-7.7692902,110.3850274,-0.86,-7.7696725,110.3850264,-2.327
1788934761.960935,42.535268455303644,42.535268455303644,0.0,False,False,20.20345515004797,20.46272046918493,-7.7692902,110.3850274,-0.86,-7.7696725,110.3850264,-2.327
1788934762.1741104,42.535268455303644,42.535268455303644,0.0,False,False,20.20345515004797,20.46272046918493,-7.7692902,110.3850274,-0.86,-7.7696725,110.3850264,-2.327
1788934762.375649,42.535268455303644,42.535268455303644,0.0,False,False,20.20345515004797,20.46272046918493,-7.7692902,110.3850274,-0.86,-7.7696725,110.3850264,-2.327
1788934762.5781534,42.535268455303644,42.535268455303644,0.0,False,False,20.20345515004797,20.46272046918493,-7.7692902,110.3850274,-0.86,-7.7696725,110.3850264,-2.327
1788934762.7929513,42.535268455303644,42.535268455303644,0.0,False,False,20.20345515004797,20.46272046918493,-7.7692902,110.3850274,-0.86,-7.7696725,110.3850264,-2.327
1788934762.9950435,42.535268455303644,42.535268455303644,0.0,False,False,20.20345515004797,20.46272046918493,-7.7692902,110.3850274,-0.86,-7.7696725,110.3850264,-2.327
1788934763.1952856,42.535268455303644,42.535268455303644,0.0,False,False,20.20345515004797,20.46272046918493,-7.7692902,110.3850274,-0.86,-7.7696725,110.3850264,-2.327
1788934763.398785,42.535268455303644,42.535268455303644,0.0,False,False,20.20345515004797,20.46272046918493,-7.7692902,110.3850274,-0.86,-7.7696725,110.3850264,-2.327
1788934763.60056,42.535268455303644,42.535268455303644,0.0,False,False,20.20345515004797,20.46272046918493,-7.7692902,110.3850274,-0.86,-7.7696725,110.3850264,-2.327
1788934763.8032572,42.535268455303644,42.535268455303644,0.0,False,False,20.20345515004797,20.46272046918493,-7.7692902,110.3850274,-0.86,-7.7696725,110.3850264,-2.327
1788934764.0033147,42.535268455303644,42.535268455303644,0.0,False,False,20.20345515004797,20.46272046918493,-7.7692902,110.3850274,-0.86,-7.7696725,110.3850264,-2.327
1788934764.2040238,42.535268455303644,42.535268455303644,0.0,False,False,20.20345515004797,20.46272046918493,-7.7692902,110.3850274,-0.86,-7.7696725,110.3850264,-2.327
1788934764.4053242,42.535268455303644,42.535268455303644,0.0,False,False,20.20345515004797,20.46272046918493,-7.7692902,110.3850274,-0.86,-7.7696725,110.3850264,-2.327
1788934764.6069002,42.535268455303644,42.535268455303644,0.0,False,False,20.20345515004797,20.46272046918493,-7.7692902,110.3850274,-0.86,-7.7696725,110.3850264,-2.327
1788934764.8084772,42.535268455303644,42.535268455303644,0.0,False,False,20.20345515004797,20.46272046918493,-7.7692902,110.3850274,-0.86,-7.7696725,110.3850264,-2.327
1788934765.0174878,42.535268455303644,42.535268455303644,0.0,False,False,20.20345515004797,20.46272046918493,-7.7692902,110.3850274,-0.86,-7.7696725,110.3850264,-2.327
1788934765.2318795,42.535268455303644,42.535268455303644,0.0,False,False,20.20345515004797,20.46272046918493,-7.7692902,110.3850274,-0.86,-7.7696725,110.3850264,-2.327
1788934765.434623,42.535268455303644,42.535268455303644,0.0,False,False,20.20345515004797,20.46272046918493,-7.7692902,110.3850274,-0.86,-7.7696725,110.3850264,-2.327
1788934765.6362169,42.535268455303644,42.535268455303644,0.0,False,False,20.20345515004797,20.46272046918493,-7.7692902,110.3850274,-0.86,-7.7696725,110.3850264,-2.327
1788934765.8392105,42.535268455303644,42.535268455303644,0.0,False,False,20.20345515004797,20.46272046918493,-7.7692902,110.3850274,-0.86,-7.7696725,110.3850264,-2.327
1788934766.0512056,42.535268455303644,42.535268455303644,0.0,False,False,20.20345515004797,20.46272046918493,-7.7692902,110.3850274,-0.86,-7.7696725,110.3850264,-2.327
1788934766.252692,42.535268455303644,42.535268455303644,0.0,False,False,20.20345515004797,20.46272046918493,-7.7692902,110.3850274,-0.86,-7.7696725,110.3850264,-2.327
1788934766.4540994,42.535268455303644,42.535268455303644,0.0,False,False,20.20345515004797,20.46272046918493,-7.7692902,110.3850274,-0.86,-7.7696725,110.3850264,-2.327
1788934766.6550198,42.535268455303644,42.535268455303644,0.0,False,False,20.20345515004797,20.46272046918493,-7.7692902,110.3850274,-0.86,-7.7696725,110.3850264,-2.327
1788934766.8676815,42.535268455303644,42.535268455303644,0.0,False,False,20.20345515004797,20.46272046918493,-7.7692902,110.3850274,-0.86,-7.7696725,110.3850264,-2.327
1788934767.0705395,42.535268455303644,42.535268455303644,0.0,False,False,20.20345515004797,20.46272046918493,-7.7692902,110.3850274,-0.86,-7.7696725,110.3850264,-2.327
1788934767.2737575,42.535268455303644,42.535268455303644,0.0,False,False,20.20345515004797,20.46272046918493,-7.7692902,110.3850274,-0.86,-7.7696725,110.3850264,-2.327
1788934767.4760091,42.535268455303644,42.535268455303644,0.0,False,False,20.20345515004797,20.46272046918493,-7.7692902,110.3850274,-0.86,-7.7696725,110.3850264,-2.327
1788934767.6913192,42.535268455303644,42.535268455303644,0.0,False,False,20.20345515004797,20.46272046918493,-7.7692902,110.3850274,-0.86,-7.7696725,110.3850264,-2.327
1788934767.895103,42.535268455303644,42.535268455303644,0.0,False,False,20.20345515004797,20.46272046918493,-7.7692902,110.3850274,-0.86,-7.7696725,110.3850264,-2.327
1788934768.1104746,42.535268455303644,42.535268455303644,0.0,False,False,20.20345515004797,20.46272046918493,-7.7692902,110.3850274,-0.86,-7.7696725,110.3850264,-2.327
1788934768.31078,42.535268455303644,42.535268455303644,0.0,False,False,20.20345515004797,20.46272046918493,-7.7692902,110.3850274,-0.86,-7.7696725,110.3850264,-2.327
1788934768.5181854,42.535268455303644,42.535268455303644,0.0,False,False,20.20345515004797,20.46272046918493,-7.7692902,110.3850274,-0.86,-7.7696725,110.3850264,-2.327
1788934768.7186372,42.535268455303644,42.535268455303644,0.0,False,False,20.20345515004797,20.46272046918493,-7.7692902,110.3850274,-0.86,-7.7696725,110.3850264,-2.327
1788934768.9187527,42.535268455303644,42.535268455303644,0.0,False,False,20.20345515004797,20.46272046918493,-7.7692902,110.3850274,-0.86,-7.7696725,110.3850264,-2.327
1788934769.119228,42.535268455303644,42.535268455303644,0.0,False,False,20.20345515004797,20.46272046918493,-7.7692902,110.3850274,-0.86,-7.7696725,110.3850264,-2.327
1788934769.3337607,42.535268455303644,42.535268455303644,0.0,False,False,20.20345515004797,20.46272046918493,-7.7692902,110.3850274,-0.86,-7.7696725,110.3850264,-2.327
1788934769.536073,42.535268455303644,42.535268455303644,0.0,False,False,20.20345515004797,20.46272046918493,-7.7692902,110.3850274,-0.86,-7.7696725,110.3850264,-2.327
1788934769.7376804,42.535268455303644,42.535268455303644,0.0,False,False,20.20345515004797,20.46272046918493,-7.7692902,110.3850274,-0.86,-7.7696725,110.3850264,-2.327
1788934769.9384148,42.535268455303644,42.535268455303644,0.0,False,False,20.20345515004797,20.46272046918493,-7.7692902,110.3850274,-0.86,-7.7696725,110.3850264,-2.327
1788934770.1391656,42.535268455303644,42.535268455303644,0.0,False,False,20.20345515004797,20.46272046918493,-7.7692902,110.3850274,-0.86,-7.7696725,110.3850264,-2.327
1788934770.3402162,42.535268455303644,42.535268455303644,0.0,False,False,20.20345515004797,20.46272046918493,-7.7692902,110.3850274,-0.86,-7.7696725,110.3850264,-2.327
1788934770.5416992,42.535268455303644,42.535268455303644,0.0,False,False,20.20345515004797,20.46272046918493,-7.7692902,110.3850274,-0.86,-7.7696725,110.3850264,-2.327
1788934770.7418892,42.535268455303644,42.535268455303644,0.0,False,False,20.20345515004797,20.46272046918493,-7.7692902,110.3850274,-0.86,-7.7696725,110.3850264,-2.327
1788934770.9574826,42.535268455303644,42.535268455303644,0.0,False,False,20.20345515004797,20.46272046918493,-7.7692902,110.3850274,-0.86,-7.7696725,110.3850264,-2.327
1788934771.1591244,42.535268455303644,42.535268455303644,0.0,False,False,20.20345515004797,20.46272046918493,-7.7692902,110.3850274,-0.86,-7.7696725,110.3850264,-2.327
1788934771.3740385,42.535268455303644,42.535268455303644,0.0,False,False,20.20345515004797,20.46272046918493,-7.7692902,110.3850274,-0.86,-7.7696725,110.3850264,-2.327
1788934771.5749474,42.535268455303644,42.535268455303644,0.0,False,False,20.20345515004797,20.46272046918493,-7.7692902,110.3850274,-0.86,-7.7696725,110.3850264,-2.327
1788934771.7755177,42.535268455303644,42.535268455303644,0.0,False,False,20.20345515004797,20.46272046918493,-7.7692902,110.3850274,-0.86,-7.7696725,110.3850264,-2.327
1788934771.976594,42.535268455303644,42.535268455303644,0.0,False,False,20.20345515004797,20.46272046918493,-7.7692902,110.3850274,-0.86,-7.7696725,110.3850264,-2.327
1788934772.191385,42.535268455303644,42.535268455303644,0.0,False,False,20.20345515004797,20.46272046918493,-7.7692902,110.3850274,-0.86,-7.7696725,110.3850264,-2.327
1788934772.3921382,42.535268455303644,42.535268455303644,0.0,False,False,20.20345515004797,20.46272046918493,-7.7692902,110.3850274,-0.86,-7.7696725,110.3850264,-2.327
1788934772.592899,42.535268455303644,42.535268455303644,0.0,False,False,20.20345515004797,20.46272046918493,-7.7692902,110.3850274,-0.86,-7.7696725,110.3850264,-2.327
1788934772.7949994,42.535268455303644,42.535268455303644,0.0,False,False,20.20345515004797,20.46272046918493,-7.7692902,110.3850274,-0.86,-7.7696725,110.3850264,-2.327
1788934772.9958317,42.535268455303644,42.535268455303644,0.0,False,False,20.20345515004797,20.46272046918493,-7.7692902,110.3850274,-0.86,-7.7696725,110.3850264,-2.327
1788934773.210423,42.535268455303644,42.535268455303644,0.0,False,False,20.20345515004797,20.46272046918493,-7.7692902,110.3850274,-0.86,-7.7696725,110.3850264,-2.327
1788934773.4242141,42.535268455303644,42.535268455303644,0.0,False,False,20.20345515004797,20.46272046918493,-7.7692902,110.3850274,-0.86,-7.7696725,110.3850264,-2.327
1788934773.6268077,42.535268455303644,42.535268455303644,0.0,False,False,20.20345515004797,20.46272046918493,-7.7692902,110.3850274,-0.86,-7.7696725,110.3850264,-2.327
1788934773.8269072,42.535268455303644,42.535268455303644,0.0,False,False,20.20345515004797,20.46272046918493,-7.7692902,110.3850274,-0.86,-7.7696725,110.3850264,-2.327
1788934774.027327,42.535268455303644,42.535268455303644,0.0,False,False,20.20345515004797,20.46272046918493,-7.7692902,110.3850274,-0.86,-7.7696725,110.3850264,-2.327
1788934774.2376635,42.535268455303644,42.535268455303644,0.0,False,False,20.20345515004797,20.46272046918493,-7.7692902,110.3850274,-0.86,-7.7696725,110.3850264,-2.327
1788934774.4400222,42.535268455303644,42.535268455303644,0.0,False,False,20.20345515004797,20.46272046918493,-7.7692902,110.3850274,-0.86,-7.7696725,110.3850264,-2.327
1788934774.6413562,42.535268455303644,42.535268455303644,0.0,False,False,20.20345515004797,20.46272046918493,-7.7692902,110.3850274,-0.86,-7.7696725,110.3850264,-2.327
1788934774.8442667,42.535268455303644,42.535268455303644,0.0,False,False,20.20345515004797,20.46272046918493,-7.7692902,110.3850274,-0.86,-7.7696725,110.3850264,-2.327
1788934775.0478938,42.535268455303644,42.535268455303644,0.0,False,False,20.20345515004797,20.46272046918493,-7.7692902,110.3850274,-0.86,-7.7696725,110.3850264,-2.327
1788934775.2634542,42.535268455303644,42.535268455303644,0.0,False,False,20.20345515004797,20.46272046918493,-7.7692902,110.3850274,-0.86,-7.7696725,110.3850264,-2.327
1788934775.4645724,42.535268455303644,42.535268455303644,0.0,False,False,20.20345515004797,20.46272046918493,-7.7692902,110.3850274,-0.86,-7.7696725,110.3850264,-2.327
1788934775.6790535,42.535268455303644,42.535268455303644,0.0,False,False,20.20345515004797,20.46272046918493,-7.7692902,110.3850274,-0.86,-7.7696725,110.3850264,-2.327
1788934775.87999,42.535268455303644,42.535268455303644,0.0,False,False,20.20345515004797,20.46272046918493,-7.7692902,110.3850274,-0.86,-7.7696725,110.3850264,-2.327
1788934776.0841017,42.535268455303644,42.535268455303644,0.0,False,False,20.20345515004797,20.46272046918493,-7.7692902,110.3850274,-0.86,-7.7696725,110.3850264,-2.327
1788934776.285406,42.535268455303644,42.535268455303644,0.0,False,False,20.20345515004797,20.46272046918493,-7.7692902,110.3850274,-0.86,-7.7696725,110.3850264,-2.327
1788934776.487328,42.535268455303644,42.535268455303644,0.0,False,False,20.20345515004797,20.46272046918493,-7.7692902,110.3850274,-0.86,-7.7696725,110.3850264,-2.327
1788934776.6889706,42.535268455303644,42.535268455303644,0.0,False,False,20.20345515004797,20.46272046918493,-7.7692902,110.3850274,-0.86,-7.7696725,110.3850264,-2.327
1788934776.8899488,42.535268455303644,42.535268455303644,0.0,False,False,20.20345515004797,20.46272046918493,-7.7692902,110.3850274,-0.86,-7.7696725,110.3850264,-2.327
1788934777.090732,42.535302956071085,42.535302956071085,0.0,False,False,20.203313614355437,20.46272046918493,-7.7692902,110.3850274,-0.859,-7.7696725,110.3850264,-2.327
1788934777.29215,42.535302956071085,42.535302956071085,0.0,False,False,20.203313614355437,20.46272046918493,-7.7692902,110.3850274,-0.859,-7.7696725,110.3850264,-2.327
1788934777.4951863,42.535302956071085,42.535302956071085,0.0,False,False,20.203313614355437,20.46272046918493,-7.7692902,110.3850274,-0.859,-7.7696725,110.3850264,-2.327
1788934777.7071648,42.535302956071085,42.535302956071085,0.0,False,False,20.203313614355437,20.46272046918493,-7.7692902,110.3850274,-0.859,-7.7696725,110.3850264,-2.327
1788934777.908744,42.535302956071085,42.535302956071085,0.0,False,False,20.203313614355437,20.46272046918493,-7.7692902,110.3850274,-0.859,-7.7696725,110.3850264,-2.327
1788934778.123931,42.535302956071085,42.535302956071085,0.0,False,False,20.203313614355437,20.46272046918493,-7.7692902,110.3850274,-0.859,-7.7696725,110.3850264,-2.327
1788934778.3385284,42.535302956071085,42.535302956071085,0.0,False,False,20.203313614355437,20.46272046918493,-7.7692902,110.3850274,-0.859,-7.7696725,110.3850264,-2.327
1788934778.5518456,42.535302956071085,42.535302956071085,0.0,False,False,20.203313614355437,20.46272046918493,-7.7692902,110.3850274,-0.859,-7.7696725,110.3850264,-2.327
1788934778.7677317,42.535302956071085,42.535302956071085,0.0,False,False,20.203313614355437,20.46272046918493,-7.7692902,110.3850274,-0.859,-7.7696725,110.3850264,-2.327
1788934778.9678512,42.535302956071085,42.535302956071085,0.0,False,False,20.203313614355437,20.46272046918493,-7.7692902,110.3850274,-0.859,-7.7696725,110.3850264,-2.327
1788934779.1827614,42.535302956071085,42.535302956071085,0.0,False,False,20.203313614355437,20.46272046918493,-7.7692902,110.3850274,-0.859,-7.7696725,110.3850264,-2.327
1788934779.3846562,42.535302956071085,42.535302956071085,0.0,False,False,20.203313614355437,20.46272046918493,-7.7692902,110.3850274,-0.859,-7.7696725,110.3850264,-2.327
1788934779.5997112,42.535302956071085,42.535302956071085,0.0,False,False,20.203313614355437,20.46272046918493,-7.7692902,110.3850274,-0.859,-7.7696725,110.3850264,-2.327
1788934779.7999866,42.535302956071085,42.535302956071085,0.0,False,False,20.203313614355437,20.46272046918493,-7.7692902,110.3850274,-0.859,-7.7696725,110.3850264,-2.327
1788934780.0034995,42.535302956071085,42.535302956071085,0.0,False,False,20.203313614355437,20.46272046918493,-7.7692902,110.3850274,-0.859,-7.7696725,110.3850264,-2.327
1788934780.2046113,42.535302956071085,42.535302956071085,0.0,False,False,20.203313614355437,20.46272046918493,-7.7692902,110.3850274,-0.859,-7.7696725,110.3850264,-2.327
1788934780.407248,42.535302956071085,42.535302956071085,0.0,False,False,20.203313614355437,20.46272046918493,-7.7692902,110.3850274,-0.859,-7.7696725,110.3850264,-2.327
1788934780.607925,42.535302956071085,42.535302956071085,0.0,False,False,20.203313614355437,20.46272046918493,-7.7692902,110.3850274,-0.859,-7.7696725,110.3850264,-2.327
1788934780.809398,42.535302956071085,42.535302956071085,0.0,False,False,20.203313614355437,20.46272046918493,-7.7692902,110.3850274,-0.859,-7.7696725,110.3850264,-2.327
1788934781.0110888,42.535302956071085,42.535302956071085,0.0,False,False,20.203313614355437,20.46272046918493,-7.7692902,110.3850274,-0.859,-7.7696725,110.3850264,-2.327
1788934781.2133224,42.535302956071085,42.535302956071085,0.0,False,False,20.203313614355437,20.46272046918493,-7.7692902,110.3850274,-0.859,-7.7696725,110.3850264,-2.327
1788934781.4160993,42.535302956071085,42.535302956071085,0.0,False,False,20.203313614355437,20.46272046918493,-7.7692902,110.3850274,-0.859,-7.7696725,110.3850264,-2.327
1788934781.6172013,42.535302956071085,42.535302956071085,0.0,False,False,20.203313614355437,20.46272046918493,-7.7692902,110.3850274,-0.859,-7.7696725,110.3850264,-2.327
1788934781.8176365,42.535302956071085,42.535302956071085,0.0,False,False,20.203313614355437,20.46272046918493,-7.7692902,110.3850274,-0.859,-7.7696725,110.3850264,-2.327
1788934782.0200262,42.535302956071085,42.535302956071085,0.0,False,False,20.203313614355437,20.46272046918493,-7.7692902,110.3850274,-0.859,-7.7696725,110.3850264,-2.327
1788934782.235111,42.535302956071085,42.535302956071085,0.0,False,False,20.203313614355437,20.46272046918493,-7.7692902,110.3850274,-0.859,-7.7696725,110.3850264,-2.327
1788934782.450419,42.535302956071085,42.535302956071085,0.0,False,False,20.203313614355437,20.46272046918493,-7.7692902,110.3850274,-0.859,-7.7696725,110.3850264,-2.327
1788934782.651162,42.535302956071085,42.535302956071085,0.0,False,False,20.203313614355437,20.46272046918493,-7.7692902,110.3850274,-0.859,-7.7696725,110.3850264,-2.327
1788934782.8530896,42.535268455303644,42.535268455303644,0.0,False,False,20.20345515004797,20.46272046918493,-7.7692902,110.3850274,-0.86,-7.7696725,110.3850264,-2.327
1788934783.057132,42.535268455303644,42.535268455303644,0.0,False,False,20.20345515004797,20.46272046918493,-7.7692902,110.3850274,-0.86,-7.7696725,110.3850264,-2.327
1788934783.2588973,42.535268455303644,42.535268455303644,0.0,False,False,20.20345515004797,20.46272046918493,-7.7692902,110.3850274,-0.86,-7.7696725,110.3850264,-2.327
1788934783.4604056,42.535268455303644,42.535268455303644,0.0,False,False,20.20345515004797,20.46272046918493,-7.7692902,110.3850274,-0.86,-7.7696725,110.3850264,-2.327
1788934783.662677,42.535268455303644,42.535268455303644,0.0,False,False,20.20345515004797,20.46272046918493,-7.7692902,110.3850274,-0.86,-7.7696725,110.3850264,-2.327
1788934783.8768535,42.535268455303644,42.535268455303644,0.0,False,False,20.20345515004797,20.46272046918493,-7.7692902,110.3850274,-0.86,-7.7696725,110.3850264,-2.327
1788934784.078285,42.535268455303644,42.535268455303644,0.0,False,False,20.20345515004797,20.46272046918493,-7.7692902,110.3850274,-0.86,-7.7696725,110.3850264,-2.327
1788934784.2805943,42.535268455303644,42.535268455303644,0.0,False,False,20.20345515004797,20.46272046918493,-7.7692902,110.3850274,-0.86,-7.7696725,110.3850264,-2.327
1788934784.4825985,42.535268455303644,42.535268455303644,0.0,False,False,20.20345515004797,20.46272046918493,-7.7692902,110.3850274,-0.86,-7.7696725,110.3850264,-2.327
1788934784.6827288,42.535268455303644,42.535268455303644,0.0,False,False,20.20345515004797,20.46272046918493,-7.7692902,110.3850274,-0.86,-7.7696725,110.3850264,-2.327
1788934784.8838444,42.535268455303644,42.535268455303644,0.0,False,False,20.20345515004797,20.46272046918493,-7.7692902,110.3850274,-0.86,-7.7696725,110.3850264,-2.327
1788934785.096389,42.535268455303644,42.535268455303644,0.0,False,False,20.20345515004797,20.46272046918493,-7.7692902,110.3850274,-0.86,-7.7696725,110.3850264,-2.327
1788934785.2997932,42.535268455303644,42.535268455303644,0.0,False,False,20.20345515004797,20.46272046918493,-7.7692902,110.3850274,-0.86,-7.7696725,110.3850264,-2.327
1788934785.5009463,42.535268455303644,42.535268455303644,0.0,False,False,20.20345515004797,20.46272046918493,-7.7692902,110.3850274,-0.86,-7.7696725,110.3850264,-2.327
1788934785.702727,42.535268455303644,42.535268455303644,0.0,False,False,20.20345515004797,20.46272046918493,-7.7692902,110.3850274,-0.86,-7.7696725,110.3850264,-2.327
1788934785.9044924,42.535268455303644,42.535268455303644,0.0,False,False,20.20345515004797,20.46272046918493,-7.7692902,110.3850274,-0.86,-7.7696725,110.3850264,-2.327
1788934786.1064146,42.535268455303644,42.535268455303644,0.0,False,False,20.20345515004797,20.46272046918493,-7.7692902,110.3850274,-0.86,-7.7696725,110.3850264,-2.327
1788934786.3099406,42.535268455303644,42.535268455303644,0.0,False,False,20.20345515004797,20.46272046918493,-7.7692902,110.3850274,-0.86,-7.7696725,110.3850264,-2.327
1788934786.5132966,42.535268455303644,42.535268455303644,0.0,False,False,20.20345515004797,20.46272046918493,-7.7692902,110.3850274,-0.86,-7.7696725,110.3850264,-2.327
1788934786.715879,42.535268455303644,42.535268455303644,0.0,False,False,20.20345515004797,20.46272046918493,-7.7692902,110.3850274,-0.86,-7.7696725,110.3850264,-2.327
1788934786.9163976,42.535268455303644,42.535268455303644,0.0,False,False,20.20345515004797,20.46272046918493,-7.7692902,110.3850274,-0.86,-7.7696725,110.3850264,-2.327
1788934787.120138,42.535268455303644,42.535268455303644,0.0,False,False,20.20345515004797,20.46272046918493,-7.7692902,110.3850274,-0.86,-7.7696725,110.3850264,-2.327
1788934787.3306537,42.535268455303644,42.535268455303644,0.0,False,False,20.20345515004797,20.46272046918493,-7.7692902,110.3850274,-0.86,-7.7696725,110.3850264,-2.327
1788934787.5447779,42.535268455303644,42.535268455303644,0.0,False,False,20.20345515004797,20.46272046918493,-7.7692902,110.3850274,-0.86,-7.7696725,110.3850264,-2.327
1788934787.7449641,42.535268455303644,42.535268455303644,0.0,False,False,20.20345515004797,20.46272046918493,-7.7692902,110.3850274,-0.86,-7.7696725,110.3850264,-2.327
1788934787.9472437,42.535268455303644,42.535268455303644,0.0,False,False,20.20345515004797,20.46272046918493,-7.7692902,110.3850274,-0.86,-7.7696725,110.3850264,-2.327
1788934788.1606343,42.535268455303644,42.535268455303644,0.0,False,False,20.20345515004797,20.46272046918493,-7.7692902,110.3850274,-0.86,-7.7696725,110.3850264,-2.327
1788934788.3618135,42.535268455303644,42.535268455303644,0.0,False,False,20.20345515004797,20.46272046918493,-7.7692902,110.3850274,-0.86,-7.7696725,110.3850264,-2.327
1788934788.5628624,42.535268455303644,42.535268455303644,0.0,False,False,20.20345515004797,20.46272046918493,-7.7692902,110.3850274,-0.86,-7.7696725,110.3850264,-2.327
1788934788.762962,42.535268455303644,42.535268455303644,0.0,False,False,20.20345515004797,20.46272046918493,-7.7692902,110.3850274,-0.86,-7.7696725,110.3850264,-2.327
1788934788.9629672,42.535268455303644,42.535268455303644,0.0,False,False,20.20345515004797,20.46272046918493,-7.7692902,110.3850274,-0.86,-7.7696725,110.3850264,-2.327
1788934789.164848,42.535268455303644,42.535268455303644,0.0,False,False,20.20345515004797,20.46272046918493,-7.7692902,110.3850274,-0.86,-7.7696725,110.3850264,-2.327
1788934789.379437,42.535268455303644,42.535268455303644,0.0,False,False,20.20345515004797,20.46272046918493,-7.7692902,110.3850274,-0.86,-7.7696725,110.3850264,-2.327
1788934789.5821648,42.535268455303644,42.535268455303644,0.0,False,False,20.20345515004797,20.46272046918493,-7.7692902,110.3850274,-0.86,-7.7696725,110.3850264,-2.327
1788934789.783181,42.535268455303644,42.535268455303644,0.0,False,False,20.20345515004797,20.46272046918493,-7.7692902,110.3850274,-0.86,-7.7696725,110.3850264,-2.327
1788934789.9856977,42.535268455303644,42.535268455303644,0.0,False,False,20.20345515004797,20.46272046918493,-7.7692902,110.3850274,-0.86,-7.7696725,110.3850264,-2.327
1788934790.1893094,42.535268455303644,42.535268455303644,0.0,False,False,20.20345515004797,20.46272046918493,-7.7692902,110.3850274,-0.86,-7.7696725,110.3850264,-2.327
1788934790.390323,42.535268455303644,42.535268455303644,0.0,False,False,20.20345515004797,20.46272046918493,-7.7692902,110.3850274,-0.86,-7.7696725,110.3850264,-2.327
1788934790.592341,42.535268455303644,42.535268455303644,0.0,False,False,20.20345515004797,20.46272046918493,-7.7692902,110.3850274,-0.86,-7.7696725,110.3850264,-2.327
1788934790.7937613,42.535268455303644,42.535268455303644,0.0,False,False,20.20345515004797,20.46272046918493,-7.7692902,110.3850274,-0.86,-7.7696725,110.3850264,-2.327
1788934790.9958327,42.535302956071085,42.535302956071085,0.0,False,False,20.203313614355437,20.46272046918493,-7.7692902,110.3850274,-0.859,-7.7696725,110.3850264,-2.327
1788934791.202154,42.535302956071085,42.535302956071085,0.0,False,False,20.203313614355437,20.46272046918493,-7.7692902,110.3850274,-0.859,-7.7696725,110.3850264,-2.327
1788934791.410486,42.535268455303644,42.535268455303644,0.0,False,False,20.20345515004797,20.46272046918493,-7.7692902,110.3850274,-0.86,-7.7696725,110.3850264,-2.327
1788934791.6147285,42.535268455303644,42.535268455303644,0.0,False,False,20.20345515004797,20.46272046918493,-7.7692902,110.3850274,-0.86,-7.7696725,110.3850264,-2.327
1788934791.815536,42.535268455303644,42.535268455303644,0.0,False,False,20.20345515004797,20.46272046918493,-7.7692902,110.3850274,-0.86,-7.7696725,110.3850264,-2.327
1788934792.0176167,42.535268455303644,42.535268455303644,0.0,False,False,20.20345515004797,20.46272046918493,-7.7692902,110.3850274,-0.86,-7.7696725,110.3850264,-2.327
1788934792.2202718,42.535268455303644,42.535268455303644,0.0,False,False,20.20345515004797,20.46272046918493,-7.7692902,110.3850274,-0.86,-7.7696725,110.3850264,-2.327
1788934792.4204404,42.535268455303644,42.535268455303644,0.0,False,False,20.20345515004797,20.46272046918493,-7.7692902,110.3850274,-0.86,-7.7696725,110.3850264,-2.327
1788934792.6354363,42.535268455303644,42.535268455303644,0.0,False,False,20.20345515004797,20.46272046918493,-7.7692902,110.3850274,-0.86,-7.7696725,110.3850264,-2.327
1788934792.8358753,42.535268455303644,42.535268455303644,0.0,False,False,20.20345515004797,20.46272046918493,-7.7692902,110.3850274,-0.86,-7.7696725,110.3850264,-2.327
1788934793.0507045,42.535268455303644,42.535268455303644,0.0,False,False,20.20345515004797,20.46272046918493,-7.7692902,110.3850274,-0.86,-7.7696725,110.3850264,-2.327
1788934793.2549968,42.535268455303644,42.535268455303644,0.0,False,False,20.20345515004797,20.46272046918493,-7.7692902,110.3850274,-0.86,-7.7696725,110.3850264,-2.327
1788934793.456896,42.535268455303644,42.535268455303644,0.0,False,False,20.20345515004797,20.46272046918493,-7.7692902,110.3850274,-0.86,-7.7696725,110.3850264,-2.327
1788934793.6651611,42.535268455303644,42.535268455303644,0.0,False,False,20.20345515004797,20.46272046918493,-7.7692902,110.3850274,-0.86,-7.7696725,110.3850264,-2.327
1788934793.8666582,42.535268455303644,42.535268455303644,0.0,False,False,20.20345515004797,20.46272046918493,-7.7692902,110.3850274,-0.86,-7.7696725,110.3850264,-2.327
1788934794.072113,42.535268455303644,42.535268455303644,0.0,False,False,20.20345515004797,20.46272046918493,-7.7692902,110.3850274,-0.86,-7.7696725,110.3850264,-2.327
1788934794.2731824,42.535268455303644,42.535268455303644,0.0,False,False,20.20345515004797,20.46272046918493,-7.7692902,110.3850274,-0.86,-7.7696725,110.3850264,-2.327
1788934794.4756553,42.535268455303644,42.535268455303644,0.0,False,False,20.20345515004797,20.46272046918493,-7.7692902,110.3850274,-0.86,-7.7696725,110.3850264,-2.327
1788934794.6774023,42.535268455303644,42.535268455303644,0.0,False,False,20.20345515004797,20.46272046918493,-7.7692902,110.3850274,-0.86,-7.7696725,110.3850264,-2.327
1788934794.8804288,42.535268455303644,42.535268455303644,0.0,False,False,20.20345515004797,20.46272046918493,-7.7692902,110.3850274,-0.86,-7.7696725,110.3850264,-2.327
1788934795.0833108,42.535302956071085,42.535302956071085,0.0,False,False,20.203313614355437,20.46272046918493,-7.7692902,110.3850274,-0.859,-7.7696725,110.3850264,-2.327
1788934795.2867105,42.535302956071085,42.535302956071085,0.0,False,False,20.203313614355437,20.46272046918493,-7.7692902,110.3850274,-0.859,-7.7696725,110.3850264,-2.327
1788934795.4891648,42.535302956071085,42.535302956071085,0.0,False,False,20.203313614355437,20.46272046918493,-7.7692902,110.3850274,-0.859,-7.7696725,110.3850264,-2.327
1788934795.702471,42.535302956071085,42.535302956071085,0.0,False,False,20.203313614355437,20.46272046918493,-7.7692902,110.3850274,-0.859,-7.7696725,110.3850264,-2.327
1788934795.9043553,42.535302956071085,42.535302956071085,0.0,False,False,20.203313614355437,20.46272046918493,-7.7692902,110.3850274,-0.859,-7.7696725,110.3850264,-2.327
1788934796.119257,42.535302956071085,42.535302956071085,0.0,False,False,20.203313614355437,20.46272046918493,-7.7692902,110.3850274,-0.859,-7.7696725,110.3850264,-2.327
1788934796.3318987,42.535302956071085,42.535302956071085,0.0,False,False,20.203313614355437,20.46272046918493,-7.7692902,110.3850274,-0.859,-7.7696725,110.3850264,-2.327
1788934796.5406592,42.535302956071085,42.535302956071085,0.0,False,False,20.203313614355437,20.46272046918493,-7.7692902,110.3850274,-0.859,-7.7696725,110.3850264,-2.327
1788934796.7415898,42.535302956071085,42.535302956071085,0.0,False,False,20.203313614355437,20.46272046918493,-7.7692902,110.3850274,-0.859,-7.7696725,110.3850264,-2.327
1788934796.948902,42.535302956071085,42.535302956071085,0.0,False,False,20.203313614355437,20.46272046918493,-7.7692902,110.3850274,-0.859,-7.7696725,110.3850264,-2.327
1788934797.1515508,42.535302956071085,42.535302956071085,0.0,False,False,20.203313614355437,20.46272046918493,-7.7692902,110.3850274,-0.859,-7.7696725,110.3850264,-2.327
1788934797.3536859,42.535302956071085,42.535302956071085,0.0,False,False,20.203313614355437,20.46272046918493,-7.7692902,110.3850274,-0.859,-7.7696725,110.3850264,-2.327
1788934797.555564,42.535302956071085,42.535302956071085,0.0,False,False,20.203313614355437,20.46272046918493,-7.7692902,110.3850274,-0.859,-7.7696725,110.3850264,-2.327
1788934797.7583017,42.535302956071085,42.535302956071085,0.0,False,False,20.203313614355437,20.46272046918493,-7.7692902,110.3850274,-0.859,-7.7696725,110.3850264,-2.327
1788934797.9594564,42.535302956071085,42.535302956071085,0.0,False,False,20.203313614355437,20.46272046918493,-7.7692902,110.3850274,-0.859,-7.7696725,110.3850264,-2.327
1788934798.1610718,42.535302956071085,42.535302956071085,0.0,False,False,20.203313614355437,20.46272046918493,-7.7692902,110.3850274,-0.859,-7.7696725,110.3850264,-2.327
1788934798.362272,42.535302956071085,42.535302956071085,0.0,False,False,20.203313614355437,20.46272046918493,-7.7692902,110.3850274,-0.859,-7.7696725,110.3850264,-2.327
1788934798.564675,42.535302956071085,42.535302956071085,0.0,False,False,20.203313614355437,20.46272046918493,-7.7692902,110.3850274,-0.859,-7.7696725,110.3850264,-2.327
1788934798.7651517,42.535302956071085,42.535302956071085,0.0,False,False,20.203313614355437,20.46272046918493,-7.7692902,110.3850274,-0.859,-7.7696725,110.3850264,-2.327
1788934798.9678218,42.535302956071085,42.535302956071085,0.0,False,False,20.203313614355437,20.46272046918493,-7.7692902,110.3850274,-0.859,-7.7696725,110.3850264,-2.327
1788934799.1693158,42.535302956071085,42.535302956071085,0.0,False,False,20.203313614355437,20.46272046918493,-7.7692902,110.3850274,-0.859,-7.7696725,110.3850264,-2.327
1788934799.370836,42.535302956071085,42.535302956071085,0.0,False,False,20.203313614355437,20.46272046918493,-7.7692902,110.3850274,-0.859,-7.7696725,110.3850264,-2.327
1788934799.5712295,42.535302956071085,42.535302956071085,0.0,False,False,20.203313614355437,20.46272046918493,-7.7692902,110.3850274,-0.859,-7.7696725,110.3850264,-2.327
1788934799.7726815,42.535302956071085,42.535302956071085,0.0,False,False,20.203313614355437,20.46272046918493,-7.7692902,110.3850274,-0.859,-7.7696725,110.3850264,-2.327
1788934799.9735696,42.535302956071085,42.535302956071085,0.0,False,False,20.203313614355437,20.46272046918493,-7.7692902,110.3850274,-0.859,-7.7696725,110.3850264,-2.327
1788934800.1767347,42.535302956071085,42.535302956071085,0.0,False,False,20.203313614355437,20.46272046918493,-7.7692902,110.3850274,-0.859,-7.7696725,110.3850264,-2.327
1788934800.3772724,42.535302956071085,42.535302956071085,0.0,False,False,20.203313614355437,20.46272046918493,-7.7692902,110.3850274,-0.859,-7.7696725,110.3850264,-2.327
1788934800.58947,42.535302956071085,42.535302956071085,0.0,False,False,20.203313614355437,20.46272046918493,-7.7692902,110.3850274,-0.859,-7.7696725,110.3850264,-2.327
1788934800.792366,42.535302956071085,42.535302956071085,0.0,False,False,20.203313614355437,20.46272046918493,-7.7692902,110.3850274,-0.859,-7.7696725,110.3850264,-2.327
1788934800.9952,42.535302956071085,42.535302956071085,0.0,False,False,20.203313614355437,20.46272046918493,-7.7692902,110.3850274,-0.859,-7.7696725,110.3850264,-2.327
1788934801.1955118,42.535302956071085,42.535302956071085,0.0,False,False,20.203313614355437,20.46272046918493,-7.7692902,110.3850274,-0.859,-7.7696725,110.3850264,-2.327
1788934801.399894,42.535302956071085,42.535302956071085,0.0,False,False,20.203313614355437,20.46272046918493,-7.7692902,110.3850274,-0.859,-7.7696725,110.3850264,-2.327
1788934801.6028411,42.535302956071085,42.535302956071085,0.0,False,False,20.203313614355437,20.46272046918493,-7.7692902,110.3850274,-0.859,-7.7696725,110.3850264,-2.327
1788934801.804508,42.535302956071085,42.535302956071085,0.0,False,False,20.203313614355437,20.46272046918493,-7.7692902,110.3850274,-0.859,-7.7696725,110.3850264,-2.327
1788934802.007284,42.535302956071085,42.535302956071085,0.0,False,False,20.203313614355437,20.46272046918493,-7.7692902,110.3850274,-0.859,-7.7696725,110.3850264,-2.327
1788934802.2220986,42.535302956071085,42.535302956071085,0.0,False,False,20.203313614355437,20.46272046918493,-7.7692902,110.3850274,-0.859,-7.7696725,110.3850264,-2.327
1788934802.4250176,42.535302956071085,42.535302956071085,0.0,False,False,20.203313614355437,20.46272046918493,-7.7692902,110.3850274,-0.859,-7.7696725,110.3850264,-2.327
1788934802.6296744,42.535302956071085,42.535302956071085,0.0,False,False,20.203313614355437,20.46272046918493,-7.7692902,110.3850274,-0.859,-7.7696725,110.3850264,-2.327
1788934802.8445125,42.535302956071085,42.535302956071085,0.0,False,False,20.203313614355437,20.46272046918493,-7.7692902,110.3850274,-0.859,-7.7696725,110.3850264,-2.327
1788934803.0468183,42.535302956071085,42.535302956071085,0.0,False,False,20.203313614355437,20.46272046918493,-7.7692902,110.3850274,-0.859,-7.7696725,110.3850264,-2.327
1788934803.2485826,42.535302956071085,42.535302956071085,0.0,False,False,20.203313614355437,20.46272046918493,-7.7692902,110.3850274,-0.859,-7.7696725,110.3850264,-2.327
1788934803.4500358,42.535302956071085,42.535302956071085,0.0,False,False,20.203313614355437,20.46272046918493,-7.7692902,110.3850274,-0.859,-7.7696725,110.3850264,-2.327
1788934803.652095,42.535302956071085,42.535302956071085,0.0,False,False,20.203313614355437,20.46272046918493,-7.7692902,110.3850274,-0.859,-7.7696725,110.3850264,-2.327
1788934803.8557906,42.535302956071085,42.535302956071085,0.0,False,False,20.203313614355437,20.46272046918493,-7.7692902,110.3850274,-0.859,-7.7696725,110.3850264,-2.327
1788934804.056541,42.535302956071085,42.535302956071085,0.0,False,False,20.203313614355437,20.46272046918493,-7.7692902,110.3850274,-0.859,-7.7696725,110.3850264,-2.327
1788934804.256993,42.535302956071085,42.535302956071085,0.0,False,False,20.203313614355437,20.46272046918493,-7.7692902,110.3850274,-0.859,-7.7696725,110.3850264,-2.327
1788934804.4580941,42.535302956071085,42.535302956071085,0.0,False,False,20.203313614355437,20.46272046918493,-7.7692902,110.3850274,-0.859,-7.7696725,110.3850264,-2.327
1788934804.6594536,42.535302956071085,42.535302956071085,0.0,False,False,20.203313614355437,20.46272046918493,-7.7692902,110.3850274,-0.859,-7.7696725,110.3850264,-2.327
1788934804.861456,42.535302956071085,42.535302956071085,0.0,False,False,20.203313614355437,20.46272046918493,-7.7692902,110.3850274,-0.859,-7.7696725,110.3850264,-2.327
1788934805.0644715,42.535302956071085,42.535302956071085,0.0,False,False,20.203313614355437,20.46272046918493,-7.7692902,110.3850274,-0.859,-7.7696725,110.3850264,-2.327
1788934805.264503,42.535302956071085,42.535302956071085,0.0,False,False,20.203313614355437,20.46272046918493,-7.7692902,110.3850274,-0.859,-7.7696725,110.3850264,-2.327
1788934805.4646626,42.535302956071085,42.535302956071085,0.0,False,False,20.203313614355437,20.46272046918493,-7.7692902,110.3850274,-0.859,-7.7696725,110.3850264,-2.327
1788934805.6667387,42.535302956071085,42.535302956071085,0.0,False,False,20.203313614355437,20.46272046918493,-7.7692902,110.3850274,-0.859,-7.7696725,110.3850264,-2.327
1788934805.8693082,42.535302956071085,42.535302956071085,0.0,False,False,20.203313614355437,20.46272046918493,-7.7692902,110.3850274,-0.859,-7.7696725,110.3850264,-2.327
1788934806.072272,42.535302956071085,42.535302956071085,0.0,False,False,20.203313614355437,20.46272046918493,-7.7692902,110.3850274,-0.859,-7.7696725,110.3850264,-2.327
1788934806.2725797,42.535302956071085,42.535302956071085,0.0,False,False,20.203313614355437,20.46272046918493,-7.7692902,110.3850274,-0.859,-7.7696725,110.3850264,-2.327
1788934806.473429,42.535302956071085,42.535302956071085,0.0,False,False,20.203313614355437,20.46272046918493,-7.7692902,110.3850274,-0.859,-7.7696725,110.3850264,-2.327
1788934806.6741166,42.535302956071085,42.535302956071085,0.0,False,False,20.203313614355437,20.46272046918493,-7.7692902,110.3850274,-0.859,-7.7696725,110.3850264,-2.327
1788934806.8769019,42.535302956071085,42.535302956071085,0.0,False,False,20.203313614355437,20.46272046918493,-7.7692902,110.3850274,-0.859,-7.7696725,110.3850264,-2.327
1788934807.0781097,42.535302956071085,42.535302956071085,0.0,False,False,20.203313614355437,20.46272046918493,-7.7692902,110.3850274,-0.859,-7.7696725,110.3850264,-2.327
1788934807.278735,42.535302956071085,42.535302956071085,0.0,False,False,20.203313614355437,20.46272046918493,-7.7692902,110.3850274,-0.859,-7.7696725,110.3850264,-2.327
1788934807.479859,42.535302956071085,42.535302956071085,0.0,False,False,20.203313614355437,20.46272046918493,-7.7692902,110.3850274,-0.859,-7.7696725,110.3850264,-2.327
1788934807.6940262,42.535302956071085,42.535302956071085,0.0,False,False,20.203313614355437,20.46272046918493,-7.7692902,110.3850274,-0.859,-7.7696725,110.3850264,-2.327
1788934807.8958583,42.535302956071085,42.535302956071085,0.0,False,False,20.203313614355437,20.46272046918493,-7.7692902,110.3850274,-0.859,-7.7696725,110.3850264,-2.327
1788934808.0979955,42.535302956071085,42.535302956071085,0.0,False,False,20.203313614355437,20.46272046918493,-7.7692902,110.3850274,-0.859,-7.7696725,110.3850264,-2.327
1788934808.2986116,42.535302956071085,42.535302956071085,0.0,False,False,20.203313614355437,20.46272046918493,-7.7692902,110.3850274,-0.859,-7.7696725,110.3850264,-2.327
1788934808.4998806,42.535302956071085,42.535302956071085,0.0,False,False,20.203313614355437,20.46272046918493,-7.7692902,110.3850274,-0.859,-7.7696725,110.3850264,-2.327
1788934808.701788,42.535302956071085,42.535302956071085,0.0,False,False,20.203313614355437,20.46272046918493,-7.7692902,110.3850274,-0.859,-7.7696725,110.3850264,-2.327
1788934808.9171166,42.535302956071085,42.535302956071085,0.0,False,False,20.203313614355437,20.46272046918493,-7.7692902,110.3850274,-0.859,-7.7696725,110.3850264,-2.327
1788934809.1186404,42.535302956071085,42.535302956071085,0.0,False,False,20.203313614355437,20.46272046918493,-7.7692902,110.3850274,-0.859,-7.7696725,110.3850264,-2.327
1788934809.3206081,42.535302956071085,42.535302956071085,0.0,False,False,20.203313614355437,20.46272046918493,-7.7692902,110.3850274,-0.859,-7.7696725,110.3850264,-2.327
1788934809.5206823,42.535268455303644,42.535268455303644,0.0,False,False,20.20345515004797,20.46272046918493,-7.7692902,110.3850274,-0.86,-7.7696725,110.3850264,-2.327
1788934809.7234905,42.535268455303644,42.535268455303644,0.0,False,False,20.20345515004797,20.46272046918493,-7.7692902,110.3850274,-0.86,-7.7696725,110.3850264,-2.327
1788934809.9252112,42.535268455303644,42.535268455303644,0.0,False,False,20.20345515004797,20.46272046918493,-7.7692902,110.3850274,-0.86,-7.7696725,110.3850264,-2.327
1788934810.128733,42.535268455303644,42.535268455303644,0.0,False,False,20.20345515004797,20.46272046918493,-7.7692902,110.3850274,-0.86,-7.7696725,110.3850264,-2.327
1788934810.332082,42.535268455303644,42.535268455303644,0.0,False,False,20.20345515004797,20.46272046918493,-7.7692902,110.3850274,-0.86,-7.7696725,110.3850264,-2.327
1788934810.5331972,42.535268455303644,42.535268455303644,0.0,False,False,20.20345515004797,20.46272046918493,-7.7692902,110.3850274,-0.86,-7.7696725,110.3850264,-2.327
1788934810.7345035,42.535268455303644,42.535268455303644,0.0,False,False,20.20345515004797,20.46272046918493,-7.7692902,110.3850274,-0.86,-7.7696725,110.3850264,-2.327
1788934810.9497995,42.535268455303644,42.535268455303644,0.0,False,False,20.20345515004797,20.46272046918493,-7.7692902,110.3850274,-0.86,-7.7696725,110.3850264,-2.327
1788934811.1517696,42.535268455303644,42.535268455303644,0.0,False,False,20.20345515004797,20.46272046918493,-7.7692902,110.3850274,-0.86,-7.7696725,110.3850264,-2.327
1788934811.3542273,42.535268455303644,42.535268455303644,0.0,False,False,20.20345515004797,20.46272046918493,-7.7692902,110.3850274,-0.86,-7.7696725,110.3850264,-2.327
1788934811.5572195,42.535268455303644,42.535268455303644,0.0,False,False,20.20345515004797,20.46272046918493,-7.7692902,110.3850274,-0.86,-7.7696725,110.3850264,-2.327
1788934811.7577305,42.535268455303644,42.535268455303644,0.0,False,False,20.20345515004797,20.46272046918493,-7.7692902,110.3850274,-0.86,-7.7696725,110.3850264,-2.327
1788934811.9590921,42.535268455303644,42.535268455303644,0.0,False,False,20.20345515004797,20.46272046918493,-7.7692902,110.3850274,-0.86,-7.7696725,110.3850264,-2.327
1788934812.1607866,42.535268455303644,42.535268455303644,0.0,False,False,20.20345515004797,20.46272046918493,-7.7692902,110.3850274,-0.86,-7.7696725,110.3850264,-2.327
1788934812.3695846,42.535268455303644,42.535268455303644,0.0,False,False,20.20345515004797,20.46272046918493,-7.7692902,110.3850274,-0.86,-7.7696725,110.3850264,-2.327
1788934812.5701838,42.535268455303644,42.535268455303644,0.0,False,False,20.20345515004797,20.46272046918493,-7.7692902,110.3850274,-0.86,-7.7696725,110.3850264,-2.327
1788934812.7703252,42.535268455303644,42.535268455303644,0.0,False,False,20.20345515004797,20.46272046918493,-7.7692902,110.3850274,-0.86,-7.7696725,110.3850264,-2.327
1788934812.972102,42.535268455303644,42.535268455303644,0.0,False,False,20.20345515004797,20.46272046918493,-7.7692902,110.3850274,-0.86,-7.7696725,110.3850264,-2.327
1788934813.1739566,42.535268455303644,42.535268455303644,0.0,False,False,20.20345515004797,20.46272046918493,-7.7692902,110.3850274,-0.86,-7.7696725,110.3850264,-2.327
1788934813.3751764,42.535268455303644,42.535268455303644,0.0,False,False,20.20345515004797,20.46272046918493,-7.7692902,110.3850274,-0.86,-7.7696725,110.3850264,-2.327
1788934813.5777192,42.535268455303644,42.535268455303644,0.0,False,False,20.20345515004797,20.46272046918493,-7.7692902,110.3850274,-0.86,-7.7696725,110.3850264,-2.327
1788934813.778603,42.535268455303644,42.535268455303644,0.0,False,False,20.20345515004797,20.46272046918493,-7.7692902,110.3850274,-0.86,-7.7696725,110.3850264,-2.327
1788934813.9936247,42.535268455303644,42.535268455303644,0.0,False,False,20.20345515004797,20.46272046918493,-7.7692902,110.3850274,-0.86,-7.7696725,110.3850264,-2.327
1788934814.2086067,42.535268455303644,42.535268455303644,0.0,False,False,20.20345515004797,20.46272046918493,-7.7692902,110.3850274,-0.86,-7.7696725,110.3850264,-2.327
1788934814.4210498,42.535268455303644,42.535268455303644,0.0,False,False,20.20345515004797,20.46272046918493,-7.7692902,110.3850274,-0.86,-7.7696725,110.3850264,-2.327
1788934814.6245308,42.535268455303644,42.535268455303644,0.0,False,False,20.20345515004797,20.46272046918493,-7.7692902,110.3850274,-0.86,-7.7696725,110.3850264,-2.327
1788934814.8255603,42.535268455303644,42.535268455303644,0.0,False,False,20.20345515004797,20.46272046918493,-7.7692902,110.3850274,-0.86,-7.7696725,110.3850264,-2.327
1788934815.0258052,42.535268455303644,42.535268455303644,0.0,False,False,20.20345515004797,20.46272046918493,-7.7692902,110.3850274,-0.86,-7.7696725,110.3850264,-2.327
1788934815.2257879,42.535302956071085,42.535302956071085,0.0,False,False,20.203313614355437,20.46272046918493,-7.7692902,110.3850274,-0.859,-7.7696725,110.3850264,-2.327
1788934815.4293475,42.535302956071085,42.535302956071085,0.0,False,False,20.203313614355437,20.46272046918493,-7.7692902,110.3850274,-0.859,-7.7696725,110.3850264,-2.327
1788934815.6331363,42.535302956071085,42.535302956071085,0.0,False,False,20.203313614355437,20.46272046918493,-7.7692902,110.3850274,-0.859,-7.7696725,110.3850264,-2.327
1788934815.8332496,42.535302956071085,42.535302956071085,0.0,False,False,20.203313614355437,20.46272046918493,-7.7692902,110.3850274,-0.859,-7.7696725,110.3850264,-2.327
1788934816.0341206,42.535302956071085,42.535302956071085,0.0,False,False,20.203313614355437,20.46272046918493,-7.7692902,110.3850274,-0.859,-7.7696725,110.3850264,-2.327
1788934816.235114,42.535302956071085,42.535302956071085,0.0,False,False,20.203313614355437,20.46272046918493,-7.7692902,110.3850274,-0.859,-7.7696725,110.3850264,-2.327
1788934816.4376435,42.535302956071085,42.535302956071085,0.0,False,False,20.203313614355437,20.46272046918493,-7.7692902,110.3850274,-0.859,-7.7696725,110.3850264,-2.327
1788934816.6381764,42.535302956071085,42.535302956071085,0.0,False,False,20.203313614355437,20.46272046918493,-7.7692902,110.3850274,-0.859,-7.7696725,110.3850264,-2.327
1788934816.8516972,42.535302956071085,42.535302956071085,0.0,False,False,20.203313614355437,20.46272046918493,-7.7692902,110.3850274,-0.859,-7.7696725,110.3850264,-2.327
1788934817.0663297,42.535302956071085,42.535302956071085,0.0,False,False,20.203313614355437,20.46272046918493,-7.7692902,110.3850274,-0.859,-7.7696725,110.3850264,-2.327
1788934817.2679255,42.535302956071085,42.535302956071085,0.0,False,False,20.203313614355437,20.46272046918493,-7.7692902,110.3850274,-0.859,-7.7696725,110.3850264,-2.327
1788934817.4679334,42.535302956071085,42.535302956071085,0.0,False,False,20.203313614355437,20.46272046918493,-7.7692902,110.3850274,-0.859,-7.7696725,110.3850264,-2.327
1788934817.6696737,42.535302956071085,42.535302956071085,0.0,False,False,20.203313614355437,20.46272046918493,-7.7692902,110.3850274,-0.859,-7.7696725,110.3850264,-2.327
1788934817.871562,42.535302956071085,42.535302956071085,0.0,False,False,20.203313614355437,20.46272046918493,-7.7692902,110.3850274,-0.859,-7.7696725,110.3850264,-2.327
1788934818.0749953,42.535302956071085,42.535302956071085,0.0,False,False,20.203313614355437,20.46272046918493,-7.7692902,110.3850274,-0.859,-7.7696725,110.3850264,-2.327
1788934818.2775967,42.535302956071085,42.535302956071085,0.0,False,False,20.203313614355437,20.46272046918493,-7.7692902,110.3850274,-0.859,-7.7696725,110.3850264,-2.327
1788934818.479264,42.535302956071085,42.535302956071085,0.0,False,False,20.203313614355437,20.46272046918493,-7.7692902,110.3850274,-0.859,-7.7696725,110.3850264,-2.327
1788934818.680911,42.535302956071085,42.535302956071085,0.0,False,False,20.203313614355437,20.46272046918493,-7.7692902,110.3850274,-0.859,-7.7696725,110.3850264,-2.327
1788934818.895332,42.535302956071085,42.535302956071085,0.0,False,False,20.203313614355437,20.46272046918493,-7.7692902,110.3850274,-0.859,-7.7696725,110.3850264,-2.327
1788934819.0981553,42.535302956071085,42.535302956071085,0.0,False,False,20.203313614355437,20.46272046918493,-7.7692902,110.3850274,-0.859,-7.7696725,110.3850264,-2.327
1788934819.3001778,42.535302956071085,42.535302956071085,0.0,False,False,20.203313614355437,20.46272046918493,-7.7692902,110.3850274,-0.859,-7.7696725,110.3850264,-2.327
1788934819.5016668,42.535302956071085,42.535302956071085,0.0,False,False,20.203313614355437,20.46272046918493,-7.7692902,110.3850274,-0.859,-7.7696725,110.3850264,-2.327
1788934819.7045138,42.535268455303644,42.535268455303644,0.0,False,False,20.203313614355437,20.462509034817792,-7.7692902,110.3850274,-0.859,-7.7696725,110.3850264,-2.326
1788934819.904991,42.535268455303644,42.535268455303644,0.0,False,False,20.203313614355437,20.462509034817792,-7.7692902,110.3850274,-0.859,-7.7696725,110.3850264,-2.326
1788934820.1096535,42.535302956071085,42.535302956071085,0.0,False,False,20.203313614355437,20.46272046918493,-7.7692902,110.3850274,-0.859,-7.7696725,110.3850264,-2.327
1788934820.3122814,42.535302956071085,42.535302956071085,0.0,False,False,20.203313614355437,20.46272046918493,-7.7692902,110.3850274,-0.859,-7.7696725,110.3850264,-2.327
1788934820.5145364,42.535302956071085,42.535302956071085,0.0,False,False,20.203313614355437,20.46272046918493,-7.7692902,110.3850274,-0.859,-7.7696725,110.3850264,-2.327
1788934820.71503,42.535302956071085,42.535302956071085,0.0,False,False,20.203313614355437,20.46272046918493,-7.7692902,110.3850274,-0.859,-7.7696725,110.3850264,-2.327
1788934820.9168994,42.535302956071085,42.535302956071085,0.0,False,False,20.203313614355437,20.46272046918493,-7.7692902,110.3850274,-0.859,-7.7696725,110.3850264,-2.327
1788934821.132246,42.535302956071085,42.535302956071085,0.0,False,False,20.203313614355437,20.46272046918493,-7.7692902,110.3850274,-0.859,-7.7696725,110.3850264,-2.327
1788934821.3333173,42.535302956071085,42.535302956071085,0.0,False,False,20.203313614355437,20.46272046918493,-7.7692902,110.3850274,-0.859,-7.7696725,110.3850264,-2.327
1788934821.547793,42.535302956071085,42.535302956071085,0.0,False,False,20.203313614355437,20.46272046918493,-7.7692902,110.3850274,-0.859,-7.7696725,110.3850264,-2.327
1788934821.7507334,42.535302956071085,42.535302956071085,0.0,False,False,20.203313614355437,20.46272046918493,-7.7692902,110.3850274,-0.859,-7.7696725,110.3850264,-2.327
1788934821.9547057,42.535302956071085,42.535302956071085,0.0,False,False,20.203313614355437,20.46272046918493,-7.7692902,110.3850274,-0.859,-7.7696725,110.3850264,-2.327
1788934822.1552215,42.535302956071085,42.535302956071085,0.0,False,False,20.203313614355437,20.46272046918493,-7.7692902,110.3850274,-0.859,-7.7696725,110.3850264,-2.327
1788934822.3553028,42.535302956071085,42.535302956071085,0.0,False,False,20.203313614355437,20.46272046918493,-7.7692902,110.3850274,-0.859,-7.7696725,110.3850264,-2.327
1788934822.555513,42.535302956071085,42.535302956071085,0.0,False,False,20.203313614355437,20.46272046918493,-7.7692902,110.3850274,-0.859,-7.7696725,110.3850264,-2.327
1788934822.7571669,42.535302956071085,42.535302956071085,0.0,False,False,20.203313614355437,20.46272046918493,-7.7692902,110.3850274,-0.859,-7.7696725,110.3850264,-2.327
1788934822.9595754,42.535302956071085,42.535302956071085,0.0,False,False,20.203313614355437,20.46272046918493,-7.7692902,110.3850274,-0.859,-7.7696725,110.3850264,-2.327
1788934823.161768,42.535302956071085,42.535302956071085,0.0,False,False,20.203313614355437,20.46272046918493,-7.7692902,110.3850274,-0.859,-7.7696725,110.3850264,-2.327
1788934823.3644276,42.535302956071085,42.535302956071085,0.0,False,False,20.203313614355437,20.46272046918493,-7.7692902,110.3850274,-0.859,-7.7696725,110.3850264,-2.327
1788934823.5676663,42.535302956071085,42.535302956071085,0.0,False,False,20.203313614355437,20.46272046918493,-7.7692902,110.3850274,-0.859,-7.7696725,110.3850264,-2.327
1788934823.7696443,42.535302956071085,42.535302956071085,0.0,False,False,20.203313614355437,20.46272046918493,-7.7692902,110.3850274,-0.859,-7.7696725,110.3850264,-2.327
1788934823.9701529,42.535302956071085,42.535302956071085,0.0,False,False,20.203313614355437,20.46272046918493,-7.7692902,110.3850274,-0.859,-7.7696725,110.3850264,-2.327
1788934824.1725996,42.535302956071085,42.535302956071085,0.0,False,False,20.203313614355437,20.46272046918493,-7.7692902,110.3850274,-0.859,-7.7696725,110.3850264,-2.327
1788934824.3753567,42.535302956071085,42.535302956071085,0.0,False,False,20.203313614355437,20.46272046918493,-7.7692902,110.3850274,-0.859,-7.7696725,110.3850264,-2.327
1788934824.5779576,42.535302956071085,42.535302956071085,0.0,False,False,20.203313614355437,20.46272046918493,-7.7692902,110.3850274,-0.859,-7.7696725,110.3850264,-2.327
1788934824.78045,42.535302956071085,42.535302956071085,0.0,False,False,20.203313614355437,20.46272046918493,-7.7692902,110.3850274,-0.859,-7.7696725,110.3850264,-2.327
1788934824.983442,42.535302956071085,42.535302956071085,0.0,False,False,20.203313614355437,20.46272046918493,-7.7692902,110.3850274,-0.859,-7.7696725,110.3850264,-2.327
1788934825.184437,42.535302956071085,42.535302956071085,0.0,False,False,20.203313614355437,20.46272046918493,-7.7692902,110.3850274,-0.859,-7.7696725,110.3850264,-2.327
1788934825.385429,42.535302956071085,42.535302956071085,0.0,False,False,20.203313614355437,20.46272046918493,-7.7692902,110.3850274,-0.859,-7.7696725,110.3850264,-2.327
1788934825.5870275,42.535302956071085,42.535302956071085,0.0,False,False,20.203313614355437,20.46272046918493,-7.7692902,110.3850274,-0.859,-7.7696725,110.3850264,-2.327
1788934825.7895737,42.535302956071085,42.535302956071085,0.0,False,False,20.203313614355437,20.46272046918493,-7.7692902,110.3850274,-0.859,-7.7696725,110.3850264,-2.327
1788934825.9921494,42.535302956071085,42.535302956071085,0.0,False,False,20.203313614355437,20.46272046918493,-7.7692902,110.3850274,-0.859,-7.7696725,110.3850264,-2.327
1788934826.1928184,42.535302956071085,42.535302956071085,0.0,False,False,20.203313614355437,20.46272046918493,-7.7692902,110.3850274,-0.859,-7.7696725,110.3850264,-2.327
1788934826.3937964,42.535302956071085,42.535302956071085,0.0,False,False,20.203313614355437,20.46272046918493,-7.7692902,110.3850274,-0.859,-7.7696725,110.3850264,-2.327
1788934826.595662,42.535302956071085,42.535302956071085,0.0,False,False,20.203313614355437,20.46272046918493,-7.7692902,110.3850274,-0.859,-7.7696725,110.3850264,-2.327
1788934826.7965157,42.535302956071085,42.535302956071085,0.0,False,False,20.203313614355437,20.46272046918493,-7.7692902,110.3850274,-0.859,-7.7696725,110.3850264,-2.327
1788934826.999264,42.535302956071085,42.535302956071085,0.0,False,False,20.203313614355437,20.46272046918493,-7.7692902,110.3850274,-0.859,-7.7696725,110.3850264,-2.327
1788934827.2002292,42.535302956071085,42.535302956071085,0.0,False,False,20.203313614355437,20.46272046918493,-7.7692902,110.3850274,-0.859,-7.7696725,110.3850264,-2.327
1788934827.4004169,42.535302956071085,42.535302956071085,0.0,False,False,20.203313614355437,20.46272046918493,-7.7692902,110.3850274,-0.859,-7.7696725,110.3850264,-2.327
1788934827.6033328,42.535302956071085,42.535302956071085,0.0,False,False,20.203313614355437,20.46272046918493,-7.7692902,110.3850274,-0.859,-7.7696725,110.3850264,-2.327
1788934827.8036463,42.535302956071085,42.535302956071085,0.0,False,False,20.203313614355437,20.46272046918493,-7.7692902,110.3850274,-0.859,-7.7696725,110.3850264,-2.327
1788934828.004718,42.535302956071085,42.535302956071085,0.0,False,False,20.203313614355437,20.46272046918493,-7.7692902,110.3850274,-0.859,-7.7696725,110.3850264,-2.327
1788934828.2073386,42.535302956071085,42.535302956071085,0.0,False,False,20.203313614355437,20.46272046918493,-7.7692902,110.3850274,-0.859,-7.7696725,110.3850264,-2.327
1788934828.4093924,42.535302956071085,42.535302956071085,0.0,False,False,20.203313614355437,20.46272046918493,-7.7692902,110.3850274,-0.859,-7.7696725,110.3850264,-2.327
1788934828.6124072,42.535268455303644,42.535268455303644,0.0,False,False,20.20345515004797,20.46272046918493,-7.7692902,110.3850274,-0.86,-7.7696725,110.3850264,-2.327
1788934828.8144681,42.535268455303644,42.535268455303644,0.0,False,False,20.20345515004797,20.46272046918493,-7.7692902,110.3850274,-0.86,-7.7696725,110.3850264,-2.327
1788934829.017489,42.535268455303644,42.535268455303644,0.0,False,False,20.20345515004797,20.46272046918493,-7.7692902,110.3850274,-0.86,-7.7696725,110.3850264,-2.327
1788934829.2198303,42.535268455303644,42.535268455303644,0.0,False,False,20.20345515004797,20.46272046918493,-7.7692902,110.3850274,-0.86,-7.7696725,110.3850264,-2.327
1788934829.4215274,42.535268455303644,42.535268455303644,0.0,False,False,20.20345515004797,20.46272046918493,-7.7692902,110.3850274,-0.86,-7.7696725,110.3850264,-2.327
1788934829.6231992,42.535268455303644,42.535268455303644,0.0,False,False,20.20345515004797,20.46272046918493,-7.7692902,110.3850274,-0.86,-7.7696725,110.3850264,-2.327
1788934829.8261995,42.535268455303644,42.535268455303644,0.0,False,False,20.20345515004797,20.46272046918493,-7.7692902,110.3850274,-0.86,-7.7696725,110.3850264,-2.327
1788934830.0279121,42.535268455303644,42.535268455303644,0.0,False,False,20.20345515004797,20.46272046918493,-7.7692902,110.3850274,-0.86,-7.7696725,110.3850264,-2.327
1788934830.2297828,42.535268455303644,42.535268455303644,0.0,False,False,20.20345515004797,20.46272046918493,-7.7692902,110.3850274,-0.86,-7.7696725,110.3850264,-2.327
1788934830.4322166,42.535268455303644,42.535268455303644,0.0,False,False,20.20345515004797,20.46272046918493,-7.7692902,110.3850274,-0.86,-7.7696725,110.3850264,-2.327
1788934830.6339219,42.535268455303644,42.535268455303644,0.0,False,False,20.20345515004797,20.46272046918493,-7.7692902,110.3850274,-0.86,-7.7696725,110.3850264,-2.327
1788934830.8383012,42.535268455303644,42.535268455303644,0.0,False,False,20.20345515004797,20.46272046918493,-7.7692902,110.3850274,-0.86,-7.7696725,110.3850264,-2.327
1788934831.0407848,42.535268455303644,42.535268455303644,0.0,False,False,20.20345515004797,20.46272046918493,-7.7692902,110.3850274,-0.86,-7.7696725,110.3850264,-2.327
1788934831.2434711,42.535268455303644,42.535268455303644,0.0,False,False,20.20345515004797,20.46272046918493,-7.7692902,110.3850274,-0.86,-7.7696725,110.3850264,-2.327
1788934831.4517903,42.535268455303644,42.535268455303644,0.0,False,False,20.20345515004797,20.46272046918493,-7.7692902,110.3850274,-0.86,-7.7696725,110.3850264,-2.327
1788934831.6527004,42.535268455303644,42.535268455303644,0.0,False,False,20.20345515004797,20.46272046918493,-7.7692902,110.3850274,-0.86,-7.7696725,110.3850264,-2.327
1788934831.8553011,42.535268455303644,42.535268455303644,0.0,False,False,20.20345515004797,20.46272046918493,-7.7692902,110.3850274,-0.86,-7.7696725,110.3850264,-2.327
1788934832.0699682,42.535268455303644,42.535268455303644,0.0,False,False,20.20345515004797,20.46272046918493,-7.7692902,110.3850274,-0.86,-7.7696725,110.3850264,-2.327
1788934832.270904,42.535268455303644,42.535268455303644,0.0,False,False,20.20345515004797,20.46272046918493,-7.7692902,110.3850274,-0.86,-7.7696725,110.3850264,-2.327
1788934832.4724038,42.535268455303644,42.535268455303644,0.0,False,False,20.20345515004797,20.46272046918493,-7.7692902,110.3850274,-0.86,-7.7696725,110.3850264,-2.327
1788934832.6736064,42.535268455303644,42.535268455303644,0.0,False,False,20.20345515004797,20.46272046918493,-7.7692902,110.3850274,-0.86,-7.7696725,110.3850264,-2.327
1788934832.8750553,42.535268455303644,42.535268455303644,0.0,False,False,20.20345515004797,20.46272046918493,-7.7692902,110.3850274,-0.86,-7.7696725,110.3850264,-2.327
1788934833.0761926,42.535268455303644,42.535268455303644,0.0,False,False,20.20345515004797,20.46272046918493,-7.7692902,110.3850274,-0.86,-7.7696725,110.3850264,-2.327
1788934833.286872,42.535268455303644,42.535268455303644,0.0,False,False,20.20345515004797,20.46272046918493,-7.7692902,110.3850274,-0.86,-7.7696725,110.3850264,-2.327
1788934833.4879265,42.535268455303644,42.535268455303644,0.0,False,False,20.20345515004797,20.46272046918493,-7.7692902,110.3850274,-0.86,-7.7696725,110.3850264,-2.327
1788934833.688245,42.535268455303644,42.535268455303644,0.0,False,False,20.20345515004797,20.46272046918493,-7.7692902,110.3850274,-0.86,-7.7696725,110.3850264,-2.327
1788934833.8910165,42.535268455303644,42.535268455303644,0.0,False,False,20.20345515004797,20.46272046918493,-7.7692902,110.3850274,-0.86,-7.7696725,110.3850264,-2.327
1788934834.0914426,42.535268455303644,42.535268455303644,0.0,False,False,20.20345515004797,20.46272046918493,-7.7692902,110.3850274,-0.86,-7.7696725,110.3850264,-2.327
1788934834.2950866,42.535268455303644,42.535268455303644,0.0,False,False,20.20345515004797,20.46272046918493,-7.7692902,110.3850274,-0.86,-7.7696725,110.3850264,-2.327
1788934834.4970224,42.535268455303644,42.535268455303644,0.0,False,False,20.20345515004797,20.46272046918493,-7.7692902,110.3850274,-0.86,-7.7696725,110.3850264,-2.327
1788934834.6985147,42.535268455303644,42.535268455303644,0.0,False,False,20.20345515004797,20.46272046918493,-7.7692902,110.3850274,-0.86,-7.7696725,110.3850264,-2.327
1788934834.9137416,42.535268455303644,42.535268455303644,0.0,False,False,20.20345515004797,20.46272046918493,-7.7692902,110.3850274,-0.86,-7.7696725,110.3850264,-2.327
1788934835.1273005,42.535268455303644,42.535268455303644,0.0,False,False,20.20345515004797,20.46272046918493,-7.7692902,110.3850274,-0.86,-7.7696725,110.3850264,-2.327
1788934835.3408134,42.535268455303644,42.535268455303644,0.0,False,False,20.20345515004797,20.46272046918493,-7.7692902,110.3850274,-0.86,-7.7696725,110.3850264,-2.327
1788934835.5423656,42.535268455303644,42.535268455303644,0.0,False,False,20.20345515004797,20.46272046918493,-7.7692902,110.3850274,-0.86,-7.7696725,110.3850264,-2.327
1788934835.7441063,42.535268455303644,42.535268455303644,0.0,False,False,20.20345515004797,20.46272046918493,-7.7692902,110.3850274,-0.86,-7.7696725,110.3850264,-2.327
1788934835.9469118,42.535268455303644,42.535268455303644,0.0,False,False,20.20345515004797,20.46272046918493,-7.7692902,110.3850274,-0.86,-7.7696725,110.3850264,-2.327
1788934836.1490166,42.535268455303644,42.535268455303644,0.0,False,False,20.20345515004797,20.46272046918493,-7.7692902,110.3850274,-0.86,-7.7696725,110.3850264,-2.327
1788934836.352582,42.535268455303644,42.535268455303644,0.0,False,False,20.20345515004797,20.46272046918493,-7.7692902,110.3850274,-0.86,-7.7696725,110.3850264,-2.327
1788934836.5569742,42.535268455303644,42.535268455303644,0.0,False,False,20.20345515004797,20.46272046918493,-7.7692902,110.3850274,-0.86,-7.7696725,110.3850264,-2.327
1788934836.758968,42.535268455303644,42.535268455303644,0.0,False,False,20.20345515004797,20.46272046918493,-7.7692902,110.3850274,-0.86,-7.7696725,110.3850264,-2.327
1788934836.959384,42.535268455303644,42.535268455303644,0.0,False,False,20.20345515004797,20.46272046918493,-7.7692902,110.3850274,-0.86,-7.7696725,110.3850264,-2.327
1788934837.1634307,42.535268455303644,42.535268455303644,0.0,False,False,20.20345515004797,20.46272046918493,-7.7692902,110.3850274,-0.86,-7.7696725,110.3850264,-2.327
1788934837.366711,42.535268455303644,42.535268455303644,0.0,False,False,20.20345515004797,20.46272046918493,-7.7692902,110.3850274,-0.86,-7.7696725,110.3850264,-2.327
1788934837.5683877,42.535268455303644,42.535268455303644,0.0,False,False,20.20345515004797,20.46272046918493,-7.7692902,110.3850274,-0.86,-7.7696725,110.3850264,-2.327
1788934837.7698622,42.535268455303644,42.535268455303644,0.0,False,False,20.20345515004797,20.46272046918493,-7.7692902,110.3850274,-0.86,-7.7696725,110.3850264,-2.327
1788934837.971373,42.535268455303644,42.535268455303644,0.0,False,False,20.20345515004797,20.46272046918493,-7.7692902,110.3850274,-0.86,-7.7696725,110.3850264,-2.327
1788934838.1718354,42.535268455303644,42.535268455303644,0.0,False,False,20.20345515004797,20.46272046918493,-7.7692902,110.3850274,-0.86,-7.7696725,110.3850264,-2.327
1788934838.3752558,42.535268455303644,42.535268455303644,0.0,False,False,20.20345515004797,20.46272046918493,-7.7692902,110.3850274,-0.86,-7.7696725,110.3850264,-2.327
1788934838.575781,42.535268455303644,42.535268455303644,0.0,False,False,20.20345515004797,20.46272046918493,-7.7692902,110.3850274,-0.86,-7.7696725,110.3850264,-2.327
1788934838.7796874,42.535268455303644,42.535268455303644,0.0,False,False,20.20345515004797,20.46272046918493,-7.7692902,110.3850274,-0.86,-7.7696725,110.3850264,-2.327
1788934838.9823763,42.535268455303644,42.535268455303644,0.0,False,False,20.20345515004797,20.46272046918493,-7.7692902,110.3850274,-0.86,-7.7696725,110.3850264,-2.327
1788934839.1972263,42.535268455303644,42.535268455303644,0.0,False,False,20.20345515004797,20.46272046918493,-7.7692902,110.3850274,-0.86,-7.7696725,110.3850264,-2.327
1788934839.4003685,42.535268455303644,42.535268455303644,0.0,False,False,20.20345515004797,20.46272046918493,-7.7692902,110.3850274,-0.86,-7.7696725,110.3850264,-2.327
1788934839.6025698,42.535268455303644,42.535268455303644,0.0,False,False,20.20345515004797,20.46272046918493,-7.7692902,110.3850274,-0.86,-7.7696725,110.3850264,-2.327
1788934839.8034654,42.535268455303644,42.535268455303644,0.0,False,False,20.20345515004797,20.46272046918493,-7.7692902,110.3850274,-0.86,-7.7696725,110.3850264,-2.327
1788934840.0058193,42.535268455303644,42.535268455303644,0.0,False,False,20.20345515004797,20.46272046918493,-7.7692902,110.3850274,-0.86,-7.7696725,110.3850264,-2.327
1788934840.2083802,42.535268455303644,42.535268455303644,0.0,False,False,20.20345515004797,20.46272046918493,-7.7692902,110.3850274,-0.86,-7.7696725,110.3850264,-2.327
1788934840.4121566,42.535302956071085,42.535302956071085,0.0,False,False,20.203313614355437,20.46272046918493,-7.7692902,110.3850274,-0.859,-7.7696725,110.3850264,-2.327
1788934840.616297,42.535302956071085,42.535302956071085,0.0,False,False,20.203313614355437,20.46272046918493,-7.7692902,110.3850274,-0.859,-7.7696725,110.3850264,-2.327
1788934840.8181791,42.535302956071085,42.535302956071085,0.0,False,False,20.203313614355437,20.46272046918493,-7.7692902,110.3850274,-0.859,-7.7696725,110.3850264,-2.327
1788934841.0193884,42.535302956071085,42.535302956071085,0.0,False,False,20.203313614355437,20.46272046918493,-7.7692902,110.3850274,-0.859,-7.7696725,110.3850264,-2.327
1788934841.2200103,42.535302956071085,42.535302956071085,0.0,False,False,20.203313614355437,20.46272046918493,-7.7692902,110.3850274,-0.859,-7.7696725,110.3850264,-2.327
1788934841.4203799,42.535302956071085,42.535302956071085,0.0,False,False,20.203313614355437,20.46272046918493,-7.7692902,110.3850274,-0.859,-7.7696725,110.3850264,-2.327
1788934841.6205487,42.535302956071085,42.535302956071085,0.0,False,False,20.203313614355437,20.46272046918493,-7.7692902,110.3850274,-0.859,-7.7696725,110.3850264,-2.327
1788934841.8244202,42.535268455303644,42.535268455303644,0.0,False,False,20.20345515004797,20.46272046918493,-7.7692902,110.3850274,-0.86,-7.7696725,110.3850264,-2.327
1788934842.02572,42.535268455303644,42.535268455303644,0.0,False,False,20.20345515004797,20.46272046918493,-7.7692902,110.3850274,-0.86,-7.7696725,110.3850264,-2.327
1788934842.2272148,42.535268455303644,42.535268455303644,0.0,False,False,20.20345515004797,20.46272046918493,-7.7692902,110.3850274,-0.86,-7.7696725,110.3850264,-2.327
1788934842.4288573,42.535268455303644,42.535268455303644,0.0,False,False,20.20345515004797,20.46272046918493,-7.7692902,110.3850274,-0.86,-7.7696725,110.3850264,-2.327
1788934842.630933,42.535268455303644,42.535268455303644,0.0,False,False,20.20345515004797,20.46272046918493,-7.7692902,110.3850274,-0.86,-7.7696725,110.3850264,-2.327
1788934842.8334734,42.535268455303644,42.535268455303644,0.0,False,False,20.20345515004797,20.46272046918493,-7.7692902,110.3850274,-0.86,-7.7696725,110.3850264,-2.327
1788934843.0338514,42.535268455303644,42.535268455303644,0.0,False,False,20.20345515004797,20.46272046918493,-7.7692902,110.3850274,-0.86,-7.7696725,110.3850264,-2.327
1788934843.2369032,42.535268455303644,42.535268455303644,0.0,False,False,20.20345515004797,20.46272046918493,-7.7692902,110.3850274,-0.86,-7.7696725,110.3850264,-2.327
1788934843.4386144,42.535268455303644,42.535268455303644,0.0,False,False,20.20345515004797,20.46272046918493,-7.7692902,110.3850274,-0.86,-7.7696725,110.3850264,-2.327
1788934843.6407788,42.535268455303644,42.535268455303644,0.0,False,False,20.20345515004797,20.46272046918493,-7.7692902,110.3850274,-0.86,-7.7696725,110.3850264,-2.327
1788934843.8416052,42.535268455303644,42.535268455303644,0.0,False,False,20.20345515004797,20.46272046918493,-7.7692902,110.3850274,-0.86,-7.7696725,110.3850264,-2.327
1788934844.0456047,42.535268455303644,42.535268455303644,0.0,False,False,20.20345515004797,20.46272046918493,-7.7692902,110.3850274,-0.86,-7.7696725,110.3850264,-2.327
1788934844.2590477,42.535268455303644,42.535268455303644,0.0,False,False,20.20345515004797,20.46272046918493,-7.7692902,110.3850274,-0.86,-7.7696725,110.3850264,-2.327
1788934844.460109,42.535268455303644,42.535268455303644,0.0,False,False,20.20345515004797,20.46272046918493,-7.7692902,110.3850274,-0.86,-7.7696725,110.3850264,-2.327
1788934844.6609359,42.535268455303644,42.535268455303644,0.0,False,False,20.20345515004797,20.46272046918493,-7.7692902,110.3850274,-0.86,-7.7696725,110.3850264,-2.327
1788934844.8636482,42.535268455303644,42.535268455303644,0.0,False,False,20.20345515004797,20.46272046918493,-7.7692902,110.3850274,-0.86,-7.7696725,110.3850264,-2.327
1788934845.0638146,42.535268455303644,42.535268455303644,0.0,False,False,20.20345515004797,20.46272046918493,-7.7692902,110.3850274,-0.86,-7.7696725,110.3850264,-2.327
1788934845.266312,42.535268455303644,42.535268455303644,0.0,False,False,20.20345515004797,20.46272046918493,-7.7692902,110.3850274,-0.86,-7.7696725,110.3850264,-2.327
1788934845.467895,42.535268455303644,42.535268455303644,0.0,False,False,20.20345515004797,20.46272046918493,-7.7692902,110.3850274,-0.86,-7.7696725,110.3850264,-2.327
1788934845.671864,42.535268455303644,42.535268455303644,0.0,False,False,20.20345515004797,20.46272046918493,-7.7692902,110.3850274,-0.86,-7.7696725,110.3850264,-2.327
1788934845.8855584,42.535268455303644,42.535268455303644,0.0,False,False,20.20345515004797,20.46272046918493,-7.7692902,110.3850274,-0.86,-7.7696725,110.3850264,-2.327
1788934846.086051,42.535268455303644,42.535268455303644,0.0,False,False,20.20345515004797,20.46272046918493,-7.7692902,110.3850274,-0.86,-7.7696725,110.3850264,-2.327
1788934846.2944477,42.535268455303644,42.535268455303644,0.0,False,False,20.20345515004797,20.46272046918493,-7.7692902,110.3850274,-0.86,-7.7696725,110.3850264,-2.327
1788934846.4983487,42.535268455303644,42.535268455303644,0.0,False,False,20.20345515004797,20.46272046918493,-7.7692902,110.3850274,-0.86,-7.7696725,110.3850264,-2.327
1788934846.700141,42.535268455303644,42.535268455303644,0.0,False,False,20.20345515004797,20.46272046918493,-7.7692902,110.3850274,-0.86,-7.7696725,110.3850264,-2.327
1788934846.901974,42.535302956071085,42.535302956071085,0.0,False,False,20.20345515004797,20.462931950236257,-7.7692902,110.3850274,-0.86,-7.7696725,110.3850264,-2.328
1788934847.1031206,42.535302956071085,42.535302956071085,0.0,False,False,20.20345515004797,20.462931950236257,-7.7692902,110.3850274,-0.86,-7.7696725,110.3850264,-2.328
1788934847.3055677,42.535302956071085,42.535302956071085,0.0,False,False,20.20345515004797,20.462931950236257,-7.7692902,110.3850274,-0.86,-7.7696725,110.3850264,-2.328
1788934847.5070128,42.535302956071085,42.535302956071085,0.0,False,False,20.20345515004797,20.462931950236257,-7.7692902,110.3850274,-0.86,-7.7696725,110.3850264,-2.328
1788934847.709574,42.535302956071085,42.535302956071085,0.0,False,False,20.20345515004797,20.462931950236257,-7.7692902,110.3850274,-0.86,-7.7696725,110.3850264,-2.328
1788934847.9133,42.535302956071085,42.535302956071085,0.0,False,False,20.20345515004797,20.462931950236257,-7.7692902,110.3850274,-0.86,-7.7696725,110.3850264,-2.328
1788934848.1149437,42.535302956071085,42.535302956071085,0.0,False,False,20.20345515004797,20.462931950236257,-7.7692902,110.3850274,-0.86,-7.7696725,110.3850264,-2.328
1788934848.3177285,42.535302956071085,42.535302956071085,0.0,False,False,20.20345515004797,20.462931950236257,-7.7692902,110.3850274,-0.86,-7.7696725,110.3850264,-2.328
1788934848.519305,42.535302956071085,42.535302956071085,0.0,False,False,20.20345515004797,20.462931950236257,-7.7692902,110.3850274,-0.86,-7.7696725,110.3850264,-2.328
1788934848.7219148,42.535302956071085,42.535302956071085,0.0,False,False,20.20345515004797,20.462931950236257,-7.7692902,110.3850274,-0.86,-7.7696725,110.3850264,-2.328
1788934848.9237494,42.535302956071085,42.535302956071085,0.0,False,False,20.20345515004797,20.462931950236257,-7.7692902,110.3850274,-0.86,-7.7696725,110.3850264,-2.328
1788934849.1265728,42.535268455303644,42.535268455303644,0.0,False,False,20.203596734245114,20.462931950236257,-7.7692902,110.3850274,-0.861,-7.7696725,110.3850264,-2.328
1788934849.3301082,42.535268455303644,42.535268455303644,0.0,False,False,20.203596734245114,20.462931950236257,-7.7692902,110.3850274,-0.861,-7.7696725,110.3850264,-2.328
1788934849.5333533,42.535268455303644,42.535268455303644,0.0,False,False,20.203596734245114,20.462931950236257,-7.7692902,110.3850274,-0.861,-7.7696725,110.3850264,-2.328
1788934849.735282,42.535268455303644,42.535268455303644,0.0,False,False,20.203596734245114,20.462931950236257,-7.7692902,110.3850274,-0.861,-7.7696725,110.3850264,-2.328
1788934849.9378633,42.535268455303644,42.535268455303644,0.0,False,False,20.203596734245114,20.462931950236257,-7.7692902,110.3850274,-0.861,-7.7696725,110.3850264,-2.328
1788934850.142177,42.535268455303644,42.535268455303644,0.0,False,False,20.203596734245114,20.462931950236257,-7.7692902,110.3850274,-0.861,-7.7696725,110.3850264,-2.328
1788934850.3433473,42.535268455303644,42.535268455303644,0.0,False,False,20.203596734245114,20.462931950236257,-7.7692902,110.3850274,-0.861,-7.7696725,110.3850264,-2.328
1788934850.5455587,42.535268455303644,42.535268455303644,0.0,False,False,20.203596734245114,20.462931950236257,-7.7692902,110.3850274,-0.861,-7.7696725,110.3850264,-2.328
1788934850.7491336,42.535268455303644,42.535268455303644,0.0,False,False,20.203596734245114,20.462931950236257,-7.7692902,110.3850274,-0.861,-7.7696725,110.3850264,-2.328
1788934850.9519951,42.535268455303644,42.535268455303644,0.0,False,False,20.203596734245114,20.462931950236257,-7.7692902,110.3850274,-0.861,-7.7696725,110.3850264,-2.328
1788934851.1541328,42.535268455303644,42.535268455303644,0.0,False,False,20.203596734245114,20.462931950236257,-7.7692902,110.3850274,-0.861,-7.7696725,110.3850264,-2.328
1788934851.3560796,42.535268455303644,42.535268455303644,0.0,False,False,20.203596734245114,20.462931950236257,-7.7692902,110.3850274,-0.861,-7.7696725,110.3850264,-2.328
1788934851.5582078,42.535268455303644,42.535268455303644,0.0,False,False,20.203596734245114,20.462931950236257,-7.7692902,110.3850274,-0.861,-7.7696725,110.3850264,-2.328
1788934851.7620995,42.535268455303644,42.535268455303644,0.0,False,False,20.203596734245114,20.462931950236257,-7.7692902,110.3850274,-0.861,-7.7696725,110.3850264,-2.328
1788934851.9627597,42.535268455303644,42.535268455303644,0.0,False,False,20.203596734245114,20.462931950236257,-7.7692902,110.3850274,-0.861,-7.7696725,110.3850264,-2.328
1788934852.1646326,42.535268455303644,42.535268455303644,0.0,False,False,20.203596734245114,20.462931950236257,-7.7692902,110.3850274,-0.861,-7.7696725,110.3850264,-2.328
1788934852.368158,42.535268455303644,42.535268455303644,0.0,False,False,20.203596734245114,20.462931950236257,-7.7692902,110.3850274,-0.861,-7.7696725,110.3850264,-2.328
1788934852.5725033,42.535268455303644,42.535268455303644,0.0,False,False,20.203596734245114,20.462931950236257,-7.7692902,110.3850274,-0.861,-7.7696725,110.3850264,-2.328
1788934852.7776103,42.535302956071085,42.535302956071085,0.0,False,False,20.20345515004797,20.462931950236257,-7.7692902,110.3850274,-0.86,-7.7696725,110.3850264,-2.328
1788934852.9797802,42.535302956071085,42.535302956071085,0.0,False,False,20.20345515004797,20.462931950236257,-7.7692902,110.3850274,-0.86,-7.7696725,110.3850264,-2.328
1788934853.1803057,42.535302956071085,42.535302956071085,0.0,False,False,20.20345515004797,20.462931950236257,-7.7692902,110.3850274,-0.86,-7.7696725,110.3850264,-2.328
1788934853.38331,42.535302956071085,42.535302956071085,0.0,False,False,20.20345515004797,20.462931950236257,-7.7692902,110.3850274,-0.86,-7.7696725,110.3850264,-2.328
1788934853.5858412,42.535302956071085,42.535302956071085,0.0,False,False,20.20345515004797,20.462931950236257,-7.7692902,110.3850274,-0.86,-7.7696725,110.3850264,-2.328
1788934853.7864962,42.535302956071085,42.535302956071085,0.0,False,False,20.20345515004797,20.462931950236257,-7.7692902,110.3850274,-0.86,-7.7696725,110.3850264,-2.328
1788934853.9890332,42.535302956071085,42.535302956071085,0.0,False,False,20.20345515004797,20.462931950236257,-7.7692902,110.3850274,-0.86,-7.7696725,110.3850264,-2.328
1788934854.1915703,42.535302956071085,42.535302956071085,0.0,False,False,20.20345515004797,20.462931950236257,-7.7692902,110.3850274,-0.86,-7.7696725,110.3850264,-2.328
1788934854.3934956,42.535302956071085,42.535302956071085,0.0,False,False,20.20345515004797,20.462931950236257,-7.7692902,110.3850274,-0.86,-7.7696725,110.3850264,-2.328
1788934854.598482,42.535302956071085,42.535302956071085,0.0,False,False,20.20345515004797,20.462931950236257,-7.7692902,110.3850274,-0.86,-7.7696725,110.3850264,-2.328
1788934854.8021572,42.535302956071085,42.535302956071085,0.0,False,False,20.20345515004797,20.462931950236257,-7.7692902,110.3850274,-0.86,-7.7696725,110.3850264,-2.328
1788934855.005025,42.535302956071085,42.535302956071085,0.0,False,False,20.20345515004797,20.462931950236257,-7.7692902,110.3850274,-0.86,-7.7696725,110.3850264,-2.328
1788934855.2061338,42.535302956071085,42.535302956071085,0.0,False,False,20.20345515004797,20.462931950236257,-7.7692902,110.3850274,-0.86,-7.7696725,110.3850264,-2.328
1788934855.408495,42.535302956071085,42.535302956071085,0.0,False,False,20.20345515004797,20.462931950236257,-7.7692902,110.3850274,-0.86,-7.7696725,110.3850264,-2.328
1788934855.6120958,42.535302956071085,42.535302956071085,0.0,False,False,20.20345515004797,20.462931950236257,-7.7692902,110.3850274,-0.86,-7.7696725,110.3850264,-2.328
1788934855.8168929,42.535302956071085,42.535302956071085,0.0,False,False,20.20345515004797,20.462931950236257,-7.7692902,110.3850274,-0.86,-7.7696725,110.3850264,-2.328
1788934856.0205772,42.535302956071085,42.535302956071085,0.0,False,False,20.20345515004797,20.462931950236257,-7.7692902,110.3850274,-0.86,-7.7696725,110.3850264,-2.328
1788934856.2220073,42.535302956071085,42.535302956071085,0.0,False,False,20.20345515004797,20.462931950236257,-7.7692902,110.3850274,-0.86,-7.7696725,110.3850264,-2.328
1788934856.4246962,42.535302956071085,42.535302956071085,0.0,False,False,20.20345515004797,20.462931950236257,-7.7692902,110.3850274,-0.86,-7.7696725,110.3850264,-2.328
1788934856.6275876,42.535302956071085,42.535302956071085,0.0,False,False,20.20345515004797,20.462931950236257,-7.7692902,110.3850274,-0.86,-7.7696725,110.3850264,-2.328
1788934856.829186,42.535268455303644,42.535268455303644,0.0,False,False,20.20345515004797,20.46272046918493,-7.7692902,110.3850274,-0.86,-7.7696725,110.3850264,-2.327
1788934857.0329723,42.535268455303644,42.535268455303644,0.0,False,False,20.20345515004797,20.46272046918493,-7.7692902,110.3850274,-0.86,-7.7696725,110.3850264,-2.327
1788934857.2478426,42.535268455303644,42.535268455303644,0.0,False,False,20.20345515004797,20.46272046918493,-7.7692902,110.3850274,-0.86,-7.7696725,110.3850264,-2.327
1788934857.4629672,42.535268455303644,42.535268455303644,0.0,False,False,20.20345515004797,20.46272046918493,-7.7692902,110.3850274,-0.86,-7.7696725,110.3850264,-2.327
1788934857.664689,42.535268455303644,42.535268455303644,0.0,False,False,20.20345515004797,20.46272046918493,-7.7692902,110.3850274,-0.86,-7.7696725,110.3850264,-2.327
1788934857.8656144,42.535268455303644,42.535268455303644,0.0,False,False,20.20345515004797,20.46272046918493,-7.7692902,110.3850274,-0.86,-7.7696725,110.3850264,-2.327
1788934858.067492,42.535268455303644,42.535268455303644,0.0,False,False,20.20345515004797,20.46272046918493,-7.7692902,110.3850274,-0.86,-7.7696725,110.3850264,-2.327
1788934858.26994,42.535268455303644,42.535268455303644,0.0,False,False,20.20345515004797,20.46272046918493,-7.7692902,110.3850274,-0.86,-7.7696725,110.3850264,-2.327
1788934858.4728873,42.535268455303644,42.535268455303644,0.0,False,False,20.20345515004797,20.46272046918493,-7.7692902,110.3850274,-0.86,-7.7696725,110.3850264,-2.327
1788934858.6739872,42.535268455303644,42.535268455303644,0.0,False,False,20.20345515004797,20.46272046918493,-7.7692902,110.3850274,-0.86,-7.7696725,110.3850264,-2.327
1788934858.8755004,42.535268455303644,42.535268455303644,0.0,False,False,20.20345515004797,20.46272046918493,-7.7692902,110.3850274,-0.86,-7.7696725,110.3850264,-2.327
1788934859.0789604,42.535268455303644,42.535268455303644,0.0,False,False,20.20345515004797,20.46272046918493,-7.7692902,110.3850274,-0.86,-7.7696725,110.3850264,-2.327
1788934859.282166,42.535268455303644,42.535268455303644,0.0,False,False,20.20345515004797,20.46272046918493,-7.7692902,110.3850274,-0.86,-7.7696725,110.3850264,-2.327
1788934859.4845793,42.535268455303644,42.535268455303644,0.0,False,False,20.20345515004797,20.46272046918493,-7.7692902,110.3850274,-0.86,-7.7696725,110.3850264,-2.327
1788934859.6873474,42.535268455303644,42.535268455303644,0.0,False,False,20.20345515004797,20.46272046918493,-7.7692902,110.3850274,-0.86,-7.7696725,110.3850264,-2.327
1788934859.8876455,42.535268455303644,42.535268455303644,0.0,False,False,20.20345515004797,20.46272046918493,-7.7692902,110.3850274,-0.86,-7.7696725,110.3850264,-2.327
1788934860.0902617,42.535268455303644,42.535268455303644,0.0,False,False,20.20345515004797,20.46272046918493,-7.7692902,110.3850274,-0.86,-7.7696725,110.3850264,-2.327
1788934860.2918406,42.535268455303644,42.535268455303644,0.0,False,False,20.20345515004797,20.46272046918493,-7.7692902,110.3850274,-0.86,-7.7696725,110.3850264,-2.327
1788934860.4954348,42.535268455303644,42.535268455303644,0.0,False,False,20.20345515004797,20.46272046918493,-7.7692902,110.3850274,-0.86,-7.7696725,110.3850264,-2.327
1788934860.6978314,42.535268455303644,42.535268455303644,0.0,False,False,20.20345515004797,20.46272046918493,-7.7692902,110.3850274,-0.86,-7.7696725,110.3850264,-2.327
1788934860.9014413,42.535268455303644,42.535268455303644,0.0,False,False,20.20345515004797,20.46272046918493,-7.7692902,110.3850274,-0.86,-7.7696725,110.3850264,-2.327
1788934861.1164093,42.535268455303644,42.535268455303644,0.0,False,False,20.20345515004797,20.46272046918493,-7.7692902,110.3850274,-0.86,-7.7696725,110.3850264,-2.327
1788934861.3308423,42.535268455303644,42.535268455303644,0.0,False,False,20.20345515004797,20.46272046918493,-7.7692902,110.3850274,-0.86,-7.7696725,110.3850264,-2.327
1788934861.532732,42.535268455303644,42.535268455303644,0.0,False,False,20.20345515004797,20.46272046918493,-7.7692902,110.3850274,-0.86,-7.7696725,110.3850264,-2.327
1788934861.7341833,42.535268455303644,42.535268455303644,0.0,False,False,20.20345515004797,20.46272046918493,-7.7692902,110.3850274,-0.86,-7.7696725,110.3850264,-2.327
1788934861.9348953,42.535268455303644,42.535268455303644,0.0,False,False,20.20345515004797,20.46272046918493,-7.7692902,110.3850274,-0.86,-7.7696725,110.3850264,-2.327
1788934862.137039,42.535268455303644,42.535268455303644,0.0,False,False,20.20345515004797,20.46272046918493,-7.7692902,110.3850274,-0.86,-7.7696725,110.3850264,-2.327
1788934862.3392727,42.535268455303644,42.535268455303644,0.0,False,False,20.20345515004797,20.46272046918493,-7.7692902,110.3850274,-0.86,-7.7696725,110.3850264,-2.327
1788934862.5415397,42.535268455303644,42.535268455303644,0.0,False,False,20.20345515004797,20.46272046918493,-7.7692902,110.3850274,-0.86,-7.7696725,110.3850264,-2.327
1788934862.7442536,42.535268455303644,42.535268455303644,0.0,False,False,20.20345515004797,20.46272046918493,-7.7692902,110.3850274,-0.86,-7.7696725,110.3850264,-2.327
1788934862.9460347,42.535268455303644,42.535268455303644,0.0,False,False,20.20345515004797,20.46272046918493,-7.7692902,110.3850274,-0.86,-7.7696725,110.3850264,-2.327
1788934863.1487231,42.535268455303644,42.535268455303644,0.0,False,False,20.20345515004797,20.46272046918493,-7.7692902,110.3850274,-0.86,-7.7696725,110.3850264,-2.327
1788934863.3500876,42.535268455303644,42.535268455303644,0.0,False,False,20.20345515004797,20.46272046918493,-7.7692902,110.3850274,-0.86,-7.7696725,110.3850264,-2.327
1788934863.553283,42.535268455303644,42.535268455303644,0.0,False,False,20.20345515004797,20.46272046918493,-7.7692902,110.3850274,-0.86,-7.7696725,110.3850264,-2.327
1788934863.7562006,42.535268455303644,42.535268455303644,0.0,False,False,20.20345515004797,20.46272046918493,-7.7692902,110.3850274,-0.86,-7.7696725,110.3850264,-2.327
1788934863.9576707,42.535268455303644,42.535268455303644,0.0,False,False,20.20345515004797,20.46272046918493,-7.7692902,110.3850274,-0.86,-7.7696725,110.3850264,-2.327
1788934864.1604998,42.535268455303644,42.535268455303644,0.0,False,False,20.20345515004797,20.46272046918493,-7.7692902,110.3850274,-0.86,-7.7696725,110.3850264,-2.327
1788934864.3627236,42.535268455303644,42.535268455303644,0.0,False,False,20.20345515004797,20.46272046918493,-7.7692902,110.3850274,-0.86,-7.7696725,110.3850264,-2.327
1788934864.565816,42.535268455303644,42.535268455303644,0.0,False,False,20.20345515004797,20.46272046918493,-7.7692902,110.3850274,-0.86,-7.7696725,110.3850264,-2.327
1788934864.7671852,42.535268455303644,42.535268455303644,0.0,False,False,20.20345515004797,20.46272046918493,-7.7692902,110.3850274,-0.86,-7.7696725,110.3850264,-2.327
1788934864.9672074,42.535268455303644,42.535268455303644,0.0,False,False,20.20345515004797,20.46272046918493,-7.7692902,110.3850274,-0.86,-7.7696725,110.3850264,-2.327
1788934865.1705413,42.535268455303644,42.535268455303644,0.0,False,False,20.20345515004797,20.46272046918493,-7.7692902,110.3850274,-0.86,-7.7696725,110.3850264,-2.327
1788934865.3728924,42.535268455303644,42.535268455303644,0.0,False,False,20.20345515004797,20.46272046918493,-7.7692902,110.3850274,-0.86,-7.7696725,110.3850264,-2.327
1788934865.5758493,42.535268455303644,42.535268455303644,0.0,False,False,20.20345515004797,20.46272046918493,-7.7692902,110.3850274,-0.86,-7.7696725,110.3850264,-2.327
1788934865.7785716,42.535268455303644,42.535268455303644,0.0,False,False,20.20345515004797,20.46272046918493,-7.7692902,110.3850274,-0.86,-7.7696725,110.3850264,-2.327
1788934865.9809048,42.535268455303644,42.535268455303644,0.0,False,False,20.20345515004797,20.46272046918493,-7.7692902,110.3850274,-0.86,-7.7696725,110.3850264,-2.327
1788934866.18298,42.535268455303644,42.535268455303644,0.0,False,False,20.20345515004797,20.46272046918493,-7.7692902,110.3850274,-0.86,-7.7696725,110.3850264,-2.327
1788934866.3847528,42.535268455303644,42.535268455303644,0.0,False,False,20.20345515004797,20.46272046918493,-7.7692902,110.3850274,-0.86,-7.7696725,110.3850264,-2.327
1788934866.5860207,42.535268455303644,42.535268455303644,0.0,False,False,20.20345515004797,20.46272046918493,-7.7692902,110.3850274,-0.86,-7.7696725,110.3850264,-2.327
1788934866.786969,42.535268455303644,42.535268455303644,0.0,False,False,20.20345515004797,20.46272046918493,-7.7692902,110.3850274,-0.86,-7.7696725,110.3850264,-2.327
1788934866.9898152,42.535268455303644,42.535268455303644,0.0,False,False,20.20345515004797,20.46272046918493,-7.7692902,110.3850274,-0.86,-7.7696725,110.3850264,-2.327
1788934867.1924002,42.535268455303644,42.535268455303644,0.0,False,False,20.20345515004797,20.46272046918493,-7.7692902,110.3850274,-0.86,-7.7696725,110.3850264,-2.327
1788934867.3932853,42.535268455303644,42.535268455303644,0.0,False,False,20.20345515004797,20.46272046918493,-7.7692902,110.3850274,-0.86,-7.7696725,110.3850264,-2.327
1788934867.5955412,42.535268455303644,42.535268455303644,0.0,False,False,20.20345515004797,20.46272046918493,-7.7692902,110.3850274,-0.86,-7.7696725,110.3850264,-2.327
1788934867.7961323,42.535268455303644,42.535268455303644,0.0,False,False,20.20345515004797,20.46272046918493,-7.7692902,110.3850274,-0.86,-7.7696725,110.3850264,-2.327
1788934868.0008256,42.535268455303644,42.535268455303644,0.0,False,False,20.20345515004797,20.46272046918493,-7.7692902,110.3850274,-0.86,-7.7696725,110.3850264,-2.327
1788934868.2008333,42.535268455303644,42.535268455303644,0.0,False,False,20.20345515004797,20.46272046918493,-7.7692902,110.3850274,-0.86,-7.7696725,110.3850264,-2.327
1788934868.4011881,42.535268455303644,42.535268455303644,0.0,False,False,20.20345515004797,20.46272046918493,-7.7692902,110.3850274,-0.86,-7.7696725,110.3850264,-2.327
1788934868.602499,42.535268455303644,42.535268455303644,0.0,False,False,20.20345515004797,20.46272046918493,-7.7692902,110.3850274,-0.86,-7.7696725,110.3850264,-2.327
1788934868.8033848,42.535268455303644,42.535268455303644,0.0,False,False,20.20345515004797,20.46272046918493,-7.7692902,110.3850274,-0.86,-7.7696725,110.3850264,-2.327
1788934869.0182118,42.535268455303644,42.535268455303644,0.0,False,False,20.20345515004797,20.46272046918493,-7.7692902,110.3850274,-0.86,-7.7696725,110.3850264,-2.327
1788934869.2225134,42.535268455303644,42.535268455303644,0.0,False,False,20.20345515004797,20.46272046918493,-7.7692902,110.3850274,-0.86,-7.7696725,110.3850264,-2.327
1788934869.4372902,42.535268455303644,42.535268455303644,0.0,False,False,20.20345515004797,20.46272046918493,-7.7692902,110.3850274,-0.86,-7.7696725,110.3850264,-2.327
1788934869.6481204,42.535268455303644,42.535268455303644,0.0,False,False,20.20345515004797,20.46272046918493,-7.7692902,110.3850274,-0.86,-7.7696725,110.3850264,-2.327
1788934869.8482401,42.535268455303644,42.535268455303644,0.0,False,False,20.20345515004797,20.46272046918493,-7.7692902,110.3850274,-0.86,-7.7696725,110.3850264,-2.327
1788934870.0633945,42.535268455303644,42.535268455303644,0.0,False,False,20.20345515004797,20.46272046918493,-7.7692902,110.3850274,-0.86,-7.7696725,110.3850264,-2.327
1788934870.264968,42.535268455303644,42.535268455303644,0.0,False,False,20.20345515004797,20.46272046918493,-7.7692902,110.3850274,-0.86,-7.7696725,110.3850264,-2.327
1788934870.4652026,42.535268455303644,42.535268455303644,0.0,False,False,20.20345515004797,20.46272046918493,-7.7692902,110.3850274,-0.86,-7.7696725,110.3850264,-2.327
1788934870.665387,42.535268455303644,42.535268455303644,0.0,False,False,20.20345515004797,20.46272046918493,-7.7692902,110.3850274,-0.86,-7.7696725,110.3850264,-2.327
1788934870.8666353,42.535302956071085,42.535302956071085,0.0,False,False,20.203313614355437,20.46272046918493,-7.7692902,110.3850274,-0.859,-7.7696725,110.3850264,-2.327
1788934871.0703807,42.535302956071085,42.535302956071085,0.0,False,False,20.203313614355437,20.46272046918493,-7.7692902,110.3850274,-0.859,-7.7696725,110.3850264,-2.327
1788934871.2709079,42.535302956071085,42.535302956071085,0.0,False,False,20.203313614355437,20.46272046918493,-7.7692902,110.3850274,-0.859,-7.7696725,110.3850264,-2.327
1788934871.471066,42.535302956071085,42.535302956071085,0.0,False,False,20.203313614355437,20.46272046918493,-7.7692902,110.3850274,-0.859,-7.7696725,110.3850264,-2.327
1788934871.6731696,42.535302956071085,42.535302956071085,0.0,False,False,20.203313614355437,20.46272046918493,-7.7692902,110.3850274,-0.859,-7.7696725,110.3850264,-2.327
1788934871.8743954,42.535302956071085,42.535302956071085,0.0,False,False,20.203313614355437,20.46272046918493,-7.7692902,110.3850274,-0.859,-7.7696725,110.3850264,-2.327
1788934872.076266,42.535302956071085,42.535302956071085,0.0,False,False,20.203313614355437,20.46272046918493,-7.7692902,110.3850274,-0.859,-7.7696725,110.3850264,-2.327
1788934872.2762601,42.535302956071085,42.535302956071085,0.0,False,False,20.203313614355437,20.46272046918493,-7.7692902,110.3850274,-0.859,-7.7696725,110.3850264,-2.327
1788934872.477264,42.535302956071085,42.535302956071085,0.0,False,False,20.203313614355437,20.46272046918493,-7.7692902,110.3850274,-0.859,-7.7696725,110.3850264,-2.327
1788934872.6803017,42.535302956071085,42.535302956071085,0.0,False,False,20.203313614355437,20.46272046918493,-7.7692902,110.3850274,-0.859,-7.7696725,110.3850264,-2.327
1788934872.8833687,42.535302956071085,42.535302956071085,0.0,False,False,20.203313614355437,20.46272046918493,-7.7692902,110.3850274,-0.859,-7.7696725,110.3850264,-2.327
1788934873.0870967,42.535302956071085,42.535302956071085,0.0,False,False,20.203313614355437,20.46272046918493,-7.7692902,110.3850274,-0.859,-7.7696725,110.3850264,-2.327
1788934873.28785,42.535302956071085,42.535302956071085,0.0,False,False,20.203313614355437,20.46272046918493,-7.7692902,110.3850274,-0.859,-7.7696725,110.3850264,-2.327
1788934873.4887204,42.535302956071085,42.535302956071085,0.0,False,False,20.203313614355437,20.46272046918493,-7.7692902,110.3850274,-0.859,-7.7696725,110.3850264,-2.327
1788934873.690298,42.535302956071085,42.535302956071085,0.0,False,False,20.203313614355437,20.46272046918493,-7.7692902,110.3850274,-0.859,-7.7696725,110.3850264,-2.327
1788934873.8930545,42.535302956071085,42.535302956071085,0.0,False,False,20.203313614355437,20.46272046918493,-7.7692902,110.3850274,-0.859,-7.7696725,110.3850264,-2.327
1788934874.0951762,42.535302956071085,42.535302956071085,0.0,False,False,20.203313614355437,20.46272046918493,-7.7692902,110.3850274,-0.859,-7.7696725,110.3850264,-2.327
1788934874.2959037,42.535302956071085,42.535302956071085,0.0,False,False,20.203313614355437,20.46272046918493,-7.7692902,110.3850274,-0.859,-7.7696725,110.3850264,-2.327
1788934874.497995,42.535302956071085,42.535302956071085,0.0,False,False,20.203313614355437,20.46272046918493,-7.7692902,110.3850274,-0.859,-7.7696725,110.3850264,-2.327
1788934874.6986868,42.535302956071085,42.535302956071085,0.0,False,False,20.203313614355437,20.46272046918493,-7.7692902,110.3850274,-0.859,-7.7696725,110.3850264,-2.327
1788934874.901205,42.535302956071085,42.535302956071085,0.0,False,False,20.203313614355437,20.46272046918493,-7.7692902,110.3850274,-0.859,-7.7696725,110.3850264,-2.327
1788934875.1044686,42.535302956071085,42.535302956071085,0.0,False,False,20.203313614355437,20.46272046918493,-7.7692902,110.3850274,-0.859,-7.7696725,110.3850264,-2.327
1788934875.3066802,42.535302956071085,42.535302956071085,0.0,False,False,20.203313614355437,20.46272046918493,-7.7692902,110.3850274,-0.859,-7.7696725,110.3850264,-2.327
1788934875.5220249,42.535302956071085,42.535302956071085,0.0,False,False,20.203313614355437,20.46272046918493,-7.7692902,110.3850274,-0.859,-7.7696725,110.3850264,-2.327
1788934875.722084,42.535302956071085,42.535302956071085,0.0,False,False,20.203313614355437,20.46272046918493,-7.7692902,110.3850274,-0.859,-7.7696725,110.3850264,-2.327
1788934875.9351175,42.535302956071085,42.535302956071085,0.0,False,False,20.203313614355437,20.46272046918493,-7.7692902,110.3850274,-0.859,-7.7696725,110.3850264,-2.327
1788934876.1496632,42.535302956071085,42.535302956071085,0.0,False,False,20.203313614355437,20.46272046918493,-7.7692902,110.3850274,-0.859,-7.7696725,110.3850264,-2.327
1788934876.351957,42.535302956071085,42.535302956071085,0.0,False,False,20.203313614355437,20.46272046918493,-7.7692902,110.3850274,-0.859,-7.7696725,110.3850264,-2.327
1788934876.5552907,42.535302956071085,42.535302956071085,0.0,False,False,20.203313614355437,20.46272046918493,-7.7692902,110.3850274,-0.859,-7.7696725,110.3850264,-2.327
1788934876.7704282,42.535302956071085,42.535302956071085,0.0,False,False,20.203313614355437,20.46272046918493,-7.7692902,110.3850274,-0.859,-7.7696725,110.3850264,-2.327
1788934876.9717615,42.535302956071085,42.535302956071085,0.0,False,False,20.203313614355437,20.46272046918493,-7.7692902,110.3850274,-0.859,-7.7696725,110.3850264,-2.327
1788934877.1736312,42.535302956071085,42.535302956071085,0.0,False,False,20.203313614355437,20.46272046918493,-7.7692902,110.3850274,-0.859,-7.7696725,110.3850264,-2.327
1788934877.3755345,42.535302956071085,42.535302956071085,0.0,False,False,20.203313614355437,20.46272046918493,-7.7692902,110.3850274,-0.859,-7.7696725,110.3850264,-2.327
1788934877.5907712,42.535302956071085,42.535302956071085,0.0,False,False,20.203313614355437,20.46272046918493,-7.7692902,110.3850274,-0.859,-7.7696725,110.3850264,-2.327
1788934877.7927132,42.535302956071085,42.535302956071085,0.0,False,False,20.203313614355437,20.46272046918493,-7.7692902,110.3850274,-0.859,-7.7696725,110.3850264,-2.327
1788934878.0073535,42.535302956071085,42.535302956071085,0.0,False,False,20.203313614355437,20.46272046918493,-7.7692902,110.3850274,-0.859,-7.7696725,110.3850264,-2.327
1788934878.2089317,42.535302956071085,42.535302956071085,0.0,False,False,20.203313614355437,20.46272046918493,-7.7692902,110.3850274,-0.859,-7.7696725,110.3850264,-2.327
1788934878.4101474,42.535302956071085,42.535302956071085,0.0,False,False,20.203313614355437,20.46272046918493,-7.7692902,110.3850274,-0.859,-7.7696725,110.3850264,-2.327
1788934878.623915,42.535302956071085,42.535302956071085,0.0,False,False,20.203313614355437,20.46272046918493,-7.7692902,110.3850274,-0.859,-7.7696725,110.3850264,-2.327
1788934878.8265896,42.535302956071085,42.535302956071085,0.0,False,False,20.203313614355437,20.46272046918493,-7.7692902,110.3850274,-0.859,-7.7696725,110.3850264,-2.327
1788934879.0314956,42.535302956071085,42.535302956071085,0.0,False,False,20.203313614355437,20.46272046918493,-7.7692902,110.3850274,-0.859,-7.7696725,110.3850264,-2.327
1788934879.2367988,42.535302956071085,42.535302956071085,0.0,False,False,20.203313614355437,20.46272046918493,-7.7692902,110.3850274,-0.859,-7.7696725,110.3850264,-2.327
1788934879.4402912,42.535302956071085,42.535302956071085,0.0,False,False,20.203313614355437,20.46272046918493,-7.7692902,110.3850274,-0.859,-7.7696725,110.3850264,-2.327
1788934879.642204,42.535302956071085,42.535302956071085,0.0,False,False,20.203313614355437,20.46272046918493,-7.7692902,110.3850274,-0.859,-7.7696725,110.3850264,-2.327
1788934879.8573053,42.535302956071085,42.535302956071085,0.0,False,False,20.203313614355437,20.46272046918493,-7.7692902,110.3850274,-0.859,-7.7696725,110.3850264,-2.327
1788934880.0574813,42.535302956071085,42.535302956071085,0.0,False,False,20.203313614355437,20.46272046918493,-7.7692902,110.3850274,-0.859,-7.7696725,110.3850264,-2.327
1788934880.2721412,42.535302956071085,42.535302956071085,0.0,False,False,20.203313614355437,20.46272046918493,-7.7692902,110.3850274,-0.859,-7.7696725,110.3850264,-2.327
1788934880.4728117,42.535302956071085,42.535302956071085,0.0,False,False,20.203313614355437,20.46272046918493,-7.7692902,110.3850274,-0.859,-7.7696725,110.3850264,-2.327
1788934880.6761918,42.535302956071085,42.535302956071085,0.0,False,False,20.203313614355437,20.46272046918493,-7.7692902,110.3850274,-0.859,-7.7696725,110.3850264,-2.327
1788934880.877044,42.535302956071085,42.535302956071085,0.0,False,False,20.203313614355437,20.46272046918493,-7.7692902,110.3850274,-0.859,-7.7696725,110.3850264,-2.327
1788934881.0774925,42.535302956071085,42.535302956071085,0.0,False,False,20.203313614355437,20.46272046918493,-7.7692902,110.3850274,-0.859,-7.7696725,110.3850264,-2.327
1788934881.2788424,42.535302956071085,42.535302956071085,0.0,False,False,20.203313614355437,20.46272046918493,-7.7692902,110.3850274,-0.859,-7.7696725,110.3850264,-2.327
1788934881.4811258,42.535302956071085,42.535302956071085,0.0,False,False,20.203313614355437,20.46272046918493,-7.7692902,110.3850274,-0.859,-7.7696725,110.3850264,-2.327
1788934881.6831663,42.535302956071085,42.535302956071085,0.0,False,False,20.203313614355437,20.46272046918493,-7.7692902,110.3850274,-0.859,-7.7696725,110.3850264,-2.327
1788934881.8973486,42.535302956071085,42.535302956071085,0.0,False,False,20.203313614355437,20.46272046918493,-7.7692902,110.3850274,-0.859,-7.7696725,110.3850264,-2.327
1788934882.1012664,42.535302956071085,42.535302956071085,0.0,False,False,20.203313614355437,20.46272046918493,-7.7692902,110.3850274,-0.859,-7.7696725,110.3850264,-2.327
1788934882.302163,42.535302956071085,42.535302956071085,0.0,False,False,20.203313614355437,20.46272046918493,-7.7692902,110.3850274,-0.859,-7.7696725,110.3850264,-2.327
1788934882.505368,42.535302956071085,42.535302956071085,0.0,False,False,20.203313614355437,20.46272046918493,-7.7692902,110.3850274,-0.859,-7.7696725,110.3850264,-2.327
1788934882.7079983,42.535302956071085,42.535302956071085,0.0,False,False,20.203313614355437,20.46272046918493,-7.7692902,110.3850274,-0.859,-7.7696725,110.3850264,-2.327
1788934882.9080443,42.535302956071085,42.535302956071085,0.0,False,False,20.203313614355437,20.46272046918493,-7.7692902,110.3850274,-0.859,-7.7696725,110.3850264,-2.327
1788934883.109646,42.535302956071085,42.535302956071085,0.0,False,False,20.203313614355437,20.46272046918493,-7.7692902,110.3850274,-0.859,-7.7696725,110.3850264,-2.327
1788934883.3116608,42.535302956071085,42.535302956071085,0.0,False,False,20.203313614355437,20.46272046918493,-7.7692902,110.3850274,-0.859,-7.7696725,110.3850264,-2.327
1788934883.5128365,42.535302956071085,42.535302956071085,0.0,False,False,20.203313614355437,20.46272046918493,-7.7692902,110.3850274,-0.859,-7.7696725,110.3850264,-2.327
1788934883.714911,42.535302956071085,42.535302956071085,0.0,False,False,20.203313614355437,20.46272046918493,-7.7692902,110.3850274,-0.859,-7.7696725,110.3850264,-2.327
1788934883.9301102,42.535302956071085,42.535302956071085,0.0,False,False,20.203313614355437,20.46272046918493,-7.7692902,110.3850274,-0.859,-7.7696725,110.3850264,-2.327
1788934884.1308177,42.535302956071085,42.535302956071085,0.0,False,False,20.203313614355437,20.46272046918493,-7.7692902,110.3850274,-0.859,-7.7696725,110.3850264,-2.327
1788934884.344931,42.535302956071085,42.535302956071085,0.0,False,False,20.203313614355437,20.46272046918493,-7.7692902,110.3850274,-0.859,-7.7696725,110.3850264,-2.327
1788934884.5557873,42.535302956071085,42.535302956071085,0.0,False,False,20.203313614355437,20.46272046918493,-7.7692902,110.3850274,-0.859,-7.7696725,110.3850264,-2.327
1788934884.7574995,42.535302956071085,42.535302956071085,0.0,False,False,20.203313614355437,20.46272046918493,-7.7692902,110.3850274,-0.859,-7.7696725,110.3850264,-2.327
1788934884.9577668,42.535302956071085,42.535302956071085,0.0,False,False,20.203313614355437,20.46272046918493,-7.7692902,110.3850274,-0.859,-7.7696725,110.3850264,-2.327
1788934885.1581502,42.535302956071085,42.535302956071085,0.0,False,False,20.203313614355437,20.46272046918493,-7.7692902,110.3850274,-0.859,-7.7696725,110.3850264,-2.327
1788934885.3734627,42.535302956071085,42.535302956071085,0.0,False,False,20.203313614355437,20.46272046918493,-7.7692902,110.3850274,-0.859,-7.7696725,110.3850264,-2.327
1788934885.5771654,42.535302956071085,42.535302956071085,0.0,False,False,20.203313614355437,20.46272046918493,-7.7692902,110.3850274,-0.859,-7.7696725,110.3850264,-2.327
1788934885.7879646,42.535302956071085,42.535302956071085,0.0,False,False,20.203313614355437,20.46272046918493,-7.7692902,110.3850274,-0.859,-7.7696725,110.3850264,-2.327
1788934885.9884486,42.535302956071085,42.535302956071085,0.0,False,False,20.203313614355437,20.46272046918493,-7.7692902,110.3850274,-0.859,-7.7696725,110.3850264,-2.327
1788934886.2024205,42.535302956071085,42.535302956071085,0.0,False,False,20.203313614355437,20.46272046918493,-7.7692902,110.3850274,-0.859,-7.7696725,110.3850264,-2.327
1788934886.4033089,42.535302956071085,42.535302956071085,0.0,False,False,20.203313614355437,20.46272046918493,-7.7692902,110.3850274,-0.859,-7.7696725,110.3850264,-2.327
1788934886.6053355,42.535302956071085,42.535302956071085,0.0,False,False,20.203313614355437,20.46272046918493,-7.7692902,110.3850274,-0.859,-7.7696725,110.3850264,-2.327
1788934886.8074772,42.535302956071085,42.535302956071085,0.0,False,False,20.203313614355437,20.46272046918493,-7.7692902,110.3850274,-0.859,-7.7696725,110.3850264,-2.327
1788934887.0083506,42.535302956071085,42.535302956071085,0.0,False,False,20.203313614355437,20.46272046918493,-7.7692902,110.3850274,-0.859,-7.7696725,110.3850264,-2.327
1788934887.210151,42.535302956071085,42.535302956071085,0.0,False,False,20.203313614355437,20.46272046918493,-7.7692902,110.3850274,-0.859,-7.7696725,110.3850264,-2.327
1788934887.410615,42.535302956071085,42.535302956071085,0.0,False,False,20.203313614355437,20.46272046918493,-7.7692902,110.3850274,-0.859,-7.7696725,110.3850264,-2.327
1788934887.6257615,42.535302956071085,42.535302956071085,0.0,False,False,20.203313614355437,20.46272046918493,-7.7692902,110.3850274,-0.859,-7.7696725,110.3850264,-2.327
1788934887.8268046,42.535302956071085,42.535302956071085,0.0,False,False,20.203313614355437,20.46272046918493,-7.7692902,110.3850274,-0.859,-7.7696725,110.3850264,-2.327
1788934888.0288675,42.535302956071085,42.535302956071085,0.0,False,False,20.203313614355437,20.46272046918493,-7.7692902,110.3850274,-0.859,-7.7696725,110.3850264,-2.327
1788934888.2306638,42.535302956071085,42.535302956071085,0.0,False,False,20.203313614355437,20.46272046918493,-7.7692902,110.3850274,-0.859,-7.7696725,110.3850264,-2.327
1788934888.4318614,42.535302956071085,42.535302956071085,0.0,False,False,20.203313614355437,20.46272046918493,-7.7692902,110.3850274,-0.859,-7.7696725,110.3850264,-2.327
1788934888.6342988,42.535302956071085,42.535302956071085,0.0,False,False,20.203313614355437,20.46272046918493,-7.7692902,110.3850274,-0.859,-7.7696725,110.3850264,-2.327
1788934888.8346136,42.535302956071085,42.535302956071085,0.0,False,False,20.203313614355437,20.46272046918493,-7.7692902,110.3850274,-0.859,-7.7696725,110.3850264,-2.327
1788934889.037626,42.535302956071085,42.535302956071085,0.0,False,False,20.203313614355437,20.46272046918493,-7.7692902,110.3850274,-0.859,-7.7696725,110.3850264,-2.327
1788934889.2391956,42.535302956071085,42.535302956071085,0.0,False,False,20.203313614355437,20.46272046918493,-7.7692902,110.3850274,-0.859,-7.7696725,110.3850264,-2.327
1788934889.4407506,42.535302956071085,42.535302956071085,0.0,False,False,20.203313614355437,20.46272046918493,-7.7692902,110.3850274,-0.859,-7.7696725,110.3850264,-2.327
1788934889.6443107,42.535302956071085,42.535302956071085,0.0,False,False,20.203313614355437,20.46272046918493,-7.7692902,110.3850274,-0.859,-7.7696725,110.3850264,-2.327
1788934889.8455155,42.535302956071085,42.535302956071085,0.0,False,False,20.203313614355437,20.46272046918493,-7.7692902,110.3850274,-0.859,-7.7696725,110.3850264,-2.327
1788934890.0479825,42.535302956071085,42.535302956071085,0.0,False,False,20.203313614355437,20.46272046918493,-7.7692902,110.3850274,-0.859,-7.7696725,110.3850264,-2.327
1788934890.2485838,42.535302956071085,42.535302956071085,0.0,False,False,20.203313614355437,20.46272046918493,-7.7692902,110.3850274,-0.859,-7.7696725,110.3850264,-2.327
1788934890.450889,42.535302956071085,42.535302956071085,0.0,False,False,20.203313614355437,20.46272046918493,-7.7692902,110.3850274,-0.859,-7.7696725,110.3850264,-2.327
1788934890.6524425,42.535302956071085,42.535302956071085,0.0,False,False,20.203313614355437,20.46272046918493,-7.7692902,110.3850274,-0.859,-7.7696725,110.3850264,-2.327
1788934890.853557,42.535302956071085,42.535302956071085,0.0,False,False,20.203313614355437,20.46272046918493,-7.7692902,110.3850274,-0.859,-7.7696725,110.3850264,-2.327
1788934891.0661113,42.535302956071085,42.535302956071085,0.0,False,False,20.203313614355437,20.46272046918493,-7.7692902,110.3850274,-0.859,-7.7696725,110.3850264,-2.327
1788934891.267285,42.535302956071085,42.535302956071085,0.0,False,False,20.203313614355437,20.46272046918493,-7.7692902,110.3850274,-0.859,-7.7696725,110.3850264,-2.327
1788934891.4673245,42.535302956071085,42.535302956071085,0.0,False,False,20.203313614355437,20.46272046918493,-7.7692902,110.3850274,-0.859,-7.7696725,110.3850264,-2.327
1788934891.6813202,42.535302956071085,42.535302956071085,0.0,False,False,20.203313614355437,20.46272046918493,-7.7692902,110.3850274,-0.859,-7.7696725,110.3850264,-2.327
1788934891.8822243,42.535302956071085,42.535302956071085,0.0,False,False,20.203313614355437,20.46272046918493,-7.7692902,110.3850274,-0.859,-7.7696725,110.3850264,-2.327
1788934892.096044,42.535302956071085,42.535302956071085,0.0,False,False,20.203313614355437,20.46272046918493,-7.7692902,110.3850274,-0.859,-7.7696725,110.3850264,-2.327
1788934892.2998242,42.535302956071085,42.535302956071085,0.0,False,False,20.203313614355437,20.46272046918493,-7.7692902,110.3850274,-0.859,-7.7696725,110.3850264,-2.327
1788934892.5131125,42.535302956071085,42.535302956071085,0.0,False,False,20.203313614355437,20.46272046918493,-7.7692902,110.3850274,-0.859,-7.7696725,110.3850264,-2.327
1788934892.7226844,42.535302956071085,42.535302956071085,0.0,False,False,20.203313614355437,20.46272046918493,-7.7692902,110.3850274,-0.859,-7.7696725,110.3850264,-2.327
1788934892.9379299,42.535302956071085,42.535302956071085,0.0,False,False,20.203313614355437,20.46272046918493,-7.7692902,110.3850274,-0.859,-7.7696725,110.3850264,-2.327
1788934893.1379592,42.535302956071085,42.535302956071085,0.0,False,False,20.203313614355437,20.46272046918493,-7.7692902,110.3850274,-0.859,-7.7696725,110.3850264,-2.327
1788934893.3390582,42.535302956071085,42.535302956071085,0.0,False,False,20.203313614355437,20.46272046918493,-7.7692902,110.3850274,-0.859,-7.7696725,110.3850264,-2.327
1788934893.542731,42.535302956071085,42.535302956071085,0.0,False,False,20.203313614355437,20.46272046918493,-7.7692902,110.3850274,-0.859,-7.7696725,110.3850264,-2.327
1788934893.7465892,42.535302956071085,42.535302956071085,0.0,False,False,20.203313614355437,20.46272046918493,-7.7692902,110.3850274,-0.859,-7.7696725,110.3850264,-2.327
1788934893.9616594,42.535302956071085,42.535302956071085,0.0,False,False,20.203313614355437,20.46272046918493,-7.7692902,110.3850274,-0.859,-7.7696725,110.3850264,-2.327
1788934894.1639788,42.535302956071085,42.535302956071085,0.0,False,False,20.203313614355437,20.46272046918493,-7.7692902,110.3850274,-0.859,-7.7696725,110.3850264,-2.327
1788934894.3664777,42.535302956071085,42.535302956071085,0.0,False,False,20.203313614355437,20.46272046918493,-7.7692902,110.3850274,-0.859,-7.7696725,110.3850264,-2.327
1788934894.568753,42.535302956071085,42.535302956071085,0.0,False,False,20.203313614355437,20.46272046918493,-7.7692902,110.3850274,-0.859,-7.7696725,110.3850264,-2.327
1788934894.7706416,42.535302956071085,42.535302956071085,0.0,False,False,20.203313614355437,20.46272046918493,-7.7692902,110.3850274,-0.859,-7.7696725,110.3850264,-2.327
1788934894.9738839,42.535302956071085,42.535302956071085,0.0,False,False,20.203313614355437,20.46272046918493,-7.7692902,110.3850274,-0.859,-7.7696725,110.3850264,-2.327
1788934895.1752698,42.535302956071085,42.535302956071085,0.0,False,False,20.203313614355437,20.46272046918493,-7.7692902,110.3850274,-0.859,-7.7696725,110.3850264,-2.327
1788934895.3769524,42.535302956071085,42.535302956071085,0.0,False,False,20.203313614355437,20.46272046918493,-7.7692902,110.3850274,-0.859,-7.7696725,110.3850264,-2.327
1788934895.5790012,42.535302956071085,42.535302956071085,0.0,False,False,20.203313614355437,20.46272046918493,-7.7692902,110.3850274,-0.859,-7.7696725,110.3850264,-2.327
1788934895.77954,42.535268455303644,42.535268455303644,0.0,False,False,20.20345515004797,20.46272046918493,-7.7692902,110.3850274,-0.86,-7.7696725,110.3850264,-2.327
1788934895.9799879,42.535268455303644,42.535268455303644,0.0,False,False,20.20345515004797,20.46272046918493,-7.7692902,110.3850274,-0.86,-7.7696725,110.3850264,-2.327
1788934896.1941721,42.535268455303644,42.535268455303644,0.0,False,False,20.20345515004797,20.46272046918493,-7.7692902,110.3850274,-0.86,-7.7696725,110.3850264,-2.327
1788934896.3961446,42.535268455303644,42.535268455303644,0.0,False,False,20.20345515004797,20.46272046918493,-7.7692902,110.3850274,-0.86,-7.7696725,110.3850264,-2.327
1788934896.5976276,42.535268455303644,42.535268455303644,0.0,False,False,20.20345515004797,20.46272046918493,-7.7692902,110.3850274,-0.86,-7.7696725,110.3850264,-2.327
1788934896.7986102,42.535268455303644,42.535268455303644,0.0,False,False,20.20345515004797,20.46272046918493,-7.7692902,110.3850274,-0.86,-7.7696725,110.3850264,-2.327
1788934897.0003436,42.535268455303644,42.535268455303644,0.0,False,False,20.20345515004797,20.46272046918493,-7.7692902,110.3850274,-0.86,-7.7696725,110.3850264,-2.327
1788934897.2142177,42.535268455303644,42.535268455303644,0.0,False,False,20.20345515004797,20.46272046918493,-7.7692902,110.3850274,-0.86,-7.7696725,110.3850264,-2.327
1788934897.4158175,42.535268455303644,42.535268455303644,0.0,False,False,20.20345515004797,20.46272046918493,-7.7692902,110.3850274,-0.86,-7.7696725,110.3850264,-2.327
1788934897.616262,42.535268455303644,42.535268455303644,0.0,False,False,20.20345515004797,20.46272046918493,-7.7692902,110.3850274,-0.86,-7.7696725,110.3850264,-2.327
1788934897.8328419,42.535268455303644,42.535268455303644,0.0,False,False,20.20345515004797,20.46272046918493,-7.7692902,110.3850274,-0.86,-7.7696725,110.3850264,-2.327
1788934898.0312536,42.535268455303644,42.535268455303644,0.0,False,False,20.20345515004797,20.46272046918493,-7.7692902,110.3850274,-0.86,-7.7696725,110.3850264,-2.327
1788934898.2312994,42.535268455303644,42.535268455303644,0.0,False,False,20.20345515004797,20.46272046918493,-7.7692902,110.3850274,-0.86,-7.7696725,110.3850264,-2.327
1788934898.4332695,42.535268455303644,42.535268455303644,0.0,False,False,20.20345515004797,20.46272046918493,-7.7692902,110.3850274,-0.86,-7.7696725,110.3850264,-2.327
1788934898.6362834,42.535268455303644,42.535268455303644,0.0,False,False,20.20345515004797,20.46272046918493,-7.7692902,110.3850274,-0.86,-7.7696725,110.3850264,-2.327
1788934898.8379986,42.535268455303644,42.535268455303644,0.0,False,False,20.20345515004797,20.46272046918493,-7.7692902,110.3850274,-0.86,-7.7696725,110.3850264,-2.327
1788934899.0398088,42.535268455303644,42.535268455303644,0.0,False,False,20.20345515004797,20.46272046918493,-7.7692902,110.3850274,-0.86,-7.7696725,110.3850264,-2.327
1788934899.243281,42.535268455303644,42.535268455303644,0.0,False,False,20.20345515004797,20.46272046918493,-7.7692902,110.3850274,-0.86,-7.7696725,110.3850264,-2.327
1788934899.4463396,42.535268455303644,42.535268455303644,0.0,False,False,20.20345515004797,20.46272046918493,-7.7692902,110.3850274,-0.86,-7.7696725,110.3850264,-2.327
1788934899.6481478,42.535268455303644,42.535268455303644,0.0,False,False,20.20345515004797,20.46272046918493,-7.7692902,110.3850274,-0.86,-7.7696725,110.3850264,-2.327
1788934899.8514037,42.535268455303644,42.535268455303644,0.0,False,False,20.20345515004797,20.46272046918493,-7.7692902,110.3850274,-0.86,-7.7696725,110.3850264,-2.327
1788934900.0531607,42.535268455303644,42.535268455303644,0.0,False,False,20.20345515004797,20.46272046918493,-7.7692902,110.3850274,-0.86,-7.7696725,110.3850264,-2.327
1788934900.267569,42.535268455303644,42.535268455303644,0.0,False,False,20.20345515004797,20.46272046918493,-7.7692902,110.3850274,-0.86,-7.7696725,110.3850264,-2.327
1788934900.469699,42.535268455303644,42.535268455303644,0.0,False,False,20.20345515004797,20.46272046918493,-7.7692902,110.3850274,-0.86,-7.7696725,110.3850264,-2.327
1788934900.6709135,42.535268455303644,42.535268455303644,0.0,False,False,20.20345515004797,20.46272046918493,-7.7692902,110.3850274,-0.86,-7.7696725,110.3850264,-2.327
1788934900.8729255,42.535268455303644,42.535268455303644,0.0,False,False,20.20345515004797,20.46272046918493,-7.7692902,110.3850274,-0.86,-7.7696725,110.3850264,-2.327
1788934901.0750458,42.535302956071085,42.535302956071085,0.0,False,False,20.203313614355437,20.46272046918493,-7.7692902,110.3850274,-0.859,-7.7696725,110.3850264,-2.327
1788934901.2782416,42.535302956071085,42.535302956071085,0.0,False,False,20.203313614355437,20.46272046918493,-7.7692902,110.3850274,-0.859,-7.7696725,110.3850264,-2.327
1788934901.4829793,42.535302956071085,42.535302956071085,0.0,False,False,20.203313614355437,20.46272046918493,-7.7692902,110.3850274,-0.859,-7.7696725,110.3850264,-2.327
1788934901.685717,42.535302956071085,42.535302956071085,0.0,False,False,20.203313614355437,20.46272046918493,-7.7692902,110.3850274,-0.859,-7.7696725,110.3850264,-2.327
1788934901.8861277,42.535302956071085,42.535302956071085,0.0,False,False,20.203313614355437,20.46272046918493,-7.7692902,110.3850274,-0.859,-7.7696725,110.3850264,-2.327
1788934902.0887218,42.535302956071085,42.535302956071085,0.0,False,False,20.203313614355437,20.46272046918493,-7.7692902,110.3850274,-0.859,-7.7696725,110.3850264,-2.327
1788934902.2895448,42.535302956071085,42.535302956071085,0.0,False,False,20.203313614355437,20.46272046918493,-7.7692902,110.3850274,-0.859,-7.7696725,110.3850264,-2.327
1788934902.504584,42.535302956071085,42.535302956071085,0.0,False,False,20.203313614355437,20.46272046918493,-7.7692902,110.3850274,-0.859,-7.7696725,110.3850264,-2.327
1788934902.7071753,42.535302956071085,42.535302956071085,0.0,False,False,20.203313614355437,20.46272046918493,-7.7692902,110.3850274,-0.859,-7.7696725,110.3850264,-2.327
1788934902.9084408,42.535302956071085,42.535302956071085,0.0,False,False,20.203313614355437,20.46272046918493,-7.7692902,110.3850274,-0.859,-7.7696725,110.3850264,-2.327
1788934903.1100247,42.535302956071085,42.535302956071085,0.0,False,False,20.203313614355437,20.46272046918493,-7.7692902,110.3850274,-0.859,-7.7696725,110.3850264,-2.327
1788934903.31335,42.535302956071085,42.535302956071085,0.0,False,False,20.203313614355437,20.46272046918493,-7.7692902,110.3850274,-0.859,-7.7696725,110.3850264,-2.327
1788934903.5150793,42.535268455303644,42.535268455303644,0.0,False,False,20.20345515004797,20.46272046918493,-7.7692902,110.3850274,-0.86,-7.7696725,110.3850264,-2.327
1788934903.717412,42.535268455303644,42.535268455303644,0.0,False,False,20.20345515004797,20.46272046918493,-7.7692902,110.3850274,-0.86,-7.7696725,110.3850264,-2.327
1788934903.9196322,42.535268455303644,42.535268455303644,0.0,False,False,20.20345515004797,20.46272046918493,-7.7692902,110.3850274,-0.86,-7.7696725,110.3850264,-2.327
1788934904.1340933,42.535268455303644,42.535268455303644,0.0,False,False,20.20345515004797,20.46272046918493,-7.7692902,110.3850274,-0.86,-7.7696725,110.3850264,-2.327
1788934904.334243,42.535268455303644,42.535268455303644,0.0,False,False,20.20345515004797,20.46272046918493,-7.7692902,110.3850274,-0.86,-7.7696725,110.3850264,-2.327
1788934904.5479193,42.535268455303644,42.535268455303644,0.0,False,False,20.20345515004797,20.46272046918493,-7.7692902,110.3850274,-0.86,-7.7696725,110.3850264,-2.327
1788934904.7502718,42.535268455303644,42.535268455303644,0.0,False,False,20.20345515004797,20.46272046918493,-7.7692902,110.3850274,-0.86,-7.7696725,110.3850264,-2.327
1788934904.9516888,42.535268455303644,42.535268455303644,0.0,False,False,20.20345515004797,20.46272046918493,-7.7692902,110.3850274,-0.86,-7.7696725,110.3850264,-2.327
1788934905.1658683,42.535268455303644,42.535268455303644,0.0,False,False,20.20345515004797,20.46272046918493,-7.7692902,110.3850274,-0.86,-7.7696725,110.3850264,-2.327
1788934905.3668337,42.535268455303644,42.535268455303644,0.0,False,False,20.20345515004797,20.46272046918493,-7.7692902,110.3850274,-0.86,-7.7696725,110.3850264,-2.327
1788934905.5687718,42.535268455303644,42.535268455303644,0.0,False,False,20.20345515004797,20.46272046918493,-7.7692902,110.3850274,-0.86,-7.7696725,110.3850264,-2.327
1788934905.7806475,42.535268455303644,42.535268455303644,0.0,False,False,20.20345515004797,20.46272046918493,-7.7692902,110.3850274,-0.86,-7.7696725,110.3850264,-2.327
1788934905.9830341,42.535268455303644,42.535268455303644,0.0,False,False,20.20345515004797,20.46272046918493,-7.7692902,110.3850274,-0.86,-7.7696725,110.3850264,-2.327
1788934906.1862135,42.535268455303644,42.535268455303644,0.0,False,False,20.20345515004797,20.46272046918493,-7.7692902,110.3850274,-0.86,-7.7696725,110.3850264,-2.327
1788934906.3879158,42.535268455303644,42.535268455303644,0.0,False,False,20.20345515004797,20.46272046918493,-7.7692902,110.3850274,-0.86,-7.7696725,110.3850264,-2.327
1788934906.603033,42.535268455303644,42.535268455303644,0.0,False,False,20.20345515004797,20.46272046918493,-7.7692902,110.3850274,-0.86,-7.7696725,110.3850264,-2.327
1788934906.8071609,42.535268455303644,42.535268455303644,0.0,False,False,20.20345515004797,20.46272046918493,-7.7692902,110.3850274,-0.86,-7.7696725,110.3850264,-2.327
1788934907.0077848,42.535268455303644,42.535268455303644,0.0,False,False,20.20345515004797,20.46272046918493,-7.7692902,110.3850274,-0.86,-7.7696725,110.3850264,-2.327
1788934907.2227104,42.535268455303644,42.535268455303644,0.0,False,False,20.20345515004797,20.46272046918493,-7.7692902,110.3850274,-0.86,-7.7696725,110.3850264,-2.327
1788934907.4231486,42.535268455303644,42.535268455303644,0.0,False,False,20.20345515004797,20.46272046918493,-7.7692902,110.3850274,-0.86,-7.7696725,110.3850264,-2.327
1788934907.625311,42.535268455303644,42.535268455303644,0.0,False,False,20.20345515004797,20.46272046918493,-7.7692902,110.3850274,-0.86,-7.7696725,110.3850264,-2.327
1788934907.8255186,42.535268455303644,42.535268455303644,0.0,False,False,20.20345515004797,20.46272046918493,-7.7692902,110.3850274,-0.86,-7.7696725,110.3850264,-2.327
1788934908.0284438,42.535268455303644,42.535268455303644,0.0,False,False,20.20345515004797,20.46272046918493,-7.7692902,110.3850274,-0.86,-7.7696725,110.3850264,-2.327
1788934908.2379038,42.535268455303644,42.535268455303644,0.0,False,False,20.20345515004797,20.46272046918493,-7.7692902,110.3850274,-0.86,-7.7696725,110.3850264,-2.327
1788934908.4450753,42.535268455303644,42.535268455303644,0.0,False,False,20.20345515004797,20.46272046918493,-7.7692902,110.3850274,-0.86,-7.7696725,110.3850264,-2.327
1788934908.6457295,42.535268455303644,42.535268455303644,0.0,False,False,20.20345515004797,20.46272046918493,-7.7692902,110.3850274,-0.86,-7.7696725,110.3850264,-2.327
1788934908.849239,42.535268455303644,42.535268455303644,0.0,False,False,20.20345515004797,20.46272046918493,-7.7692902,110.3850274,-0.86,-7.7696725,110.3850264,-2.327
1788934909.0493755,42.535268455303644,42.535268455303644,0.0,False,False,20.20345515004797,20.46272046918493,-7.7692902,110.3850274,-0.86,-7.7696725,110.3850264,-2.327
1788934909.2639117,42.535268455303644,42.535268455303644,0.0,False,False,20.20345515004797,20.46272046918493,-7.7692902,110.3850274,-0.86,-7.7696725,110.3850264,-2.327
1788934909.4655259,42.535268455303644,42.535268455303644,0.0,False,False,20.20345515004797,20.46272046918493,-7.7692902,110.3850274,-0.86,-7.7696725,110.3850264,-2.327
1788934909.668104,42.535268455303644,42.535268455303644,0.0,False,False,20.20345515004797,20.46272046918493,-7.7692902,110.3850274,-0.86,-7.7696725,110.3850264,-2.327
1788934909.8695552,42.535268455303644,42.535268455303644,0.0,False,False,20.20345515004797,20.46272046918493,-7.7692902,110.3850274,-0.86,-7.7696725,110.3850264,-2.327
1788934910.0711813,42.535268455303644,42.535268455303644,0.0,False,False,20.20345515004797,20.46272046918493,-7.7692902,110.3850274,-0.86,-7.7696725,110.3850264,-2.327
1788934910.2746472,42.535268455303644,42.535268455303644,0.0,False,False,20.20345515004797,20.46272046918493,-7.7692902,110.3850274,-0.86,-7.7696725,110.3850264,-2.327
1788934910.4764426,42.535268455303644,42.535268455303644,0.0,False,False,20.20345515004797,20.46272046918493,-7.7692902,110.3850274,-0.86,-7.7696725,110.3850264,-2.327
1788934910.6776705,42.535268455303644,42.535268455303644,0.0,False,False,20.20345515004797,20.46272046918493,-7.7692902,110.3850274,-0.86,-7.7696725,110.3850264,-2.327
1788934910.8789678,42.535268455303644,42.535268455303644,0.0,False,False,20.20345515004797,20.46272046918493,-7.7692902,110.3850274,-0.86,-7.7696725,110.3850264,-2.327
1788934911.0795236,42.535268455303644,42.535268455303644,0.0,False,False,20.20345515004797,20.46272046918493,-7.7692902,110.3850274,-0.86,-7.7696725,110.3850264,-2.327
1788934911.2829375,42.535268455303644,42.535268455303644,0.0,False,False,20.20345515004797,20.46272046918493,-7.7692902,110.3850274,-0.86,-7.7696725,110.3850264,-2.327
1788934911.4832616,42.535268455303644,42.535268455303644,0.0,False,False,20.20345515004797,20.46272046918493,-7.7692902,110.3850274,-0.86,-7.7696725,110.3850264,-2.327
1788934911.6849766,42.535268455303644,42.535268455303644,0.0,False,False,20.20345515004797,20.46272046918493,-7.7692902,110.3850274,-0.86,-7.7696725,110.3850264,-2.327
1788934911.8851898,42.535268455303644,42.535268455303644,0.0,False,False,20.20345515004797,20.46272046918493,-7.7692902,110.3850274,-0.86,-7.7696725,110.3850264,-2.327
1788934912.087115,42.535268455303644,42.535268455303644,0.0,False,False,20.20345515004797,20.46272046918493,-7.7692902,110.3850274,-0.86,-7.7696725,110.3850264,-2.327
1788934912.2901165,42.535268455303644,42.535268455303644,0.0,False,False,20.20345515004797,20.46272046918493,-7.7692902,110.3850274,-0.86,-7.7696725,110.3850264,-2.327
1788934912.491012,42.535268455303644,42.535268455303644,0.0,False,False,20.20345515004797,20.46272046918493,-7.7692902,110.3850274,-0.86,-7.7696725,110.3850264,-2.327
1788934912.6917183,42.535268455303644,42.535268455303644,0.0,False,False,20.20345515004797,20.46272046918493,-7.7692902,110.3850274,-0.86,-7.7696725,110.3850264,-2.327
1788934912.8919418,42.535268455303644,42.535268455303644,0.0,False,False,20.20345515004797,20.46272046918493,-7.7692902,110.3850274,-0.86,-7.7696725,110.3850264,-2.327
1788934913.096714,42.535268455303644,42.535268455303644,0.0,False,False,20.20345515004797,20.46272046918493,-7.7692902,110.3850274,-0.86,-7.7696725,110.3850264,-2.327
1788934913.2981238,42.535268455303644,42.535268455303644,0.0,False,False,20.20345515004797,20.46272046918493,-7.7692902,110.3850274,-0.86,-7.7696725,110.3850264,-2.327
1788934913.5125406,42.535268455303644,42.535268455303644,0.0,False,False,20.20345515004797,20.46272046918493,-7.7692902,110.3850274,-0.86,-7.7696725,110.3850264,-2.327
1788934913.7140157,42.535268455303644,42.535268455303644,0.0,False,False,20.20345515004797,20.46272046918493,-7.7692902,110.3850274,-0.86,-7.7696725,110.3850264,-2.327
1788934913.929416,42.535268455303644,42.535268455303644,0.0,False,False,20.20345515004797,20.46272046918493,-7.7692902,110.3850274,-0.86,-7.7696725,110.3850264,-2.327
1788934914.1319568,42.535268455303644,42.535268455303644,0.0,False,False,20.20345515004797,20.46272046918493,-7.7692902,110.3850274,-0.86,-7.7696725,110.3850264,-2.327
1788934914.3333528,42.535268455303644,42.535268455303644,0.0,False,False,20.20345515004797,20.46272046918493,-7.7692902,110.3850274,-0.86,-7.7696725,110.3850264,-2.327
1788934914.5337958,42.535268455303644,42.535268455303644,0.0,False,False,20.20345515004797,20.46272046918493,-7.7692902,110.3850274,-0.86,-7.7696725,110.3850264,-2.327
1788934914.7380974,42.535268455303644,42.535268455303644,0.0,False,False,20.20345515004797,20.46272046918493,-7.7692902,110.3850274,-0.86,-7.7696725,110.3850264,-2.327
1788934914.9410565,42.535268455303644,42.535268455303644,0.0,False,False,20.20345515004797,20.46272046918493,-7.7692902,110.3850274,-0.86,-7.7696725,110.3850264,-2.327
1788934915.142553,42.535268455303644,42.535268455303644,0.0,False,False,20.20345515004797,20.46272046918493,-7.7692902,110.3850274,-0.86,-7.7696725,110.3850264,-2.327
1788934915.3442962,42.535268455303644,42.535268455303644,0.0,False,False,20.20345515004797,20.46272046918493,-7.7692902,110.3850274,-0.86,-7.7696725,110.3850264,-2.327
1788934915.545334,42.535268455303644,42.535268455303644,0.0,False,False,20.20345515004797,20.46272046918493,-7.7692902,110.3850274,-0.86,-7.7696725,110.3850264,-2.327
1788934915.760288,42.535268455303644,42.535268455303644,0.0,False,False,20.20345515004797,20.46272046918493,-7.7692902,110.3850274,-0.86,-7.7696725,110.3850264,-2.327
1788934915.9616036,42.535268455303644,42.535268455303644,0.0,False,False,20.20345515004797,20.46272046918493,-7.7692902,110.3850274,-0.86,-7.7696725,110.3850264,-2.327
1788934916.1617718,42.535268455303644,42.535268455303644,0.0,False,False,20.20345515004797,20.46272046918493,-7.7692902,110.3850274,-0.86,-7.7696725,110.3850264,-2.327
1788934916.3651812,42.535268455303644,42.535268455303644,0.0,False,False,20.20345515004797,20.46272046918493,-7.7692902,110.3850274,-0.86,-7.7696725,110.3850264,-2.327
1788934916.5679848,42.535268455303644,42.535268455303644,0.0,False,False,20.20345515004797,20.46272046918493,-7.7692902,110.3850274,-0.86,-7.7696725,110.3850264,-2.327
1788934916.7692409,42.535268455303644,42.535268455303644,0.0,False,False,20.20345515004797,20.46272046918493,-7.7692902,110.3850274,-0.86,-7.7696725,110.3850264,-2.327
1788934916.9714317,42.535268455303644,42.535268455303644,0.0,False,False,20.20345515004797,20.46272046918493,-7.7692902,110.3850274,-0.86,-7.7696725,110.3850264,-2.327
1788934917.171543,42.535268455303644,42.535268455303644,0.0,False,False,20.20345515004797,20.46272046918493,-7.7692902,110.3850274,-0.86,-7.7696725,110.3850264,-2.327
1788934917.373711,42.535302956071085,42.535302956071085,0.0,False,False,20.203313614355437,20.46272046918493,-7.7692902,110.3850274,-0.859,-7.7696725,110.3850264,-2.327
1788934917.5890725,42.535302956071085,42.535302956071085,0.0,False,False,20.203313614355437,20.46272046918493,-7.7692902,110.3850274,-0.859,-7.7696725,110.3850264,-2.327
1788934917.7922819,42.535302956071085,42.535302956071085,0.0,False,False,20.203313614355437,20.46272046918493,-7.7692902,110.3850274,-0.859,-7.7696725,110.3850264,-2.327
1788934917.993362,42.535302956071085,42.535302956071085,0.0,False,False,20.203313614355437,20.46272046918493,-7.7692902,110.3850274,-0.859,-7.7696725,110.3850264,-2.327
1788934918.194651,42.535302956071085,42.535302956071085,0.0,False,False,20.203313614355437,20.46272046918493,-7.7692902,110.3850274,-0.859,-7.7696725,110.3850264,-2.327
1788934918.3949602,42.535302956071085,42.535302956071085,0.0,False,False,20.203313614355437,20.46272046918493,-7.7692902,110.3850274,-0.859,-7.7696725,110.3850264,-2.327
1788934918.5969882,42.535302956071085,42.535302956071085,0.0,False,False,20.203313614355437,20.46272046918493,-7.7692902,110.3850274,-0.859,-7.7696725,110.3850264,-2.327
1788934918.7995708,42.535302956071085,42.535302956071085,0.0,False,False,20.203313614355437,20.46272046918493,-7.7692902,110.3850274,-0.859,-7.7696725,110.3850264,-2.327
1788934919.000319,42.535302956071085,42.535302956071085,0.0,False,False,20.203313614355437,20.46272046918493,-7.7692902,110.3850274,-0.859,-7.7696725,110.3850264,-2.327
1788934919.2012663,42.535302956071085,42.535302956071085,0.0,False,False,20.203313614355437,20.46272046918493,-7.7692902,110.3850274,-0.859,-7.7696725,110.3850264,-2.327
1788934919.4023716,42.535302956071085,42.535302956071085,0.0,False,False,20.203313614355437,20.46272046918493,-7.7692902,110.3850274,-0.859,-7.7696725,110.3850264,-2.327
1788934919.6043646,42.535302956071085,42.535302956071085,0.0,False,False,20.203313614355437,20.46272046918493,-7.7692902,110.3850274,-0.859,-7.7696725,110.3850264,-2.327
1788934919.8081164,42.535302956071085,42.535302956071085,0.0,False,False,20.203313614355437,20.46272046918493,-7.7692902,110.3850274,-0.859,-7.7696725,110.3850264,-2.327
1788934920.0231955,42.535302956071085,42.535302956071085,0.0,False,False,20.203313614355437,20.46272046918493,-7.7692902,110.3850274,-0.859,-7.7696725,110.3850264,-2.327
1788934920.224517,42.535302956071085,42.535302956071085,0.0,False,False,20.203313614355437,20.46272046918493,-7.7692902,110.3850274,-0.859,-7.7696725,110.3850264,-2.327
1788934920.4252982,42.535302956071085,42.535302956071085,0.0,False,False,20.203313614355437,20.46272046918493,-7.7692902,110.3850274,-0.859,-7.7696725,110.3850264,-2.327
1788934920.626234,42.535302956071085,42.535302956071085,0.0,False,False,20.203313614355437,20.46272046918493,-7.7692902,110.3850274,-0.859,-7.7696725,110.3850264,-2.327
1788934920.8295467,42.535302956071085,42.535302956071085,0.0,False,False,20.203313614355437,20.46272046918493,-7.7692902,110.3850274,-0.859,-7.7696725,110.3850264,-2.327
1788934921.0299797,42.535302956071085,42.535302956071085,0.0,False,False,20.203313614355437,20.46272046918493,-7.7692902,110.3850274,-0.859,-7.7696725,110.3850264,-2.327
1788934921.2327058,42.535302956071085,42.535302956071085,0.0,False,False,20.203313614355437,20.46272046918493,-7.7692902,110.3850274,-0.859,-7.7696725,110.3850264,-2.327
1788934921.4465282,42.535302956071085,42.535302956071085,0.0,False,False,20.203313614355437,20.46272046918493,-7.7692902,110.3850274,-0.859,-7.7696725,110.3850264,-2.327
1788934921.6508157,42.535302956071085,42.535302956071085,0.0,False,False,20.203313614355437,20.46272046918493,-7.7692902,110.3850274,-0.859,-7.7696725,110.3850264,-2.327
1788934921.8537345,42.535302956071085,42.535302956071085,0.0,False,False,20.203313614355437,20.46272046918493,-7.7692902,110.3850274,-0.859,-7.7696725,110.3850264,-2.327
1788934922.0553122,42.535302956071085,42.535302956071085,0.0,False,False,20.203313614355437,20.46272046918493,-7.7692902,110.3850274,-0.859,-7.7696725,110.3850264,-2.327
1788934922.256383,42.535302956071085,42.535302956071085,0.0,False,False,20.203313614355437,20.46272046918493,-7.7692902,110.3850274,-0.859,-7.7696725,110.3850264,-2.327
1788934922.4573517,42.535302956071085,42.535302956071085,0.0,False,False,20.203313614355437,20.46272046918493,-7.7692902,110.3850274,-0.859,-7.7696725,110.3850264,-2.327
1788934922.6720004,42.535302956071085,42.535302956071085,0.0,False,False,20.203313614355437,20.46272046918493,-7.7692902,110.3850274,-0.859,-7.7696725,110.3850264,-2.327
1788934922.8732271,42.535302956071085,42.535302956071085,0.0,False,False,20.203313614355437,20.46272046918493,-7.7692902,110.3850274,-0.859,-7.7696725,110.3850264,-2.327
1788934923.07559,42.535302956071085,42.535302956071085,0.0,False,False,20.203313614355437,20.46272046918493,-7.7692902,110.3850274,-0.859,-7.7696725,110.3850264,-2.327
1788934923.2816672,42.535302956071085,42.535302956071085,0.0,False,False,20.203313614355437,20.46272046918493,-7.7692902,110.3850274,-0.859,-7.7696725,110.3850264,-2.327
1788934923.484479,42.535302956071085,42.535302956071085,0.0,False,False,20.203313614355437,20.46272046918493,-7.7692902,110.3850274,-0.859,-7.7696725,110.3850264,-2.327
1788934923.686631,42.535302956071085,42.535302956071085,0.0,False,False,20.203313614355437,20.46272046918493,-7.7692902,110.3850274,-0.859,-7.7696725,110.3850264,-2.327
1788934923.8903081,42.535302956071085,42.535302956071085,0.0,False,False,20.203313614355437,20.46272046918493,-7.7692902,110.3850274,-0.859,-7.7696725,110.3850264,-2.327
1788934924.09269,42.535268455303644,42.535268455303644,0.0,False,False,20.203313614355437,20.462509034817792,-7.7692902,110.3850274,-0.859,-7.7696725,110.3850264,-2.326
1788934924.2940726,42.535268455303644,42.535268455303644,0.0,False,False,20.203313614355437,20.462509034817792,-7.7692902,110.3850274,-0.859,-7.7696725,110.3850264,-2.326
1788934924.497681,42.535268455303644,42.535268455303644,0.0,False,False,20.203313614355437,20.462509034817792,-7.7692902,110.3850274,-0.859,-7.7696725,110.3850264,-2.326
1788934924.7005277,42.535268455303644,42.535268455303644,0.0,False,False,20.203313614355437,20.462509034817792,-7.7692902,110.3850274,-0.859,-7.7696725,110.3850264,-2.326
1788934924.9023135,42.535268455303644,42.535268455303644,0.0,False,False,20.203313614355437,20.462509034817792,-7.7692902,110.3850274,-0.859,-7.7696725,110.3850264,-2.326
1788934925.1044953,42.535268455303644,42.535268455303644,0.0,False,False,20.203313614355437,20.462509034817792,-7.7692902,110.3850274,-0.859,-7.7696725,110.3850264,-2.326
1788934925.305122,42.535268455303644,42.535268455303644,0.0,False,False,20.203313614355437,20.462509034817792,-7.7692902,110.3850274,-0.859,-7.7696725,110.3850264,-2.326
1788934925.5078428,42.535268455303644,42.535268455303644,0.0,False,False,20.203313614355437,20.462509034817792,-7.7692902,110.3850274,-0.859,-7.7696725,110.3850264,-2.326
1788934925.7103786,42.535268455303644,42.535268455303644,0.0,False,False,20.203313614355437,20.462509034817792,-7.7692902,110.3850274,-0.859,-7.7696725,110.3850264,-2.326
1788934925.911489,42.535268455303644,42.535268455303644,0.0,False,False,20.203313614355437,20.462509034817792,-7.7692902,110.3850274,-0.859,-7.7696725,110.3850264,-2.326
1788934926.111691,42.535268455303644,42.535268455303644,0.0,False,False,20.203313614355437,20.462509034817792,-7.7692902,110.3850274,-0.859,-7.7696725,110.3850264,-2.326
1788934926.3161728,42.535268455303644,42.535268455303644,0.0,False,False,20.203313614355437,20.462509034817792,-7.7692902,110.3850274,-0.859,-7.7696725,110.3850264,-2.326
1788934926.5191247,42.535268455303644,42.535268455303644,0.0,False,False,20.203313614355437,20.462509034817792,-7.7692902,110.3850274,-0.859,-7.7696725,110.3850264,-2.326
1788934926.720005,42.535268455303644,42.535268455303644,0.0,False,False,20.203313614355437,20.462509034817792,-7.7692902,110.3850274,-0.859,-7.7696725,110.3850264,-2.326
1788934926.9216743,42.535268455303644,42.535268455303644,0.0,False,False,20.203313614355437,20.462509034817792,-7.7692902,110.3850274,-0.859,-7.7696725,110.3850264,-2.326
1788934927.1225374,42.535268455303644,42.535268455303644,0.0,False,False,20.203313614355437,20.462509034817792,-7.7692902,110.3850274,-0.859,-7.7696725,110.3850264,-2.326
1788934927.325728,42.535268455303644,42.535268455303644,0.0,False,False,20.203313614355437,20.462509034817792,-7.7692902,110.3850274,-0.859,-7.7696725,110.3850264,-2.326
1788934927.5306456,42.535268455303644,42.535268455303644,0.0,False,False,20.203313614355437,20.462509034817792,-7.7692902,110.3850274,-0.859,-7.7696725,110.3850264,-2.326
1788934927.73426,42.535268455303644,42.535268455303644,0.0,False,False,20.203313614355437,20.462509034817792,-7.7692902,110.3850274,-0.859,-7.7696725,110.3850264,-2.326
1788934927.9359922,42.535268455303644,42.535268455303644,0.0,False,False,20.203313614355437,20.462509034817792,-7.7692902,110.3850274,-0.859,-7.7696725,110.3850264,-2.326
1788934928.1513472,42.535268455303644,42.535268455303644,0.0,False,False,20.203313614355437,20.462509034817792,-7.7692902,110.3850274,-0.859,-7.7696725,110.3850264,-2.326
1788934928.3540678,42.535268455303644,42.535268455303644,0.0,False,False,20.203313614355437,20.462509034817792,-7.7692902,110.3850274,-0.859,-7.7696725,110.3850264,-2.326
1788934928.5565927,42.535268455303644,42.535268455303644,0.0,False,False,20.203313614355437,20.462509034817792,-7.7692902,110.3850274,-0.859,-7.7696725,110.3850264,-2.326
1788934928.7572284,42.535268455303644,42.535268455303644,0.0,False,False,20.203313614355437,20.462509034817792,-7.7692902,110.3850274,-0.859,-7.7696725,110.3850264,-2.326
1788934928.9606676,42.535268455303644,42.535268455303644,0.0,False,False,20.203313614355437,20.462509034817792,-7.7692902,110.3850274,-0.859,-7.7696725,110.3850264,-2.326
1788934929.163428,42.535268455303644,42.535268455303644,0.0,False,False,20.203313614355437,20.462509034817792,-7.7692902,110.3850274,-0.859,-7.7696725,110.3850264,-2.326
1788934929.3656816,42.535268455303644,42.535268455303644,0.0,False,False,20.203313614355437,20.462509034817792,-7.7692902,110.3850274,-0.859,-7.7696725,110.3850264,-2.326
1788934929.5686007,42.535268455303644,42.535268455303644,0.0,False,False,20.203313614355437,20.462509034817792,-7.7692902,110.3850274,-0.859,-7.7696725,110.3850264,-2.326
1788934929.7692142,42.535268455303644,42.535268455303644,0.0,False,False,20.203313614355437,20.462509034817792,-7.7692902,110.3850274,-0.859,-7.7696725,110.3850264,-2.326
1788934929.97141,42.535302956071085,42.535302956071085,0.0,False,False,20.203313614355437,20.46272046918493,-7.7692902,110.3850274,-0.859,-7.7696725,110.3850264,-2.327
1788934930.1856182,42.535302956071085,42.535302956071085,0.0,False,False,20.203313614355437,20.46272046918493,-7.7692902,110.3850274,-0.859,-7.7696725,110.3850264,-2.327
1788934930.3863616,42.535302956071085,42.535302956071085,0.0,False,False,20.203313614355437,20.46272046918493,-7.7692902,110.3850274,-0.859,-7.7696725,110.3850264,-2.327
1788934930.5891833,42.535302956071085,42.535302956071085,0.0,False,False,20.203313614355437,20.46272046918493,-7.7692902,110.3850274,-0.859,-7.7696725,110.3850264,-2.327
1788934930.793115,42.535302956071085,42.535302956071085,0.0,False,False,20.203313614355437,20.46272046918493,-7.7692902,110.3850274,-0.859,-7.7696725,110.3850264,-2.327
1788934930.9951081,42.535302956071085,42.535302956071085,0.0,False,False,20.203313614355437,20.46272046918493,-7.7692902,110.3850274,-0.859,-7.7696725,110.3850264,-2.327
1788934931.1991878,42.535302956071085,42.535302956071085,0.0,False,False,20.203313614355437,20.46272046918493,-7.7692902,110.3850274,-0.859,-7.7696725,110.3850264,-2.327
1788934931.399618,42.535268455303644,42.535268455303644,0.0,False,False,20.20345515004797,20.46272046918493,-7.7692902,110.3850274,-0.86,-7.7696725,110.3850264,-2.327
1788934931.6014485,42.535268455303644,42.535268455303644,0.0,False,False,20.20345515004797,20.46272046918493,-7.7692902,110.3850274,-0.86,-7.7696725,110.3850264,-2.327
1788934931.8046052,42.535268455303644,42.535268455303644,0.0,False,False,20.20345515004797,20.46272046918493,-7.7692902,110.3850274,-0.86,-7.7696725,110.3850264,-2.327
1788934932.0078492,42.535268455303644,42.535268455303644,0.0,False,False,20.20345515004797,20.46272046918493,-7.7692902,110.3850274,-0.86,-7.7696725,110.3850264,-2.327
1788934932.2085316,42.535268455303644,42.535268455303644,0.0,False,False,20.20345515004797,20.46272046918493,-7.7692902,110.3850274,-0.86,-7.7696725,110.3850264,-2.327
1788934932.4098787,42.535268455303644,42.535268455303644,0.0,False,False,20.20345515004797,20.46272046918493,-7.7692902,110.3850274,-0.86,-7.7696725,110.3850264,-2.327
1788934932.6115973,42.535268455303644,42.535268455303644,0.0,False,False,20.20345515004797,20.46272046918493,-7.7692902,110.3850274,-0.86,-7.7696725,110.3850264,-2.327
1788934932.8269567,42.535268455303644,42.535268455303644,0.0,False,False,20.20345515004797,20.46272046918493,-7.7692902,110.3850274,-0.86,-7.7696725,110.3850264,-2.327
1788934933.0293179,42.535268455303644,42.535268455303644,0.0,False,False,20.20345515004797,20.46272046918493,-7.7692902,110.3850274,-0.86,-7.7696725,110.3850264,-2.327
1788934933.2299354,42.535268455303644,42.535268455303644,0.0,False,False,20.20345515004797,20.46272046918493,-7.7692902,110.3850274,-0.86,-7.7696725,110.3850264,-2.327
1788934933.4343388,42.535268455303644,42.535268455303644,0.0,False,False,20.20345515004797,20.46272046918493,-7.7692902,110.3850274,-0.86,-7.7696725,110.3850264,-2.327
1788934933.6488652,42.535268455303644,42.535268455303644,0.0,False,False,20.20345515004797,20.46272046918493,-7.7692902,110.3850274,-0.86,-7.7696725,110.3850264,-2.327
1788934933.8529363,42.535268455303644,42.535268455303644,0.0,False,False,20.20345515004797,20.46272046918493,-7.7692902,110.3850274,-0.86,-7.7696725,110.3850264,-2.327
1788934934.0554404,42.535268455303644,42.535268455303644,0.0,False,False,20.20345515004797,20.46272046918493,-7.7692902,110.3850274,-0.86,-7.7696725,110.3850264,-2.327
1788934934.2572775,42.535268455303644,42.535268455303644,0.0,False,False,20.20345515004797,20.46272046918493,-7.7692902,110.3850274,-0.86,-7.7696725,110.3850264,-2.327
1788934934.4612768,42.535268455303644,42.535268455303644,0.0,False,False,20.20345515004797,20.46272046918493,-7.7692902,110.3850274,-0.86,-7.7696725,110.3850264,-2.327
1788934934.6632612,42.535268455303644,42.535268455303644,0.0,False,False,20.20345515004797,20.46272046918493,-7.7692902,110.3850274,-0.86,-7.7696725,110.3850264,-2.327
1788934934.8657897,42.535268455303644,42.535268455303644,0.0,False,False,20.20345515004797,20.46272046918493,-7.7692902,110.3850274,-0.86,-7.7696725,110.3850264,-2.327
1788934935.07964,42.535268455303644,42.535268455303644,0.0,False,False,20.20345515004797,20.46272046918493,-7.7692902,110.3850274,-0.86,-7.7696725,110.3850264,-2.327
1788934935.2826104,42.535268455303644,42.535268455303644,0.0,False,False,20.20345515004797,20.46272046918493,-7.7692902,110.3850274,-0.86,-7.7696725,110.3850264,-2.327
1788934935.4828677,42.535268455303644,42.535268455303644,0.0,False,False,20.20345515004797,20.46272046918493,-7.7692902,110.3850274,-0.86,-7.7696725,110.3850264,-2.327
1788934935.6844919,42.535268455303644,42.535268455303644,0.0,False,False,20.20345515004797,20.46272046918493,-7.7692902,110.3850274,-0.86,-7.7696725,110.3850264,-2.327
1788934935.8877792,42.535268455303644,42.535268455303644,0.0,False,False,20.20345515004797,20.46272046918493,-7.7692902,110.3850274,-0.86,-7.7696725,110.3850264,-2.327
1788934936.0905216,42.535268455303644,42.535268455303644,0.0,False,False,20.20345515004797,20.46272046918493,-7.7692902,110.3850274,-0.86,-7.7696725,110.3850264,-2.327
1788934936.2925427,42.535268455303644,42.535268455303644,0.0,False,False,20.20345515004797,20.46272046918493,-7.7692902,110.3850274,-0.86,-7.7696725,110.3850264,-2.327
1788934936.4940841,42.535268455303644,42.535268455303644,0.0,False,False,20.20345515004797,20.46272046918493,-7.7692902,110.3850274,-0.86,-7.7696725,110.3850264,-2.327
1788934936.695205,42.535268455303644,42.535268455303644,0.0,False,False,20.20345515004797,20.46272046918493,-7.7692902,110.3850274,-0.86,-7.7696725,110.3850264,-2.327
1788934936.8954713,42.535268455303644,42.535268455303644,0.0,False,False,20.20345515004797,20.46272046918493,-7.7692902,110.3850274,-0.86,-7.7696725,110.3850264,-2.327
1788934937.0961869,42.535268455303644,42.535268455303644,0.0,False,False,20.20345515004797,20.46272046918493,-7.7692902,110.3850274,-0.86,-7.7696725,110.3850264,-2.327
1788934937.2976851,42.535268455303644,42.535268455303644,0.0,False,False,20.20345515004797,20.46272046918493,-7.7692902,110.3850274,-0.86,-7.7696725,110.3850264,-2.327
1788934937.4996328,42.535268455303644,42.535268455303644,0.0,False,False,20.20345515004797,20.46272046918493,-7.7692902,110.3850274,-0.86,-7.7696725,110.3850264,-2.327
1788934937.70471,42.535268455303644,42.535268455303644,0.0,False,False,20.20345515004797,20.46272046918493,-7.7692902,110.3850274,-0.86,-7.7696725,110.3850264,-2.327
1788934937.9067788,42.535302956071085,42.535302956071085,0.0,False,False,20.20345515004797,20.462931950236257,-7.7692902,110.3850274,-0.86,-7.7696725,110.3850264,-2.328
1788934938.10875,42.535302956071085,42.535302956071085,0.0,False,False,20.20345515004797,20.462931950236257,-7.7692902,110.3850274,-0.86,-7.7696725,110.3850264,-2.328
1788934938.3216736,42.535302956071085,42.535302956071085,0.0,False,False,20.20345515004797,20.462931950236257,-7.7692902,110.3850274,-0.86,-7.7696725,110.3850264,-2.328
1788934938.5242531,42.535302956071085,42.535302956071085,0.0,False,False,20.20345515004797,20.462931950236257,-7.7692902,110.3850274,-0.86,-7.7696725,110.3850264,-2.328
1788934938.7379007,42.535302956071085,42.535302956071085,0.0,False,False,20.20345515004797,20.462931950236257,-7.7692902,110.3850274,-0.86,-7.7696725,110.3850264,-2.328
1788934938.9391682,42.535302956071085,42.535302956071085,0.0,False,False,20.20345515004797,20.462931950236257,-7.7692902,110.3850274,-0.86,-7.7696725,110.3850264,-2.328
1788934939.141471,42.535302956071085,42.535302956071085,0.0,False,False,20.20345515004797,20.462931950236257,-7.7692902,110.3850274,-0.86,-7.7696725,110.3850264,-2.328
1788934939.342557,42.535302956071085,42.535302956071085,0.0,False,False,20.20345515004797,20.462931950236257,-7.7692902,110.3850274,-0.86,-7.7696725,110.3850264,-2.328
1788934939.5475574,42.535302956071085,42.535302956071085,0.0,False,False,20.20345515004797,20.462931950236257,-7.7692902,110.3850274,-0.86,-7.7696725,110.3850264,-2.328
1788934939.749703,42.535302956071085,42.535302956071085,0.0,False,False,20.20345515004797,20.462931950236257,-7.7692902,110.3850274,-0.86,-7.7696725,110.3850264,-2.328
1788934939.9509263,42.535302956071085,42.535302956071085,0.0,False,False,20.20345515004797,20.462931950236257,-7.7692902,110.3850274,-0.86,-7.7696725,110.3850264,-2.328
1788934940.1530774,42.535302956071085,42.535302956071085,0.0,False,False,20.20345515004797,20.462931950236257,-7.7692902,110.3850274,-0.86,-7.7696725,110.3850264,-2.328
1788934940.3560338,42.535302956071085,42.535302956071085,0.0,False,False,20.20345515004797,20.462931950236257,-7.7692902,110.3850274,-0.86,-7.7696725,110.3850264,-2.328
1788934940.5586598,42.535302956071085,42.535302956071085,0.0,False,False,20.20345515004797,20.462931950236257,-7.7692902,110.3850274,-0.86,-7.7696725,110.3850264,-2.328
1788934940.7608635,42.535302956071085,42.535302956071085,0.0,False,False,20.20345515004797,20.462931950236257,-7.7692902,110.3850274,-0.86,-7.7696725,110.3850264,-2.328
1788934940.9635808,42.535302956071085,42.535302956071085,0.0,False,False,20.20345515004797,20.462931950236257,-7.7692902,110.3850274,-0.86,-7.7696725,110.3850264,-2.328
1788934941.1765501,42.535302956071085,42.535302956071085,0.0,False,False,20.20345515004797,20.462931950236257,-7.7692902,110.3850274,-0.86,-7.7696725,110.3850264,-2.328
1788934941.3784103,42.535302956071085,42.535302956071085,0.0,False,False,20.20345515004797,20.462931950236257,-7.7692902,110.3850274,-0.86,-7.7696725,110.3850264,-2.328
1788934941.5790958,42.535302956071085,42.535302956071085,0.0,False,False,20.20345515004797,20.462931950236257,-7.7692902,110.3850274,-0.86,-7.7696725,110.3850264,-2.328
1788934941.7807486,42.535302956071085,42.535302956071085,0.0,False,False,20.20345515004797,20.462931950236257,-7.7692902,110.3850274,-0.86,-7.7696725,110.3850264,-2.328
1788934941.98067,42.535268455303644,42.535268455303644,0.0,False,False,20.20345515004797,20.46272046918493,-7.7692902,110.3850274,-0.86,-7.7696725,110.3850264,-2.327
1788934942.1808093,42.535268455303644,42.535268455303644,0.0,False,False,20.20345515004797,20.46272046918493,-7.7692902,110.3850274,-0.86,-7.7696725,110.3850264,-2.327
1788934942.3815856,42.535268455303644,42.535268455303644,0.0,False,False,20.20345515004797,20.46272046918493,-7.7692902,110.3850274,-0.86,-7.7696725,110.3850264,-2.327
1788934942.583072,42.535268455303644,42.535126986217016,10.0,False,False,20.20345515004797,20.46272046918493,-7.7692902,110.3850274,-0.86,-7.7696725,110.3850264,-2.327
1788934942.7848675,42.535268455303644,42.535126986217016,10.0,False,False,20.20345515004797,20.46272046918493,-7.7692902,110.3850274,-0.86,-7.7696725,110.3850264,-2.327
1788934942.9849825,42.535268455303644,42.535126986217016,10.0,False,False,20.20345515004797,20.46272046918493,-7.7692902,110.3850274,-0.86,-7.7696725,110.3850264,-2.327
1788934943.2002962,42.535268455303644,42.535126986217016,10.0,False,False,20.20345515004797,20.46272046918493,-7.7692902,110.3850274,-0.86,-7.7696725,110.3850264,-2.327
1788934943.404666,42.535268455303644,42.535268455303644,0.0,False,False,20.20345515004797,20.46272046918493,-7.7692902,110.3850274,-0.86,-7.7696725,110.3850264,-2.327
1788934943.60511,42.535268455303644,42.535268455303644,0.0,False,False,20.20345515004797,20.46272046918493,-7.7692902,110.3850274,-0.86,-7.7696725,110.3850264,-2.327
1788934943.8080776,42.535268455303644,42.535268455303644,0.0,False,False,20.20345515004797,20.46272046918493,-7.7692902,110.3850274,-0.86,-7.7696725,110.3850264,-2.327
1788934944.0095918,42.535268455303644,42.535268455303644,0.0,False,False,20.20345515004797,20.46272046918493,-7.7692902,110.3850274,-0.86,-7.7696725,110.3850264,-2.327
1788934944.210266,42.535268455303644,42.535268455303644,0.0,False,False,20.20345515004797,20.46272046918493,-7.7692902,110.3850274,-0.86,-7.7696725,110.3850264,-2.327
1788934944.412497,42.535268455303644,42.535268455303644,0.0,False,False,20.20345515004797,20.46272046918493,-7.7692902,110.3850274,-0.86,-7.7696725,110.3850264,-2.327
1788934944.613054,42.535268455303644,42.535268455303644,0.0,False,False,20.20345515004797,20.46272046918493,-7.7692902,110.3850274,-0.86,-7.7696725,110.3850264,-2.327
1788934944.8140445,42.535268455303644,42.535268455303644,0.0,False,False,20.20345515004797,20.46272046918493,-7.7692902,110.3850274,-0.86,-7.7696725,110.3850264,-2.327
1788934945.016681,42.535268455303644,42.535268455303644,0.0,False,False,20.20345515004797,20.46272046918493,-7.7692902,110.3850274,-0.86,-7.7696725,110.3850264,-2.327
1788934945.21906,42.535268455303644,42.535268455303644,0.0,False,False,20.20345515004797,20.46272046918493,-7.7692902,110.3850274,-0.86,-7.7696725,110.3850264,-2.327
1788934945.421192,42.535268455303644,42.535268455303644,0.0,False,False,20.20345515004797,20.46272046918493,-7.7692902,110.3850274,-0.86,-7.7696725,110.3850264,-2.327
1788934945.6217089,42.535268455303644,42.535268455303644,0.0,False,False,20.20345515004797,20.46272046918493,-7.7692902,110.3850274,-0.86,-7.7696725,110.3850264,-2.327
1788934945.823301,42.535268455303644,42.535268455303644,0.0,False,False,20.20345515004797,20.46272046918493,-7.7692902,110.3850274,-0.86,-7.7696725,110.3850264,-2.327
1788934946.0349255,42.535268455303644,42.535268455303644,0.0,False,False,20.20345515004797,20.46272046918493,-7.7692902,110.3850274,-0.86,-7.7696725,110.3850264,-2.327
1788934946.2349992,42.535268455303644,42.535268455303644,0.0,False,False,20.20345515004797,20.46272046918493,-7.7692902,110.3850274,-0.86,-7.7696725,110.3850264,-2.327
1788934946.4351287,42.535268455303644,42.535268455303644,0.0,False,False,20.20345515004797,20.46272046918493,-7.7692902,110.3850274,-0.86,-7.7696725,110.3850264,-2.327
1788934946.6363406,42.535268455303644,42.535268455303644,0.0,False,False,20.20345515004797,20.46272046918493,-7.7692902,110.3850274,-0.86,-7.7696725,110.3850264,-2.327
1788934946.8368256,42.535268455303644,42.535268455303644,0.0,False,False,20.20345515004797,20.46272046918493,-7.7692902,110.3850274,-0.86,-7.7696725,110.3850264,-2.327
1788934947.036831,42.535268455303644,42.535268455303644,0.0,False,False,20.20345515004797,20.46272046918493,-7.7692902,110.3850274,-0.86,-7.7696725,110.3850264,-2.327
1788934947.238337,42.535268455303644,42.535268455303644,0.0,False,False,20.20345515004797,20.46272046918493,-7.7692902,110.3850274,-0.86,-7.7696725,110.3850264,-2.327
1788934947.4388533,42.535268455303644,42.535268455303644,0.0,False,False,20.20345515004797,20.46272046918493,-7.7692902,110.3850274,-0.86,-7.7696725,110.3850264,-2.327
1788934947.6420448,42.535302956071085,42.535302956071085,0.0,False,False,20.203313614355437,20.46272046918493,-7.7692902,110.3850274,-0.859,-7.7696725,110.3850264,-2.327
1788934947.8439662,42.535302956071085,42.535302956071085,0.0,False,False,20.203313614355437,20.46272046918493,-7.7692902,110.3850274,-0.859,-7.7696725,110.3850264,-2.327
1788934948.0455866,42.535302956071085,42.535302956071085,0.0,False,False,20.203313614355437,20.46272046918493,-7.7692902,110.3850274,-0.859,-7.7696725,110.3850264,-2.327
1788934948.2482207,42.535302956071085,42.535302956071085,0.0,False,False,20.203313614355437,20.46272046918493,-7.7692902,110.3850274,-0.859,-7.7696725,110.3850264,-2.327
1788934948.4504516,42.535302956071085,42.535302956071085,0.0,False,False,20.203313614355437,20.46272046918493,-7.7692902,110.3850274,-0.859,-7.7696725,110.3850264,-2.327
1788934948.6513574,42.535302956071085,42.535302956071085,0.0,False,False,20.203313614355437,20.46272046918493,-7.7692902,110.3850274,-0.859,-7.7696725,110.3850264,-2.327
1788934948.8604841,42.535302956071085,42.535302956071085,0.0,False,False,20.203313614355437,20.46272046918493,-7.7692902,110.3850274,-0.859,-7.7696725,110.3850264,-2.327
1788934949.0660777,42.535302956071085,42.535302956071085,0.0,False,False,20.203313614355437,20.46272046918493,-7.7692902,110.3850274,-0.859,-7.7696725,110.3850264,-2.327
1788934949.2679315,42.535302956071085,42.535302956071085,0.0,False,False,20.203313614355437,20.46272046918493,-7.7692902,110.3850274,-0.859,-7.7696725,110.3850264,-2.327
1788934949.4709673,42.535302956071085,42.535302956071085,0.0,False,False,20.203313614355437,20.46272046918493,-7.7692902,110.3850274,-0.859,-7.7696725,110.3850264,-2.327
1788934949.6732664,42.535302956071085,42.535302956071085,0.0,False,False,20.203313614355437,20.46272046918493,-7.7692902,110.3850274,-0.859,-7.7696725,110.3850264,-2.327
1788934949.8752246,42.535302956071085,42.535302956071085,0.0,False,False,20.203313614355437,20.46272046918493,-7.7692902,110.3850274,-0.859,-7.7696725,110.3850264,-2.327
1788934950.0778356,42.535302956071085,42.535302956071085,0.0,False,False,20.203313614355437,20.46272046918493,-7.7692902,110.3850274,-0.859,-7.7696725,110.3850264,-2.327
1788934950.2807558,42.546381297167706,42.546381297167706,0.0,False,False,20.203455150047972,20.46272046918493,-7.7692901,110.3850274,-0.86,-7.7696725,110.3850264,-2.327
1788934950.4807115,42.546354193968654,42.546354193968654,0.0,False,False,20.203455150047972,20.462720469184934,-7.7692901,110.3850273,-0.86,-7.7696725,110.3850264,-2.327
1788934950.6955767,42.546354193968654,42.546354193968654,0.0,False,False,20.203455150047972,20.46272046918493,-7.7692901,110.3850273,-0.86,-7.7696725,110.3850264,-2.327
1788934950.8969088,42.546354193968654,42.546354193968654,0.0,False,False,20.203455150047976,20.462720469184934,-7.7692901,110.3850273,-0.86,-7.7696725,110.3850264,-2.327
1788934951.0984657,42.53524134502362,42.53524134502362,0.0,False,False,20.203455150047976,20.46272046918493,-7.7692901,110.3850273,-0.86,-7.7696724,110.3850264,-2.327
1788934951.2992022,42.535268455303715,42.535268455303715,0.0,False,False,20.203455150047976,20.462720469184934,-7.7692901,110.3850273,-0.86,-7.7696724,110.3850263,-2.327
1788934951.500075,42.535268455303715,42.535268455303715,0.0,False,False,20.203455150047972,20.46272046918494,-7.7692901,110.3850273,-0.86,-7.7696724,110.3850263,-2.327
1788934951.701451,42.535268455303715,42.535268455303715,0.0,False,False,20.203455150047976,20.462720469184934,-7.7692901,110.3850273,-0.86,-7.7696724,110.3850263,-2.327
1788934951.9034588,42.53530295607115,42.53530295607115,0.0,False,False,20.20331361435544,20.46272046918493,-7.7692901,110.3850273,-0.859,-7.7696724,110.3850263,-2.327
1788934952.1065757,42.53530295607115,42.53530295607115,0.0,False,False,20.203313614355444,20.46272046918493,-7.7692901,110.3850273,-0.859,-7.7696724,110.3850263,-2.327
1788934952.308455,42.53530295607115,42.53530295607115,0.0,False,False,20.20331361435544,20.462720469184934,-7.7692901,110.3850273,-0.859,-7.7696724,110.3850263,-2.327
1788934952.5119374,42.53530295607115,42.53530295607115,0.0,False,False,20.203313614355448,20.462720469184937,-7.7692901,110.3850273,-0.859,-7.7696724,110.3850263,-2.327
1788934952.7126524,42.53530295607115,42.53530295607115,0.0,False,False,20.20331361435544,20.46272046918493,-7.7692901,110.3850273,-0.859,-7.7696724,110.3850263,-2.327
1788934952.927247,42.53530295607115,42.53530295607115,0.0,False,False,20.20331361435544,20.462720469184934,-7.7692901,110.3850273,-0.859,-7.7696724,110.3850263,-2.327
1788934953.1302366,42.53530295607115,42.53530295607115,0.0,False,False,20.203313614355437,20.462720469184934,-7.7692901,110.3850273,-0.859,-7.7696724,110.3850263,-2.327
1788934953.3321671,42.53530295607115,42.53530295607115,0.0,False,False,20.203313614355444,20.46272046918493,-7.7692901,110.3850273,-0.859,-7.7696724,110.3850263,-2.327
1788934953.5410707,42.53530295607115,42.53530295607115,0.0,False,False,20.203313614355444,20.462720469184926,-7.7692901,110.3850273,-0.859,-7.7696724,110.3850263,-2.327
1788934953.742948,42.53530295607115,42.53530295607115,0.0,False,False,20.20331361435544,20.46272046918493,-7.7692901,110.3850273,-0.859,-7.7696724,110.3850263,-2.327
1788934953.9448867,42.53530295607115,42.53530295607115,0.0,False,False,20.203313614355444,20.462720469184937,-7.7692901,110.3850273,-0.859,-7.7696724,110.3850263,-2.327
1788934954.1579447,42.53530295607115,42.53530295607115,0.0,False,False,20.20331361435544,20.462720469184934,-7.7692901,110.3850273,-0.859,-7.7696724,110.3850263,-2.327
1788934954.3588831,42.53530295607115,42.53530295607115,0.0,False,False,20.203313614355444,20.462720469184934,-7.7692901,110.3850273,-0.859,-7.7696724,110.3850263,-2.327
1788934954.5609193,42.53530295607115,42.53530295607115,0.0,False,False,20.203313614355437,20.46272046918493,-7.7692901,110.3850273,-0.859,-7.7696724,110.3850263,-2.327
1788934954.7635055,42.53530295607115,42.53530295607115,0.0,False,False,20.203313614355444,20.46272046918493,-7.7692901,110.3850273,-0.859,-7.7696724,110.3850263,-2.327
1788934954.9698262,42.53530295607115,42.53530295607115,0.0,False,False,20.203313614355444,20.46272046918493,-7.7692901,110.3850273,-0.859,-7.7696724,110.3850263,-2.327
1788934955.171242,42.53530295607115,42.53530295607115,0.0,False,False,20.203313614355444,20.46272046918493,-7.7692901,110.3850273,-0.859,-7.7696724,110.3850263,-2.327
1788934955.371756,42.53530295607115,42.53530295607115,0.0,False,False,20.203313614355448,20.462720469184926,-7.7692901,110.3850273,-0.859,-7.7696724,110.3850263,-2.327
1788934955.5732808,42.53530295607115,42.53530295607115,0.0,False,False,20.20331361435544,20.462720469184937,-7.7692901,110.3850273,-0.859,-7.7696724,110.3850263,-2.327
1788934955.7756555,42.53530295607115,42.53530295607115,0.0,False,False,20.203313614355448,20.46272046918493,-7.7692901,110.3850273,-0.859,-7.7696724,110.3850263,-2.327
1788934955.980214,42.53530295607115,42.53530295607115,0.0,False,False,20.203313614355448,20.46272046918493,-7.7692901,110.3850273,-0.859,-7.7696724,110.3850263,-2.327
1788934956.1806643,42.53530295607115,42.53530295607115,0.0,False,False,20.20331361435544,20.46272046918493,-7.7692901,110.3850273,-0.859,-7.7696724,110.3850263,-2.327
1788934956.3856666,42.53530295607115,42.53530295607115,0.0,False,False,20.203313614355444,20.462720469184937,-7.7692901,110.3850273,-0.859,-7.7696724,110.3850263,-2.327
1788934956.586149,42.53530295607115,42.53530295607115,0.0,False,False,20.203313614355437,20.462720469184934,-7.7692901,110.3850273,-0.859,-7.7696724,110.3850263,-2.327
1788934956.7884402,42.53530295607115,42.53530295607115,0.0,False,False,20.203313614355444,20.46272046918493,-7.7692901,110.3850273,-0.859,-7.7696724,110.3850263,-2.327
1788934956.9893572,42.53530295607115,42.53530295607115,0.0,False,False,20.203313614355444,20.46272046918493,-7.7692901,110.3850273,-0.859,-7.7696724,110.3850263,-2.327
1788934957.203898,42.53530295607115,42.53530295607115,0.0,False,False,20.203313614355444,20.46272046918494,-7.7692901,110.3850273,-0.859,-7.7696724,110.3850263,-2.327
1788934957.406919,42.53530295607115,42.53530295607115,0.0,False,False,20.203313614355448,20.462720469184934,-7.7692901,110.3850273,-0.859,-7.7696724,110.3850263,-2.327
1788934957.6076894,42.53530295607115,42.53530295607115,0.0,False,False,20.20331361435544,20.462720469184934,-7.7692901,110.3850273,-0.859,-7.7696724,110.3850263,-2.327
1788934957.8107245,42.53530295607115,42.53530295607115,0.0,False,False,20.203313614355444,20.462720469184934,-7.7692901,110.3850273,-0.859,-7.7696724,110.3850263,-2.327
1788934958.011806,42.53530295607115,42.53530295607115,0.0,False,False,20.203313614355444,20.462720469184934,-7.7692901,110.3850273,-0.859,-7.7696724,110.3850263,-2.327
1788934958.2143016,42.53530295607115,42.53530295607115,0.0,False,False,20.203313614355444,20.46272046918494,-7.7692901,110.3850273,-0.859,-7.7696724,110.3850263,-2.327
1788934958.415912,42.53530295607115,42.53530295607115,0.0,False,False,20.203313614355444,20.46272046918493,-7.7692901,110.3850273,-0.859,-7.7696724,110.3850263,-2.327
1788934958.6191275,42.53530295607115,42.53530295607115,0.0,False,False,20.20331361435544,20.46272046918494,-7.7692901,110.3850273,-0.859,-7.7696724,110.3850263,-2.327
1788934958.8339832,42.53530295607115,42.53530295607115,0.0,False,False,20.203313614355444,20.46272046918493,-7.7692901,110.3850273,-0.859,-7.7696724,110.3850263,-2.327
1788934959.0358002,42.53530295607115,42.53530295607115,0.0,False,False,20.203313614355444,20.462720469184934,-7.7692901,110.3850273,-0.859,-7.7696724,110.3850263,-2.327
1788934959.2392914,42.53530295607115,42.53530295607115,0.0,False,False,20.203313614355448,20.46272046918493,-7.7692901,110.3850273,-0.859,-7.7696724,110.3850263,-2.327
1788934959.4399755,42.53530295607115,42.53530295607115,0.0,False,False,20.203313614355444,20.462720469184934,-7.7692901,110.3850273,-0.859,-7.7696724,110.3850263,-2.327
1788934959.6418772,42.53530295607115,42.53530295607115,0.0,False,False,20.203313614355444,20.46272046918493,-7.7692901,110.3850273,-0.859,-7.7696724,110.3850263,-2.327
1788934959.8573163,42.53530295607115,42.53530295607115,0.0,False,False,20.20331361435544,20.462720469184934,-7.7692901,110.3850273,-0.859,-7.7696724,110.3850263,-2.327
1788934960.0588932,42.53530295607115,42.53530295607115,0.0,False,False,20.20331361435544,20.462720469184934,-7.7692901,110.3850273,-0.859,-7.7696724,110.3850263,-2.327
1788934960.2609596,42.53530295607115,42.53530295607115,0.0,False,False,20.203313614355444,20.462720469184934,-7.7692901,110.3850273,-0.859,-7.7696724,110.3850263,-2.327
1788934960.4626424,42.53530295607115,42.53530295607115,0.0,False,False,20.203313614355444,20.462720469184937,-7.7692901,110.3850273,-0.859,-7.7696724,110.3850263,-2.327
1788934960.6627305,42.53530295607115,42.53530295607115,0.0,False,False,20.20331361435544,20.46272046918493,-7.7692901,110.3850273,-0.859,-7.7696724,110.3850263,-2.327
1788934960.8758225,42.53530295607115,42.53530295607115,0.0,False,False,20.203313614355444,20.462720469184934,-7.7692901,110.3850273,-0.859,-7.7696724,110.3850263,-2.327
1788934961.0914025,42.53530295607115,42.53530295607115,0.0,False,False,20.203313614355444,20.462720469184934,-7.7692901,110.3850273,-0.859,-7.7696724,110.3850263,-2.327
1788934961.2930083,42.535268455303715,42.535268455303715,0.0,False,False,20.203455150047976,20.462720469184934,-7.7692901,110.3850273,-0.86,-7.7696724,110.3850263,-2.327
1788934961.4930575,42.535268455303715,42.535268455303715,0.0,False,False,20.203455150047976,20.46272046918493,-7.7692901,110.3850273,-0.86,-7.7696724,110.3850263,-2.327
1788934961.6938252,42.535268455303715,42.535268455303715,0.0,False,False,20.203455150047972,20.46272046918493,-7.7692901,110.3850273,-0.86,-7.7696724,110.3850263,-2.327
1788934961.895523,42.535268455303715,42.53512698621702,10.0,False,False,20.203455150047972,20.462720469184934,-7.7692901,110.3850273,-0.86,-7.7696724,110.3850263,-2.327
1788934962.0969846,42.535268455303715,42.53512698621702,10.0,False,False,20.203455150047972,20.462720469184934,-7.7692901,110.3850273,-0.86,-7.7696724,110.3850263,-2.327
1788934962.3000493,42.535268455303715,42.53512698621702,10.0,False,False,20.203455150047976,20.46272046918493,-7.7692901,110.3850273,-0.86,-7.7696724,110.3850263,-2.327
1788934962.5044699,42.535268455303715,42.53512698621702,10.0,False,False,20.203455150047972,20.462720469184934,-7.7692901,110.3850273,-0.86,-7.7696724,110.3850263,-2.327
1788934962.7058568,42.535268455303715,42.53512698621702,10.0,False,False,20.203455150047976,20.462720469184934,-7.7692901,110.3850273,-0.86,-7.7696724,110.3850263,-2.327
1788934962.9079163,42.535268455303715,42.535268455303715,0.0,False,False,20.203455150047972,20.462720469184937,-7.7692901,110.3850273,-0.86,-7.7696724,110.3850263,-2.327
1788934963.1221101,42.535268455303715,42.535268455303715,0.0,False,False,20.20345515004798,20.462720469184934,-7.7692901,110.3850273,-0.86,-7.7696724,110.3850263,-2.327
1788934963.3235323,42.535268455303715,42.535268455303715,0.0,False,False,20.203455150047976,20.46272046918494,-7.7692901,110.3850273,-0.86,-7.7696724,110.3850263,-2.327
1788934963.5243983,42.535268455303715,42.535268455303715,0.0,False,False,20.203455150047972,20.46272046918493,-7.7692901,110.3850273,-0.86,-7.7696724,110.3850263,-2.327
1788934963.7261837,42.535268455303715,42.535268455303715,0.0,False,False,20.203455150047972,20.46272046918493,-7.7692901,110.3850273,-0.86,-7.7696724,110.3850263,-2.327
1788934963.9415128,42.535268455303715,42.535268455303715,0.0,False,False,20.203455150047976,20.462720469184934,-7.7692901,110.3850273,-0.86,-7.7696724,110.3850263,-2.327
1788934964.1536837,42.535268455303715,42.535268455303715,0.0,False,False,20.203455150047976,20.462720469184934,-7.7692901,110.3850273,-0.86,-7.7696724,110.3850263,-2.327
1788934964.3657196,42.535268455303715,42.535268455303715,0.0,False,False,20.203455150047972,20.462720469184937,-7.7692901,110.3850273,-0.86,-7.7696724,110.3850263,-2.327
1788934964.580668,42.535268455303715,42.535268455303715,0.0,False,False,20.203455150047972,20.462720469184934,-7.7692901,110.3850273,-0.86,-7.7696724,110.3850263,-2.327
1788934964.783234,42.535268455303715,42.535268455303715,0.0,False,False,20.203455150047972,20.462720469184934,-7.7692901,110.3850273,-0.86,-7.7696724,110.3850263,-2.327
1788934964.984996,42.535268455303715,42.535268455303715,0.0,False,False,20.203455150047976,20.46272046918493,-7.7692901,110.3850273,-0.86,-7.7696724,110.3850263,-2.327
1788934965.186902,42.535268455303715,42.535268455303715,0.0,False,False,20.203455150047976,20.46272046918493,-7.7692901,110.3850273,-0.86,-7.7696724,110.3850263,-2.327
1788934965.3872879,42.535268455303715,42.535268455303715,0.0,False,False,20.203455150047976,20.462720469184934,-7.7692901,110.3850273,-0.86,-7.7696724,110.3850263,-2.327
1788934965.5887918,42.535268455303715,42.535268455303715,0.0,False,False,20.203455150047976,20.462720469184934,-7.7692901,110.3850273,-0.86,-7.7696724,110.3850263,-2.327
1788934965.7887797,42.535268455303715,42.535268455303715,0.0,False,False,20.20345515004798,20.462720469184934,-7.7692901,110.3850273,-0.86,-7.7696724,110.3850263,-2.327
1788934965.989097,42.535268455303715,42.535268455303715,0.0,False,False,20.20345515004798,20.462720469184934,-7.7692901,110.3850273,-0.86,-7.7696724,110.3850263,-2.327
1788934966.2026978,42.535268455303715,42.535268455303715,0.0,False,False,20.20345515004798,20.462720469184934,-7.7692901,110.3850273,-0.86,-7.7696724,110.3850263,-2.327
1788934966.4053457,42.535268455303715,42.535268455303715,0.0,False,False,20.20345515004798,20.462720469184934,-7.7692901,110.3850273,-0.86,-7.7696724,110.3850263,-2.327
1788934966.6080472,42.535268455303715,42.535268455303715,0.0,False,False,20.20345515004798,20.462720469184934,-7.7692901,110.3850273,-0.86,-7.7696724,110.3850263,-2.327
1788934966.8105097,42.535268455303715,42.535268455303715,0.0,False,False,20.20345515004798,20.462720469184934,-7.7692901,110.3850273,-0.86,-7.7696724,110.3850263,-2.327
1788934967.0114152,42.535268455303715,42.535268455303715,0.0,False,False,20.20345515004798,20.462720469184934,-7.7692901,110.3850273,-0.86,-7.7696724,110.3850263,-2.327
1788934967.213482,42.535268455303715,42.535268455303715,0.0,False,False,20.20345515004798,20.462720469184934,-7.7692901,110.3850273,-0.86,-7.7696724,110.3850263,-2.327
1788934967.416048,42.535268455303715,42.535268455303715,0.0,False,False,20.20345515004798,20.462720469184934,-7.7692901,110.3850273,-0.86,-7.7696724,110.3850263,-2.327
1788934967.6179125,42.535268455303715,42.535268455303715,0.0,False,False,20.20345515004798,20.462720469184934,-7.7692901,110.3850273,-0.86,-7.7696724,110.3850263,-2.327
1788934967.821159,42.535268455303715,42.535268455303715,0.0,False,False,20.20345515004798,20.462720469184934,-7.7692901,110.3850273,-0.86,-7.7696724,110.3850263,-2.327
1788934968.0219955,42.535268455303715,42.535268455303715,0.0,False,False,20.20345515004798,20.462720469184934,-7.7692901,110.3850273,-0.86,-7.7696724,110.3850263,-2.327
1788934968.2348096,42.535268455303715,42.535268455303715,0.0,False,False,20.20345515004798,20.462720469184934,-7.7692901,110.3850273,-0.86,-7.7696724,110.3850263,-2.327
1788934968.4392333,42.535268455303715,42.535268455303715,0.0,False,False,20.20345515004798,20.462720469184934,-7.7692901,110.3850273,-0.86,-7.7696724,110.3850263,-2.327
1788934968.6443925,42.535268455303715,42.535268455303715,0.0,False,False,20.20345515004798,20.462720469184934,-7.7692901,110.3850273,-0.86,-7.7696724,110.3850263,-2.327
1788934968.8469167,42.535268455303715,42.535268455303715,0.0,False,False,20.20345515004798,20.462720469184934,-7.7692901,110.3850273,-0.86,-7.7696724,110.3850263,-2.327
1788934969.0473163,42.535268455303715,42.535268455303715,0.0,False,False,20.20345515004798,20.462720469184934,-7.7692901,110.3850273,-0.86,-7.7696724,110.3850263,-2.327
1788934969.2480338,42.535268455303715,42.535268455303715,0.0,False,False,20.20345515004798,20.462720469184934,-7.7692901,110.3850273,-0.86,-7.7696724,110.3850263,-2.327
1788934969.4505103,42.535268455303715,42.535268455303715,0.0,False,False,20.20345515004798,20.462720469184934,-7.7692901,110.3850273,-0.86,-7.7696724,110.3850263,-2.327
1788934969.6522982,42.535268455303715,42.535268455303715,0.0,False,False,20.20345515004798,20.462720469184934,-7.7692901,110.3850273,-0.86,-7.7696724,110.3850263,-2.327
1788934969.8557682,42.535268455303715,42.535268455303715,0.0,False,False,20.20345515004798,20.462720469184934,-7.7692901,110.3850273,-0.86,-7.7696724,110.3850263,-2.327
1788934970.0686004,42.535268455303715,42.535268455303715,0.0,False,False,20.20345515004798,20.462720469184934,-7.7692901,110.3850273,-0.86,-7.7696724,110.3850263,-2.327
1788934970.2690988,42.535268455303715,42.535268455303715,0.0,False,False,20.20345515004798,20.462720469184934,-7.7692901,110.3850273,-0.86,-7.7696724,110.3850263,-2.327
1788934970.4764085,42.535268455303715,42.535268455303715,0.0,False,False,20.20345515004798,20.462720469184934,-7.7692901,110.3850273,-0.86,-7.7696724,110.3850263,-2.327
1788934970.6768699,42.535268455303715,42.535268455303715,0.0,False,False,20.20345515004798,20.462720469184934,-7.7692901,110.3850273,-0.86,-7.7696724,110.3850263,-2.327
1788934970.877952,42.535268455303715,42.535268455303715,0.0,False,False,20.20345515004798,20.462720469184934,-7.7692901,110.3850273,-0.86,-7.7696724,110.3850263,-2.327
1788934971.0928545,42.535268455303715,42.535268455303715,0.0,False,False,20.20345515004798,20.462720469184934,-7.7692901,110.3850273,-0.86,-7.7696724,110.3850263,-2.327
1788934971.2953815,42.535268455303715,42.535268455303715,0.0,False,False,20.20345515004798,20.462720469184934,-7.7692901,110.3850273,-0.86,-7.7696724,110.3850263,-2.327
1788934971.4983826,42.535268455303715,42.535268455303715,0.0,False,False,20.20345515004798,20.462720469184934,-7.7692901,110.3850273,-0.86,-7.7696724,110.3850263,-2.327
1788934971.7010362,42.535268455303715,42.535268455303715,0.0,False,False,20.20345515004798,20.462720469184934,-7.7692901,110.3850273,-0.86,-7.7696724,110.3850263,-2.327
1788934971.9036987,42.535268455303715,42.535268455303715,0.0,False,False,20.20345515004798,20.462720469184934,-7.7692901,110.3850273,-0.86,-7.7696724,110.3850263,-2.327
1788934972.1047614,42.535268455303715,42.535268455303715,0.0,False,False,20.20345515004798,20.462720469184934,-7.7692901,110.3850273,-0.86,-7.7696724,110.3850263,-2.327
1788934972.306614,42.535268455303715,42.535268455303715,0.0,False,False,20.20345515004798,20.462720469184934,-7.7692901,110.3850273,-0.86,-7.7696724,110.3850263,-2.327
1788934972.508556,42.535268455303715,42.535268455303715,0.0,False,False,20.20345515004798,20.462720469184934,-7.7692901,110.3850273,-0.86,-7.7696724,110.3850263,-2.327
1788934972.7105508,42.535268455303715,42.535268455303715,0.0,False,False,20.20345515004798,20.462720469184934,-7.7692901,110.3850273,-0.86,-7.7696724,110.3850263,-2.327
1788934972.9116893,42.535268455303715,42.535268455303715,0.0,False,False,20.20345515004798,20.462720469184934,-7.7692901,110.3850273,-0.86,-7.7696724,110.3850263,-2.327
1788934973.113407,42.535268455303715,42.535268455303715,0.0,False,False,20.20345515004798,20.462720469184934,-7.7692901,110.3850273,-0.86,-7.7696724,110.3850263,-2.327
1788934973.3149107,42.53530295607115,42.53530295607115,0.0,False,False,20.203313614355448,20.462720469184934,-7.7692901,110.3850273,-0.859,-7.7696724,110.3850263,-2.327
1788934973.5176,42.53530295607115,42.53530295607115,0.0,False,False,20.203313614355448,20.462720469184934,-7.7692901,110.3850273,-0.859,-7.7696724,110.3850263,-2.327
1788934973.7324052,42.53530295607115,42.53530295607115,0.0,False,False,20.203313614355448,20.462720469184934,-7.7692901,110.3850273,-0.859,-7.7696724,110.3850263,-2.327
1788934973.9337962,42.53530295607115,42.53530295607115,0.0,False,False,20.203313614355448,20.462720469184934,-7.7692901,110.3850273,-0.859,-7.7696724,110.3850263,-2.327
1788934974.1376996,42.53530295607115,42.53530295607115,0.0,False,False,20.203313614355448,20.462720469184934,-7.7692901,110.3850273,-0.859,-7.7696724,110.3850263,-2.327
1788934974.3504956,42.53530295607115,42.53530295607115,0.0,False,False,20.203313614355448,20.462720469184934,-7.7692901,110.3850273,-0.859,-7.7696724,110.3850263,-2.327
1788934974.5521882,42.53530295607115,42.53530295607115,0.0,False,False,20.203313614355448,20.462720469184934,-7.7692901,110.3850273,-0.859,-7.7696724,110.3850263,-2.327
1788934974.7521238,42.535275845809394,42.535275845809394,0.0,False,False,20.203313614355444,20.462720469184934,-7.7692901,110.3850272,-0.859,-7.7696724,110.3850263,-2.327
1788934974.9679642,42.535275845809394,42.535275845809394,0.0,False,False,20.203313614355444,20.462720469184934,-7.7692901,110.3850272,-0.859,-7.7696724,110.3850263,-2.327
1788934975.1689181,42.53530295607115,42.53530295607115,0.0,False,False,20.203313614355444,20.462720469184934,-7.7692901,110.3850273,-0.859,-7.7696724,110.3850263,-2.327
1788934975.3841105,42.53530295607115,42.53530295607115,0.0,False,False,20.203313614355444,20.462720469184934,-7.7692901,110.3850273,-0.859,-7.7696724,110.3850263,-2.327
1788934975.5866401,42.53530295607115,42.53530295607115,0.0,False,False,20.203313614355444,20.46272046918493,-7.7692901,110.3850272,-0.859,-7.7696724,110.3850262,-2.327
1788934975.7903502,42.53530295607115,42.53530295607115,0.0,False,False,20.20331361435544,20.462720469184934,-7.7692901,110.3850272,-0.859,-7.7696724,110.3850262,-2.327
1788934975.9917095,42.53530295607115,42.53530295607115,0.0,False,False,20.20331361435544,20.46272046918493,-7.7692901,110.3850272,-0.859,-7.7696724,110.3850262,-2.327
1788934976.193465,42.535275845809394,42.535275845809394,0.0,False,False,20.203313614355444,20.462720469184926,-7.7692901,110.3850272,-0.859,-7.7696724,110.3850263,-2.327
1788934976.39351,42.53530295607115,42.53530295607115,0.0,False,False,20.203313614355448,20.462720469184934,-7.7692901,110.3850272,-0.859,-7.7696724,110.3850262,-2.327
1788934976.59375,42.53530295607115,42.53530295607115,0.0,False,False,20.20331361435544,20.462720469184937,-7.7692901,110.3850272,-0.859,-7.7696724,110.3850262,-2.327
1788934976.796042,42.54641578892384,42.54641578892384,0.0,False,False,20.203313614355444,20.462720469184937,-7.76929,110.3850272,-0.859,-7.7696724,110.3850262,-2.327
1788934977.000422,42.54641578892384,42.54641578892384,0.0,False,False,20.203313614355444,20.462720469184926,-7.76929,110.3850272,-0.859,-7.7696724,110.3850262,-2.327
1788934977.2079263,42.54641578892384,42.54641578892384,0.0,False,False,20.203313614355444,20.46272046918493,-7.76929,110.3850272,-0.859,-7.7696724,110.3850262,-2.327
1788934977.4124782,42.53530295607115,42.53530295607115,0.0,False,False,20.203313614355437,20.462720469184934,-7.7692901,110.3850272,-0.859,-7.7696724,110.3850262,-2.327
1788934977.6158507,42.53530295607115,42.53530295607115,0.0,False,False,20.20331361435545,20.46272046918493,-7.7692901,110.3850272,-0.859,-7.7696724,110.3850262,-2.327
1788934977.8310325,42.54641578892384,42.54641578892384,0.0,False,False,20.203313614355444,20.462720469184934,-7.76929,110.3850272,-0.859,-7.7696724,110.3850262,-2.327
1788934978.0345664,42.54641578892384,42.54641578892384,0.0,False,False,20.20331361435544,20.462720469184937,-7.76929,110.3850272,-0.859,-7.7696724,110.3850262,-2.327
1788934978.2346444,42.54641578892384,42.54641578892384,0.0,False,False,20.20331361435544,20.462720469184934,-7.76929,110.3850272,-0.859,-7.7696724,110.3850262,-2.327
1788934978.4368145,42.53530295607115,42.53530295607115,0.0,False,False,20.203313614355444,20.46272046918493,-7.7692901,110.3850272,-0.859,-7.7696724,110.3850262,-2.327
1788934978.6414146,42.53530295607115,42.53530295607115,0.0,False,False,20.203313614355437,20.462720469184934,-7.7692901,110.3850272,-0.859,-7.7696724,110.3850262,-2.327
1788934978.842154,42.53530295607115,42.53530295607115,0.0,False,False,20.20331361435544,20.462720469184934,-7.7692901,110.3850272,-0.859,-7.7696724,110.3850262,-2.327
1788934979.0443137,42.53530295607115,42.53530295607115,0.0,False,False,20.203313614355444,20.462720469184934,-7.7692901,110.3850272,-0.859,-7.7696724,110.3850262,-2.327
1788934979.245495,42.53530295607115,42.53530295607115,0.0,False,False,20.203313614355444,20.46272046918493,-7.7692901,110.3850272,-0.859,-7.7696724,110.3850262,-2.327
1788934979.4467041,42.53530295607115,42.53530295607115,0.0,False,False,20.20331361435544,20.46272046918493,-7.7692901,110.3850272,-0.859,-7.7696724,110.3850262,-2.327
1788934979.6468656,42.52419012670041,42.52419012670041,0.0,False,False,20.203313614355444,20.462720469184934,-7.7692901,110.3850272,-0.859,-7.7696723,110.3850262,-2.327
1788934979.848461,42.53530295607122,42.53530295607122,0.0,False,False,20.203313614355444,20.46272046918493,-7.76929,110.3850272,-0.859,-7.7696723,110.3850262,-2.327
1788934980.0510843,42.53530295607122,42.53530295607122,0.0,False,False,20.203313614355437,20.46272046918493,-7.76929,110.3850272,-0.859,-7.7696723,110.3850262,-2.327
1788934980.2542098,42.52419012670041,42.52419012670041,0.0,False,False,20.203313614355437,20.462720469184934,-7.7692901,110.3850272,-0.859,-7.7696723,110.3850262,-2.327
1788934980.4558709,42.52419012670041,42.52419012670041,0.0,False,False,20.20331361435544,20.462720469184934,-7.7692901,110.3850272,-0.859,-7.7696723,110.3850262,-2.327
1788934980.6709929,42.53530295607122,42.53530295607122,0.0,False,False,20.203313614355444,20.462720469184934,-7.76929,110.3850272,-0.859,-7.7696723,110.3850262,-2.327
1788934980.872679,42.53530295607122,42.53530295607122,0.0,False,False,20.203313614355444,20.462720469184934,-7.76929,110.3850272,-0.859,-7.7696723,110.3850262,-2.327
1788934981.0746734,42.53530295607122,42.53530295607122,0.0,False,False,20.203313614355448,20.462720469184937,-7.76929,110.3850272,-0.859,-7.7696723,110.3850262,-2.327
1788934981.289375,42.53530295607122,42.53530295607122,0.0,False,False,20.203313614355444,20.462720469184934,-7.76929,110.3850272,-0.859,-7.7696723,110.3850262,-2.327
1788934981.4934103,42.53530295607122,42.53530295607122,0.0,False,False,20.203313614355444,20.46272046918493,-7.76929,110.3850272,-0.859,-7.7696723,110.3850262,-2.327
1788934981.6966891,42.53530295607122,42.53530295607122,0.0,False,False,20.203313614355448,20.462720469184934,-7.76929,110.3850272,-0.859,-7.7696723,110.3850262,-2.327
1788934981.9008474,42.53530295607122,42.53530295607122,0.0,False,False,20.203313614355448,20.46272046918493,-7.76929,110.3850272,-0.859,-7.7696723,110.3850262,-2.327
1788934982.1029828,42.53530295607122,42.53530295607122,0.0,False,False,20.203313614355444,20.46272046918493,-7.76929,110.3850272,-0.859,-7.7696723,110.3850262,-2.327
1788934982.3043454,42.53530295607122,42.53530295607122,0.0,False,False,20.203313614355444,20.46272046918493,-7.76929,110.3850272,-0.859,-7.7696723,110.3850262,-2.327
1788934982.5044127,42.53530295607122,42.53530295607122,0.0,False,False,20.203313614355444,20.462720469184937,-7.76929,110.3850272,-0.859,-7.7696723,110.3850262,-2.327
1788934982.7059362,42.53530295607122,42.53530295607122,0.0,False,False,20.203313614355437,20.462720469184934,-7.76929,110.3850272,-0.859,-7.7696723,110.3850262,-2.327
1788934982.909631,42.53530295607122,42.53530295607122,0.0,False,False,20.203313614355444,20.462720469184934,-7.76929,110.3850272,-0.859,-7.7696723,110.3850262,-2.327
1788934983.1120343,42.53530295607122,42.53530295607122,0.0,False,False,20.20331361435544,20.462720469184934,-7.76929,110.3850272,-0.859,-7.7696723,110.3850262,-2.327
1788934983.3136463,42.53530295607122,42.53530295607122,0.0,False,False,20.20331361435544,20.462720469184934,-7.76929,110.3850272,-0.859,-7.7696723,110.3850262,-2.327
1788934983.514864,42.53526845530378,42.53526845530378,0.0,False,False,20.203455150047972,20.462720469184937,-7.76929,110.3850272,-0.86,-7.7696723,110.3850262,-2.327
1788934983.7162676,42.53526845530378,42.53526845530378,0.0,False,False,20.203455150047976,20.462720469184934,-7.76929,110.3850272,-0.86,-7.7696723,110.3850262,-2.327
1788934983.9198306,42.53526845530378,42.53526845530378,0.0,False,False,20.20345515004797,20.46272046918493,-7.76929,110.3850272,-0.86,-7.7696723,110.3850262,-2.327
1788934984.1240244,42.53526845530378,42.53526845530378,0.0,False,False,20.203455150047976,20.462720469184937,-7.76929,110.3850272,-0.86,-7.7696723,110.3850262,-2.327
1788934984.3252566,42.53526845530378,42.53526845530378,0.0,False,False,20.20345515004797,20.462720469184934,-7.76929,110.3850272,-0.86,-7.7696723,110.3850262,-2.327
1788934984.5272663,42.53526845530378,42.53526845530378,0.0,False,False,20.20345515004798,20.462720469184926,-7.76929,110.3850272,-0.86,-7.7696723,110.3850262,-2.327
1788934984.7289448,42.53526845530378,42.53526845530378,0.0,False,False,20.203455150047976,20.46272046918493,-7.76929,110.3850272,-0.86,-7.7696723,110.3850262,-2.327
1788934984.9301803,42.53526845530378,42.53526845530378,0.0,False,False,20.203455150047965,20.462720469184937,-7.76929,110.3850272,-0.86,-7.7696723,110.3850262,-2.327
1788934985.1319993,42.53526845530378,42.53526845530378,0.0,False,False,20.20345515004798,20.46272046918494,-7.76929,110.3850272,-0.86,-7.7696723,110.3850262,-2.327
1788934985.3355305,42.53526845530378,42.53526845530378,0.0,False,False,20.203455150047972,20.462720469184934,-7.76929,110.3850272,-0.86,-7.7696723,110.3850262,-2.327
1788934985.5356045,42.53526845530378,42.53526845530378,0.0,False,False,20.20345515004797,20.462720469184934,-7.76929,110.3850272,-0.86,-7.7696723,110.3850262,-2.327
1788934985.7372491,42.53526845530378,42.53526845530378,0.0,False,False,20.20345515004797,20.462720469184934,-7.76929,110.3850272,-0.86,-7.7696723,110.3850262,-2.327
1788934985.9375186,42.53526845530378,42.53526845530378,0.0,False,False,20.203455150047976,20.46272046918493,-7.76929,110.3850272,-0.86,-7.7696723,110.3850262,-2.327
1788934986.152385,42.53526845530378,42.53526845530378,0.0,False,False,20.20345515004798,20.462720469184937,-7.76929,110.3850272,-0.86,-7.7696723,110.3850262,-2.327
1788934986.3528714,42.53526845530378,42.53526845530378,0.0,False,False,20.20345515004797,20.46272046918493,-7.76929,110.3850272,-0.86,-7.7696723,110.3850262,-2.327
1788934986.554412,42.53526845530378,42.53526845530378,0.0,False,False,20.203455150047976,20.462720469184934,-7.76929,110.3850272,-0.86,-7.7696723,110.3850262,-2.327
1788934986.7557187,42.53526845530378,42.53526845530378,0.0,False,False,20.20345515004798,20.46272046918493,-7.76929,110.3850272,-0.86,-7.7696723,110.3850262,-2.327
1788934986.9584148,42.53526845530378,42.53526845530378,0.0,False,False,20.20345515004797,20.462720469184934,-7.76929,110.3850272,-0.86,-7.7696723,110.3850262,-2.327
1788934987.1617293,42.53526845530378,42.53526845530378,0.0,False,False,20.203455150047972,20.462720469184934,-7.76929,110.3850272,-0.86,-7.7696723,110.3850262,-2.327
1788934987.3642607,42.53526845530378,42.53526845530378,0.0,False,False,20.203455150047972,20.46272046918493,-7.76929,110.3850272,-0.86,-7.7696723,110.3850262,-2.327
1788934987.5654743,42.53526845530378,42.53526845530378,0.0,False,False,20.203455150047972,20.462720469184934,-7.76929,110.3850272,-0.86,-7.7696723,110.3850262,-2.327
1788934987.7678225,42.53526845530378,42.53526845530378,0.0,False,False,20.203455150047972,20.462720469184937,-7.76929,110.3850272,-0.86,-7.7696723,110.3850262,-2.327
1788934987.9686167,42.53526845530378,42.53526845530378,0.0,False,False,20.203455150047972,20.462720469184934,-7.76929,110.3850272,-0.86,-7.7696723,110.3850262,-2.327
1788934988.1696496,42.53526845530378,42.53526845530378,0.0,False,False,20.203455150047976,20.46272046918493,-7.76929,110.3850272,-0.86,-7.7696723,110.3850262,-2.327
1788934988.3851142,42.53526845530378,42.53526845530378,0.0,False,False,20.203455150047972,20.462720469184934,-7.76929,110.3850272,-0.86,-7.7696723,110.3850262,-2.327
1788934988.5864928,42.53526845530378,42.53526845530378,0.0,False,False,20.20345515004797,20.46272046918493,-7.76929,110.3850272,-0.86,-7.7696723,110.3850262,-2.327
1788934988.78736,42.53526845530378,42.53526845530378,0.0,False,False,20.203455150047972,20.462720469184934,-7.76929,110.3850272,-0.86,-7.7696723,110.3850262,-2.327
1788934988.9910893,42.53526845530378,42.53526845530378,0.0,False,False,20.203455150047972,20.462720469184934,-7.76929,110.3850272,-0.86,-7.7696723,110.3850262,-2.327
1788934989.192363,42.53526845530378,42.53526845530378,0.0,False,False,20.203455150047972,20.462720469184937,-7.76929,110.3850272,-0.86,-7.7696723,110.3850262,-2.327
1788934989.394501,42.53526845530378,42.53526845530378,0.0,False,False,20.203455150047972,20.462720469184934,-7.76929,110.3850272,-0.86,-7.7696723,110.3850262,-2.327
1788934989.5972185,42.53526845530378,42.53526845530378,0.0,False,False,20.203455150047976,20.462720469184934,-7.76929,110.3850272,-0.86,-7.7696723,110.3850262,-2.327
1788934989.7990165,42.53526845530378,42.53526845530378,0.0,False,False,20.203455150047976,20.462720469184934,-7.76929,110.3850272,-0.86,-7.7696723,110.3850262,-2.327
1788934990.0010936,42.53526845530378,42.53526845530378,0.0,False,False,20.20345515004798,20.46272046918493,-7.76929,110.3850272,-0.86,-7.7696723,110.3850262,-2.327
1788934990.2028496,42.53526845530378,42.53526845530378,0.0,False,False,20.20345515004798,20.46272046918494,-7.76929,110.3850272,-0.86,-7.7696723,110.3850262,-2.327
1788934990.4183137,42.53526845530378,42.53526845530378,0.0,False,False,20.203455150047976,20.462720469184934,-7.76929,110.3850272,-0.86,-7.7696723,110.3850262,-2.327
1788934990.632067,42.53526845530378,42.53526845530378,0.0,False,False,20.203455150047976,20.46272046918493,-7.76929,110.3850272,-0.86,-7.7696723,110.3850262,-2.327
1788934990.835203,42.53526845530378,42.53526845530378,0.0,False,False,20.203455150047972,20.462720469184937,-7.76929,110.3850272,-0.86,-7.7696723,110.3850262,-2.327
1788934991.0381086,42.53526845530378,42.53526845530378,0.0,False,False,20.203455150047972,20.462720469184934,-7.76929,110.3850272,-0.86,-7.7696723,110.3850262,-2.327
1788934991.2398984,42.53526845530378,42.53526845530378,0.0,False,False,20.203455150047976,20.462720469184934,-7.76929,110.3850272,-0.86,-7.7696723,110.3850262,-2.327
1788934991.4412816,42.53526845530378,42.53526845530378,0.0,False,False,20.20345515004798,20.462720469184934,-7.76929,110.3850272,-0.86,-7.7696723,110.3850262,-2.327
1788934991.6449728,42.53526845530378,42.53526845530378,0.0,False,False,20.203455150047972,20.462720469184937,-7.76929,110.3850272,-0.86,-7.7696723,110.3850262,-2.327
1788934991.847462,42.53526845530378,42.53526845530378,0.0,False,False,20.203455150047976,20.46272046918493,-7.76929,110.3850272,-0.86,-7.7696723,110.3850262,-2.327
1788934992.047462,42.53526845530378,42.53526845530378,0.0,False,False,20.203455150047976,20.462720469184934,-7.76929,110.3850272,-0.86,-7.7696723,110.3850262,-2.327
1788934992.2474928,42.53526845530378,42.53526845530378,0.0,False,False,20.203455150047976,20.462720469184937,-7.76929,110.3850272,-0.86,-7.7696723,110.3850262,-2.327
1788934992.4622297,42.53526845530378,42.53526845530378,0.0,False,False,20.20345515004798,20.462720469184934,-7.76929,110.3850272,-0.86,-7.7696723,110.3850262,-2.327
1788934992.6640503,42.53526845530378,42.53526845530378,0.0,False,False,20.203455150047972,20.462720469184934,-7.76929,110.3850272,-0.86,-7.7696723,110.3850262,-2.327
1788934992.865487,42.53526845530378,42.53526845530378,0.0,False,False,20.203455150047972,20.462720469184934,-7.76929,110.3850272,-0.86,-7.7696723,110.3850262,-2.327
1788934993.0691078,42.53526845530378,42.53526845530378,0.0,False,False,20.20345515004798,20.46272046918493,-7.76929,110.3850272,-0.86,-7.7696723,110.3850262,-2.327
1788934993.2834737,42.53526845530378,42.53526845530378,0.0,False,False,20.203455150047972,20.46272046918493,-7.76929,110.3850272,-0.86,-7.7696723,110.3850262,-2.327
1788934993.4834838,42.53526845530378,42.53526845530378,0.0,False,False,20.203455150047976,20.46272046918493,-7.76929,110.3850272,-0.86,-7.7696723,110.3850262,-2.327
1788934993.6846428,42.53526845530378,42.53526845530378,0.0,False,False,20.203455150047976,20.46272046918493,-7.76929,110.3850272,-0.86,-7.7696723,110.3850262,-2.327
1788934993.887695,42.53526845530378,42.53526845530378,0.0,False,False,20.203455150047976,20.46272046918493,-7.76929,110.3850272,-0.86,-7.7696723,110.3850262,-2.327
1788934994.0897028,42.53526845530378,42.53526845530378,0.0,False,False,20.203455150047976,20.46272046918493,-7.76929,110.3850272,-0.86,-7.7696723,110.3850262,-2.327
1788934994.2922986,42.53526845530378,42.53526845530378,0.0,False,False,20.203455150047972,20.46272046918493,-7.76929,110.3850272,-0.86,-7.7696723,110.3850262,-2.327
1788934994.4934106,42.53526845530378,42.53526845530378,0.0,False,False,20.203455150047976,20.46272046918493,-7.76929,110.3850272,-0.86,-7.7696723,110.3850262,-2.327
1788934994.6983433,42.53526845530378,42.53526845530378,0.0,False,False,20.203455150047972,20.46272046918493,-7.76929,110.3850272,-0.86,-7.7696723,110.3850262,-2.327
1788934994.9040732,42.53526845530378,42.53526845530378,0.0,False,False,20.20345515004798,20.46272046918493,-7.76929,110.3850272,-0.86,-7.7696723,110.3850262,-2.327
1788934995.104796,42.53526845530378,42.53526845530378,0.0,False,False,20.20345515004798,20.46272046918493,-7.76929,110.3850272,-0.86,-7.7696723,110.3850262,-2.327
1788934995.3075492,42.53526845530378,42.53526845530378,0.0,False,False,20.203455150047976,20.46272046918493,-7.76929,110.3850272,-0.86,-7.7696723,110.3850262,-2.327
1788934995.5095558,42.53526845530378,42.53526845530378,0.0,False,False,20.203455150047976,20.46272046918493,-7.76929,110.3850272,-0.86,-7.7696723,110.3850262,-2.327
1788934995.7114255,42.53526845530378,42.53526845530378,0.0,False,False,20.203455150047976,20.46272046918493,-7.76929,110.3850272,-0.86,-7.7696723,110.3850262,-2.327
1788934995.9138105,42.53526845530378,42.53526845530378,0.0,False,False,20.203455150047976,20.46272046918493,-7.76929,110.3850272,-0.86,-7.7696723,110.3850262,-2.327
1788934996.116248,42.53526845530378,42.53526845530378,0.0,False,False,20.203455150047976,20.46272046918493,-7.76929,110.3850272,-0.86,-7.7696723,110.3850262,-2.327
1788934996.3177793,42.53526845530378,42.53526845530378,0.0,False,False,20.203455150047976,20.46272046918493,-7.76929,110.3850272,-0.86,-7.7696723,110.3850262,-2.327
1788934996.5203767,42.53526845530378,42.53526845530378,0.0,False,False,20.203455150047976,20.46272046918493,-7.76929,110.3850272,-0.86,-7.7696723,110.3850262,-2.327
1788934996.722293,42.53526845530378,42.53526845530378,0.0,False,False,20.203455150047976,20.46272046918493,-7.76929,110.3850272,-0.86,-7.7696723,110.3850262,-2.327
1788934996.9244316,42.53526845530378,42.53526845530378,0.0,False,False,20.203455150047976,20.46272046918493,-7.76929,110.3850272,-0.86,-7.7696723,110.3850262,-2.327
1788934997.129253,42.53526845530378,42.53526845530378,0.0,False,False,20.203455150047976,20.46272046918493,-7.76929,110.3850272,-0.86,-7.7696723,110.3850262,-2.327
1788934997.331298,42.53526845530378,42.53526845530378,0.0,False,False,20.203455150047976,20.46272046918493,-7.76929,110.3850272,-0.86,-7.7696723,110.3850262,-2.327
1788934997.5340178,42.53526845530378,42.53526845530378,0.0,False,False,20.203455150047976,20.46272046918493,-7.76929,110.3850272,-0.86,-7.7696723,110.3850262,-2.327
1788934997.737439,42.53526845530378,42.53526845530378,0.0,False,False,20.203455150047976,20.46272046918493,-7.76929,110.3850272,-0.86,-7.7696723,110.3850262,-2.327
1788934997.939288,42.53526845530378,42.53526845530378,0.0,False,False,20.203455150047976,20.46272046918493,-7.76929,110.3850272,-0.86,-7.7696723,110.3850262,-2.327
1788934998.140345,42.53526845530378,42.53526845530378,0.0,False,False,20.203455150047976,20.46272046918493,-7.76929,110.3850272,-0.86,-7.7696723,110.3850262,-2.327
1788934998.341539,42.53526845530378,42.53526845530378,0.0,False,False,20.203455150047976,20.46272046918493,-7.76929,110.3850272,-0.86,-7.7696723,110.3850262,-2.327
1788934998.5428703,42.53526845530378,42.53526845530378,0.0,False,False,20.203455150047976,20.46272046918493,-7.76929,110.3850272,-0.86,-7.7696723,110.3850262,-2.327
1788934998.745445,42.53526845530378,42.53526845530378,0.0,False,False,20.203455150047976,20.46272046918493,-7.76929,110.3850272,-0.86,-7.7696723,110.3850262,-2.327
1788934998.9468837,42.53526845530378,42.53526845530378,0.0,False,False,20.203455150047976,20.46272046918493,-7.76929,110.3850272,-0.86,-7.7696723,110.3850262,-2.327
1788934999.1613922,42.53526845530378,42.53526845530378,0.0,False,False,20.203455150047976,20.46272046918493,-7.76929,110.3850272,-0.86,-7.7696723,110.3850262,-2.327
1788934999.3757915,42.53526845530378,42.53526845530378,0.0,False,False,20.203455150047976,20.46272046918493,-7.76929,110.3850272,-0.86,-7.7696723,110.3850262,-2.327
1788934999.579167,42.53526845530378,42.53526845530378,0.0,False,False,20.203455150047976,20.46272046918493,-7.76929,110.3850272,-0.86,-7.7696723,110.3850262,-2.327
1788934999.7816432,42.53526845530378,42.53526845530378,0.0,False,False,20.203455150047976,20.46272046918493,-7.76929,110.3850272,-0.86,-7.7696723,110.3850262,-2.327
1788934999.9832647,42.53526845530378,42.53526845530378,0.0,False,False,20.203455150047976,20.46272046918493,-7.76929,110.3850272,-0.86,-7.7696723,110.3850262,-2.327
1788935000.183942,42.53526845530378,42.53526845530378,0.0,False,False,20.203455150047976,20.46272046918493,-7.76929,110.3850272,-0.86,-7.7696723,110.3850262,-2.327
1788935000.3871064,42.53526845530378,42.53526845530378,0.0,False,False,20.203455150047976,20.46272046918493,-7.76929,110.3850272,-0.86,-7.7696723,110.3850262,-2.327
1788935000.5910423,42.53530295607122,42.53530295607122,0.0,False,False,20.203455150047976,20.462931950236257,-7.76929,110.3850272,-0.86,-7.7696723,110.3850262,-2.328
1788935000.7911284,42.53530295607122,42.53530295607122,0.0,False,False,20.203455150047976,20.462931950236257,-7.76929,110.3850272,-0.86,-7.7696723,110.3850262,-2.328
1788935000.993306,42.53530295607122,42.53530295607122,0.0,False,False,20.203455150047976,20.462931950236257,-7.76929,110.3850272,-0.86,-7.7696723,110.3850262,-2.328
1788935001.1940064,42.53530295607122,42.53530295607122,0.0,False,False,20.203455150047976,20.462931950236257,-7.76929,110.3850272,-0.86,-7.7696723,110.3850262,-2.328
1788935001.396284,42.53530295607122,42.53530295607122,0.0,False,False,20.203455150047976,20.462931950236257,-7.76929,110.3850272,-0.86,-7.7696723,110.3850262,-2.328
1788935001.5990298,42.53530295607122,42.53530295607122,0.0,False,False,20.203455150047976,20.462931950236257,-7.76929,110.3850272,-0.86,-7.7696723,110.3850262,-2.328
1788935001.8013065,42.53526845530378,42.53526845530378,0.0,False,False,20.203455150047976,20.46272046918493,-7.76929,110.3850272,-0.86,-7.7696723,110.3850262,-2.327
1788935002.0012379,42.53526845530378,42.53526845530378,0.0,False,False,20.203455150047976,20.46272046918493,-7.76929,110.3850272,-0.86,-7.7696723,110.3850262,-2.327
1788935002.2142236,42.53526845530378,42.53526845530378,0.0,False,False,20.203455150047976,20.46272046918493,-7.76929,110.3850272,-0.86,-7.7696723,110.3850262,-2.327
1788935002.4149888,42.53526845530378,42.53526845530378,0.0,False,False,20.203455150047976,20.46272046918493,-7.76929,110.3850272,-0.86,-7.7696723,110.3850262,-2.327
1788935002.61715,42.53526845530378,42.53526845530378,0.0,False,False,20.203455150047976,20.46272046918493,-7.76929,110.3850272,-0.86,-7.7696723,110.3850262,-2.327
1788935002.8198965,42.53526845530378,42.53526845530378,0.0,False,False,20.203455150047976,20.46272046918493,-7.76929,110.3850272,-0.86,-7.7696723,110.3850262,-2.327
1788935003.0220256,42.53526845530378,42.53526845530378,0.0,False,False,20.203455150047976,20.46272046918493,-7.76929,110.3850272,-0.86,-7.7696723,110.3850262,-2.327
1788935003.2236013,42.53526845530378,42.53526845530378,0.0,False,False,20.203455150047976,20.46272046918493,-7.76929,110.3850272,-0.86,-7.7696723,110.3850262,-2.327
1788935003.4277067,42.53526845530378,42.53526845530378,0.0,False,False,20.203455150047976,20.46272046918493,-7.76929,110.3850272,-0.86,-7.7696723,110.3850262,-2.327
1788935003.6303494,42.53526845530378,42.53526845530378,0.0,False,False,20.203455150047976,20.46272046918493,-7.76929,110.3850272,-0.86,-7.7696723,110.3850262,-2.327
1788935003.8451855,42.53526845530378,42.53526845530378,0.0,False,False,20.203455150047976,20.46272046918493,-7.76929,110.3850272,-0.86,-7.7696723,110.3850262,-2.327
1788935004.047802,42.53526845530378,42.53526845530378,0.0,False,False,20.203455150047976,20.46272046918493,-7.76929,110.3850272,-0.86,-7.7696723,110.3850262,-2.327
1788935004.2528036,42.53526845530378,42.53526845530378,0.0,False,False,20.203455150047976,20.46272046918493,-7.76929,110.3850272,-0.86,-7.7696723,110.3850262,-2.327
1788935004.453266,42.53526845530378,42.53526845530378,0.0,False,False,20.203455150047976,20.46272046918493,-7.76929,110.3850272,-0.86,-7.7696723,110.3850262,-2.327
1788935004.6558523,42.53526845530378,42.53526845530378,0.0,False,False,20.203455150047976,20.46272046918493,-7.76929,110.3850272,-0.86,-7.7696723,110.3850262,-2.327
1788935004.8595397,42.53526845530378,42.53526845530378,0.0,False,False,20.203455150047976,20.46272046918493,-7.76929,110.3850272,-0.86,-7.7696723,110.3850262,-2.327
1788935005.0597746,42.53526845530378,42.53526845530378,0.0,False,False,20.203455150047976,20.46272046918493,-7.76929,110.3850272,-0.86,-7.7696723,110.3850262,-2.327
1788935005.274067,42.53526845530378,42.53526845530378,0.0,False,False,20.203455150047976,20.46272046918493,-7.76929,110.3850272,-0.86,-7.7696723,110.3850262,-2.327
1788935005.47582,42.53526845530378,42.53526845530378,0.0,False,False,20.203455150047976,20.46272046918493,-7.76929,110.3850272,-0.86,-7.7696723,110.3850262,-2.327
1788935005.678373,42.53526845530378,42.53526845530378,0.0,False,False,20.203455150047976,20.46272046918493,-7.76929,110.3850272,-0.86,-7.7696723,110.3850262,-2.327
1788935005.8824892,42.53526845530378,42.53526845530378,0.0,False,False,20.203455150047976,20.46272046918493,-7.76929,110.3850272,-0.86,-7.7696723,110.3850262,-2.327
1788935006.0860906,42.53526845530378,42.53526845530378,0.0,False,False,20.203455150047976,20.46272046918493,-7.76929,110.3850272,-0.86,-7.7696723,110.3850262,-2.327
1788935006.2878726,42.53526845530378,42.53526845530378,0.0,False,False,20.203455150047976,20.46272046918493,-7.76929,110.3850272,-0.86,-7.7696723,110.3850262,-2.327
1788935006.490171,42.53526845530378,42.53526845530378,0.0,False,False,20.203455150047976,20.46272046918493,-7.76929,110.3850272,-0.86,-7.7696723,110.3850262,-2.327
1788935006.692856,42.53526845530378,42.53526845530378,0.0,False,False,20.203455150047976,20.46272046918493,-7.76929,110.3850272,-0.86,-7.7696723,110.3850262,-2.327
1788935006.8937275,42.53526845530378,42.53526845530378,0.0,False,False,20.203455150047976,20.46272046918493,-7.76929,110.3850272,-0.86,-7.7696723,110.3850262,-2.327
1788935007.0952988,42.53526845530378,42.53526845530378,0.0,False,False,20.203455150047976,20.46272046918493,-7.76929,110.3850272,-0.86,-7.7696723,110.3850262,-2.327
1788935007.2985165,42.53526845530378,42.53526845530378,0.0,False,False,20.203455150047976,20.46272046918493,-7.76929,110.3850272,-0.86,-7.7696723,110.3850262,-2.327
1788935007.5010219,42.53526845530378,42.53526845530378,0.0,False,False,20.203455150047976,20.46272046918493,-7.76929,110.3850272,-0.86,-7.7696723,110.3850262,-2.327
1788935007.7159235,42.53526845530378,42.53526845530378,0.0,False,False,20.203455150047976,20.46272046918493,-7.76929,110.3850272,-0.86,-7.7696723,110.3850262,-2.327
1788935007.917661,42.53526845530378,42.53526845530378,0.0,False,False,20.203455150047976,20.46272046918493,-7.76929,110.3850272,-0.86,-7.7696723,110.3850262,-2.327
1788935008.1210384,42.53526845530378,42.53526845530378,0.0,False,False,20.203455150047976,20.46272046918493,-7.76929,110.3850272,-0.86,-7.7696723,110.3850262,-2.327
1788935008.3220997,42.53526845530378,42.53526845530378,0.0,False,False,20.203455150047976,20.46272046918493,-7.76929,110.3850272,-0.86,-7.7696723,110.3850262,-2.327
1788935008.5254824,42.53526845530378,42.53526845530378,0.0,False,False,20.203455150047976,20.46272046918493,-7.76929,110.3850272,-0.86,-7.7696723,110.3850262,-2.327
1788935008.727507,42.53526845530378,42.53526845530378,0.0,False,False,20.203455150047976,20.46272046918493,-7.76929,110.3850272,-0.86,-7.7696723,110.3850262,-2.327
1788935008.9424157,42.53526845530378,42.53526845530378,0.0,False,False,20.203455150047976,20.46272046918493,-7.76929,110.3850272,-0.86,-7.7696723,110.3850262,-2.327
1788935009.1456327,42.53526845530378,42.53526845530378,0.0,False,False,20.203455150047976,20.46272046918493,-7.76929,110.3850272,-0.86,-7.7696723,110.3850262,-2.327
1788935009.350196,42.53526845530378,42.53526845530378,0.0,False,False,20.203455150047976,20.46272046918493,-7.76929,110.3850272,-0.86,-7.7696723,110.3850262,-2.327
1788935009.5507402,42.53526845530378,42.53526845530378,0.0,False,False,20.203455150047976,20.46272046918493,-7.76929,110.3850272,-0.86,-7.7696723,110.3850262,-2.327
1788935009.750689,42.53526845530378,42.53526845530378,0.0,False,False,20.203455150047976,20.46272046918493,-7.76929,110.3850272,-0.86,-7.7696723,110.3850262,-2.327
1788935009.9513147,42.53526845530378,42.53526845530378,0.0,False,False,20.203455150047976,20.46272046918493,-7.76929,110.3850272,-0.86,-7.7696723,110.3850262,-2.327
1788935010.1530678,42.53526845530378,42.53526845530378,0.0,False,False,20.203455150047976,20.46272046918493,-7.76929,110.3850272,-0.86,-7.7696723,110.3850262,-2.327
1788935010.3568053,42.53526845530378,42.53526845530378,0.0,False,False,20.203455150047976,20.46272046918493,-7.76929,110.3850272,-0.86,-7.7696723,110.3850262,-2.327
1788935010.5570638,42.53526845530378,42.53526845530378,0.0,False,False,20.203455150047976,20.46272046918493,-7.76929,110.3850272,-0.86,-7.7696723,110.3850262,-2.327
1788935010.760212,42.53526845530378,42.53526845530378,0.0,False,False,20.203455150047976,20.46272046918493,-7.76929,110.3850272,-0.86,-7.7696723,110.3850262,-2.327
1788935010.962221,42.53526845530378,42.53526845530378,0.0,False,False,20.203455150047976,20.46272046918493,-7.76929,110.3850272,-0.86,-7.7696723,110.3850262,-2.327
1788935011.1646144,42.53526845530378,42.53526845530378,0.0,False,False,20.203455150047976,20.46272046918493,-7.76929,110.3850272,-0.86,-7.7696723,110.3850262,-2.327
1788935011.3673697,42.53526845530378,42.53526845530378,0.0,False,False,20.203455150047976,20.46272046918493,-7.76929,110.3850272,-0.86,-7.7696723,110.3850262,-2.327
1788935011.5689175,42.53526845530378,42.53526845530378,0.0,False,False,20.203455150047976,20.46272046918493,-7.76929,110.3850272,-0.86,-7.7696723,110.3850262,-2.327
1788935011.7705526,42.53526845530378,42.53526845530378,0.0,False,False,20.203455150047976,20.46272046918493,-7.76929,110.3850272,-0.86,-7.7696723,110.3850262,-2.327
1788935011.972443,42.53526845530378,42.53526845530378,0.0,False,False,20.203455150047976,20.46272046918493,-7.76929,110.3850272,-0.86,-7.7696723,110.3850262,-2.327
1788935012.175151,42.53526845530378,42.53526845530378,0.0,False,False,20.203455150047976,20.46272046918493,-7.76929,110.3850272,-0.86,-7.7696723,110.3850262,-2.327
1788935012.3751616,42.53526845530378,42.53526845530378,0.0,False,False,20.203455150047976,20.46272046918493,-7.76929,110.3850272,-0.86,-7.7696723,110.3850262,-2.327
1788935012.5781276,42.53526845530378,42.53526845530378,0.0,False,False,20.203455150047976,20.46272046918493,-7.76929,110.3850272,-0.86,-7.7696723,110.3850262,-2.327
1788935012.7807226,42.53526845530378,42.53526845530378,0.0,False,False,20.203455150047976,20.46272046918493,-7.76929,110.3850272,-0.86,-7.7696723,110.3850262,-2.327
1788935012.9821842,42.53526845530378,42.53526845530378,0.0,False,False,20.203455150047976,20.46272046918493,-7.76929,110.3850272,-0.86,-7.7696723,110.3850262,-2.327
1788935013.1828406,42.53526845530378,42.53526845530378,0.0,False,False,20.203455150047976,20.46272046918493,-7.76929,110.3850272,-0.86,-7.7696723,110.3850262,-2.327
1788935013.3846052,42.53526845530378,42.53526845530378,0.0,False,False,20.203455150047976,20.46272046918493,-7.76929,110.3850272,-0.86,-7.7696723,110.3850262,-2.327
1788935013.5874767,42.53530295607122,42.53530295607122,0.0,False,False,20.203313614355444,20.46272046918493,-7.76929,110.3850272,-0.859,-7.7696723,110.3850262,-2.327
1788935013.7880182,42.53530295607122,42.53530295607122,0.0,False,False,20.203313614355444,20.46272046918493,-7.76929,110.3850272,-0.859,-7.7696723,110.3850262,-2.327
1788935013.990022,42.53530295607122,42.53530295607122,0.0,False,False,20.203313614355444,20.46272046918493,-7.76929,110.3850272,-0.859,-7.7696723,110.3850262,-2.327
1788935014.1910923,42.53530295607122,42.53530295607122,0.0,False,False,20.203313614355444,20.46272046918493,-7.76929,110.3850272,-0.859,-7.7696723,110.3850262,-2.327
1788935014.4055839,42.53530295607122,42.53530295607122,0.0,False,False,20.203313614355444,20.46272046918493,-7.76929,110.3850272,-0.859,-7.7696723,110.3850262,-2.327
1788935014.6077683,42.53530295607122,42.53530295607122,0.0,False,False,20.203313614355444,20.46272046918493,-7.76929,110.3850272,-0.859,-7.7696723,110.3850262,-2.327
1788935014.8087885,42.53530295607122,42.53530295607122,0.0,False,False,20.203313614355444,20.46272046918493,-7.76929,110.3850272,-0.859,-7.7696723,110.3850262,-2.327
1788935015.0231247,42.53530295607122,42.53530295607122,0.0,False,False,20.203313614355444,20.46272046918493,-7.76929,110.3850272,-0.859,-7.7696723,110.3850262,-2.327
1788935015.228118,42.53530295607122,42.53530295607122,0.0,False,False,20.203313614355444,20.46272046918493,-7.76929,110.3850272,-0.859,-7.7696723,110.3850262,-2.327
1788935015.4427016,42.53530295607122,42.53530295607122,0.0,False,False,20.203313614355444,20.46272046918493,-7.76929,110.3850272,-0.859,-7.7696723,110.3850262,-2.327
1788935015.6429174,42.53530295607122,42.53530295607122,0.0,False,False,20.203313614355444,20.46272046918493,-7.76929,110.3850272,-0.859,-7.7696723,110.3850262,-2.327
1788935015.8446436,42.53530295607122,42.53530295607122,0.0,False,False,20.203313614355444,20.46272046918493,-7.76929,110.3850272,-0.859,-7.7696723,110.3850262,-2.327
1788935016.0480597,42.53530295607122,42.53530295607122,0.0,False,False,20.203313614355444,20.46272046918493,-7.76929,110.3850272,-0.859,-7.7696723,110.3850262,-2.327
1788935016.2483664,42.53530295607122,42.53530295607122,0.0,False,False,20.203313614355444,20.46272046918493,-7.76929,110.3850272,-0.859,-7.7696723,110.3850262,-2.327
1788935016.4517345,42.53530295607122,42.53530295607122,0.0,False,False,20.203313614355444,20.46272046918493,-7.76929,110.3850272,-0.859,-7.7696723,110.3850262,-2.327
1788935016.6551125,42.53530295607122,42.53530295607122,0.0,False,False,20.203313614355444,20.46272046918493,-7.76929,110.3850272,-0.859,-7.7696723,110.3850262,-2.327
1788935016.8692446,42.53530295607122,42.53530295607122,0.0,False,False,20.203313614355444,20.46272046918493,-7.76929,110.3850272,-0.859,-7.7696723,110.3850262,-2.327
1788935017.0731814,42.53530295607122,42.53530295607122,0.0,False,False,20.203313614355444,20.46272046918493,-7.76929,110.3850272,-0.859,-7.7696723,110.3850262,-2.327
1788935017.2748382,42.53530295607122,42.53530295607122,0.0,False,False,20.203313614355444,20.46272046918493,-7.76929,110.3850272,-0.859,-7.7696723,110.3850262,-2.327
1788935017.4771583,42.53530295607122,42.53530295607122,0.0,False,False,20.203313614355444,20.46272046918493,-7.76929,110.3850272,-0.859,-7.7696723,110.3850262,-2.327
1788935017.6793334,42.53530295607122,42.53530295607122,0.0,False,False,20.203313614355444,20.46272046918493,-7.76929,110.3850272,-0.859,-7.7696723,110.3850262,-2.327
1788935017.8813858,42.53530295607122,42.53530295607122,0.0,False,False,20.203313614355444,20.46272046918493,-7.76929,110.3850272,-0.859,-7.7696723,110.3850262,-2.327
1788935018.0820014,42.53530295607122,42.53530295607122,0.0,False,False,20.203313614355444,20.46272046918493,-7.76929,110.3850272,-0.859,-7.7696723,110.3850262,-2.327
1788935018.2826595,42.53530295607122,42.53530295607122,0.0,False,False,20.203313614355444,20.46272046918493,-7.76929,110.3850272,-0.859,-7.7696723,110.3850262,-2.327
1788935018.4835691,42.53530295607122,42.53530295607122,0.0,False,False,20.203313614355444,20.46272046918493,-7.76929,110.3850272,-0.859,-7.7696723,110.3850262,-2.327
1788935018.6840277,42.53530295607122,42.53530295607122,0.0,False,False,20.203313614355444,20.46272046918493,-7.76929,110.3850272,-0.859,-7.7696723,110.3850262,-2.327
1788935018.8861468,42.53530295607122,42.53530295607122,0.0,False,False,20.203313614355444,20.46272046918493,-7.76929,110.3850272,-0.859,-7.7696723,110.3850262,-2.327
1788935019.095111,42.53530295607122,42.53530295607122,0.0,False,False,20.203313614355444,20.46272046918493,-7.76929,110.3850272,-0.859,-7.7696723,110.3850262,-2.327
1788935019.2961345,42.53530295607122,42.53530295607122,0.0,False,False,20.203313614355444,20.46272046918493,-7.76929,110.3850272,-0.859,-7.7696723,110.3850262,-2.327
1788935019.498486,42.53530295607122,42.53530295607122,0.0,False,False,20.203313614355444,20.46272046918493,-7.76929,110.3850272,-0.859,-7.7696723,110.3850262,-2.327
1788935019.699386,42.53530295607122,42.53530295607122,0.0,False,False,20.203313614355444,20.46272046918493,-7.76929,110.3850272,-0.859,-7.7696723,110.3850262,-2.327
1788935019.900587,42.53530295607122,42.53530295607122,0.0,False,False,20.203313614355444,20.46272046918493,-7.76929,110.3850272,-0.859,-7.7696723,110.3850262,-2.327
1788935020.1024835,42.53530295607122,42.53530295607122,0.0,False,False,20.203313614355444,20.46272046918493,-7.76929,110.3850272,-0.859,-7.7696723,110.3850262,-2.327
1788935020.304655,42.53530295607122,42.53530295607122,0.0,False,False,20.203313614355444,20.46272046918493,-7.76929,110.3850272,-0.859,-7.7696723,110.3850262,-2.327
1788935020.5060768,42.53530295607122,42.53530295607122,0.0,False,False,20.203313614355444,20.46272046918493,-7.76929,110.3850272,-0.859,-7.7696723,110.3850262,-2.327
1788935020.7089622,42.53530295607122,42.53530295607122,0.0,False,False,20.203313614355444,20.46272046918493,-7.76929,110.3850272,-0.859,-7.7696723,110.3850262,-2.327
1788935020.910416,42.53530295607122,42.53530295607122,0.0,False,False,20.203313614355444,20.46272046918493,-7.76929,110.3850272,-0.859,-7.7696723,110.3850262,-2.327
1788935021.1133454,42.53530295607122,42.53530295607122,0.0,False,False,20.203313614355444,20.46272046918493,-7.76929,110.3850272,-0.859,-7.7696723,110.3850262,-2.327
1788935021.314929,42.53530295607122,42.53530295607122,0.0,False,False,20.203313614355444,20.46272046918493,-7.76929,110.3850272,-0.859,-7.7696723,110.3850262,-2.327
1788935021.519232,42.53530295607122,42.53530295607122,0.0,False,False,20.203313614355444,20.46272046918493,-7.76929,110.3850272,-0.859,-7.7696723,110.3850262,-2.327
1788935021.720558,42.53530295607122,42.53530295607122,0.0,False,False,20.203313614355444,20.46272046918493,-7.76929,110.3850272,-0.859,-7.7696723,110.3850262,-2.327
1788935021.9216797,42.53530295607122,42.53530295607122,0.0,False,False,20.203313614355444,20.46272046918493,-7.76929,110.3850272,-0.859,-7.7696723,110.3850262,-2.327
1788935022.1223211,42.53530295607122,42.53530295607122,0.0,False,False,20.203313614355444,20.46272046918493,-7.76929,110.3850272,-0.859,-7.7696723,110.3850262,-2.327
1788935022.3233607,42.53530295607122,42.53530295607122,0.0,False,False,20.203313614355444,20.46272046918493,-7.76929,110.3850272,-0.859,-7.7696723,110.3850262,-2.327
1788935022.5255966,42.53530295607122,42.53530295607122,0.0,False,False,20.203313614355444,20.46272046918493,-7.76929,110.3850272,-0.859,-7.7696723,110.3850262,-2.327
1788935022.72635,42.53530295607122,42.53530295607122,0.0,False,False,20.203313614355444,20.46272046918493,-7.76929,110.3850272,-0.859,-7.7696723,110.3850262,-2.327
1788935022.9269793,42.53530295607122,42.53530295607122,0.0,False,False,20.203313614355444,20.46272046918493,-7.76929,110.3850272,-0.859,-7.7696723,110.3850262,-2.327
1788935023.1282744,42.53530295607122,42.53530295607122,0.0,False,False,20.203313614355444,20.46272046918493,-7.76929,110.3850272,-0.859,-7.7696723,110.3850262,-2.327
1788935023.3310034,42.53530295607122,42.53530295607122,0.0,False,False,20.203313614355444,20.46272046918493,-7.76929,110.3850272,-0.859,-7.7696723,110.3850262,-2.327
1788935023.5338728,42.53530295607122,42.53530295607122,0.0,False,False,20.203313614355444,20.46272046918493,-7.76929,110.3850272,-0.859,-7.7696723,110.3850262,-2.327
1788935023.7376077,42.53530295607122,42.53530295607122,0.0,False,False,20.203313614355444,20.46272046918493,-7.76929,110.3850272,-0.859,-7.7696723,110.3850262,-2.327
1788935023.9387143,42.53530295607122,42.53530295607122,0.0,False,False,20.203313614355444,20.46272046918493,-7.76929,110.3850272,-0.859,-7.7696723,110.3850262,-2.327
1788935024.1394393,42.53530295607122,42.53530295607122,0.0,False,False,20.203313614355444,20.46272046918493,-7.76929,110.3850272,-0.859,-7.7696723,110.3850262,-2.327
1788935024.3403456,42.53530295607122,42.53530295607122,0.0,False,False,20.203313614355444,20.46272046918493,-7.76929,110.3850272,-0.859,-7.7696723,110.3850262,-2.327
1788935024.541426,42.53530295607122,42.53530295607122,0.0,False,False,20.203313614355444,20.46272046918493,-7.76929,110.3850272,-0.859,-7.7696723,110.3850262,-2.327
1788935024.7423725,42.53530295607122,42.53530295607122,0.0,False,False,20.203313614355444,20.46272046918493,-7.76929,110.3850272,-0.859,-7.7696723,110.3850262,-2.327
1788935024.9439597,42.53530295607122,42.53530295607122,0.0,False,False,20.203313614355444,20.46272046918493,-7.76929,110.3850272,-0.859,-7.7696723,110.3850262,-2.327
1788935025.1466534,42.53530295607122,42.53530295607122,0.0,False,False,20.203313614355444,20.46272046918493,-7.76929,110.3850272,-0.859,-7.7696723,110.3850262,-2.327
1788935025.3486602,42.53526845530378,42.53526845530378,0.0,False,False,20.203313614355444,20.462509034817796,-7.76929,110.3850272,-0.859,-7.7696723,110.3850262,-2.326
1788935025.548658,42.53526845530378,42.53526845530378,0.0,False,False,20.203313614355444,20.462509034817796,-7.76929,110.3850272,-0.859,-7.7696723,110.3850262,-2.326
1788935025.7504902,42.53526845530378,42.53526845530378,0.0,False,False,20.203313614355444,20.462509034817796,-7.76929,110.3850272,-0.859,-7.7696723,110.3850262,-2.326
1788935025.9548726,42.53526845530378,42.53526845530378,0.0,False,False,20.203313614355444,20.462509034817796,-7.76929,110.3850272,-0.859,-7.7696723,110.3850262,-2.326
1788935026.1656966,42.53526845530378,42.53526845530378,0.0,False,False,20.203313614355444,20.462509034817796,-7.76929,110.3850272,-0.859,-7.7696723,110.3850262,-2.326
1788935026.368968,42.53526845530378,42.53526845530378,0.0,False,False,20.203313614355444,20.462509034817796,-7.76929,110.3850272,-0.859,-7.7696723,110.3850262,-2.326
1788935026.5839376,42.53530295607122,42.53530295607122,0.0,False,False,20.203313614355444,20.46272046918493,-7.76929,110.3850272,-0.859,-7.7696723,110.3850262,-2.327
1788935026.7982657,42.53530295607122,42.53530295607122,0.0,False,False,20.203313614355444,20.46272046918493,-7.76929,110.3850272,-0.859,-7.7696723,110.3850262,-2.327
1788935027.0012865,42.53530295607122,42.53530295607122,0.0,False,False,20.203313614355444,20.46272046918493,-7.76929,110.3850272,-0.859,-7.7696723,110.3850262,-2.327
1788935027.2036765,42.53530295607122,42.53530295607122,0.0,False,False,20.203313614355444,20.46272046918493,-7.76929,110.3850272,-0.859,-7.7696723,110.3850262,-2.327
1788935027.4051473,42.53530295607122,42.53530295607122,0.0,False,False,20.203313614355444,20.46272046918493,-7.76929,110.3850272,-0.859,-7.7696723,110.3850262,-2.327
1788935027.6070018,42.53530295607122,42.53530295607122,0.0,False,False,20.203313614355444,20.46272046918493,-7.76929,110.3850272,-0.859,-7.7696723,110.3850262,-2.327
1788935027.8095717,42.53530295607122,42.53530295607122,0.0,False,False,20.203313614355444,20.46272046918493,-7.76929,110.3850272,-0.859,-7.7696723,110.3850262,-2.327
1788935028.0120087,42.53530295607122,42.53530295607122,0.0,False,False,20.203313614355444,20.46272046918493,-7.76929,110.3850272,-0.859,-7.7696723,110.3850262,-2.327
1788935028.2199633,42.53530295607122,42.53530295607122,0.0,False,False,20.203313614355444,20.46272046918493,-7.76929,110.3850272,-0.859,-7.7696723,110.3850262,-2.327
1788935028.4211986,42.53530295607122,42.53530295607122,0.0,False,False,20.203313614355444,20.46272046918493,-7.76929,110.3850272,-0.859,-7.7696723,110.3850262,-2.327
1788935028.62185,42.53530295607122,42.53530295607122,0.0,False,False,20.203313614355444,20.46272046918493,-7.76929,110.3850272,-0.859,-7.7696723,110.3850262,-2.327
1788935028.8221927,42.53530295607122,42.53530295607122,0.0,False,False,20.203313614355444,20.46272046918493,-7.76929,110.3850272,-0.859,-7.7696723,110.3850262,-2.327
1788935029.0227642,42.53530295607122,42.53530295607122,0.0,False,False,20.203313614355444,20.46272046918493,-7.76929,110.3850272,-0.859,-7.7696723,110.3850262,-2.327
1788935029.2230778,42.53530295607122,42.53530295607122,0.0,False,False,20.203313614355444,20.46272046918493,-7.76929,110.3850272,-0.859,-7.7696723,110.3850262,-2.327
1788935029.425028,42.53530295607122,42.53530295607122,0.0,False,False,20.203313614355444,20.46272046918493,-7.76929,110.3850272,-0.859,-7.7696723,110.3850262,-2.327
1788935029.6264138,42.53530295607122,42.53530295607122,0.0,False,False,20.203313614355444,20.46272046918493,-7.76929,110.3850272,-0.859,-7.7696723,110.3850262,-2.327
1788935029.8370967,42.53526845530378,42.53526845530378,0.0,False,False,20.203455150047976,20.46272046918493,-7.76929,110.3850272,-0.86,-7.7696723,110.3850262,-2.327
1788935030.0382028,42.53526845530378,42.53526845530378,0.0,False,False,20.203455150047976,20.46272046918493,-7.76929,110.3850272,-0.86,-7.7696723,110.3850262,-2.327
1788935030.2388887,42.53526845530378,42.53526845530378,0.0,False,False,20.203455150047976,20.46272046918493,-7.76929,110.3850272,-0.86,-7.7696723,110.3850262,-2.327
1788935030.4530053,42.53526845530378,42.53526845530378,0.0,False,False,20.203455150047976,20.46272046918493,-7.76929,110.3850272,-0.86,-7.7696723,110.3850262,-2.327
1788935030.6530976,42.53526845530378,42.53526845530378,0.0,False,False,20.203455150047976,20.46272046918493,-7.76929,110.3850272,-0.86,-7.7696723,110.3850262,-2.327
1788935030.8561769,42.53526845530378,42.53526845530378,0.0,False,False,20.203455150047976,20.46272046918493,-7.76929,110.3850272,-0.86,-7.7696723,110.3850262,-2.327
1788935031.0589368,42.53526845530378,42.53526845530378,0.0,False,False,20.203455150047976,20.46272046918493,-7.76929,110.3850272,-0.86,-7.7696723,110.3850262,-2.327
1788935031.2600353,42.53526845530378,42.53526845530378,0.0,False,False,20.203455150047976,20.46272046918493,-7.76929,110.3850272,-0.86,-7.7696723,110.3850262,-2.327
1788935031.4611204,42.53526845530378,42.53526845530378,0.0,False,False,20.203455150047976,20.46272046918493,-7.76929,110.3850272,-0.86,-7.7696723,110.3850262,-2.327
1788935031.662444,42.53526845530378,42.53526845530378,0.0,False,False,20.203455150047976,20.46272046918493,-7.76929,110.3850272,-0.86,-7.7696723,110.3850262,-2.327
1788935031.8771448,42.53526845530378,42.53526845530378,0.0,False,False,20.203455150047976,20.46272046918493,-7.76929,110.3850272,-0.86,-7.7696723,110.3850262,-2.327
1788935032.0779352,42.53526845530378,42.53526845530378,0.0,False,False,20.203455150047976,20.46272046918493,-7.76929,110.3850272,-0.86,-7.7696723,110.3850262,-2.327
1788935032.2930844,42.53526845530378,42.53526845530378,0.0,False,False,20.203455150047976,20.46272046918493,-7.76929,110.3850272,-0.86,-7.7696723,110.3850262,-2.327
1788935032.4931402,42.53526845530378,42.53526845530378,0.0,False,False,20.203455150047976,20.46272046918493,-7.76929,110.3850272,-0.86,-7.7696723,110.3850262,-2.327
1788935032.6969628,42.53526845530378,42.53526845530378,0.0,False,False,20.203455150047976,20.46272046918493,-7.76929,110.3850272,-0.86,-7.7696723,110.3850262,-2.327
1788935032.8971205,42.53526845530378,42.53526845530378,0.0,False,False,20.203455150047976,20.46272046918493,-7.76929,110.3850272,-0.86,-7.7696723,110.3850262,-2.327
1788935033.100006,42.53526845530378,42.53526845530378,0.0,False,False,20.203455150047976,20.46272046918493,-7.76929,110.3850272,-0.86,-7.7696723,110.3850262,-2.327
1788935033.3124034,42.53526845530378,42.53526845530378,0.0,False,False,20.203455150047976,20.46272046918493,-7.76929,110.3850272,-0.86,-7.7696723,110.3850262,-2.327
1788935033.5137885,42.53526845530378,42.53526845530378,0.0,False,False,20.203455150047976,20.46272046918493,-7.76929,110.3850272,-0.86,-7.7696723,110.3850262,-2.327
1788935033.714131,42.53526845530378,42.53526845530378,0.0,False,False,20.203455150047976,20.46272046918493,-7.76929,110.3850272,-0.86,-7.7696723,110.3850262,-2.327
1788935033.9155672,42.53526845530378,42.53526845530378,0.0,False,False,20.203455150047976,20.46272046918493,-7.76929,110.3850272,-0.86,-7.7696723,110.3850262,-2.327
1788935034.1274924,42.53526845530378,42.53526845530378,0.0,False,False,20.203455150047976,20.46272046918493,-7.76929,110.3850272,-0.86,-7.7696723,110.3850262,-2.327
1788935034.3286304,42.53526845530378,42.53526845530378,0.0,False,False,20.203455150047976,20.46272046918493,-7.76929,110.3850272,-0.86,-7.7696723,110.3850262,-2.327
1788935034.5433614,42.53526845530378,42.53526845530378,0.0,False,False,20.203455150047976,20.46272046918493,-7.76929,110.3850272,-0.86,-7.7696723,110.3850262,-2.327
1788935034.746308,42.53526845530378,42.53526845530378,0.0,False,False,20.203455150047976,20.46272046918493,-7.76929,110.3850272,-0.86,-7.7696723,110.3850262,-2.327
1788935034.9473212,42.53526845530378,42.53526845530378,0.0,False,False,20.203455150047976,20.46272046918493,-7.76929,110.3850272,-0.86,-7.7696723,110.3850262,-2.327
1788935035.1473396,42.53526845530378,42.53526845530378,0.0,False,False,20.203455150047976,20.46272046918493,-7.76929,110.3850272,-0.86,-7.7696723,110.3850262,-2.327
1788935035.348529,42.53526845530378,42.53526845530378,0.0,False,False,20.203455150047976,20.46272046918493,-7.76929,110.3850272,-0.86,-7.7696723,110.3850262,-2.327
1788935035.5490851,42.53526845530378,42.53526845530378,0.0,False,False,20.203455150047976,20.46272046918493,-7.76929,110.3850272,-0.86,-7.7696723,110.3850262,-2.327
1788935035.7511575,42.53526845530378,42.53526845530378,0.0,False,False,20.203455150047976,20.46272046918493,-7.76929,110.3850272,-0.86,-7.7696723,110.3850262,-2.327
1788935035.954516,42.53526845530378,42.53526845530378,0.0,False,False,20.203455150047976,20.46272046918493,-7.76929,110.3850272,-0.86,-7.7696723,110.3850262,-2.327
1788935036.155829,42.53526845530378,42.53526845530378,0.0,False,False,20.203455150047976,20.46272046918493,-7.76929,110.3850272,-0.86,-7.7696723,110.3850262,-2.327
1788935036.3565867,42.53526845530378,42.53526845530378,0.0,False,False,20.203455150047976,20.46272046918493,-7.76929,110.3850272,-0.86,-7.7696723,110.3850262,-2.327
1788935036.5591056,42.53526845530378,42.53526845530378,0.0,False,False,20.203455150047976,20.46272046918493,-7.76929,110.3850272,-0.86,-7.7696723,110.3850262,-2.327
1788935036.760089,42.53526845530378,42.53526845530378,0.0,False,False,20.203455150047976,20.46272046918493,-7.76929,110.3850272,-0.86,-7.7696723,110.3850262,-2.327
1788935036.963338,42.53526845530378,42.53526845530378,0.0,False,False,20.203455150047976,20.46272046918493,-7.76929,110.3850272,-0.86,-7.7696723,110.3850262,-2.327
1788935037.16645,42.53526845530378,42.53526845530378,0.0,False,False,20.203455150047976,20.46272046918493,-7.76929,110.3850272,-0.86,-7.7696723,110.3850262,-2.327
1788935037.368488,42.53526845530378,42.53526845530378,0.0,False,False,20.203455150047976,20.46272046918493,-7.76929,110.3850272,-0.86,-7.7696723,110.3850262,-2.327
1788935037.5710692,42.53526845530378,42.53526845530378,0.0,False,False,20.203455150047976,20.46272046918493,-7.76929,110.3850272,-0.86,-7.7696723,110.3850262,-2.327
1788935037.7736526,42.53526845530378,42.53526845530378,0.0,False,False,20.203455150047976,20.46272046918493,-7.76929,110.3850272,-0.86,-7.7696723,110.3850262,-2.327
1788935037.974063,42.53526845530378,42.53526845530378,0.0,False,False,20.203455150047976,20.46272046918493,-7.76929,110.3850272,-0.86,-7.7696723,110.3850262,-2.327
1788935038.1752713,42.53526845530378,42.53526845530378,0.0,False,False,20.203455150047976,20.46272046918493,-7.76929,110.3850272,-0.86,-7.7696723,110.3850262,-2.327
1788935038.3770013,42.53526845530378,42.53526845530378,0.0,False,False,20.203455150047976,20.46272046918493,-7.76929,110.3850272,-0.86,-7.7696723,110.3850262,-2.327
1788935038.5779614,42.53526845530378,42.53526845530378,0.0,False,False,20.203455150047976,20.46272046918493,-7.76929,110.3850272,-0.86,-7.7696723,110.3850262,-2.327
1788935038.780479,42.53526845530378,42.53526845530378,0.0,False,False,20.203455150047976,20.46272046918493,-7.76929,110.3850272,-0.86,-7.7696723,110.3850262,-2.327
1788935038.981439,42.53526845530378,42.53526845530378,0.0,False,False,20.203455150047976,20.46272046918493,-7.76929,110.3850272,-0.86,-7.7696723,110.3850262,-2.327
1788935039.1843278,42.53526845530378,42.53526845530378,0.0,False,False,20.203455150047976,20.46272046918493,-7.76929,110.3850272,-0.86,-7.7696723,110.3850262,-2.327
1788935039.3849304,42.53526845530378,42.53526845530378,0.0,False,False,20.203455150047976,20.46272046918493,-7.76929,110.3850272,-0.86,-7.7696723,110.3850262,-2.327
1788935039.5868073,42.53526845530378,42.53526845530378,0.0,False,False,20.203455150047976,20.46272046918493,-7.76929,110.3850272,-0.86,-7.7696723,110.3850262,-2.327
1788935039.7896361,42.53526845530378,42.53526845530378,0.0,False,False,20.203455150047976,20.46272046918493,-7.76929,110.3850272,-0.86,-7.7696723,110.3850262,-2.327
1788935039.990786,42.53526845530378,42.53526845530378,0.0,False,False,20.203455150047976,20.46272046918493,-7.76929,110.3850272,-0.86,-7.7696723,110.3850262,-2.327
1788935040.1990817,42.53526845530378,42.53526845530378,0.0,False,False,20.203455150047976,20.46272046918493,-7.76929,110.3850272,-0.86,-7.7696723,110.3850262,-2.327
1788935040.401179,42.53526845530378,42.53526845530378,0.0,False,False,20.203455150047976,20.46272046918493,-7.76929,110.3850272,-0.86,-7.7696723,110.3850262,-2.327
1788935040.603532,42.53526845530378,42.53526845530378,0.0,False,False,20.203455150047976,20.46272046918493,-7.76929,110.3850272,-0.86,-7.7696723,110.3850262,-2.327
1788935040.8046982,42.53526845530378,42.53526845530378,0.0,False,False,20.203455150047976,20.46272046918493,-7.76929,110.3850272,-0.86,-7.7696723,110.3850262,-2.327
1788935041.004786,42.53526845530378,42.53526845530378,0.0,False,False,20.203455150047976,20.46272046918493,-7.76929,110.3850272,-0.86,-7.7696723,110.3850262,-2.327
1788935041.2191913,42.53526845530378,42.53526845530378,0.0,False,False,20.203455150047976,20.46272046918493,-7.76929,110.3850272,-0.86,-7.7696723,110.3850262,-2.327
1788935041.4340637,42.53526845530378,42.53526845530378,0.0,False,False,20.203455150047976,20.46272046918493,-7.76929,110.3850272,-0.86,-7.7696723,110.3850262,-2.327
1788935041.6363602,42.53526845530378,42.53526845530378,0.0,False,False,20.203455150047976,20.46272046918493,-7.76929,110.3850272,-0.86,-7.7696723,110.3850262,-2.327
1788935041.8406835,42.53526845530378,42.53526845530378,0.0,False,False,20.203455150047976,20.46272046918493,-7.76929,110.3850272,-0.86,-7.7696723,110.3850262,-2.327
1788935042.0503383,42.53526845530378,42.53526845530378,0.0,False,False,20.203455150047976,20.46272046918493,-7.76929,110.3850272,-0.86,-7.7696723,110.3850262,-2.327
1788935042.251883,42.53526845530378,42.53526845530378,0.0,False,False,20.203455150047976,20.46272046918493,-7.76929,110.3850272,-0.86,-7.7696723,110.3850262,-2.327
1788935042.4526052,42.53526845530378,42.53526845530378,0.0,False,False,20.203455150047976,20.46272046918493,-7.76929,110.3850272,-0.86,-7.7696723,110.3850262,-2.327
1788935042.6678877,42.53526845530378,42.53526845530378,0.0,False,False,20.203455150047976,20.46272046918493,-7.76929,110.3850272,-0.86,-7.7696723,110.3850262,-2.327
1788935042.8702645,42.53526845530378,42.53526845530378,0.0,False,False,20.203455150047976,20.46272046918493,-7.76929,110.3850272,-0.86,-7.7696723,110.3850262,-2.327
1788935043.071992,42.53526845530378,42.53526845530378,0.0,False,False,20.203455150047976,20.46272046918493,-7.76929,110.3850272,-0.86,-7.7696723,110.3850262,-2.327
1788935043.273921,42.53526845530378,42.53526845530378,0.0,False,False,20.203455150047976,20.46272046918493,-7.76929,110.3850272,-0.86,-7.7696723,110.3850262,-2.327
1788935043.476833,42.53526845530378,42.53526845530378,0.0,False,False,20.203455150047976,20.46272046918493,-7.76929,110.3850272,-0.86,-7.7696723,110.3850262,-2.327
1788935043.679796,42.53526845530378,42.53526845530378,0.0,False,False,20.203455150047976,20.46272046918493,-7.76929,110.3850272,-0.86,-7.7696723,110.3850262,-2.327
1788935043.882001,42.53526845530378,42.53526845530378,0.0,False,False,20.203455150047976,20.46272046918493,-7.76929,110.3850272,-0.86,-7.7696723,110.3850262,-2.327
1788935044.0821986,42.53526845530378,42.53526845530378,0.0,False,False,20.203455150047976,20.46272046918493,-7.76929,110.3850272,-0.86,-7.7696723,110.3850262,-2.327
1788935044.283307,42.53526845530378,42.53526845530378,0.0,False,False,20.203455150047976,20.46272046918493,-7.76929,110.3850272,-0.86,-7.7696723,110.3850262,-2.327
1788935044.4839168,42.53526845530378,42.53526845530378,0.0,False,False,20.203455150047976,20.46272046918493,-7.76929,110.3850272,-0.86,-7.7696723,110.3850262,-2.327
1788935044.6849248,42.53526845530378,42.53526845530378,0.0,False,False,20.203455150047976,20.46272046918493,-7.76929,110.3850272,-0.86,-7.7696723,110.3850262,-2.327
1788935044.88534,42.53526845530378,42.53526845530378,0.0,False,False,20.203455150047976,20.46272046918493,-7.76929,110.3850272,-0.86,-7.7696723,110.3850262,-2.327
1788935045.0957797,42.53526845530378,42.53526845530378,0.0,False,False,20.203455150047976,20.46272046918493,-7.76929,110.3850272,-0.86,-7.7696723,110.3850262,-2.327
1788935045.2969458,42.53526845530378,42.53526845530378,0.0,False,False,20.203455150047976,20.46272046918493,-7.76929,110.3850272,-0.86,-7.7696723,110.3850262,-2.327
1788935045.5000243,42.53526845530378,42.53526845530378,0.0,False,False,20.203455150047976,20.46272046918493,-7.76929,110.3850272,-0.86,-7.7696723,110.3850262,-2.327
1788935045.7009256,42.53526845530378,42.53526845530378,0.0,False,False,20.203455150047976,20.46272046918493,-7.76929,110.3850272,-0.86,-7.7696723,110.3850262,-2.327
1788935045.9044526,42.53526845530378,42.53526845530378,0.0,False,False,20.203455150047976,20.46272046918493,-7.76929,110.3850272,-0.86,-7.7696723,110.3850262,-2.327
1788935046.1065223,42.53526845530378,42.53526845530378,0.0,False,False,20.203455150047976,20.46272046918493,-7.76929,110.3850272,-0.86,-7.7696723,110.3850262,-2.327
1788935046.3168137,42.53526845530378,42.53526845530378,0.0,False,False,20.203455150047976,20.46272046918493,-7.76929,110.3850272,-0.86,-7.7696723,110.3850262,-2.327
1788935046.5201705,42.53526845530378,42.53526845530378,0.0,False,False,20.203455150047976,20.46272046918493,-7.76929,110.3850272,-0.86,-7.7696723,110.3850262,-2.327
1788935046.7249508,42.53526845530378,42.53526845530378,0.0,False,False,20.203455150047976,20.46272046918493,-7.76929,110.3850272,-0.86,-7.7696723,110.3850262,-2.327
1788935046.940019,42.53526845530378,42.53526845530378,0.0,False,False,20.203455150047976,20.46272046918493,-7.76929,110.3850272,-0.86,-7.7696723,110.3850262,-2.327
1788935047.1427536,42.53526845530378,42.53526845530378,0.0,False,False,20.203455150047976,20.46272046918493,-7.76929,110.3850272,-0.86,-7.7696723,110.3850262,-2.327
1788935047.3451922,42.53526845530378,42.53526845530378,0.0,False,False,20.203455150047976,20.46272046918493,-7.76929,110.3850272,-0.86,-7.7696723,110.3850262,-2.327
1788935047.5471117,42.53526845530378,42.53526845530378,0.0,False,False,20.203455150047976,20.46272046918493,-7.76929,110.3850272,-0.86,-7.7696723,110.3850262,-2.327
1788935047.7472966,42.53526845530378,42.53526845530378,0.0,False,False,20.203455150047976,20.46272046918493,-7.76929,110.3850272,-0.86,-7.7696723,110.3850262,-2.327
1788935047.9497738,42.53526845530378,42.53526845530378,0.0,False,False,20.203455150047976,20.46272046918493,-7.76929,110.3850272,-0.86,-7.7696723,110.3850262,-2.327
1788935048.1561582,42.53526845530378,42.53526845530378,0.0,False,False,20.203455150047976,20.46272046918493,-7.76929,110.3850272,-0.86,-7.7696723,110.3850262,-2.327
1788935048.3596468,42.53526845530378,42.53526845530378,0.0,False,False,20.203455150047976,20.46272046918493,-7.76929,110.3850272,-0.86,-7.7696723,110.3850262,-2.327
1788935048.5621107,42.53526845530378,42.53526845530378,0.0,False,False,20.203455150047976,20.46272046918493,-7.76929,110.3850272,-0.86,-7.7696723,110.3850262,-2.327
1788935048.7621343,42.53526845530378,42.53526845530378,0.0,False,False,20.203455150047976,20.46272046918493,-7.76929,110.3850272,-0.86,-7.7696723,110.3850262,-2.327
1788935048.964318,42.53526845530378,42.53526845530378,0.0,False,False,20.203455150047976,20.46272046918493,-7.76929,110.3850272,-0.86,-7.7696723,110.3850262,-2.327
1788935049.166484,42.53526845530378,42.53526845530378,0.0,False,False,20.203455150047976,20.46272046918493,-7.76929,110.3850272,-0.86,-7.7696723,110.3850262,-2.327
1788935049.371674,42.53526845530378,42.53526845530378,0.0,False,False,20.203455150047976,20.46272046918493,-7.76929,110.3850272,-0.86,-7.7696723,110.3850262,-2.327
1788935049.5742419,42.53526845530378,42.53526845530378,0.0,False,False,20.203455150047976,20.46272046918493,-7.76929,110.3850272,-0.86,-7.7696723,110.3850262,-2.327
1788935049.7764769,42.53526845530378,42.53526845530378,0.0,False,False,20.203455150047976,20.46272046918493,-7.76929,110.3850272,-0.86,-7.7696723,110.3850262,-2.327
1788935049.9778304,42.53526845530378,42.53526845530378,0.0,False,False,20.203455150047976,20.46272046918493,-7.76929,110.3850272,-0.86,-7.7696723,110.3850262,-2.327
1788935050.1792257,42.53526845530378,42.53526845530378,0.0,False,False,20.203455150047976,20.46272046918493,-7.76929,110.3850272,-0.86,-7.7696723,110.3850262,-2.327
1788935050.3944495,42.53526845530378,42.53526845530378,0.0,False,False,20.203455150047976,20.46272046918493,-7.76929,110.3850272,-0.86,-7.7696723,110.3850262,-2.327
1788935050.597158,42.53526845530378,42.53526845530378,0.0,False,False,20.203455150047976,20.46272046918493,-7.76929,110.3850272,-0.86,-7.7696723,110.3850262,-2.327
1788935050.7996511,42.53526845530378,42.53526845530378,0.0,False,False,20.203455150047976,20.46272046918493,-7.76929,110.3850272,-0.86,-7.7696723,110.3850262,-2.327
1788935051.0023046,42.53526845530378,42.53526845530378,0.0,False,False,20.203455150047976,20.46272046918493,-7.76929,110.3850272,-0.86,-7.7696723,110.3850262,-2.327
1788935051.2062504,42.53526845530378,42.53526845530378,0.0,False,False,20.203455150047976,20.46272046918493,-7.76929,110.3850272,-0.86,-7.7696723,110.3850262,-2.327
1788935051.407996,42.53526845530378,42.53526845530378,0.0,False,False,20.203455150047976,20.46272046918493,-7.76929,110.3850272,-0.86,-7.7696723,110.3850262,-2.327
1788935051.6092615,42.53526845530378,42.53526845530378,0.0,False,False,20.203455150047976,20.46272046918493,-7.76929,110.3850272,-0.86,-7.7696723,110.3850262,-2.327
1788935051.8098578,42.53526845530378,42.53526845530378,0.0,False,False,20.203455150047976,20.46272046918493,-7.76929,110.3850272,-0.86,-7.7696723,110.3850262,-2.327
1788935052.0131366,42.53526845530378,42.53526845530378,0.0,False,False,20.203455150047976,20.46272046918493,-7.76929,110.3850272,-0.86,-7.7696723,110.3850262,-2.327
1788935052.2146552,42.53526845530378,42.53526845530378,0.0,False,False,20.203455150047976,20.46272046918493,-7.76929,110.3850272,-0.86,-7.7696723,110.3850262,-2.327
1788935052.4170308,42.53526845530378,42.53526845530378,0.0,False,False,20.203455150047976,20.46272046918493,-7.76929,110.3850272,-0.86,-7.7696723,110.3850262,-2.327
1788935052.6173148,42.53526845530378,42.53526845530378,0.0,False,False,20.203455150047976,20.46272046918493,-7.76929,110.3850272,-0.86,-7.7696723,110.3850262,-2.327
1788935052.817589,42.53526845530378,42.53526845530378,0.0,False,False,20.203455150047976,20.46272046918493,-7.76929,110.3850272,-0.86,-7.7696723,110.3850262,-2.327
1788935053.018895,42.53526845530378,42.53526845530378,0.0,False,False,20.203455150047976,20.46272046918493,-7.76929,110.3850272,-0.86,-7.7696723,110.3850262,-2.327
1788935053.2201881,42.53526845530378,42.53526845530378,0.0,False,False,20.203455150047976,20.46272046918493,-7.76929,110.3850272,-0.86,-7.7696723,110.3850262,-2.327
1788935053.4228394,42.53526845530378,42.53526845530378,0.0,False,False,20.203455150047976,20.46272046918493,-7.76929,110.3850272,-0.86,-7.7696723,110.3850262,-2.327
1788935053.6376832,42.53526845530378,42.53526845530378,0.0,False,False,20.203455150047976,20.46272046918493,-7.76929,110.3850272,-0.86,-7.7696723,110.3850262,-2.327
1788935053.8406308,42.53526845530378,42.53526845530378,0.0,False,False,20.203455150047976,20.46272046918493,-7.76929,110.3850272,-0.86,-7.7696723,110.3850262,-2.327
1788935054.0425086,42.53526845530378,42.53526845530378,0.0,False,False,20.203455150047976,20.46272046918493,-7.76929,110.3850272,-0.86,-7.7696723,110.3850262,-2.327
1788935054.2442467,42.53526845530378,42.53526845530378,0.0,False,False,20.203455150047976,20.46272046918493,-7.76929,110.3850272,-0.86,-7.7696723,110.3850262,-2.327
1788935054.4448307,42.53526845530378,42.53526845530378,0.0,False,False,20.203455150047976,20.46272046918493,-7.76929,110.3850272,-0.86,-7.7696723,110.3850262,-2.327
1788935054.645515,42.53526845530378,42.53526845530378,0.0,False,False,20.203455150047976,20.46272046918493,-7.76929,110.3850272,-0.86,-7.7696723,110.3850262,-2.327
1788935054.8457623,42.53526845530378,42.53526845530378,0.0,False,False,20.203455150047976,20.46272046918493,-7.76929,110.3850272,-0.86,-7.7696723,110.3850262,-2.327
1788935055.0457435,42.53526845530378,42.53526845530378,0.0,False,False,20.203455150047976,20.46272046918493,-7.76929,110.3850272,-0.86,-7.7696723,110.3850262,-2.327
1788935055.2471077,42.53526845530378,42.53526845530378,0.0,False,False,20.203455150047976,20.46272046918493,-7.76929,110.3850272,-0.86,-7.7696723,110.3850262,-2.327
1788935055.450216,42.53526845530378,42.53526845530378,0.0,False,False,20.203455150047976,20.46272046918493,-7.76929,110.3850272,-0.86,-7.7696723,110.3850262,-2.327
1788935055.6507654,42.53526845530378,42.53526845530378,0.0,False,False,20.203455150047976,20.46272046918493,-7.76929,110.3850272,-0.86,-7.7696723,110.3850262,-2.327
1788935055.852094,42.53526845530378,42.53526845530378,0.0,False,False,20.203455150047976,20.46272046918493,-7.76929,110.3850272,-0.86,-7.7696723,110.3850262,-2.327
1788935056.0521886,42.53526845530378,42.53526845530378,0.0,False,False,20.203455150047976,20.46272046918493,-7.76929,110.3850272,-0.86,-7.7696723,110.3850262,-2.327
1788935056.2522671,42.53526845530378,42.53526845530378,0.0,False,False,20.203455150047976,20.46272046918493,-7.76929,110.3850272,-0.86,-7.7696723,110.3850262,-2.327
1788935056.4675908,42.53526845530378,42.53526845530378,0.0,False,False,20.203455150047976,20.46272046918493,-7.76929,110.3850272,-0.86,-7.7696723,110.3850262,-2.327
1788935056.6691515,42.53526845530378,42.53526845530378,0.0,False,False,20.203455150047976,20.46272046918493,-7.76929,110.3850272,-0.86,-7.7696723,110.3850262,-2.327
1788935056.8704333,42.53526845530378,42.53526845530378,0.0,False,False,20.203455150047976,20.46272046918493,-7.76929,110.3850272,-0.86,-7.7696723,110.3850262,-2.327
1788935057.080416,42.53526845530378,42.53526845530378,0.0,False,False,20.203455150047976,20.46272046918493,-7.76929,110.3850272,-0.86,-7.7696723,110.3850262,-2.327
1788935057.2810469,42.53526845530378,42.53526845530378,0.0,False,False,20.203455150047976,20.46272046918493,-7.76929,110.3850272,-0.86,-7.7696723,110.3850262,-2.327
1788935057.48241,42.53526845530378,42.53526845530378,0.0,False,False,20.203455150047976,20.46272046918493,-7.76929,110.3850272,-0.86,-7.7696723,110.3850262,-2.327
1788935057.6829877,42.53526845530378,42.53526845530378,0.0,False,False,20.203455150047976,20.46272046918493,-7.76929,110.3850272,-0.86,-7.7696723,110.3850262,-2.327
1788935057.8870718,42.53526845530378,42.53526845530378,0.0,False,False,20.203455150047976,20.46272046918493,-7.76929,110.3850272,-0.86,-7.7696723,110.3850262,-2.327
1788935058.0894349,42.53526845530378,42.53526845530378,0.0,False,False,20.203455150047976,20.46272046918493,-7.76929,110.3850272,-0.86,-7.7696723,110.3850262,-2.327
1788935058.2949073,42.53526845530378,42.53526845530378,0.0,False,False,20.203455150047976,20.46272046918493,-7.76929,110.3850272,-0.86,-7.7696723,110.3850262,-2.327
1788935058.4961557,42.53526845530378,42.53526845530378,0.0,False,False,20.203455150047976,20.46272046918493,-7.76929,110.3850272,-0.86,-7.7696723,110.3850262,-2.327
1788935058.6971703,42.53526845530378,42.53526845530378,0.0,False,False,20.203455150047976,20.46272046918493,-7.76929,110.3850272,-0.86,-7.7696723,110.3850262,-2.327
1788935058.8986168,42.53526845530378,42.53526845530378,0.0,False,False,20.203455150047976,20.46272046918493,-7.76929,110.3850272,-0.86,-7.7696723,110.3850262,-2.327
1788935059.1011739,42.53526845530378,42.53526845530378,0.0,False,False,20.203455150047976,20.46272046918493,-7.76929,110.3850272,-0.86,-7.7696723,110.3850262,-2.327
1788935059.3041387,42.53526845530378,42.53526845530378,0.0,False,False,20.203455150047976,20.46272046918493,-7.76929,110.3850272,-0.86,-7.7696723,110.3850262,-2.327
1788935059.5062764,42.53526845530378,42.53526845530378,0.0,False,False,20.203455150047976,20.46272046918493,-7.76929,110.3850272,-0.86,-7.7696723,110.3850262,-2.327
1788935059.7100704,42.53526845530378,42.53526845530378,0.0,False,False,20.203455150047976,20.46272046918493,-7.76929,110.3850272,-0.86,-7.7696723,110.3850262,-2.327
1788935059.924937,42.53526845530378,42.53526845530378,0.0,False,False,20.203455150047976,20.46272046918493,-7.76929,110.3850272,-0.86,-7.7696723,110.3850262,-2.327
1788935060.1249251,42.53526845530378,42.53526845530378,0.0,False,False,20.203455150047976,20.46272046918493,-7.76929,110.3850272,-0.86,-7.7696723,110.3850262,-2.327
1788935060.3259897,42.53526845530378,42.53526845530378,0.0,False,False,20.203455150047976,20.46272046918493,-7.76929,110.3850272,-0.86,-7.7696723,110.3850262,-2.327
1788935060.527681,42.53526845530378,42.53526845530378,0.0,False,False,20.203455150047976,20.46272046918493,-7.76929,110.3850272,-0.86,-7.7696723,110.3850262,-2.327
1788935060.7297285,42.53526845530378,42.53526845530378,0.0,False,False,20.203455150047976,20.46272046918493,-7.76929,110.3850272,-0.86,-7.7696723,110.3850262,-2.327
1788935060.9306056,42.53526845530378,42.53526845530378,0.0,False,False,20.203455150047976,20.46272046918493,-7.76929,110.3850272,-0.86,-7.7696723,110.3850262,-2.327
1788935061.1458664,42.53526845530378,42.53526845530378,0.0,False,False,20.203455150047976,20.46272046918493,-7.76929,110.3850272,-0.86,-7.7696723,110.3850262,-2.327
1788935061.3501537,42.53526845530378,42.53526845530378,0.0,False,False,20.203455150047976,20.46272046918493,-7.76929,110.3850272,-0.86,-7.7696723,110.3850262,-2.327
1788935061.5521507,42.53526845530378,42.53526845530378,0.0,False,False,20.203455150047976,20.46272046918493,-7.76929,110.3850272,-0.86,-7.7696723,110.3850262,-2.327
1788935061.7540135,42.53526845530378,42.53526845530378,0.0,False,False,20.203455150047976,20.46272046918493,-7.76929,110.3850272,-0.86,-7.7696723,110.3850262,-2.327
1788935061.9562967,42.53526845530378,42.53526845530378,0.0,False,False,20.203455150047976,20.46272046918493,-7.76929,110.3850272,-0.86,-7.7696723,110.3850262,-2.327
1788935062.1575768,42.53526845530378,42.53526845530378,0.0,False,False,20.203455150047976,20.46272046918493,-7.76929,110.3850272,-0.86,-7.7696723,110.3850262,-2.327
1788935062.3579748,42.53526845530378,42.53526845530378,0.0,False,False,20.203455150047976,20.46272046918493,-7.76929,110.3850272,-0.86,-7.7696723,110.3850262,-2.327
1788935062.560419,42.53526845530378,42.53526845530378,0.0,False,False,20.203455150047976,20.46272046918493,-7.76929,110.3850272,-0.86,-7.7696723,110.3850262,-2.327
1788935062.760955,42.53526845530378,42.53526845530378,0.0,False,False,20.203455150047976,20.46272046918493,-7.76929,110.3850272,-0.86,-7.7696723,110.3850262,-2.327
1788935062.9617782,42.53526845530378,42.53526845530378,0.0,False,False,20.203455150047976,20.46272046918493,-7.76929,110.3850272,-0.86,-7.7696723,110.3850262,-2.327
1788935063.1642096,42.53526845530378,42.53526845530378,0.0,False,False,20.203455150047976,20.46272046918493,-7.76929,110.3850272,-0.86,-7.7696723,110.3850262,-2.327
1788935063.366348,42.53526845530378,42.53526845530378,0.0,False,False,20.203455150047976,20.46272046918493,-7.76929,110.3850272,-0.86,-7.7696723,110.3850262,-2.327
1788935063.5718453,42.53526845530378,42.53526845530378,0.0,False,False,20.203455150047976,20.46272046918493,-7.76929,110.3850272,-0.86,-7.7696723,110.3850262,-2.327
1788935063.774831,42.53526845530378,42.53526845530378,0.0,False,False,20.203455150047976,20.46272046918493,-7.76929,110.3850272,-0.86,-7.7696723,110.3850262,-2.327
1788935063.9770002,42.53526845530378,42.53526845530378,0.0,False,False,20.203455150047976,20.46272046918493,-7.76929,110.3850272,-0.86,-7.7696723,110.3850262,-2.327
1788935064.1852777,42.53526845530378,42.53526845530378,0.0,False,False,20.203455150047976,20.46272046918493,-7.76929,110.3850272,-0.86,-7.7696723,110.3850262,-2.327
1788935064.3863554,42.53526845530378,42.53526845530378,0.0,False,False,20.203455150047976,20.46272046918493,-7.76929,110.3850272,-0.86,-7.7696723,110.3850262,-2.327
1788935064.5877695,42.53526845530378,42.53526845530378,0.0,False,False,20.203455150047976,20.46272046918493,-7.76929,110.3850272,-0.86,-7.7696723,110.3850262,-2.327
1788935064.7879124,42.53526845530378,42.53526845530378,0.0,False,False,20.203455150047976,20.46272046918493,-7.76929,110.3850272,-0.86,-7.7696723,110.3850262,-2.327
1788935064.988998,42.53526845530378,42.53526845530378,0.0,False,False,20.203455150047976,20.46272046918493,-7.76929,110.3850272,-0.86,-7.7696723,110.3850262,-2.327
1788935065.1907756,42.53526845530378,42.53526845530378,0.0,False,False,20.203455150047976,20.46272046918493,-7.76929,110.3850272,-0.86,-7.7696723,110.3850262,-2.327
1788935065.3940682,42.53526845530378,42.53526845530378,0.0,False,False,20.203455150047976,20.46272046918493,-7.76929,110.3850272,-0.86,-7.7696723,110.3850262,-2.327
1788935065.596278,42.53526845530378,42.53526845530378,0.0,False,False,20.203455150047976,20.46272046918493,-7.76929,110.3850272,-0.86,-7.7696723,110.3850262,-2.327
1788935065.800191,42.53530295607122,42.53530295607122,0.0,False,False,20.203313614355444,20.46272046918493,-7.76929,110.3850272,-0.859,-7.7696723,110.3850262,-2.327
1788935066.0002363,42.53530295607122,42.53530295607122,0.0,False,False,20.203313614355444,20.46272046918493,-7.76929,110.3850272,-0.859,-7.7696723,110.3850262,-2.327
1788935066.2022846,42.53530295607122,42.53530295607122,0.0,False,False,20.203313614355444,20.46272046918493,-7.76929,110.3850272,-0.859,-7.7696723,110.3850262,-2.327
1788935066.4070406,42.53530295607122,42.53530295607122,0.0,False,False,20.203313614355444,20.46272046918493,-7.76929,110.3850272,-0.859,-7.7696723,110.3850262,-2.327
1788935066.6094692,42.53530295607122,42.53530295607122,0.0,False,False,20.203313614355444,20.46272046918493,-7.76929,110.3850272,-0.859,-7.7696723,110.3850262,-2.327
1788935066.8112988,42.53530295607122,42.53530295607122,0.0,False,False,20.203313614355444,20.46272046918493,-7.76929,110.3850272,-0.859,-7.7696723,110.3850262,-2.327
1788935067.0125916,42.53530295607122,42.53530295607122,0.0,False,False,20.203313614355444,20.46272046918493,-7.76929,110.3850272,-0.859,-7.7696723,110.3850262,-2.327
1788935067.2159605,42.53530295607122,42.53530295607122,0.0,False,False,20.203313614355444,20.46272046918493,-7.76929,110.3850272,-0.859,-7.7696723,110.3850262,-2.327
1788935067.4162757,42.53530295607122,42.53530295607122,0.0,False,False,20.203313614355444,20.46272046918493,-7.76929,110.3850272,-0.859,-7.7696723,110.3850262,-2.327
1788935067.6174889,42.53530295607122,42.53530295607122,0.0,False,False,20.203313614355444,20.46272046918493,-7.76929,110.3850272,-0.859,-7.7696723,110.3850262,-2.327
1788935067.8187203,42.53530295607122,42.53530295607122,0.0,False,False,20.203313614355444,20.46272046918493,-7.76929,110.3850272,-0.859,-7.7696723,110.3850262,-2.327
1788935068.0194445,42.53530295607122,42.53530295607122,0.0,False,False,20.203313614355444,20.46272046918493,-7.76929,110.3850272,-0.859,-7.7696723,110.3850262,-2.327
1788935068.2217538,42.53530295607122,42.53530295607122,0.0,False,False,20.203313614355444,20.46272046918493,-7.76929,110.3850272,-0.859,-7.7696723,110.3850262,-2.327
1788935068.4222095,42.53530295607122,42.53530295607122,0.0,False,False,20.203313614355444,20.46272046918493,-7.76929,110.3850272,-0.859,-7.7696723,110.3850262,-2.327
1788935068.6224296,42.53526845530378,42.53526845530378,0.0,False,False,20.203455150047976,20.46272046918493,-7.76929,110.3850272,-0.86,-7.7696723,110.3850262,-2.327
1788935068.823073,42.53526845530378,42.53526845530378,0.0,False,False,20.203455150047976,20.46272046918493,-7.76929,110.3850272,-0.86,-7.7696723,110.3850262,-2.327
1788935069.0247967,42.53526845530378,42.53526845530378,0.0,False,False,20.203455150047976,20.46272046918493,-7.76929,110.3850272,-0.86,-7.7696723,110.3850262,-2.327
1788935069.2291162,42.53526845530378,42.53526845530378,0.0,False,False,20.203455150047976,20.46272046918493,-7.76929,110.3850272,-0.86,-7.7696723,110.3850262,-2.327
1788935069.430532,42.53526845530378,42.53526845530378,0.0,False,False,20.203455150047976,20.46272046918493,-7.76929,110.3850272,-0.86,-7.7696723,110.3850262,-2.327
1788935069.6319325,42.53526845530378,42.53526845530378,0.0,False,False,20.203455150047976,20.46272046918493,-7.76929,110.3850272,-0.86,-7.7696723,110.3850262,-2.327
1788935069.8468764,42.53526845530378,42.53526845530378,0.0,False,False,20.203455150047976,20.46272046918493,-7.76929,110.3850272,-0.86,-7.7696723,110.3850262,-2.327
1788935070.0483172,42.53526845530378,42.53526845530378,0.0,False,False,20.203455150047976,20.46272046918493,-7.76929,110.3850272,-0.86,-7.7696723,110.3850262,-2.327
1788935070.2495935,42.53526845530378,42.53526845530378,0.0,False,False,20.203455150047976,20.46272046918493,-7.76929,110.3850272,-0.86,-7.7696723,110.3850262,-2.327
1788935070.4498575,42.53526845530378,42.53526845530378,0.0,False,False,20.203455150047976,20.46272046918493,-7.76929,110.3850272,-0.86,-7.7696723,110.3850262,-2.327
1788935070.6534579,42.53526845530378,42.53526845530378,0.0,False,False,20.203455150047976,20.46272046918493,-7.76929,110.3850272,-0.86,-7.7696723,110.3850262,-2.327
1788935070.867437,42.53526845530378,42.53526845530378,0.0,False,False,20.203455150047976,20.46272046918493,-7.76929,110.3850272,-0.86,-7.7696723,110.3850262,-2.327
1788935071.070696,42.53526845530378,42.53526845530378,0.0,False,False,20.203455150047976,20.46272046918493,-7.76929,110.3850272,-0.86,-7.7696723,110.3850262,-2.327
1788935071.2717748,42.53526845530378,42.53526845530378,0.0,False,False,20.203455150047976,20.46272046918493,-7.76929,110.3850272,-0.86,-7.7696723,110.3850262,-2.327
1788935071.4868233,42.53526845530378,42.53526845530378,0.0,False,False,20.203455150047976,20.46272046918493,-7.76929,110.3850272,-0.86,-7.7696723,110.3850262,-2.327
1788935071.6921384,42.53526845530378,42.53526845530378,0.0,False,False,20.203455150047976,20.46272046918493,-7.76929,110.3850272,-0.86,-7.7696723,110.3850262,-2.327
1788935071.8930264,42.53526845530378,42.53526845530378,0.0,False,False,20.203455150047976,20.46272046918493,-7.76929,110.3850272,-0.86,-7.7696723,110.3850262,-2.327
1788935072.0982525,42.53526845530378,42.53526845530378,0.0,False,False,20.203455150047976,20.46272046918493,-7.76929,110.3850272,-0.86,-7.7696723,110.3850262,-2.327
1788935072.3003385,42.53526845530378,42.53526845530378,0.0,False,False,20.203455150047976,20.46272046918493,-7.76929,110.3850272,-0.86,-7.7696723,110.3850262,-2.327
1788935072.5004008,42.53526845530378,42.53526845530378,0.0,False,False,20.203455150047976,20.46272046918493,-7.76929,110.3850272,-0.86,-7.7696723,110.3850262,-2.327
1788935072.7045708,42.53526845530378,42.53526845530378,0.0,False,False,20.203455150047976,20.46272046918493,-7.76929,110.3850272,-0.86,-7.7696723,110.3850262,-2.327
1788935072.9136477,42.53526845530378,42.53526845530378,0.0,False,False,20.203455150047976,20.46272046918493,-7.76929,110.3850272,-0.86,-7.7696723,110.3850262,-2.327
1788935073.1182628,42.53526845530378,42.53526845530378,0.0,False,False,20.203455150047976,20.46272046918493,-7.76929,110.3850272,-0.86,-7.7696723,110.3850262,-2.327
1788935073.3191886,42.53526845530378,42.53526845530378,0.0,False,False,20.203455150047976,20.46272046918493,-7.76929,110.3850272,-0.86,-7.7696723,110.3850262,-2.327
1788935073.527989,42.53526845530378,42.53526845530378,0.0,False,False,20.203455150047976,20.46272046918493,-7.76929,110.3850272,-0.86,-7.7696723,110.3850262,-2.327
1788935073.7348661,42.53526845530378,42.53526845530378,0.0,False,False,20.203455150047976,20.46272046918493,-7.76929,110.3850272,-0.86,-7.7696723,110.3850262,-2.327
1788935073.9368868,42.53526845530378,42.53526845530378,0.0,False,False,20.203455150047976,20.46272046918493,-7.76929,110.3850272,-0.86,-7.7696723,110.3850262,-2.327
1788935074.1401205,42.53526845530378,42.53526845530378,0.0,False,False,20.203455150047976,20.46272046918493,-7.76929,110.3850272,-0.86,-7.7696723,110.3850262,-2.327
1788935074.344383,42.53526845530378,42.53526845530378,0.0,False,False,20.203455150047976,20.46272046918493,-7.76929,110.3850272,-0.86,-7.7696723,110.3850262,-2.327
1788935074.5482295,42.53526845530378,42.53526845530378,0.0,False,False,20.203455150047976,20.46272046918493,-7.76929,110.3850272,-0.86,-7.7696723,110.3850262,-2.327
1788935074.758209,42.53526845530378,42.53526845530378,0.0,False,False,20.203455150047976,20.46272046918493,-7.76929,110.3850272,-0.86,-7.7696723,110.3850262,-2.327
1788935074.96101,42.53526845530378,42.53526845530378,0.0,False,False,20.203455150047976,20.46272046918493,-7.76929,110.3850272,-0.86,-7.7696723,110.3850262,-2.327
1788935075.162757,42.53526845530378,42.53526845530378,0.0,False,False,20.203455150047976,20.46272046918493,-7.76929,110.3850272,-0.86,-7.7696723,110.3850262,-2.327
1788935075.3630843,42.53526845530378,42.53526845530378,0.0,False,False,20.203455150047976,20.46272046918493,-7.76929,110.3850272,-0.86,-7.7696723,110.3850262,-2.327
1788935075.5642996,42.53526845530378,42.53526845530378,0.0,False,False,20.203455150047976,20.46272046918493,-7.76929,110.3850272,-0.86,-7.7696723,110.3850262,-2.327
1788935075.766323,42.53526845530378,42.53526845530378,0.0,False,False,20.203455150047976,20.46272046918493,-7.76929,110.3850272,-0.86,-7.7696723,110.3850262,-2.327
1788935075.9686637,42.53526845530378,42.53526845530378,0.0,False,False,20.203455150047976,20.46272046918493,-7.76929,110.3850272,-0.86,-7.7696723,110.3850262,-2.327
1788935076.1835916,42.53526845530378,42.53526845530378,0.0,False,False,20.203455150047976,20.46272046918493,-7.76929,110.3850272,-0.86,-7.7696723,110.3850262,-2.327
1788935076.3974047,42.53526845530378,42.53526845530378,0.0,False,False,20.203455150047976,20.46272046918493,-7.76929,110.3850272,-0.86,-7.7696723,110.3850262,-2.327
1788935076.6019473,42.53526845530378,42.53526845530378,0.0,False,False,20.203455150047976,20.46272046918493,-7.76929,110.3850272,-0.86,-7.7696723,110.3850262,-2.327
1788935076.808797,42.53526845530378,42.53526845530378,0.0,False,False,20.203455150047976,20.46272046918493,-7.76929,110.3850272,-0.86,-7.7696723,110.3850262,-2.327
1788935077.0113797,42.53526845530378,42.53526845530378,0.0,False,False,20.203455150047976,20.46272046918493,-7.76929,110.3850272,-0.86,-7.7696723,110.3850262,-2.327
1788935077.2259269,42.53526845530378,42.53526845530378,0.0,False,False,20.203455150047976,20.46272046918493,-7.76929,110.3850272,-0.86,-7.7696723,110.3850262,-2.327
1788935077.4263508,42.53526845530378,42.53526845530378,0.0,False,False,20.203455150047976,20.46272046918493,-7.76929,110.3850272,-0.86,-7.7696723,110.3850262,-2.327
1788935077.6291492,42.53526845530378,42.53526845530378,0.0,False,False,20.203455150047976,20.46272046918493,-7.76929,110.3850272,-0.86,-7.7696723,110.3850262,-2.327
1788935077.8364704,42.53526845530378,42.53526845530378,0.0,False,False,20.203455150047976,20.46272046918493,-7.76929,110.3850272,-0.86,-7.7696723,110.3850262,-2.327
1788935078.038937,42.53526845530378,42.53526845530378,0.0,False,False,20.203455150047976,20.46272046918493,-7.76929,110.3850272,-0.86,-7.7696723,110.3850262,-2.327
1788935078.239447,42.53526845530378,42.53526845530378,0.0,False,False,20.203455150047976,20.46272046918493,-7.76929,110.3850272,-0.86,-7.7696723,110.3850262,-2.327
1788935078.4534147,42.53526845530378,42.53526845530378,0.0,False,False,20.203455150047976,20.46272046918493,-7.76929,110.3850272,-0.86,-7.7696723,110.3850262,-2.327
1788935078.6545694,42.53526845530378,42.53526845530378,0.0,False,False,20.203455150047976,20.46272046918493,-7.76929,110.3850272,-0.86,-7.7696723,110.3850262,-2.327
1788935078.8559763,42.53526845530378,42.53526845530378,0.0,False,False,20.203455150047976,20.46272046918493,-7.76929,110.3850272,-0.86,-7.7696723,110.3850262,-2.327
1788935079.0567393,42.53526845530378,42.53526845530378,0.0,False,False,20.203455150047976,20.46272046918493,-7.76929,110.3850272,-0.86,-7.7696723,110.3850262,-2.327
1788935079.263107,42.53526845530378,42.53526845530378,0.0,False,False,20.203455150047976,20.46272046918493,-7.76929,110.3850272,-0.86,-7.7696723,110.3850262,-2.327
1788935079.477698,42.53526845530378,42.53526845530378,0.0,False,False,20.203455150047976,20.46272046918493,-7.76929,110.3850272,-0.86,-7.7696723,110.3850262,-2.327
1788935079.6800294,42.53526845530378,42.53526845530378,0.0,False,False,20.203455150047976,20.46272046918493,-7.76929,110.3850272,-0.86,-7.7696723,110.3850262,-2.327
1788935079.8843524,42.53526845530378,42.53526845530378,0.0,False,False,20.203455150047976,20.46272046918493,-7.76929,110.3850272,-0.86,-7.7696723,110.3850262,-2.327
1788935080.0902135,42.53526845530378,42.53526845530378,0.0,False,False,20.203455150047976,20.46272046918493,-7.76929,110.3850272,-0.86,-7.7696723,110.3850262,-2.327
1788935080.291004,42.53526845530378,42.53526845530378,0.0,False,False,20.203455150047976,20.46272046918493,-7.76929,110.3850272,-0.86,-7.7696723,110.3850262,-2.327
1788935080.4921856,42.53526845530378,42.53526845530378,0.0,False,False,20.203455150047976,20.46272046918493,-7.76929,110.3850272,-0.86,-7.7696723,110.3850262,-2.327
1788935080.7072065,42.53526845530378,42.53526845530378,0.0,False,False,20.203455150047976,20.46272046918493,-7.76929,110.3850272,-0.86,-7.7696723,110.3850262,-2.327
1788935080.9097419,42.53526845530378,42.53526845530378,0.0,False,False,20.203455150047976,20.46272046918493,-7.76929,110.3850272,-0.86,-7.7696723,110.3850262,-2.327
1788935081.1251934,42.53526845530378,42.53526845530378,0.0,False,False,20.203455150047976,20.46272046918493,-7.76929,110.3850272,-0.86,-7.7696723,110.3850262,-2.327
1788935081.3254907,42.53526845530378,42.53526845530378,0.0,False,False,20.203455150047976,20.46272046918493,-7.76929,110.3850272,-0.86,-7.7696723,110.3850262,-2.327
1788935081.5402226,42.53526845530378,42.53526845530378,0.0,False,False,20.203455150047976,20.46272046918493,-7.76929,110.3850272,-0.86,-7.7696723,110.3850262,-2.327
1788935081.7547824,42.53526845530378,42.53526845530378,0.0,False,False,20.203455150047976,20.46272046918493,-7.76929,110.3850272,-0.86,-7.7696723,110.3850262,-2.327
1788935081.958544,42.53526845530378,42.53526845530378,0.0,False,False,20.203455150047976,20.46272046918493,-7.76929,110.3850272,-0.86,-7.7696723,110.3850262,-2.327
1788935082.1605473,42.53526845530378,42.53526845530378,0.0,False,False,20.203455150047976,20.46272046918493,-7.76929,110.3850272,-0.86,-7.7696723,110.3850262,-2.327
1788935082.3628948,42.53526845530378,42.53526845530378,0.0,False,False,20.203455150047976,20.46272046918493,-7.76929,110.3850272,-0.86,-7.7696723,110.3850262,-2.327
1788935082.5663848,42.53526845530378,42.53526845530378,0.0,False,False,20.203455150047976,20.46272046918493,-7.76929,110.3850272,-0.86,-7.7696723,110.3850262,-2.327
1788935082.7672617,42.53526845530378,42.53526845530378,0.0,False,False,20.203455150047976,20.46272046918493,-7.76929,110.3850272,-0.86,-7.7696723,110.3850262,-2.327
1788935082.981713,42.53526845530378,42.53526845530378,0.0,False,False,20.203455150047976,20.46272046918493,-7.76929,110.3850272,-0.86,-7.7696723,110.3850262,-2.327
1788935083.1862643,42.53526845530378,42.53526845530378,0.0,False,False,20.203455150047976,20.46272046918493,-7.76929,110.3850272,-0.86,-7.7696723,110.3850262,-2.327
1788935083.3906605,42.53526845530378,42.53526845530378,0.0,False,False,20.203455150047976,20.46272046918493,-7.76929,110.3850272,-0.86,-7.7696723,110.3850262,-2.327
1788935083.592843,42.53526845530378,42.53526845530378,0.0,False,False,20.203455150047976,20.46272046918493,-7.76929,110.3850272,-0.86,-7.7696723,110.3850262,-2.327
1788935083.7963598,42.53526845530378,42.53526845530378,0.0,False,False,20.203455150047976,20.46272046918493,-7.76929,110.3850272,-0.86,-7.7696723,110.3850262,-2.327
1788935083.9988563,42.53526845530378,42.53526845530378,0.0,False,False,20.203455150047976,20.46272046918493,-7.76929,110.3850272,-0.86,-7.7696723,110.3850262,-2.327
1788935084.214048,42.53526845530378,42.53526845530378,0.0,False,False,20.203455150047976,20.46272046918493,-7.76929,110.3850272,-0.86,-7.7696723,110.3850262,-2.327
1788935084.4172444,42.53526845530378,42.53526845530378,0.0,False,False,20.203455150047976,20.46272046918493,-7.76929,110.3850272,-0.86,-7.7696723,110.3850262,-2.327
1788935084.6200688,42.53526845530378,42.53526845530378,0.0,False,False,20.203455150047976,20.46272046918493,-7.76929,110.3850272,-0.86,-7.7696723,110.3850262,-2.327
1788935084.821103,42.53526845530378,42.53526845530378,0.0,False,False,20.203455150047976,20.46272046918493,-7.76929,110.3850272,-0.86,-7.7696723,110.3850262,-2.327
1788935085.021787,42.53526845530378,42.53526845530378,0.0,False,False,20.203455150047976,20.46272046918493,-7.76929,110.3850272,-0.86,-7.7696723,110.3850262,-2.327
1788935085.2307737,42.53526845530378,42.53526845530378,0.0,False,False,20.203455150047976,20.46272046918493,-7.76929,110.3850272,-0.86,-7.7696723,110.3850262,-2.327
1788935085.4317203,42.53526845530378,42.53526845530378,0.0,False,False,20.203455150047976,20.46272046918493,-7.76929,110.3850272,-0.86,-7.7696723,110.3850262,-2.327
1788935085.6342194,42.53526845530378,42.53526845530378,0.0,False,False,20.203455150047976,20.46272046918493,-7.76929,110.3850272,-0.86,-7.7696723,110.3850262,-2.327
1788935085.8392537,42.53526845530378,42.53526845530378,0.0,False,False,20.203455150047976,20.46272046918493,-7.76929,110.3850272,-0.86,-7.7696723,110.3850262,-2.327
1788935086.042357,42.53526845530378,42.53526845530378,0.0,False,False,20.203455150047976,20.46272046918493,-7.76929,110.3850272,-0.86,-7.7696723,110.3850262,-2.327
1788935086.2567525,42.53526845530378,42.53526845530378,0.0,False,False,20.203455150047976,20.46272046918493,-7.76929,110.3850272,-0.86,-7.7696723,110.3850262,-2.327
1788935086.4593258,42.53526845530378,42.53526845530378,0.0,False,False,20.203455150047976,20.46272046918493,-7.76929,110.3850272,-0.86,-7.7696723,110.3850262,-2.327
1788935086.6604722,42.53526845530378,42.53526845530378,0.0,False,False,20.203455150047976,20.46272046918493,-7.76929,110.3850272,-0.86,-7.7696723,110.3850262,-2.327
1788935086.8622062,42.53526845530378,42.53526845530378,0.0,False,False,20.203455150047976,20.46272046918493,-7.76929,110.3850272,-0.86,-7.7696723,110.3850262,-2.327
1788935087.0769894,42.53526845530378,42.53526845530378,0.0,False,False,20.203455150047976,20.46272046918493,-7.76929,110.3850272,-0.86,-7.7696723,110.3850262,-2.327
1788935087.2823465,42.53526845530378,42.53526845530378,0.0,False,False,20.203455150047976,20.46272046918493,-7.76929,110.3850272,-0.86,-7.7696723,110.3850262,-2.327
1788935087.4886498,42.53526845530378,42.53526845530378,0.0,False,False,20.203455150047976,20.46272046918493,-7.76929,110.3850272,-0.86,-7.7696723,110.3850262,-2.327
1788935087.689713,42.53526845530378,42.53526845530378,0.0,False,False,20.203455150047976,20.46272046918493,-7.76929,110.3850272,-0.86,-7.7696723,110.3850262,-2.327
1788935087.8931084,42.53526845530378,42.53526845530378,0.0,False,False,20.203455150047976,20.46272046918493,-7.76929,110.3850272,-0.86,-7.7696723,110.3850262,-2.327
1788935088.0958807,42.53526845530378,42.53526845530378,0.0,False,False,20.203455150047976,20.46272046918493,-7.76929,110.3850272,-0.86,-7.7696723,110.3850262,-2.327
1788935088.3104196,42.53526845530378,42.53526845530378,0.0,False,False,20.203455150047976,20.46272046918493,-7.76929,110.3850272,-0.86,-7.7696723,110.3850262,-2.327
1788935088.512092,42.53526845530378,42.53526845530378,0.0,False,False,20.203455150047976,20.46272046918493,-7.76929,110.3850272,-0.86,-7.7696723,110.3850262,-2.327
1788935088.7125525,42.53526845530378,42.53526845530378,0.0,False,False,20.203455150047976,20.46272046918493,-7.76929,110.3850272,-0.86,-7.7696723,110.3850262,-2.327
1788935088.9141674,42.53526845530378,42.53526845530378,0.0,False,False,20.203455150047976,20.46272046918493,-7.76929,110.3850272,-0.86,-7.7696723,110.3850262,-2.327
1788935089.1148453,42.53526845530378,42.53526845530378,0.0,False,False,20.203455150047976,20.46272046918493,-7.76929,110.3850272,-0.86,-7.7696723,110.3850262,-2.327
1788935089.315516,42.53526845530378,42.53526845530378,0.0,False,False,20.203455150047976,20.46272046918493,-7.76929,110.3850272,-0.86,-7.7696723,110.3850262,-2.327
1788935089.5182648,42.53526845530378,42.53526845530378,0.0,False,False,20.203455150047976,20.46272046918493,-7.76929,110.3850272,-0.86,-7.7696723,110.3850262,-2.327
1788935089.7186837,42.53526845530378,42.53526845530378,0.0,False,False,20.203455150047976,20.46272046918493,-7.76929,110.3850272,-0.86,-7.7696723,110.3850262,-2.327
1788935089.919733,42.53526845530378,42.53526845530378,0.0,False,False,20.203455150047976,20.46272046918493,-7.76929,110.3850272,-0.86,-7.7696723,110.3850262,-2.327
1788935090.1203632,42.53526845530378,42.53526845530378,0.0,False,False,20.203455150047976,20.46272046918493,-7.76929,110.3850272,-0.86,-7.7696723,110.3850262,-2.327
1788935090.3218312,42.53526845530378,42.53526845530378,0.0,False,False,20.203455150047976,20.46272046918493,-7.76929,110.3850272,-0.86,-7.7696723,110.3850262,-2.327
1788935090.5364327,42.53526845530378,42.53526845530378,0.0,False,False,20.203455150047976,20.46272046918493,-7.76929,110.3850272,-0.86,-7.7696723,110.3850262,-2.327
1788935090.7514377,42.53526845530378,42.53526845530378,0.0,False,False,20.203455150047976,20.46272046918493,-7.76929,110.3850272,-0.86,-7.7696723,110.3850262,-2.327
1788935090.9515498,42.53526845530378,42.53526845530378,0.0,False,False,20.203455150047976,20.46272046918493,-7.76929,110.3850272,-0.86,-7.7696723,110.3850262,-2.327
1788935091.1541412,42.53526845530378,42.53526845530378,0.0,False,False,20.203455150047976,20.46272046918493,-7.76929,110.3850272,-0.86,-7.7696723,110.3850262,-2.327
1788935091.3694289,42.53526845530378,42.53526845530378,0.0,False,False,20.203455150047976,20.46272046918493,-7.76929,110.3850272,-0.86,-7.7696723,110.3850262,-2.327
1788935091.5694232,42.53526845530378,42.53526845530378,0.0,False,False,20.203455150047976,20.46272046918493,-7.76929,110.3850272,-0.86,-7.7696723,110.3850262,-2.327
1788935091.7694502,42.53526845530378,42.53526845530378,0.0,False,False,20.203455150047976,20.46272046918493,-7.76929,110.3850272,-0.86,-7.7696723,110.3850262,-2.327
1788935091.9841588,42.53526845530378,42.53526845530378,0.0,False,False,20.203455150047976,20.46272046918493,-7.76929,110.3850272,-0.86,-7.7696723,110.3850262,-2.327
1788935092.196925,42.53526845530378,42.53526845530378,0.0,False,False,20.203455150047976,20.46272046918493,-7.76929,110.3850272,-0.86,-7.7696723,110.3850262,-2.327
1788935092.3988247,42.53526845530378,42.53526845530378,0.0,False,False,20.203455150047976,20.46272046918493,-7.76929,110.3850272,-0.86,-7.7696723,110.3850262,-2.327
1788935092.6004024,42.53526845530378,42.53526845530378,0.0,False,False,20.203455150047976,20.46272046918493,-7.76929,110.3850272,-0.86,-7.7696723,110.3850262,-2.327
1788935092.803387,42.53526845530378,42.53526845530378,0.0,False,False,20.203455150047976,20.46272046918493,-7.76929,110.3850272,-0.86,-7.7696723,110.3850262,-2.327
1788935093.0067918,42.53526845530378,42.53526845530378,0.0,False,False,20.203455150047976,20.46272046918493,-7.76929,110.3850272,-0.86,-7.7696723,110.3850262,-2.327
1788935093.209044,42.53526845530378,42.53526845530378,0.0,False,False,20.203455150047976,20.46272046918493,-7.76929,110.3850272,-0.86,-7.7696723,110.3850262,-2.327
1788935093.4096813,42.53526845530378,42.53526845530378,0.0,False,False,20.203455150047976,20.46272046918493,-7.76929,110.3850272,-0.86,-7.7696723,110.3850262,-2.327
1788935093.6120985,42.53526845530378,42.53526845530378,0.0,False,False,20.203455150047976,20.46272046918493,-7.76929,110.3850272,-0.86,-7.7696723,110.3850262,-2.327
1788935093.8133526,42.53526845530378,42.53526845530378,0.0,False,False,20.203455150047976,20.46272046918493,-7.76929,110.3850272,-0.86,-7.7696723,110.3850262,-2.327
1788935094.014909,42.53526845530378,42.53526845530378,0.0,False,False,20.203455150047976,20.46272046918493,-7.76929,110.3850272,-0.86,-7.7696723,110.3850262,-2.327
1788935094.2175264,42.53526845530378,42.53526845530378,0.0,False,False,20.203455150047976,20.46272046918493,-7.76929,110.3850272,-0.86,-7.7696723,110.3850262,-2.327
1788935094.4202824,42.53526845530378,42.53526845530378,0.0,False,False,20.203455150047976,20.46272046918493,-7.76929,110.3850272,-0.86,-7.7696723,110.3850262,-2.327
1788935094.6210055,42.53526845530378,42.53526845530378,0.0,False,False,20.203455150047976,20.46272046918493,-7.76929,110.3850272,-0.86,-7.7696723,110.3850262,-2.327
1788935094.8222196,42.53526845530378,42.53526845530378,0.0,False,False,20.203455150047976,20.46272046918493,-7.76929,110.3850272,-0.86,-7.7696723,110.3850262,-2.327
1788935095.025391,42.53526845530378,42.53526845530378,0.0,False,False,20.203455150047976,20.46272046918493,-7.76929,110.3850272,-0.86,-7.7696723,110.3850262,-2.327
1788935095.225977,42.53526845530378,42.53526845530378,0.0,False,False,20.203455150047976,20.46272046918493,-7.76929,110.3850272,-0.86,-7.7696723,110.3850262,-2.327
1788935095.4293559,42.53526845530378,42.53526845530378,0.0,False,False,20.203455150047976,20.46272046918493,-7.76929,110.3850272,-0.86,-7.7696723,110.3850262,-2.327
1788935095.6366887,42.53526845530378,42.53526845530378,0.0,False,False,20.203455150047976,20.46272046918493,-7.76929,110.3850272,-0.86,-7.7696723,110.3850262,-2.327
1788935095.8378565,42.53526845530378,42.53526845530378,0.0,False,False,20.203455150047976,20.46272046918493,-7.76929,110.3850272,-0.86,-7.7696723,110.3850262,-2.327
1788935096.0382578,42.53526845530378,42.53526845530378,0.0,False,False,20.203455150047976,20.46272046918493,-7.76929,110.3850272,-0.86,-7.7696723,110.3850262,-2.327
1788935096.253402,42.53526845530378,42.53526845530378,0.0,False,False,20.203455150047976,20.46272046918493,-7.76929,110.3850272,-0.86,-7.7696723,110.3850262,-2.327
1788935096.4550953,42.53526845530378,42.53526845530378,0.0,False,False,20.203455150047976,20.46272046918493,-7.76929,110.3850272,-0.86,-7.7696723,110.3850262,-2.327
1788935096.6561284,42.53526845530378,42.53526845530378,0.0,False,False,20.203455150047976,20.46272046918493,-7.76929,110.3850272,-0.86,-7.7696723,110.3850262,-2.327
1788935096.85729,42.53530295607122,42.53530295607122,0.0,False,False,20.203313614355444,20.46272046918493,-7.76929,110.3850272,-0.859,-7.7696723,110.3850262,-2.327
1788935097.059816,42.53530295607122,42.53530295607122,0.0,False,False,20.203313614355444,20.46272046918493,-7.76929,110.3850272,-0.859,-7.7696723,110.3850262,-2.327
1788935097.26081,42.53530295607122,42.53530295607122,0.0,False,False,20.203313614355444,20.46272046918493,-7.76929,110.3850272,-0.859,-7.7696723,110.3850262,-2.327
1788935097.475316,42.53530295607122,42.53530295607122,0.0,False,False,20.203313614355444,20.46272046918493,-7.76929,110.3850272,-0.859,-7.7696723,110.3850262,-2.327
1788935097.6793728,42.53530295607122,42.53530295607122,0.0,False,False,20.203313614355444,20.46272046918493,-7.76929,110.3850272,-0.859,-7.7696723,110.3850262,-2.327
1788935097.8807633,42.53530295607122,42.53530295607122,0.0,False,False,20.203313614355444,20.46272046918493,-7.76929,110.3850272,-0.859,-7.7696723,110.3850262,-2.327
1788935098.083377,42.53530295607122,42.53530295607122,0.0,False,False,20.203313614355444,20.46272046918493,-7.76929,110.3850272,-0.859,-7.7696723,110.3850262,-2.327
1788935098.2854016,42.53530295607122,42.53530295607122,0.0,False,False,20.203313614355444,20.46272046918493,-7.76929,110.3850272,-0.859,-7.7696723,110.3850262,-2.327
1788935098.4888573,42.53530295607122,42.53530295607122,0.0,False,False,20.203313614355444,20.46272046918493,-7.76929,110.3850272,-0.859,-7.7696723,110.3850262,-2.327
1788935098.6915169,42.53530295607122,42.53530295607122,0.0,False,False,20.203313614355444,20.46272046918493,-7.76929,110.3850272,-0.859,-7.7696723,110.3850262,-2.327
1788935098.9050617,42.53530295607122,42.53530295607122,0.0,False,False,20.203313614355444,20.46272046918493,-7.76929,110.3850272,-0.859,-7.7696723,110.3850262,-2.327
1788935099.10724,42.53530295607122,42.53530295607122,0.0,False,False,20.203313614355444,20.46272046918493,-7.76929,110.3850272,-0.859,-7.7696723,110.3850262,-2.327
1788935099.308906,42.53530295607122,42.53530295607122,0.0,False,False,20.203313614355444,20.46272046918493,-7.76929,110.3850272,-0.859,-7.7696723,110.3850262,-2.327
1788935099.508895,42.53530295607122,42.53530295607122,0.0,False,False,20.203313614355444,20.46272046918493,-7.76929,110.3850272,-0.859,-7.7696723,110.3850262,-2.327
1788935099.710584,42.53530295607122,42.53530295607122,0.0,False,False,20.203313614355444,20.46272046918493,-7.76929,110.3850272,-0.859,-7.7696723,110.3850262,-2.327
1788935099.9114702,42.53530295607122,42.53530295607122,0.0,False,False,20.203313614355444,20.46272046918493,-7.76929,110.3850272,-0.859,-7.7696723,110.3850262,-2.327
1788935100.126292,42.53530295607122,42.53530295607122,0.0,False,False,20.203313614355444,20.46272046918493,-7.76929,110.3850272,-0.859,-7.7696723,110.3850262,-2.327
1788935100.3294797,42.53530295607122,42.53530295607122,0.0,False,False,20.203313614355444,20.46272046918493,-7.76929,110.3850272,-0.859,-7.7696723,110.3850262,-2.327
1788935100.5441837,42.53530295607122,42.53530295607122,0.0,False,False,20.203313614355444,20.46272046918493,-7.76929,110.3850272,-0.859,-7.7696723,110.3850262,-2.327
1788935100.746347,42.53530295607122,42.53530295607122,0.0,False,False,20.203313614355444,20.46272046918493,-7.76929,110.3850272,-0.859,-7.7696723,110.3850262,-2.327
1788935100.9470558,42.53530295607122,42.53530295607122,0.0,False,False,20.203313614355444,20.46272046918493,-7.76929,110.3850272,-0.859,-7.7696723,110.3850262,-2.327
1788935101.148374,42.53530295607122,42.53530295607122,0.0,False,False,20.203313614355444,20.46272046918493,-7.76929,110.3850272,-0.859,-7.7696723,110.3850262,-2.327
1788935101.3507626,42.53526845530378,42.53526845530378,0.0,False,False,20.203455150047976,20.46272046918493,-7.76929,110.3850272,-0.86,-7.7696723,110.3850262,-2.327
1788935101.5656278,42.53526845530378,42.53526845530378,0.0,False,False,20.203455150047976,20.46272046918493,-7.76929,110.3850272,-0.86,-7.7696723,110.3850262,-2.327
1788935101.7658381,42.53526845530378,42.53526845530378,0.0,False,False,20.203455150047976,20.46272046918493,-7.76929,110.3850272,-0.86,-7.7696723,110.3850262,-2.327
1788935101.9706395,42.53526845530378,42.53526845530378,0.0,False,False,20.203455150047976,20.46272046918493,-7.76929,110.3850272,-0.86,-7.7696723,110.3850262,-2.327
1788935102.1851919,42.53526845530378,42.53526845530378,0.0,False,False,20.203455150047976,20.46272046918493,-7.76929,110.3850272,-0.86,-7.7696723,110.3850262,-2.327
1788935102.3873887,42.53526845530378,42.53526845530378,0.0,False,False,20.203455150047976,20.46272046918493,-7.76929,110.3850272,-0.86,-7.7696723,110.3850262,-2.327
1788935102.5877094,42.53526845530378,42.53526845530378,0.0,False,False,20.203455150047976,20.46272046918493,-7.76929,110.3850272,-0.86,-7.7696723,110.3850262,-2.327
1788935102.7968414,42.53526845530378,42.53526845530378,0.0,False,False,20.203455150047976,20.46272046918493,-7.76929,110.3850272,-0.86,-7.7696723,110.3850262,-2.327
1788935102.9977586,42.53526845530378,42.53526845530378,0.0,False,False,20.203455150047976,20.46272046918493,-7.76929,110.3850272,-0.86,-7.7696723,110.3850262,-2.327
1788935103.1990483,42.53526845530378,42.53526845530378,0.0,False,False,20.203455150047976,20.46272046918493,-7.76929,110.3850272,-0.86,-7.7696723,110.3850262,-2.327
1788935103.4013457,42.53526845530378,42.53526845530378,0.0,False,False,20.203455150047976,20.46272046918493,-7.76929,110.3850272,-0.86,-7.7696723,110.3850262,-2.327
1788935103.616339,42.53526845530378,42.53526845530378,0.0,False,False,20.203455150047976,20.46272046918493,-7.76929,110.3850272,-0.86,-7.7696723,110.3850262,-2.327
1788935103.8184857,42.53526845530378,42.53526845530378,0.0,False,False,20.203455150047976,20.46272046918493,-7.76929,110.3850272,-0.86,-7.7696723,110.3850262,-2.327
1788935104.0198064,42.53526845530378,42.53526845530378,0.0,False,False,20.203455150047976,20.46272046918493,-7.76929,110.3850272,-0.86,-7.7696723,110.3850262,-2.327
1788935104.2338254,42.53526845530378,42.53526845530378,0.0,False,False,20.203455150047976,20.46272046918493,-7.76929,110.3850272,-0.86,-7.7696723,110.3850262,-2.327
1788935104.4348655,42.53526845530378,42.53526845530378,0.0,False,False,20.203455150047976,20.46272046918493,-7.76929,110.3850272,-0.86,-7.7696723,110.3850262,-2.327
1788935104.6367896,42.53526845530378,42.53526845530378,0.0,False,False,20.203455150047976,20.46272046918493,-7.76929,110.3850272,-0.86,-7.7696723,110.3850262,-2.327
1788935104.8377526,42.53526845530378,42.53526845530378,0.0,False,False,20.203455150047976,20.46272046918493,-7.76929,110.3850272,-0.86,-7.7696723,110.3850262,-2.327
1788935105.0402274,42.53526845530378,42.53526845530378,0.0,False,False,20.203455150047976,20.46272046918493,-7.76929,110.3850272,-0.86,-7.7696723,110.3850262,-2.327
1788935105.2429383,42.53526845530378,42.53526845530378,0.0,False,False,20.203455150047976,20.46272046918493,-7.76929,110.3850272,-0.86,-7.7696723,110.3850262,-2.327
1788935105.4439611,42.53526845530378,42.53526845530378,0.0,False,False,20.203455150047976,20.46272046918493,-7.76929,110.3850272,-0.86,-7.7696723,110.3850262,-2.327
1788935105.6442943,42.53526845530378,42.53526845530378,0.0,False,False,20.203455150047976,20.46272046918493,-7.76929,110.3850272,-0.86,-7.7696723,110.3850262,-2.327
1788935105.8483834,42.53526845530378,42.53526845530378,0.0,False,False,20.203455150047976,20.46272046918493,-7.76929,110.3850272,-0.86,-7.7696723,110.3850262,-2.327
1788935106.0522268,42.53526845530378,42.53526845530378,0.0,False,False,20.203455150047976,20.46272046918493,-7.76929,110.3850272,-0.86,-7.7696723,110.3850262,-2.327
1788935106.2541482,42.53526845530378,42.53526845530378,0.0,False,False,20.203455150047976,20.46272046918493,-7.76929,110.3850272,-0.86,-7.7696723,110.3850262,-2.327
1788935106.4614208,42.53526845530378,42.53526845530378,0.0,False,False,20.203455150047976,20.46272046918493,-7.76929,110.3850272,-0.86,-7.7696723,110.3850262,-2.327
1788935106.670856,42.53526845530378,42.53526845530378,0.0,False,False,20.203455150047976,20.46272046918493,-7.76929,110.3850272,-0.86,-7.7696723,110.3850262,-2.327
1788935106.8724983,42.53526845530378,42.53526845530378,0.0,False,False,20.203455150047976,20.46272046918493,-7.76929,110.3850272,-0.86,-7.7696723,110.3850262,-2.327
1788935107.0725944,42.53526845530378,42.53526845530378,0.0,False,False,20.203455150047976,20.46272046918493,-7.76929,110.3850272,-0.86,-7.7696723,110.3850262,-2.327
1788935107.2759278,42.53526845530378,42.53526845530378,0.0,False,False,20.203455150047976,20.46272046918493,-7.76929,110.3850272,-0.86,-7.7696723,110.3850262,-2.327
1788935107.4796717,42.53526845530378,42.53526845530378,0.0,False,False,20.203455150047976,20.46272046918493,-7.76929,110.3850272,-0.86,-7.7696723,110.3850262,-2.327
1788935107.6877646,42.53526845530378,42.53526845530378,0.0,False,False,20.203455150047976,20.46272046918493,-7.76929,110.3850272,-0.86,-7.7696723,110.3850262,-2.327
1788935107.8954644,42.53526845530378,42.53526845530378,0.0,False,False,20.203455150047976,20.46272046918493,-7.76929,110.3850272,-0.86,-7.7696723,110.3850262,-2.327
1788935108.0959885,42.53526845530378,42.53526845530378,0.0,False,False,20.203455150047976,20.46272046918493,-7.76929,110.3850272,-0.86,-7.7696723,110.3850262,-2.327
1788935108.3038042,42.53526845530378,42.53526845530378,0.0,False,False,20.203455150047976,20.46272046918493,-7.76929,110.3850272,-0.86,-7.7696723,110.3850262,-2.327
1788935108.5055025,42.53526845530378,42.53526845530378,0.0,False,False,20.203455150047976,20.46272046918493,-7.76929,110.3850272,-0.86,-7.7696723,110.3850262,-2.327
1788935108.7066822,42.53526845530378,42.53526845530378,0.0,False,False,20.203455150047976,20.46272046918493,-7.76929,110.3850272,-0.86,-7.7696723,110.3850262,-2.327
1788935108.9099987,42.53526845530378,42.53526845530378,0.0,False,False,20.203455150047976,20.46272046918493,-7.76929,110.3850272,-0.86,-7.7696723,110.3850262,-2.327
1788935109.115806,42.53526845530378,42.53526845530378,0.0,False,False,20.203455150047976,20.46272046918493,-7.76929,110.3850272,-0.86,-7.7696723,110.3850262,-2.327
1788935109.3163044,42.53526845530378,42.53526845530378,0.0,False,False,20.203455150047976,20.46272046918493,-7.76929,110.3850272,-0.86,-7.7696723,110.3850262,-2.327
1788935109.5163107,42.53526845530378,42.53526845530378,0.0,False,False,20.203455150047976,20.46272046918493,-7.76929,110.3850272,-0.86,-7.7696723,110.3850262,-2.327
1788935109.7196174,42.53526845530378,42.53526845530378,0.0,False,False,20.203455150047976,20.46272046918493,-7.76929,110.3850272,-0.86,-7.7696723,110.3850262,-2.327
1788935109.934147,42.53526845530378,42.53526845530378,0.0,False,False,20.203455150047976,20.46272046918493,-7.76929,110.3850272,-0.86,-7.7696723,110.3850262,-2.327
1788935110.141251,42.53526845530378,42.53526845530378,0.0,False,False,20.203455150047976,20.46272046918493,-7.76929,110.3850272,-0.86,-7.7696723,110.3850262,-2.327
1788935110.3475082,42.53526845530378,42.53526845530378,0.0,False,False,20.203455150047976,20.46272046918493,-7.76929,110.3850272,-0.86,-7.7696723,110.3850262,-2.327
1788935110.5571573,42.53526845530378,42.53526845530378,0.0,False,False,20.203455150047976,20.46272046918493,-7.76929,110.3850272,-0.86,-7.7696723,110.3850262,-2.327
1788935110.757379,42.53526845530378,42.53526845530378,0.0,False,False,20.203455150047976,20.46272046918493,-7.76929,110.3850272,-0.86,-7.7696723,110.3850262,-2.327
1788935110.9645302,42.53526845530378,42.53526845530378,0.0,False,False,20.203455150047976,20.46272046918493,-7.76929,110.3850272,-0.86,-7.7696723,110.3850262,-2.327
1788935111.171141,42.53526845530378,42.53526845530378,0.0,False,False,20.203455150047976,20.46272046918493,-7.76929,110.3850272,-0.86,-7.7696723,110.3850262,-2.327
1788935111.3757856,42.53526845530378,42.53526845530378,0.0,False,False,20.203455150047976,20.46272046918493,-7.76929,110.3850272,-0.86,-7.7696723,110.3850262,-2.327
1788935111.5767727,42.53526845530378,42.53526845530378,0.0,False,False,20.203455150047976,20.46272046918493,-7.76929,110.3850272,-0.86,-7.7696723,110.3850262,-2.327
1788935111.7818253,42.53526845530378,42.53526845530378,0.0,False,False,20.203455150047976,20.46272046918493,-7.76929,110.3850272,-0.86,-7.7696723,110.3850262,-2.327
1788935111.9875286,42.53526845530378,42.53526845530378,0.0,False,False,20.203455150047976,20.46272046918493,-7.76929,110.3850272,-0.86,-7.7696723,110.3850262,-2.327
1788935112.1988819,42.53526845530378,42.53526845530378,0.0,False,False,20.203455150047976,20.46272046918493,-7.76929,110.3850272,-0.86,-7.7696723,110.3850262,-2.327
1788935112.4043567,42.53526845530378,42.53526845530378,0.0,False,False,20.203455150047976,20.46272046918493,-7.76929,110.3850272,-0.86,-7.7696723,110.3850262,-2.327
1788935112.6190786,42.53526845530378,42.53526845530378,0.0,False,False,20.203455150047976,20.46272046918493,-7.76929,110.3850272,-0.86,-7.7696723,110.3850262,-2.327
1788935112.8250418,42.53526845530378,42.53526845530378,0.0,False,False,20.203455150047976,20.46272046918493,-7.76929,110.3850272,-0.86,-7.7696723,110.3850262,-2.327
1788935113.032087,42.53526845530378,42.53526845530378,0.0,False,False,20.203455150047976,20.46272046918493,-7.76929,110.3850272,-0.86,-7.7696723,110.3850262,-2.327
1788935113.2326384,42.53526845530378,42.53526845530378,0.0,False,False,20.203455150047976,20.46272046918493,-7.76929,110.3850272,-0.86,-7.7696723,110.3850262,-2.327
1788935113.4394565,42.53526845530378,42.53526845530378,0.0,False,False,20.203455150047976,20.46272046918493,-7.76929,110.3850272,-0.86,-7.7696723,110.3850262,-2.327
1788935113.6509633,42.53526845530378,42.53526845530378,0.0,False,False,20.203455150047976,20.46272046918493,-7.76929,110.3850272,-0.86,-7.7696723,110.3850262,-2.327
1788935113.8624995,42.53526845530378,42.53526845530378,0.0,False,False,20.203455150047976,20.46272046918493,-7.76929,110.3850272,-0.86,-7.7696723,110.3850262,-2.327
1788935114.0724435,42.53526845530378,42.53526845530378,0.0,False,False,20.203455150047976,20.46272046918493,-7.76929,110.3850272,-0.86,-7.7696723,110.3850262,-2.327
1788935114.2762244,42.53526845530378,42.53526845530378,0.0,False,False,20.203455150047976,20.46272046918493,-7.76929,110.3850272,-0.86,-7.7696723,110.3850262,-2.327
1788935114.482652,42.53526845530378,42.53526845530378,0.0,False,False,20.203455150047976,20.46272046918493,-7.76929,110.3850272,-0.86,-7.7696723,110.3850262,-2.327
1788935114.6909273,42.53526845530378,42.53526845530378,0.0,False,False,20.203455150047976,20.46272046918493,-7.76929,110.3850272,-0.86,-7.7696723,110.3850262,-2.327
1788935114.8930347,42.53526845530378,42.53526845530378,0.0,False,False,20.203455150047976,20.46272046918493,-7.76929,110.3850272,-0.86,-7.7696723,110.3850262,-2.327
1788935115.101081,42.53530295607122,42.53530295607122,0.0,False,False,20.203313614355444,20.46272046918493,-7.76929,110.3850272,-0.859,-7.7696723,110.3850262,-2.327
1788935115.3082905,42.53530295607122,42.53530295607122,0.0,False,False,20.203313614355444,20.46272046918493,-7.76929,110.3850272,-0.859,-7.7696723,110.3850262,-2.327
1788935115.5107872,42.53530295607122,42.53530295607122,0.0,False,False,20.203313614355444,20.46272046918493,-7.76929,110.3850272,-0.859,-7.7696723,110.3850262,-2.327
1788935115.7174163,42.53530295607122,42.53530295607122,0.0,False,False,20.203313614355444,20.46272046918493,-7.76929,110.3850272,-0.859,-7.7696723,110.3850262,-2.327
1788935115.9239726,42.53530295607122,42.53530295607122,0.0,False,False,20.203313614355444,20.46272046918493,-7.76929,110.3850272,-0.859,-7.7696723,110.3850262,-2.327
1788935116.1277823,42.53530295607122,42.53530295607122,0.0,False,False,20.203313614355444,20.46272046918493,-7.76929,110.3850272,-0.859,-7.7696723,110.3850262,-2.327
1788935116.3365593,42.53530295607122,42.53530295607122,0.0,False,False,20.203313614355444,20.46272046918493,-7.76929,110.3850272,-0.859,-7.7696723,110.3850262,-2.327
1788935116.5375688,42.53530295607122,42.53530295607122,0.0,False,False,20.203313614355444,20.46272046918493,-7.76929,110.3850272,-0.859,-7.7696723,110.3850262,-2.327
1788935116.7393217,42.53530295607122,42.53530295607122,0.0,False,False,20.203313614355444,20.46272046918493,-7.76929,110.3850272,-0.859,-7.7696723,110.3850262,-2.327
1788935116.9477873,42.53530295607122,42.53530295607122,0.0,False,False,20.203313614355444,20.46272046918493,-7.76929,110.3850272,-0.859,-7.7696723,110.3850262,-2.327
1788935117.1498158,42.53530295607122,42.53530295607122,0.0,False,False,20.203313614355444,20.46272046918493,-7.76929,110.3850272,-0.859,-7.7696723,110.3850262,-2.327
1788935117.3552177,42.53530295607122,42.53530295607122,0.0,False,False,20.203313614355444,20.46272046918493,-7.76929,110.3850272,-0.859,-7.7696723,110.3850262,-2.327
1788935117.5700908,42.53530295607122,42.53530295607122,0.0,False,False,20.203313614355444,20.46272046918493,-7.76929,110.3850272,-0.859,-7.7696723,110.3850262,-2.327
1788935117.776131,42.53530295607122,42.53530295607122,0.0,False,False,20.203313614355444,20.46272046918493,-7.76929,110.3850272,-0.859,-7.7696723,110.3850262,-2.327
1788935117.9766376,42.53530295607122,42.53530295607122,0.0,False,False,20.203313614355444,20.46272046918493,-7.76929,110.3850272,-0.859,-7.7696723,110.3850262,-2.327
1788935118.1804862,42.53530295607122,42.53530295607122,0.0,False,False,20.203313614355444,20.46272046918493,-7.76929,110.3850272,-0.859,-7.7696723,110.3850262,-2.327
1788935118.3813338,42.53530295607122,42.53530295607122,0.0,False,False,20.203313614355444,20.46272046918493,-7.76929,110.3850272,-0.859,-7.7696723,110.3850262,-2.327
1788935118.5915146,42.53530295607122,42.53530295607122,0.0,False,False,20.203313614355444,20.46272046918493,-7.76929,110.3850272,-0.859,-7.7696723,110.3850262,-2.327
1788935118.7997646,42.53530295607122,42.53530295607122,0.0,False,False,20.203313614355444,20.46272046918493,-7.76929,110.3850272,-0.859,-7.7696723,110.3850262,-2.327
1788935119.0011053,42.53530295607122,42.53530295607122,0.0,False,False,20.203313614355444,20.46272046918493,-7.76929,110.3850272,-0.859,-7.7696723,110.3850262,-2.327
1788935119.2017925,42.53530295607122,42.53530295607122,0.0,False,False,20.203313614355444,20.46272046918493,-7.76929,110.3850272,-0.859,-7.7696723,110.3850262,-2.327
1788935119.4032087,42.53530295607122,42.53530295607122,0.0,False,False,20.203313614355444,20.46272046918493,-7.76929,110.3850272,-0.859,-7.7696723,110.3850262,-2.327
1788935119.618713,42.53530295607122,42.53530295607122,0.0,False,False,20.203313614355444,20.46272046918493,-7.76929,110.3850272,-0.859,-7.7696723,110.3850262,-2.327
1788935119.8239715,42.53530295607122,42.53530295607122,0.0,False,False,20.203313614355444,20.46272046918493,-7.76929,110.3850272,-0.859,-7.7696723,110.3850262,-2.327
1788935120.0255146,42.53530295607122,42.53530295607122,0.0,False,False,20.203313614355444,20.46272046918493,-7.76929,110.3850272,-0.859,-7.7696723,110.3850262,-2.327
1788935120.230365,42.53530295607122,42.53530295607122,0.0,False,False,20.203313614355444,20.46272046918493,-7.76929,110.3850272,-0.859,-7.7696723,110.3850262,-2.327
1788935120.4326377,42.53530295607122,42.53530295607122,0.0,False,False,20.203313614355444,20.46272046918493,-7.76929,110.3850272,-0.859,-7.7696723,110.3850262,-2.327
1788935120.635669,42.53530295607122,42.53530295607122,0.0,False,False,20.203313614355444,20.46272046918493,-7.76929,110.3850272,-0.859,-7.7696723,110.3850262,-2.327
1788935120.8472545,42.53530295607122,42.53530295607122,0.0,False,False,20.203313614355444,20.46272046918493,-7.76929,110.3850272,-0.859,-7.7696723,110.3850262,-2.327
1788935121.047922,42.53530295607122,42.53530295607122,0.0,False,False,20.203313614355444,20.46272046918493,-7.76929,110.3850272,-0.859,-7.7696723,110.3850262,-2.327
1788935121.2485392,42.53530295607122,42.53530295607122,0.0,False,False,20.203313614355444,20.46272046918493,-7.76929,110.3850272,-0.859,-7.7696723,110.3850262,-2.327
1788935121.4490476,42.53530295607122,42.53530295607122,0.0,False,False,20.203313614355444,20.46272046918493,-7.76929,110.3850272,-0.859,-7.7696723,110.3850262,-2.327
1788935121.650437,42.53530295607122,42.53530295607122,0.0,False,False,20.203313614355444,20.46272046918493,-7.76929,110.3850272,-0.859,-7.7696723,110.3850262,-2.327
1788935121.851921,42.53530295607122,42.53530295607122,0.0,False,False,20.203313614355444,20.46272046918493,-7.76929,110.3850272,-0.859,-7.7696723,110.3850262,-2.327
1788935122.0535588,42.53530295607122,42.53530295607122,0.0,False,False,20.203313614355444,20.46272046918493,-7.76929,110.3850272,-0.859,-7.7696723,110.3850262,-2.327
1788935122.2543259,42.53530295607122,42.53530295607122,0.0,False,False,20.203313614355444,20.46272046918493,-7.76929,110.3850272,-0.859,-7.7696723,110.3850262,-2.327
1788935122.4687858,42.53530295607122,42.53530295607122,0.0,False,False,20.203313614355444,20.46272046918493,-7.76929,110.3850272,-0.859,-7.7696723,110.3850262,-2.327
1788935122.6824722,42.53530295607122,42.53530295607122,0.0,False,False,20.203313614355444,20.46272046918493,-7.76929,110.3850272,-0.859,-7.7696723,110.3850262,-2.327
1788935122.897584,42.53530295607122,42.53530295607122,0.0,False,False,20.203313614355444,20.46272046918493,-7.76929,110.3850272,-0.859,-7.7696723,110.3850262,-2.327
1788935123.1021695,42.53530295607122,42.53530295607122,0.0,False,False,20.203313614355444,20.46272046918493,-7.76929,110.3850272,-0.859,-7.7696723,110.3850262,-2.327
1788935123.314442,42.53530295607122,42.53530295607122,0.0,False,False,20.203313614355444,20.46272046918493,-7.76929,110.3850272,-0.859,-7.7696723,110.3850262,-2.327
1788935123.5141544,42.53530295607122,42.53530295607122,0.0,False,False,20.203313614355444,20.46272046918493,-7.76929,110.3850272,-0.859,-7.7696723,110.3850262,-2.327
1788935123.7173324,42.53530295607122,42.53530295607122,0.0,False,False,20.203313614355444,20.46272046918493,-7.76929,110.3850272,-0.859,-7.7696723,110.3850262,-2.327
1788935123.9189377,42.53530295607122,42.53530295607122,0.0,False,False,20.203313614355444,20.46272046918493,-7.76929,110.3850272,-0.859,-7.7696723,110.3850262,-2.327
1788935124.1203566,42.53530295607122,42.53530295607122,0.0,False,False,20.203313614355444,20.46272046918493,-7.76929,110.3850272,-0.859,-7.7696723,110.3850262,-2.327
1788935124.3243103,42.53530295607122,42.53530295607122,0.0,False,False,20.203313614355444,20.46272046918493,-7.76929,110.3850272,-0.859,-7.7696723,110.3850262,-2.327
1788935124.536919,42.53530295607122,42.53530295607122,0.0,False,False,20.203313614355444,20.46272046918493,-7.76929,110.3850272,-0.859,-7.7696723,110.3850262,-2.327
1788935124.7405858,42.53530295607122,42.53530295607122,0.0,False,False,20.203313614355444,20.46272046918493,-7.76929,110.3850272,-0.859,-7.7696723,110.3850262,-2.327
1788935124.9410195,42.53526845530378,42.53526845530378,0.0,False,False,20.203455150047976,20.46272046918493,-7.76929,110.3850272,-0.86,-7.7696723,110.3850262,-2.327
1788935125.1428316,42.53526845530378,42.53526845530378,0.0,False,False,20.203455150047976,20.46272046918493,-7.76929,110.3850272,-0.86,-7.7696723,110.3850262,-2.327
1788935125.3443263,42.53526845530378,42.53526845530378,0.0,False,False,20.203455150047976,20.46272046918493,-7.76929,110.3850272,-0.86,-7.7696723,110.3850262,-2.327
1788935125.5592818,42.53526845530378,42.53526845530378,0.0,False,False,20.203455150047976,20.46272046918493,-7.76929,110.3850272,-0.86,-7.7696723,110.3850262,-2.327
1788935125.7592735,42.53526845530378,42.53526845530378,0.0,False,False,20.203455150047976,20.46272046918493,-7.76929,110.3850272,-0.86,-7.7696723,110.3850262,-2.327
1788935125.9724073,42.53526845530378,42.53526845530378,0.0,False,False,20.203455150047976,20.46272046918493,-7.76929,110.3850272,-0.86,-7.7696723,110.3850262,-2.327
1788935126.1742873,42.53526845530378,42.53526845530378,0.0,False,False,20.203455150047976,20.46272046918493,-7.76929,110.3850272,-0.86,-7.7696723,110.3850262,-2.327
1788935126.3889737,42.53526845530378,42.53526845530378,0.0,False,False,20.203455150047976,20.46272046918493,-7.76929,110.3850272,-0.86,-7.7696723,110.3850262,-2.327
1788935126.5905583,42.53526845530378,42.53526845530378,0.0,False,False,20.203455150047976,20.46272046918493,-7.76929,110.3850272,-0.86,-7.7696723,110.3850262,-2.327
1788935126.7936163,42.53526845530378,42.53526845530378,0.0,False,False,20.203455150047976,20.46272046918493,-7.76929,110.3850272,-0.86,-7.7696723,110.3850262,-2.327
1788935126.9958055,42.53526845530378,42.53526845530378,0.0,False,False,20.203455150047976,20.46272046918493,-7.76929,110.3850272,-0.86,-7.7696723,110.3850262,-2.327
1788935127.198998,42.53526845530378,42.53526845530378,0.0,False,False,20.203455150047976,20.46272046918493,-7.76929,110.3850272,-0.86,-7.7696723,110.3850262,-2.327
1788935127.4015863,42.53526845530378,42.53526845530378,0.0,False,False,20.203455150047976,20.46272046918493,-7.76929,110.3850272,-0.86,-7.7696723,110.3850262,-2.327
1788935127.60391,42.53526845530378,42.53526845530378,0.0,False,False,20.203455150047976,20.46272046918493,-7.76929,110.3850272,-0.86,-7.7696723,110.3850262,-2.327
1788935127.8083076,42.53526845530378,42.53526845530378,0.0,False,False,20.203455150047976,20.46272046918493,-7.76929,110.3850272,-0.86,-7.7696723,110.3850262,-2.327
1788935128.0091746,42.53526845530378,42.53526845530378,0.0,False,False,20.203455150047976,20.46272046918493,-7.76929,110.3850272,-0.86,-7.7696723,110.3850262,-2.327
1788935128.2222128,42.53526845530378,42.53526845530378,0.0,False,False,20.203455150047976,20.46272046918493,-7.76929,110.3850272,-0.86,-7.7696723,110.3850262,-2.327
1788935128.425583,42.53526845530378,42.53526845530378,0.0,False,False,20.203455150047976,20.46272046918493,-7.76929,110.3850272,-0.86,-7.7696723,110.3850262,-2.327
1788935128.6402054,42.53526845530378,42.53526845530378,0.0,False,False,20.203455150047976,20.46272046918493,-7.76929,110.3850272,-0.86,-7.7696723,110.3850262,-2.327
1788935128.8434036,42.53526845530378,42.53526845530378,0.0,False,False,20.203455150047976,20.46272046918493,-7.76929,110.3850272,-0.86,-7.7696723,110.3850262,-2.327
1788935129.058666,42.53530295607122,42.53530295607122,0.0,False,False,20.203313614355444,20.46272046918493,-7.76929,110.3850272,-0.859,-7.7696723,110.3850262,-2.327
1788935129.259455,42.53530295607122,42.53530295607122,0.0,False,False,20.203313614355444,20.46272046918493,-7.76929,110.3850272,-0.859,-7.7696723,110.3850262,-2.327
1788935129.46064,42.53530295607122,42.53530295607122,0.0,False,False,20.203313614355444,20.46272046918493,-7.76929,110.3850272,-0.859,-7.7696723,110.3850262,-2.327
1788935129.661578,42.53530295607122,42.53530295607122,0.0,False,False,20.203313614355444,20.46272046918493,-7.76929,110.3850272,-0.859,-7.7696723,110.3850262,-2.327
1788935129.8636415,42.53530295607122,42.53530295607122,0.0,False,False,20.203313614355444,20.46272046918493,-7.76929,110.3850272,-0.859,-7.7696723,110.3850262,-2.327
1788935130.0657635,42.53526845530378,42.53526845530378,0.0,False,False,20.203455150047976,20.46272046918493,-7.76929,110.3850272,-0.86,-7.7696723,110.3850262,-2.327
1788935130.26728,42.53526845530378,42.53526845530378,0.0,False,False,20.203455150047976,20.46272046918493,-7.76929,110.3850272,-0.86,-7.7696723,110.3850262,-2.327
1788935130.4822042,42.53526845530378,42.53526845530378,0.0,False,False,20.203455150047976,20.46272046918493,-7.76929,110.3850272,-0.86,-7.7696723,110.3850262,-2.327
1788935130.68556,42.53526845530378,42.53526845530378,0.0,False,False,20.203455150047976,20.46272046918493,-7.76929,110.3850272,-0.86,-7.7696723,110.3850262,-2.327
1788935130.8857214,42.53526845530378,42.53526845530378,0.0,False,False,20.203455150047976,20.46272046918493,-7.76929,110.3850272,-0.86,-7.7696723,110.3850262,-2.327
1788935131.0945623,42.53526845530378,42.53526845530378,0.0,False,False,20.203455150047976,20.46272046918493,-7.76929,110.3850272,-0.86,-7.7696723,110.3850262,-2.327
1788935131.2959466,42.53526845530378,42.53526845530378,0.0,False,False,20.203455150047976,20.46272046918493,-7.76929,110.3850272,-0.86,-7.7696723,110.3850262,-2.327
1788935131.4997828,42.53526845530378,42.53526845530378,0.0,False,False,20.203455150047976,20.46272046918493,-7.76929,110.3850272,-0.86,-7.7696723,110.3850262,-2.327
1788935131.7024791,42.53530295607122,42.53530295607122,0.0,False,False,20.203313614355444,20.46272046918493,-7.76929,110.3850272,-0.859,-7.7696723,110.3850262,-2.327
1788935131.9039273,42.53530295607122,42.53530295607122,0.0,False,False,20.203313614355444,20.46272046918493,-7.76929,110.3850272,-0.859,-7.7696723,110.3850262,-2.327
1788935132.106784,42.53530295607122,42.53530295607122,0.0,False,False,20.203313614355444,20.46272046918493,-7.76929,110.3850272,-0.859,-7.7696723,110.3850262,-2.327
1788935132.3204792,42.53530295607122,42.53530295607122,0.0,False,False,20.203313614355444,20.46272046918493,-7.76929,110.3850272,-0.859,-7.7696723,110.3850262,-2.327
1788935132.5218785,42.53530295607122,42.53530295607122,0.0,False,False,20.203313614355444,20.46272046918493,-7.76929,110.3850272,-0.859,-7.7696723,110.3850262,-2.327
1788935132.7237809,42.53530295607122,42.53530295607122,0.0,False,False,20.203313614355444,20.46272046918493,-7.76929,110.3850272,-0.859,-7.7696723,110.3850262,-2.327
1788935132.9272857,42.53530295607122,42.53530295607122,0.0,False,False,20.203313614355444,20.46272046918493,-7.76929,110.3850272,-0.859,-7.7696723,110.3850262,-2.327
1788935133.128709,42.53530295607122,42.53530295607122,0.0,False,False,20.203313614355444,20.46272046918493,-7.76929,110.3850272,-0.859,-7.7696723,110.3850262,-2.327
1788935133.3288956,42.53530295607122,42.53530295607122,0.0,False,False,20.203313614355444,20.46272046918493,-7.76929,110.3850272,-0.859,-7.7696723,110.3850262,-2.327
1788935133.5442004,42.53530295607122,42.53530295607122,0.0,False,False,20.203313614355444,20.46272046918493,-7.76929,110.3850272,-0.859,-7.7696723,110.3850262,-2.327
1788935133.7459328,42.53530295607122,42.53530295607122,0.0,False,False,20.203313614355444,20.46272046918493,-7.76929,110.3850272,-0.859,-7.7696723,110.3850262,-2.327
1788935133.9471867,42.53530295607122,42.53530295607122,0.0,False,False,20.203313614355444,20.46272046918493,-7.76929,110.3850272,-0.859,-7.7696723,110.3850262,-2.327
1788935134.150564,42.53530295607122,42.53530295607122,0.0,False,False,20.203313614355444,20.46272046918493,-7.76929,110.3850272,-0.859,-7.7696723,110.3850262,-2.327
1788935134.3535104,42.53530295607122,42.53530295607122,0.0,False,False,20.203313614355444,20.46272046918493,-7.76929,110.3850272,-0.859,-7.7696723,110.3850262,-2.327
1788935134.562204,42.53530295607122,42.53530295607122,0.0,False,False,20.203313614355444,20.46272046918493,-7.76929,110.3850272,-0.859,-7.7696723,110.3850262,-2.327
1788935134.764183,42.53530295607122,42.53530295607122,0.0,False,False,20.203313614355444,20.46272046918493,-7.76929,110.3850272,-0.859,-7.7696723,110.3850262,-2.327
1788935134.9654508,42.53530295607122,42.53530295607122,0.0,False,False,20.203313614355444,20.46272046918493,-7.76929,110.3850272,-0.859,-7.7696723,110.3850262,-2.327
1788935135.170003,42.53530295607122,42.53530295607122,0.0,False,False,20.203313614355444,20.46272046918493,-7.76929,110.3850272,-0.859,-7.7696723,110.3850262,-2.327
1788935135.3707347,42.53530295607122,42.53530295607122,0.0,False,False,20.203313614355444,20.46272046918493,-7.76929,110.3850272,-0.859,-7.7696723,110.3850262,-2.327
1788935135.571547,42.53530295607122,42.53530295607122,0.0,False,False,20.203313614355444,20.46272046918493,-7.76929,110.3850272,-0.859,-7.7696723,110.3850262,-2.327
1788935135.7717235,42.53530295607122,42.53530295607122,0.0,False,False,20.203313614355444,20.46272046918493,-7.76929,110.3850272,-0.859,-7.7696723,110.3850262,-2.327
1788935135.9835544,42.53530295607122,42.53530295607122,0.0,False,False,20.203313614355444,20.46272046918493,-7.76929,110.3850272,-0.859,-7.7696723,110.3850262,-2.327
1788935136.183566,42.53530295607122,42.53530295607122,0.0,False,False,20.203313614355444,20.46272046918493,-7.76929,110.3850272,-0.859,-7.7696723,110.3850262,-2.327
1788935136.3854446,42.53530295607122,42.53530295607122,0.0,False,False,20.203313614355444,20.46272046918493,-7.76929,110.3850272,-0.859,-7.7696723,110.3850262,-2.327
1788935136.586587,42.53530295607122,42.53530295607122,0.0,False,False,20.203313614355444,20.46272046918493,-7.76929,110.3850272,-0.859,-7.7696723,110.3850262,-2.327
1788935136.7898185,42.53530295607122,42.53530295607122,0.0,False,False,20.203313614355444,20.46272046918493,-7.76929,110.3850272,-0.859,-7.7696723,110.3850262,-2.327
1788935136.992483,42.53530295607122,42.53530295607122,0.0,False,False,20.203313614355444,20.46272046918493,-7.76929,110.3850272,-0.859,-7.7696723,110.3850262,-2.327
1788935137.1953883,42.53526845530378,42.53526845530378,0.0,False,False,20.203455150047976,20.46272046918493,-7.76929,110.3850272,-0.86,-7.7696723,110.3850262,-2.327
1788935137.3971655,42.53526845530378,42.53526845530378,0.0,False,False,20.203455150047976,20.46272046918493,-7.76929,110.3850272,-0.86,-7.7696723,110.3850262,-2.327
1788935137.5978324,42.53526845530378,42.53526845530378,0.0,False,False,20.203455150047976,20.46272046918493,-7.76929,110.3850272,-0.86,-7.7696723,110.3850262,-2.327
1788935137.7999067,42.53526845530378,42.53526845530378,0.0,False,False,20.203455150047976,20.46272046918493,-7.76929,110.3850272,-0.86,-7.7696723,110.3850262,-2.327
1788935138.0015244,42.53526845530378,42.53526845530378,0.0,False,False,20.203455150047976,20.46272046918493,-7.76929,110.3850272,-0.86,-7.7696723,110.3850262,-2.327
1788935138.2031064,42.53526845530378,42.53526845530378,0.0,False,False,20.203455150047976,20.46272046918493,-7.76929,110.3850272,-0.86,-7.7696723,110.3850262,-2.327
1788935138.4057946,42.53526845530378,42.53526845530378,0.0,False,False,20.203455150047976,20.46272046918493,-7.76929,110.3850272,-0.86,-7.7696723,110.3850262,-2.327
1788935138.609721,42.53526845530378,42.53526845530378,0.0,False,False,20.203455150047976,20.46272046918493,-7.76929,110.3850272,-0.86,-7.7696723,110.3850262,-2.327
1788935138.8109903,42.53526845530378,42.53526845530378,0.0,False,False,20.203455150047976,20.46272046918493,-7.76929,110.3850272,-0.86,-7.7696723,110.3850262,-2.327
1788935139.0127642,42.53526845530378,42.53526845530378,0.0,False,False,20.203455150047976,20.46272046918493,-7.76929,110.3850272,-0.86,-7.7696723,110.3850262,-2.327
1788935139.2135572,42.53526845530378,42.53526845530378,0.0,False,False,20.203455150047976,20.46272046918493,-7.76929,110.3850272,-0.86,-7.7696723,110.3850262,-2.327
1788935139.4146135,42.53526845530378,42.53526845530378,0.0,False,False,20.203455150047976,20.46272046918493,-7.76929,110.3850272,-0.86,-7.7696723,110.3850262,-2.327
1788935139.6165378,42.53526845530378,42.53526845530378,0.0,False,False,20.203455150047976,20.46272046918493,-7.76929,110.3850272,-0.86,-7.7696723,110.3850262,-2.327
1788935139.8184383,42.53526845530378,42.53526845530378,0.0,False,False,20.203455150047976,20.46272046918493,-7.76929,110.3850272,-0.86,-7.7696723,110.3850262,-2.327
1788935140.0183508,42.53526845530378,42.53526845530378,0.0,False,False,20.203455150047976,20.46272046918493,-7.76929,110.3850272,-0.86,-7.7696723,110.3850262,-2.327
1788935140.2208579,42.53526845530378,42.53526845530378,0.0,False,False,20.203455150047976,20.46272046918493,-7.76929,110.3850272,-0.86,-7.7696723,110.3850262,-2.327
1788935140.4244711,42.53526845530378,42.53526845530378,0.0,False,False,20.203455150047976,20.46272046918493,-7.76929,110.3850272,-0.86,-7.7696723,110.3850262,-2.327
1788935140.6267893,42.53526845530378,42.53526845530378,0.0,False,False,20.203455150047976,20.46272046918493,-7.76929,110.3850272,-0.86,-7.7696723,110.3850262,-2.327
1788935140.8297672,42.53526845530378,42.53526845530378,0.0,False,False,20.203455150047976,20.46272046918493,-7.76929,110.3850272,-0.86,-7.7696723,110.3850262,-2.327
1788935141.0319986,42.53526845530378,42.53526845530378,0.0,False,False,20.203455150047976,20.46272046918493,-7.76929,110.3850272,-0.86,-7.7696723,110.3850262,-2.327
1788935141.2348473,42.53526845530378,42.53526845530378,0.0,False,False,20.203455150047976,20.46272046918493,-7.76929,110.3850272,-0.86,-7.7696723,110.3850262,-2.327
1788935141.4493084,42.53526845530378,42.53526845530378,0.0,False,False,20.203455150047976,20.46272046918493,-7.76929,110.3850272,-0.86,-7.7696723,110.3850262,-2.327
1788935141.6492512,42.53530295607122,42.53530295607122,0.0,False,False,20.203313614355444,20.46272046918493,-7.76929,110.3850272,-0.859,-7.7696723,110.3850262,-2.327
1788935141.8506253,42.53530295607122,42.53530295607122,0.0,False,False,20.203313614355444,20.46272046918493,-7.76929,110.3850272,-0.859,-7.7696723,110.3850262,-2.327
1788935142.0511827,42.53530295607122,42.53530295607122,0.0,False,False,20.203313614355444,20.46272046918493,-7.76929,110.3850272,-0.859,-7.7696723,110.3850262,-2.327
1788935142.2524703,42.53530295607122,42.53530295607122,0.0,False,False,20.203313614355444,20.46272046918493,-7.76929,110.3850272,-0.859,-7.7696723,110.3850262,-2.327
1788935142.4679909,42.53530295607122,42.53530295607122,0.0,False,False,20.203313614355444,20.46272046918493,-7.76929,110.3850272,-0.859,-7.7696723,110.3850262,-2.327
1788935142.6683571,42.53530295607122,42.53530295607122,0.0,False,False,20.203313614355444,20.46272046918493,-7.76929,110.3850272,-0.859,-7.7696723,110.3850262,-2.327
1788935142.8826113,42.53530295607122,42.53530295607122,0.0,False,False,20.203313614355444,20.46272046918493,-7.76929,110.3850272,-0.859,-7.7696723,110.3850262,-2.327
1788935143.085053,42.53530295607122,42.53530295607122,0.0,False,False,20.203313614355444,20.46272046918493,-7.76929,110.3850272,-0.859,-7.7696723,110.3850262,-2.327
1788935143.2875807,42.53530295607122,42.53530295607122,0.0,False,False,20.203313614355444,20.46272046918493,-7.76929,110.3850272,-0.859,-7.7696723,110.3850262,-2.327
1788935143.502041,42.53530295607122,42.53530295607122,0.0,False,False,20.203313614355444,20.46272046918493,-7.76929,110.3850272,-0.859,-7.7696723,110.3850262,-2.327
1788935143.7037578,42.53530295607122,42.53530295607122,0.0,False,False,20.203313614355444,20.46272046918493,-7.76929,110.3850272,-0.859,-7.7696723,110.3850262,-2.327
1788935143.9053109,42.53530295607122,42.53530295607122,0.0,False,False,20.203313614355444,20.46272046918493,-7.76929,110.3850272,-0.859,-7.7696723,110.3850262,-2.327
1788935144.1092458,42.53530295607122,42.53530295607122,0.0,False,False,20.203313614355444,20.46272046918493,-7.76929,110.3850272,-0.859,-7.7696723,110.3850262,-2.327
1788935144.311408,42.53526845530378,42.53526845530378,0.0,False,False,20.203455150047976,20.46272046918493,-7.76929,110.3850272,-0.86,-7.7696723,110.3850262,-2.327
1788935144.5118098,42.53526845530378,42.53526845530378,0.0,False,False,20.203455150047976,20.46272046918493,-7.76929,110.3850272,-0.86,-7.7696723,110.3850262,-2.327
1788935144.7134197,42.53526845530378,42.53526845530378,0.0,False,False,20.203455150047976,20.46272046918493,-7.76929,110.3850272,-0.86,-7.7696723,110.3850262,-2.327
1788935144.9155693,42.53526845530378,42.53526845530378,0.0,False,False,20.203455150047976,20.46272046918493,-7.76929,110.3850272,-0.86,-7.7696723,110.3850262,-2.327
1788935145.11768,42.53526845530378,42.53526845530378,0.0,False,False,20.203455150047976,20.46272046918493,-7.76929,110.3850272,-0.86,-7.7696723,110.3850262,-2.327
1788935145.317697,42.53526845530378,42.53526845530378,0.0,False,False,20.203455150047976,20.46272046918493,-7.76929,110.3850272,-0.86,-7.7696723,110.3850262,-2.327
1788935145.5178008,42.53526845530378,42.53526845530378,0.0,False,False,20.203455150047976,20.46272046918493,-7.76929,110.3850272,-0.86,-7.7696723,110.3850262,-2.327
1788935145.732875,42.53526845530378,42.53526845530378,0.0,False,False,20.203455150047976,20.46272046918493,-7.76929,110.3850272,-0.86,-7.7696723,110.3850262,-2.327
1788935145.9354572,42.53526845530378,42.53526845530378,0.0,False,False,20.203455150047976,20.46272046918493,-7.76929,110.3850272,-0.86,-7.7696723,110.3850262,-2.327
1788935146.1355393,42.53526845530378,42.53526845530378,0.0,False,False,20.203455150047976,20.46272046918493,-7.76929,110.3850272,-0.86,-7.7696723,110.3850262,-2.327
1788935146.3371549,42.53526845530378,42.53526845530378,0.0,False,False,20.203455150047976,20.46272046918493,-7.76929,110.3850272,-0.86,-7.7696723,110.3850262,-2.327
1788935146.5375774,42.53526845530378,42.53526845530378,0.0,False,False,20.203455150047976,20.46272046918493,-7.76929,110.3850272,-0.86,-7.7696723,110.3850262,-2.327
1788935146.7379854,42.53526845530378,42.53526845530378,0.0,False,False,20.203455150047976,20.46272046918493,-7.76929,110.3850272,-0.86,-7.7696723,110.3850262,-2.327
1788935146.9398146,42.53526845530378,42.53526845530378,0.0,False,False,20.203455150047976,20.46272046918493,-7.76929,110.3850272,-0.86,-7.7696723,110.3850262,-2.327
1788935147.1411695,42.53526845530378,42.53526845530378,0.0,False,False,20.203455150047976,20.46272046918493,-7.76929,110.3850272,-0.86,-7.7696723,110.3850262,-2.327
1788935147.34132,42.53526845530378,42.53526845530378,0.0,False,False,20.203455150047976,20.46272046918493,-7.76929,110.3850272,-0.86,-7.7696723,110.3850262,-2.327
1788935147.5431225,42.53526845530378,42.53526845530378,0.0,False,False,20.203455150047976,20.46272046918493,-7.76929,110.3850272,-0.86,-7.7696723,110.3850262,-2.327
1788935147.7471113,42.53526845530378,42.53526845530378,0.0,False,False,20.203455150047976,20.46272046918493,-7.76929,110.3850272,-0.86,-7.7696723,110.3850262,-2.327
1788935147.9503498,42.53526845530378,42.53526845530378,0.0,False,False,20.203455150047976,20.46272046918493,-7.76929,110.3850272,-0.86,-7.7696723,110.3850262,-2.327
1788935148.165174,42.53526845530378,42.53526845530378,0.0,False,False,20.203455150047976,20.46272046918493,-7.76929,110.3850272,-0.86,-7.7696723,110.3850262,-2.327
1788935148.366944,42.53526845530378,42.53526845530378,0.0,False,False,20.203455150047976,20.46272046918493,-7.76929,110.3850272,-0.86,-7.7696723,110.3850262,-2.327
1788935148.568379,42.53526845530378,42.53526845530378,0.0,False,False,20.203455150047976,20.46272046918493,-7.76929,110.3850272,-0.86,-7.7696723,110.3850262,-2.327
1788935148.7724717,42.53526845530378,42.53526845530378,0.0,False,False,20.203455150047976,20.46272046918493,-7.76929,110.3850272,-0.86,-7.7696723,110.3850262,-2.327
1788935148.9761117,42.53526845530378,42.53526845530378,0.0,False,False,20.203455150047976,20.46272046918493,-7.76929,110.3850272,-0.86,-7.7696723,110.3850262,-2.327
1788935149.176351,42.53526845530378,42.53526845530378,0.0,False,False,20.203455150047976,20.46272046918493,-7.76929,110.3850272,-0.86,-7.7696723,110.3850262,-2.327
1788935149.3778882,42.53526845530378,42.53526845530378,0.0,False,False,20.203455150047976,20.46272046918493,-7.76929,110.3850272,-0.86,-7.7696723,110.3850262,-2.327
1788935149.592597,42.53526845530378,42.53526845530378,0.0,False,False,20.203455150047976,20.46272046918493,-7.76929,110.3850272,-0.86,-7.7696723,110.3850262,-2.327
1788935149.7942998,42.53526845530378,42.53526845530378,0.0,False,False,20.203455150047976,20.46272046918493,-7.76929,110.3850272,-0.86,-7.7696723,110.3850262,-2.327
1788935149.995501,42.53526845530378,42.53526845530378,0.0,False,False,20.203455150047976,20.46272046918493,-7.76929,110.3850272,-0.86,-7.7696723,110.3850262,-2.327
1788935150.1982281,42.53526845530378,42.53526845530378,0.0,False,False,20.203455150047976,20.46272046918493,-7.76929,110.3850272,-0.86,-7.7696723,110.3850262,-2.327
1788935150.4011264,42.53526845530378,42.53526845530378,0.0,False,False,20.203455150047976,20.46272046918493,-7.76929,110.3850272,-0.86,-7.7696723,110.3850262,-2.327
1788935150.6031995,42.53526845530378,42.53526845530378,0.0,False,False,20.203455150047976,20.46272046918493,-7.76929,110.3850272,-0.86,-7.7696723,110.3850262,-2.327
1788935150.8184257,42.53526845530378,42.53526845530378,0.0,False,False,20.203455150047976,20.46272046918493,-7.76929,110.3850272,-0.86,-7.7696723,110.3850262,-2.327
1788935151.0225003,42.53526845530378,42.53526845530378,0.0,False,False,20.203455150047976,20.46272046918493,-7.76929,110.3850272,-0.86,-7.7696723,110.3850262,-2.327
1788935151.2232947,42.53526845530378,42.53526845530378,0.0,False,False,20.203455150047976,20.46272046918493,-7.76929,110.3850272,-0.86,-7.7696723,110.3850262,-2.327
1788935151.4237716,42.53526845530378,42.53526845530378,0.0,False,False,20.203455150047976,20.46272046918493,-7.76929,110.3850272,-0.86,-7.7696723,110.3850262,-2.327
1788935151.624637,42.53526845530378,42.53526845530378,0.0,False,False,20.203455150047976,20.46272046918493,-7.76929,110.3850272,-0.86,-7.7696723,110.3850262,-2.327
1788935151.8273559,42.53526845530378,42.53526845530378,0.0,False,False,20.203455150047976,20.46272046918493,-7.76929,110.3850272,-0.86,-7.7696723,110.3850262,-2.327
1788935152.0304828,42.53526845530378,42.53526845530378,0.0,False,False,20.203455150047976,20.46272046918493,-7.76929,110.3850272,-0.86,-7.7696723,110.3850262,-2.327
1788935152.2337456,42.53526845530378,42.53526845530378,0.0,False,False,20.203455150047976,20.46272046918493,-7.76929,110.3850272,-0.86,-7.7696723,110.3850262,-2.327
1788935152.4339364,42.53526845530378,42.53526845530378,0.0,False,False,20.203455150047976,20.46272046918493,-7.76929,110.3850272,-0.86,-7.7696723,110.3850262,-2.327
1788935152.6369634,42.53526845530378,42.53526845530378,0.0,False,False,20.203455150047976,20.46272046918493,-7.76929,110.3850272,-0.86,-7.7696723,110.3850262,-2.327
1788935152.8383517,42.53526845530378,42.53526845530378,0.0,False,False,20.203455150047976,20.46272046918493,-7.76929,110.3850272,-0.86,-7.7696723,110.3850262,-2.327
1788935153.0420454,42.53526845530378,42.53526845530378,0.0,False,False,20.203455150047976,20.46272046918493,-7.76929,110.3850272,-0.86,-7.7696723,110.3850262,-2.327
1788935153.243832,42.53526845530378,42.53526845530378,0.0,False,False,20.203455150047976,20.46272046918493,-7.76929,110.3850272,-0.86,-7.7696723,110.3850262,-2.327
1788935153.4577005,42.53526845530378,42.53526845530378,0.0,False,False,20.203455150047976,20.46272046918493,-7.76929,110.3850272,-0.86,-7.7696723,110.3850262,-2.327
1788935153.6692896,42.53526845530378,42.53526845530378,0.0,False,False,20.203455150047976,20.46272046918493,-7.76929,110.3850272,-0.86,-7.7696723,110.3850262,-2.327
1788935153.869391,42.53526845530378,42.53526845530378,0.0,False,False,20.203455150047976,20.46272046918493,-7.76929,110.3850272,-0.86,-7.7696723,110.3850262,-2.327
1788935154.0701075,42.53526845530378,42.53526845530378,0.0,False,False,20.203455150047976,20.46272046918493,-7.76929,110.3850272,-0.86,-7.7696723,110.3850262,-2.327
1788935154.2725601,42.53526845530378,42.53526845530378,0.0,False,False,20.203455150047976,20.46272046918493,-7.76929,110.3850272,-0.86,-7.7696723,110.3850262,-2.327
1788935154.4810896,42.53526845530378,42.53526845530378,0.0,False,False,20.203455150047976,20.46272046918493,-7.76929,110.3850272,-0.86,-7.7696723,110.3850262,-2.327
1788935154.681509,42.53526845530378,42.53526845530378,0.0,False,False,20.203455150047976,20.46272046918493,-7.76929,110.3850272,-0.86,-7.7696723,110.3850262,-2.327
1788935154.8849263,42.53526845530378,42.53526845530378,0.0,False,False,20.203455150047976,20.46272046918493,-7.76929,110.3850272,-0.86,-7.7696723,110.3850262,-2.327
1788935155.086331,42.53526845530378,42.53526845530378,0.0,False,False,20.203455150047976,20.46272046918493,-7.76929,110.3850272,-0.86,-7.7696723,110.3850262,-2.327
1788935155.2898052,42.53526845530378,42.53526845530378,0.0,False,False,20.203455150047976,20.46272046918493,-7.76929,110.3850272,-0.86,-7.7696723,110.3850262,-2.327
1788935155.4926636,42.53526845530378,42.53526845530378,0.0,False,False,20.203455150047976,20.46272046918493,-7.76929,110.3850272,-0.86,-7.7696723,110.3850262,-2.327
1788935155.7029457,42.53526845530378,42.53526845530378,0.0,False,False,20.203455150047976,20.46272046918493,-7.76929,110.3850272,-0.86,-7.7696723,110.3850262,-2.327
1788935155.90665,42.53526845530378,42.53526845530378,0.0,False,False,20.203455150047976,20.46272046918493,-7.76929,110.3850272,-0.86,-7.7696723,110.3850262,-2.327
1788935156.1092646,42.53526845530378,42.53526845530378,0.0,False,False,20.203455150047976,20.46272046918493,-7.76929,110.3850272,-0.86,-7.7696723,110.3850262,-2.327
1788935156.3107986,42.53526845530378,42.53526845530378,0.0,False,False,20.203455150047976,20.46272046918493,-7.76929,110.3850272,-0.86,-7.7696723,110.3850262,-2.327
1788935156.5116405,42.53526845530378,42.53526845530378,0.0,False,False,20.203455150047976,20.46272046918493,-7.76929,110.3850272,-0.86,-7.7696723,110.3850262,-2.327
1788935156.7148774,42.53526845530378,42.53526845530378,0.0,False,False,20.203455150047976,20.46272046918493,-7.76929,110.3850272,-0.86,-7.7696723,110.3850262,-2.327
1788935156.9170907,42.53530295607122,42.53530295607122,0.0,False,False,20.203313614355444,20.46272046918493,-7.76929,110.3850272,-0.859,-7.7696723,110.3850262,-2.327
1788935157.1196735,42.53530295607122,42.53530295607122,0.0,False,False,20.203313614355444,20.46272046918493,-7.76929,110.3850272,-0.859,-7.7696723,110.3850262,-2.327
1788935157.3234708,42.53530295607122,42.53530295607122,0.0,False,False,20.203313614355444,20.46272046918493,-7.76929,110.3850272,-0.859,-7.7696723,110.3850262,-2.327
1788935157.5235212,42.53530295607122,42.53530295607122,0.0,False,False,20.203313614355444,20.46272046918493,-7.76929,110.3850272,-0.859,-7.7696723,110.3850262,-2.327
1788935157.7238662,42.53530295607122,42.53530295607122,0.0,False,False,20.203313614355444,20.46272046918493,-7.76929,110.3850272,-0.859,-7.7696723,110.3850262,-2.327
1788935157.9261167,42.53530295607122,42.53530295607122,0.0,False,False,20.203313614355444,20.46272046918493,-7.76929,110.3850272,-0.859,-7.7696723,110.3850262,-2.327
1788935158.1298175,42.53530295607122,42.53530295607122,0.0,False,False,20.203313614355444,20.46272046918493,-7.76929,110.3850272,-0.859,-7.7696723,110.3850262,-2.327
1788935158.3318748,42.53530295607122,42.53530295607122,0.0,False,False,20.203313614355444,20.46272046918493,-7.76929,110.3850272,-0.859,-7.7696723,110.3850262,-2.327
1788935158.5335317,42.53530295607122,42.53530295607122,0.0,False,False,20.203313614355444,20.46272046918493,-7.76929,110.3850272,-0.859,-7.7696723,110.3850262,-2.327
1788935158.7340612,42.53530295607122,42.53530295607122,0.0,False,False,20.203313614355444,20.46272046918493,-7.76929,110.3850272,-0.859,-7.7696723,110.3850262,-2.327
1788935158.947787,42.53530295607122,42.53530295607122,0.0,False,False,20.203313614355444,20.46272046918493,-7.76929,110.3850272,-0.859,-7.7696723,110.3850262,-2.327
1788935159.1611285,42.53530295607122,42.53530295607122,0.0,False,False,20.203313614355444,20.46272046918493,-7.76929,110.3850272,-0.859,-7.7696723,110.3850262,-2.327
1788935159.364079,42.53530295607122,42.53530295607122,0.0,False,False,20.203313614355444,20.46272046918493,-7.76929,110.3850272,-0.859,-7.7696723,110.3850262,-2.327
1788935159.5771594,42.53530295607122,42.53530295607122,0.0,False,False,20.203313614355444,20.46272046918493,-7.76929,110.3850272,-0.859,-7.7696723,110.3850262,-2.327
1788935159.7788007,42.53530295607122,42.53530295607122,0.0,False,False,20.203313614355444,20.46272046918493,-7.76929,110.3850272,-0.859,-7.7696723,110.3850262,-2.327
1788935159.9801176,42.53530295607122,42.53530295607122,0.0,False,False,20.203313614355444,20.46272046918493,-7.76929,110.3850272,-0.859,-7.7696723,110.3850262,-2.327
1788935160.1842868,42.53526845530378,42.53526845530378,0.0,False,False,20.203455150047976,20.46272046918493,-7.76929,110.3850272,-0.86,-7.7696723,110.3850262,-2.327
1788935160.3908494,42.53526845530378,42.53526845530378,0.0,False,False,20.203455150047976,20.46272046918493,-7.76929,110.3850272,-0.86,-7.7696723,110.3850262,-2.327
1788935160.597075,42.53526845530378,42.53526845530378,0.0,False,False,20.203455150047976,20.46272046918493,-7.76929,110.3850272,-0.86,-7.7696723,110.3850262,-2.327
1788935160.8021204,42.53526845530378,42.53526845530378,0.0,False,False,20.203455150047976,20.46272046918493,-7.76929,110.3850272,-0.86,-7.7696723,110.3850262,-2.327
1788935161.0141392,42.53526845530378,42.53526845530378,0.0,False,False,20.203455150047976,20.46272046918493,-7.76929,110.3850272,-0.86,-7.7696723,110.3850262,-2.327
1788935161.2147148,42.53526845530378,42.53526845530378,0.0,False,False,20.203455150047976,20.46272046918493,-7.76929,110.3850272,-0.86,-7.7696723,110.3850262,-2.327
1788935161.430124,42.53526845530378,42.53526845530378,0.0,False,False,20.203455150047976,20.46272046918493,-7.76929,110.3850272,-0.86,-7.7696723,110.3850262,-2.327
1788935161.6307635,42.53526845530378,42.53526845530378,0.0,False,False,20.203455150047976,20.46272046918493,-7.76929,110.3850272,-0.86,-7.7696723,110.3850262,-2.327
1788935161.8335924,42.53526845530378,42.53526845530378,0.0,False,False,20.203455150047976,20.46272046918493,-7.76929,110.3850272,-0.86,-7.7696723,110.3850262,-2.327
1788935162.0352478,42.53526845530378,42.53526845530378,0.0,False,False,20.203455150047976,20.46272046918493,-7.76929,110.3850272,-0.86,-7.7696723,110.3850262,-2.327
1788935162.245635,42.53526845530378,42.53526845530378,0.0,False,False,20.203455150047976,20.46272046918493,-7.76929,110.3850272,-0.86,-7.7696723,110.3850262,-2.327
1788935162.4580414,42.53526845530378,42.53526845530378,0.0,False,False,20.203455150047976,20.46272046918493,-7.76929,110.3850272,-0.86,-7.7696723,110.3850262,-2.327
1788935162.6585667,42.53526845530378,42.53526845530378,0.0,False,False,20.203455150047976,20.46272046918493,-7.76929,110.3850272,-0.86,-7.7696723,110.3850262,-2.327
1788935162.859297,42.53526845530378,42.53526845530378,0.0,False,False,20.203455150047976,20.46272046918493,-7.76929,110.3850272,-0.86,-7.7696723,110.3850262,-2.327
1788935163.0741644,42.53526845530378,42.53526845530378,0.0,False,False,20.203455150047976,20.46272046918493,-7.76929,110.3850272,-0.86,-7.7696723,110.3850262,-2.327
1788935163.2740958,42.53526845530378,42.53526845530378,0.0,False,False,20.203455150047976,20.46272046918493,-7.76929,110.3850272,-0.86,-7.7696723,110.3850262,-2.327
1788935163.4885209,42.53526845530378,42.53526845530378,0.0,False,False,20.203455150047976,20.46272046918493,-7.76929,110.3850272,-0.86,-7.7696723,110.3850262,-2.327
1788935163.69059,42.53526845530378,42.53526845530378,0.0,False,False,20.203455150047976,20.46272046918493,-7.76929,110.3850272,-0.86,-7.7696723,110.3850262,-2.327
1788935163.8908103,42.53526845530378,42.53526845530378,0.0,False,False,20.203455150047976,20.46272046918493,-7.76929,110.3850272,-0.86,-7.7696723,110.3850262,-2.327
1788935164.1018648,42.53526845530378,42.53526845530378,0.0,False,False,20.203455150047976,20.46272046918493,-7.76929,110.3850272,-0.86,-7.7696723,110.3850262,-2.327
1788935164.303489,42.53526845530378,42.53526845530378,0.0,False,False,20.203455150047976,20.46272046918493,-7.76929,110.3850272,-0.86,-7.7696723,110.3850262,-2.327
1788935164.5174632,42.53526845530378,42.53526845530378,0.0,False,False,20.203455150047976,20.46272046918493,-7.76929,110.3850272,-0.86,-7.7696723,110.3850262,-2.327
1788935164.7314887,42.53526845530378,42.53526845530378,0.0,False,False,20.203455150047976,20.46272046918493,-7.76929,110.3850272,-0.86,-7.7696723,110.3850262,-2.327
1788935164.9330368,42.53526845530378,42.53526845530378,0.0,False,False,20.203455150047976,20.46272046918493,-7.76929,110.3850272,-0.86,-7.7696723,110.3850262,-2.327
1788935165.1332517,42.53526845530378,42.53526845530378,0.0,False,False,20.203455150047976,20.46272046918493,-7.76929,110.3850272,-0.86,-7.7696723,110.3850262,-2.327
1788935165.347654,42.53526845530378,42.53526845530378,0.0,False,False,20.203455150047976,20.46272046918493,-7.76929,110.3850272,-0.86,-7.7696723,110.3850262,-2.327
1788935165.5484993,42.53526845530378,42.53526845530378,0.0,False,False,20.203455150047976,20.46272046918493,-7.76929,110.3850272,-0.86,-7.7696723,110.3850262,-2.327
1788935165.760359,42.53526845530378,42.53526845530378,0.0,False,False,20.203455150047976,20.46272046918493,-7.76929,110.3850272,-0.86,-7.7696723,110.3850262,-2.327
1788935165.9627764,42.53526845530378,42.53526845530378,0.0,False,False,20.203455150047976,20.46272046918493,-7.76929,110.3850272,-0.86,-7.7696723,110.3850262,-2.327
1788935166.176927,42.53526845530378,42.53526845530378,0.0,False,False,20.203455150047976,20.46272046918493,-7.76929,110.3850272,-0.86,-7.7696723,110.3850262,-2.327
1788935166.3798163,42.53526845530378,42.53526845530378,0.0,False,False,20.203455150047976,20.46272046918493,-7.76929,110.3850272,-0.86,-7.7696723,110.3850262,-2.327
1788935166.582321,42.53526845530378,42.53526845530378,0.0,False,False,20.203455150047976,20.46272046918493,-7.76929,110.3850272,-0.86,-7.7696723,110.3850262,-2.327
1788935166.7824774,42.53526845530378,42.53526845530378,0.0,False,False,20.203455150047976,20.46272046918493,-7.76929,110.3850272,-0.86,-7.7696723,110.3850262,-2.327
1788935166.984436,42.53526845530378,42.53526845530378,0.0,False,False,20.203455150047976,20.46272046918493,-7.76929,110.3850272,-0.86,-7.7696723,110.3850262,-2.327
1788935167.1972692,42.53526845530378,42.53526845530378,0.0,False,False,20.203455150047976,20.46272046918493,-7.76929,110.3850272,-0.86,-7.7696723,110.3850262,-2.327
1788935167.3991218,42.53526845530378,42.53526845530378,0.0,False,False,20.203455150047976,20.46272046918493,-7.76929,110.3850272,-0.86,-7.7696723,110.3850262,-2.327
1788935167.6125624,42.53526845530378,42.53526845530378,0.0,False,False,20.203455150047976,20.46272046918493,-7.76929,110.3850272,-0.86,-7.7696723,110.3850262,-2.327
1788935167.818366,42.53526845530378,42.53526845530378,0.0,False,False,20.203455150047976,20.46272046918493,-7.76929,110.3850272,-0.86,-7.7696723,110.3850262,-2.327
1788935168.0185058,42.53526845530378,42.53526845530378,0.0,False,False,20.203455150047976,20.46272046918493,-7.76929,110.3850272,-0.86,-7.7696723,110.3850262,-2.327
1788935168.232894,42.53526845530378,42.53526845530378,0.0,False,False,20.203455150047976,20.46272046918493,-7.76929,110.3850272,-0.86,-7.7696723,110.3850262,-2.327
1788935168.4474788,42.53526845530378,42.53526845530378,0.0,False,False,20.203455150047976,20.46272046918493,-7.76929,110.3850272,-0.86,-7.7696723,110.3850262,-2.327
1788935168.6484473,42.53526845530378,42.53526845530378,0.0,False,False,20.203455150047976,20.46272046918493,-7.76929,110.3850272,-0.86,-7.7696723,110.3850262,-2.327
1788935168.849605,42.53526845530378,42.53526845530378,0.0,False,False,20.203455150047976,20.46272046918493,-7.76929,110.3850272,-0.86,-7.7696723,110.3850262,-2.327
1788935169.0505536,42.53526845530378,42.53526845530378,0.0,False,False,20.203455150047976,20.46272046918493,-7.76929,110.3850272,-0.86,-7.7696723,110.3850262,-2.327
1788935169.2521982,42.53526845530378,42.53526845530378,0.0,False,False,20.203455150047976,20.46272046918493,-7.76929,110.3850272,-0.86,-7.7696723,110.3850262,-2.327
1788935169.4658885,42.53526845530378,42.53526845530378,0.0,False,False,20.203455150047976,20.46272046918493,-7.76929,110.3850272,-0.86,-7.7696723,110.3850262,-2.327
1788935169.681241,42.53526845530378,42.53526845530378,0.0,False,False,20.203455150047976,20.46272046918493,-7.76929,110.3850272,-0.86,-7.7696723,110.3850262,-2.327
1788935169.895215,42.53526845530378,42.53526845530378,0.0,False,False,20.203455150047976,20.46272046918493,-7.76929,110.3850272,-0.86,-7.7696723,110.3850262,-2.327
1788935170.1089628,42.53526845530378,42.53526845530378,0.0,False,False,20.203455150047976,20.46272046918493,-7.76929,110.3850272,-0.86,-7.7696723,110.3850262,-2.327
1788935170.3165534,42.53526845530378,42.53526845530378,0.0,False,False,20.203455150047976,20.46272046918493,-7.76929,110.3850272,-0.86,-7.7696723,110.3850262,-2.327
1788935170.5166898,42.53526845530378,42.53526845530378,0.0,False,False,20.203455150047976,20.46272046918493,-7.76929,110.3850272,-0.86,-7.7696723,110.3850262,-2.327
1788935170.7265875,42.53526845530378,42.53526845530378,0.0,False,False,20.203455150047976,20.46272046918493,-7.76929,110.3850272,-0.86,-7.7696723,110.3850262,-2.327
1788935170.9413304,42.53526845530378,42.53526845530378,0.0,False,False,20.203455150047976,20.46272046918493,-7.76929,110.3850272,-0.86,-7.7696723,110.3850262,-2.327
1788935171.1487534,42.53526845530378,42.53526845530378,0.0,False,False,20.203455150047976,20.46272046918493,-7.76929,110.3850272,-0.86,-7.7696723,110.3850262,-2.327
1788935171.3613894,42.53526845530378,42.53526845530378,0.0,False,False,20.203455150047976,20.46272046918493,-7.76929,110.3850272,-0.86,-7.7696723,110.3850262,-2.327
1788935171.5734758,42.53526845530378,42.53526845530378,0.0,False,False,20.203455150047976,20.46272046918493,-7.76929,110.3850272,-0.86,-7.7696723,110.3850262,-2.327
1788935171.7774367,42.53526845530378,42.53526845530378,0.0,False,False,20.203455150047976,20.46272046918493,-7.76929,110.3850272,-0.86,-7.7696723,110.3850262,-2.327
1788935171.9895642,42.53526845530378,42.53526845530378,0.0,False,False,20.203455150047976,20.46272046918493,-7.76929,110.3850272,-0.86,-7.7696723,110.3850262,-2.327
1788935172.203227,42.53526845530378,42.53526845530378,0.0,False,False,20.203455150047976,20.46272046918493,-7.76929,110.3850272,-0.86,-7.7696723,110.3850262,-2.327
1788935172.4172182,42.53526845530378,42.53526845530378,0.0,False,False,20.203455150047976,20.46272046918493,-7.76929,110.3850272,-0.86,-7.7696723,110.3850262,-2.327
1788935172.6314154,42.53526845530378,42.53526845530378,0.0,False,False,20.203455150047976,20.46272046918493,-7.76929,110.3850272,-0.86,-7.7696723,110.3850262,-2.327
1788935172.833287,42.53526845530378,42.53526845530378,0.0,False,False,20.203455150047976,20.46272046918493,-7.76929,110.3850272,-0.86,-7.7696723,110.3850262,-2.327
1788935173.035881,42.53526845530378,42.53526845530378,0.0,False,False,20.203455150047976,20.46272046918493,-7.76929,110.3850272,-0.86,-7.7696723,110.3850262,-2.327
1788935173.2376645,42.53526845530378,42.53526845530378,0.0,False,False,20.203455150047976,20.46272046918493,-7.76929,110.3850272,-0.86,-7.7696723,110.3850262,-2.327
1788935173.4390862,42.53526845530378,42.53526845530378,0.0,False,False,20.203455150047976,20.46272046918493,-7.76929,110.3850272,-0.86,-7.7696723,110.3850262,-2.327
1788935173.6402376,42.53526845530378,42.53526845530378,0.0,False,False,20.203455150047976,20.46272046918493,-7.76929,110.3850272,-0.86,-7.7696723,110.3850262,-2.327
1788935173.842732,42.53526845530378,42.53526845530378,0.0,False,False,20.203455150047976,20.46272046918493,-7.76929,110.3850272,-0.86,-7.7696723,110.3850262,-2.327
1788935174.0444493,42.53526845530378,42.53526845530378,0.0,False,False,20.203455150047976,20.46272046918493,-7.76929,110.3850272,-0.86,-7.7696723,110.3850262,-2.327
1788935174.2473805,42.53526845530378,42.53526845530378,0.0,False,False,20.203455150047976,20.46272046918493,-7.76929,110.3850272,-0.86,-7.7696723,110.3850262,-2.327
1788935174.4501107,42.53526845530378,42.53526845530378,0.0,False,False,20.203455150047976,20.46272046918493,-7.76929,110.3850272,-0.86,-7.7696723,110.3850262,-2.327
1788935174.6517045,42.53526845530378,42.53526845530378,0.0,False,False,20.203455150047976,20.46272046918493,-7.76929,110.3850272,-0.86,-7.7696723,110.3850262,-2.327
1788935174.8538032,42.53526845530378,42.53526845530378,0.0,False,False,20.203455150047976,20.46272046918493,-7.76929,110.3850272,-0.86,-7.7696723,110.3850262,-2.327
1788935175.069209,42.53526845530378,42.53526845530378,0.0,False,False,20.203455150047976,20.46272046918493,-7.76929,110.3850272,-0.86,-7.7696723,110.3850262,-2.327
1788935175.2702672,42.53526845530378,42.53526845530378,0.0,False,False,20.203455150047976,20.46272046918493,-7.76929,110.3850272,-0.86,-7.7696723,110.3850262,-2.327
1788935175.472599,42.53526845530378,42.53526845530378,0.0,False,False,20.203455150047976,20.46272046918493,-7.76929,110.3850272,-0.86,-7.7696723,110.3850262,-2.327
1788935175.675505,42.53526845530378,42.53526845530378,0.0,False,False,20.203455150047976,20.46272046918493,-7.76929,110.3850272,-0.86,-7.7696723,110.3850262,-2.327
1788935175.877483,42.53526845530378,42.53526845530378,0.0,False,False,20.203455150047976,20.46272046918493,-7.76929,110.3850272,-0.86,-7.7696723,110.3850262,-2.327
1788935176.078216,42.53526845530378,42.53526845530378,0.0,False,False,20.203455150047976,20.46272046918493,-7.76929,110.3850272,-0.86,-7.7696723,110.3850262,-2.327
1788935176.2781394,42.53526845530378,42.53526845530378,0.0,False,False,20.203455150047976,20.46272046918493,-7.76929,110.3850272,-0.86,-7.7696723,110.3850262,-2.327
1788935176.4900222,42.53526845530378,42.53526845530378,0.0,False,False,20.203455150047976,20.46272046918493,-7.76929,110.3850272,-0.86,-7.7696723,110.3850262,-2.327
1788935176.7038548,42.53526845530378,42.53526845530378,0.0,False,False,20.203455150047976,20.46272046918493,-7.76929,110.3850272,-0.86,-7.7696723,110.3850262,-2.327
1788935176.917787,42.53526845530378,42.53526845530378,0.0,False,False,20.203455150047976,20.46272046918493,-7.76929,110.3850272,-0.86,-7.7696723,110.3850262,-2.327
1788935177.1310837,42.53526845530378,42.53526845530378,0.0,False,False,20.203455150047976,20.46272046918493,-7.76929,110.3850272,-0.86,-7.7696723,110.3850262,-2.327
1788935177.342542,42.53526845530378,42.53526845530378,0.0,False,False,20.203455150047976,20.46272046918493,-7.76929,110.3850272,-0.86,-7.7696723,110.3850262,-2.327
1788935177.5578158,42.53526845530378,42.53526845530378,0.0,False,False,20.203455150047976,20.46272046918493,-7.76929,110.3850272,-0.86,-7.7696723,110.3850262,-2.327
1788935177.7581606,42.53526845530378,42.53526845530378,0.0,False,False,20.203455150047976,20.46272046918493,-7.76929,110.3850272,-0.86,-7.7696723,110.3850262,-2.327
1788935177.9622173,42.53526845530378,42.53526845530378,0.0,False,False,20.203455150047976,20.46272046918493,-7.76929,110.3850272,-0.86,-7.7696723,110.3850262,-2.327
1788935178.1759136,42.53526845530378,42.53526845530378,0.0,False,False,20.203455150047976,20.46272046918493,-7.76929,110.3850272,-0.86,-7.7696723,110.3850262,-2.327
1788935178.3763871,42.53526845530378,42.53526845530378,0.0,False,False,20.203455150047976,20.46272046918493,-7.76929,110.3850272,-0.86,-7.7696723,110.3850262,-2.327
1788935178.5800524,42.53526845530378,42.53526845530378,0.0,False,False,20.203455150047976,20.46272046918493,-7.76929,110.3850272,-0.86,-7.7696723,110.3850262,-2.327
1788935178.7827303,42.53526845530378,42.53526845530378,0.0,False,False,20.203455150047976,20.46272046918493,-7.76929,110.3850272,-0.86,-7.7696723,110.3850262,-2.327
1788935178.9837427,42.53526845530378,42.53526845530378,0.0,False,False,20.203455150047976,20.46272046918493,-7.76929,110.3850272,-0.86,-7.7696723,110.3850262,-2.327
1788935179.184623,42.53526845530378,42.53526845530378,0.0,False,False,20.203455150047976,20.46272046918493,-7.76929,110.3850272,-0.86,-7.7696723,110.3850262,-2.327
1788935179.3883836,42.53526845530378,42.53526845530378,0.0,False,False,20.203455150047976,20.46272046918493,-7.76929,110.3850272,-0.86,-7.7696723,110.3850262,-2.327
1788935179.5923364,42.53526845530378,42.53526845530378,0.0,False,False,20.203455150047976,20.46272046918493,-7.76929,110.3850272,-0.86,-7.7696723,110.3850262,-2.327
1788935179.7937796,42.53526845530378,42.53526845530378,0.0,False,False,20.203455150047976,20.46272046918493,-7.76929,110.3850272,-0.86,-7.7696723,110.3850262,-2.327
1788935179.9963558,42.53526845530378,42.53526845530378,0.0,False,False,20.203455150047976,20.46272046918493,-7.76929,110.3850272,-0.86,-7.7696723,110.3850262,-2.327
1788935180.1989672,42.53526845530378,42.53526845530378,0.0,False,False,20.203455150047976,20.46272046918493,-7.76929,110.3850272,-0.86,-7.7696723,110.3850262,-2.327
1788935180.4139457,42.53526845530378,42.53526845530378,0.0,False,False,20.203455150047976,20.46272046918493,-7.76929,110.3850272,-0.86,-7.7696723,110.3850262,-2.327
1788935180.6175718,42.53526845530378,42.53526845530378,0.0,False,False,20.203455150047976,20.46272046918493,-7.76929,110.3850272,-0.86,-7.7696723,110.3850262,-2.327
1788935180.8205996,42.53526845530378,42.53526845530378,0.0,False,False,20.203455150047976,20.46272046918493,-7.76929,110.3850272,-0.86,-7.7696723,110.3850262,-2.327
1788935181.0210545,42.53526845530378,42.53526845530378,0.0,False,False,20.203455150047976,20.46272046918493,-7.76929,110.3850272,-0.86,-7.7696723,110.3850262,-2.327
1788935181.2215753,42.53526845530378,42.53526845530378,0.0,False,False,20.203455150047976,20.46272046918493,-7.76929,110.3850272,-0.86,-7.7696723,110.3850262,-2.327
1788935181.427756,42.53526845530378,42.53526845530378,0.0,False,False,20.203455150047976,20.46272046918493,-7.76929,110.3850272,-0.86,-7.7696723,110.3850262,-2.327
1788935181.6294453,42.53526845530378,42.53526845530378,0.0,False,False,20.203455150047976,20.46272046918493,-7.76929,110.3850272,-0.86,-7.7696723,110.3850262,-2.327
1788935181.8306339,42.53526845530378,42.53526845530378,0.0,False,False,20.203455150047976,20.46272046918493,-7.76929,110.3850272,-0.86,-7.7696723,110.3850262,-2.327
1788935182.0451727,42.53526845530378,42.53526845530378,0.0,False,False,20.203455150047976,20.46272046918493,-7.76929,110.3850272,-0.86,-7.7696723,110.3850262,-2.327
1788935182.2463067,42.53526845530378,42.53526845530378,0.0,False,False,20.203455150047976,20.46272046918493,-7.76929,110.3850272,-0.86,-7.7696723,110.3850262,-2.327
1788935182.4469912,42.53526845530378,42.53526845530378,0.0,False,False,20.203455150047976,20.46272046918493,-7.76929,110.3850272,-0.86,-7.7696723,110.3850262,-2.327
1788935182.6483436,42.53526845530378,42.53526845530378,0.0,False,False,20.203455150047976,20.46272046918493,-7.76929,110.3850272,-0.86,-7.7696723,110.3850262,-2.327
1788935182.8526146,42.53526845530378,42.53526845530378,0.0,False,False,20.203455150047976,20.46272046918493,-7.76929,110.3850272,-0.86,-7.7696723,110.3850262,-2.327
1788935183.0542855,42.53526845530378,42.53526845530378,0.0,False,False,20.203455150047976,20.46272046918493,-7.76929,110.3850272,-0.86,-7.7696723,110.3850262,-2.327
1788935183.2576542,42.53526845530378,42.53526845530378,0.0,False,False,20.203455150047976,20.46272046918493,-7.76929,110.3850272,-0.86,-7.7696723,110.3850262,-2.327
1788935183.460142,42.53526845530378,42.53526845530378,0.0,False,False,20.203455150047976,20.46272046918493,-7.76929,110.3850272,-0.86,-7.7696723,110.3850262,-2.327
1788935183.661474,42.53526845530378,42.53526845530378,0.0,False,False,20.203455150047976,20.46272046918493,-7.76929,110.3850272,-0.86,-7.7696723,110.3850262,-2.327
1788935183.8626244,42.53526845530378,42.53526845530378,0.0,False,False,20.203455150047976,20.46272046918493,-7.76929,110.3850272,-0.86,-7.7696723,110.3850262,-2.327
1788935184.0644956,42.53526845530378,42.53526845530378,0.0,False,False,20.203455150047976,20.46272046918493,-7.76929,110.3850272,-0.86,-7.7696723,110.3850262,-2.327
1788935184.2677777,42.53526845530378,42.53526845530378,0.0,False,False,20.203455150047976,20.46272046918493,-7.76929,110.3850272,-0.86,-7.7696723,110.3850262,-2.327
1788935184.473019,42.53526845530378,42.53526845530378,0.0,False,False,20.203455150047976,20.46272046918493,-7.76929,110.3850272,-0.86,-7.7696723,110.3850262,-2.327
1788935184.6752787,42.53526845530378,42.53526845530378,0.0,False,False,20.203455150047976,20.46272046918493,-7.76929,110.3850272,-0.86,-7.7696723,110.3850262,-2.327
1788935184.8759634,42.53526845530378,42.53526845530378,0.0,False,False,20.203455150047976,20.46272046918493,-7.76929,110.3850272,-0.86,-7.7696723,110.3850262,-2.327
1788935185.076943,42.53526845530378,42.53526845530378,0.0,False,False,20.203455150047976,20.46272046918493,-7.76929,110.3850272,-0.86,-7.7696723,110.3850262,-2.327
1788935185.2770271,42.53526845530378,42.53526845530378,0.0,False,False,20.203455150047976,20.46272046918493,-7.76929,110.3850272,-0.86,-7.7696723,110.3850262,-2.327
1788935185.4772253,42.53526845530378,42.53526845530378,0.0,False,False,20.203455150047976,20.46272046918493,-7.76929,110.3850272,-0.86,-7.7696723,110.3850262,-2.327
1788935185.6898324,42.53526845530378,42.53526845530378,0.0,False,False,20.203455150047976,20.46272046918493,-7.76929,110.3850272,-0.86,-7.7696723,110.3850262,-2.327
1788935185.8904169,42.53526845530378,42.53526845530378,0.0,False,False,20.203455150047976,20.46272046918493,-7.76929,110.3850272,-0.86,-7.7696723,110.3850262,-2.327
1788935186.0906866,42.53526845530378,42.53526845530378,0.0,False,False,20.203455150047976,20.46272046918493,-7.76929,110.3850272,-0.86,-7.7696723,110.3850262,-2.327
1788935186.2912948,42.53526845530378,42.53526845530378,0.0,False,False,20.203455150047976,20.46272046918493,-7.76929,110.3850272,-0.86,-7.7696723,110.3850262,-2.327
1788935186.4920247,42.53526845530378,42.53526845530378,0.0,False,False,20.203455150047976,20.46272046918493,-7.76929,110.3850272,-0.86,-7.7696723,110.3850262,-2.327
1788935186.7074537,42.53526845530378,42.53526845530378,0.0,False,False,20.203455150047976,20.46272046918493,-7.76929,110.3850272,-0.86,-7.7696723,110.3850262,-2.327
1788935186.910681,42.53526845530378,42.53526845530378,0.0,False,False,20.203455150047976,20.46272046918493,-7.76929,110.3850272,-0.86,-7.7696723,110.3850262,-2.327
1788935187.1113832,42.53526845530378,42.53526845530378,0.0,False,False,20.203455150047976,20.46272046918493,-7.76929,110.3850272,-0.86,-7.7696723,110.3850262,-2.327
1788935187.3259907,42.53526845530378,42.53526845530378,0.0,False,False,20.203455150047976,20.46272046918493,-7.76929,110.3850272,-0.86,-7.7696723,110.3850262,-2.327
1788935187.5271966,42.53526845530378,42.53526845530378,0.0,False,False,20.203455150047976,20.46272046918493,-7.76929,110.3850272,-0.86,-7.7696723,110.3850262,-2.327
1788935187.7291842,42.53526845530378,42.53526845530378,0.0,False,False,20.203455150047976,20.46272046918493,-7.76929,110.3850272,-0.86,-7.7696723,110.3850262,-2.327
1788935187.943662,42.53526845530378,42.53526845530378,0.0,False,False,20.203455150047976,20.46272046918493,-7.76929,110.3850272,-0.86,-7.7696723,110.3850262,-2.327
1788935188.1452203,42.53526845530378,42.53526845530378,0.0,False,False,20.203455150047976,20.46272046918493,-7.76929,110.3850272,-0.86,-7.7696723,110.3850262,-2.327
1788935188.360361,42.53526845530378,42.53526845530378,0.0,False,False,20.203455150047976,20.46272046918493,-7.76929,110.3850272,-0.86,-7.7696723,110.3850262,-2.327
1788935188.5625267,42.53526845530378,42.53526845530378,0.0,False,False,20.203455150047976,20.46272046918493,-7.76929,110.3850272,-0.86,-7.7696723,110.3850262,-2.327
1788935188.763492,42.53526845530378,42.53526845530378,0.0,False,False,20.203455150047976,20.46272046918493,-7.76929,110.3850272,-0.86,-7.7696723,110.3850262,-2.327
1788935188.9666238,42.53526845530378,42.53526845530378,0.0,False,False,20.203455150047976,20.46272046918493,-7.76929,110.3850272,-0.86,-7.7696723,110.3850262,-2.327
1788935189.1818178,42.53526845530378,42.53526845530378,0.0,False,False,20.203455150047976,20.46272046918493,-7.76929,110.3850272,-0.86,-7.7696723,110.3850262,-2.327
1788935189.3854563,42.53526845530378,42.53526845530378,0.0,False,False,20.203455150047976,20.46272046918493,-7.76929,110.3850272,-0.86,-7.7696723,110.3850262,-2.327
1788935189.5864735,42.53526845530378,42.53526845530378,0.0,False,False,20.203455150047976,20.46272046918493,-7.76929,110.3850272,-0.86,-7.7696723,110.3850262,-2.327
1788935189.7880707,42.53526845530378,42.53526845530378,0.0,False,False,20.203455150047976,20.46272046918493,-7.76929,110.3850272,-0.86,-7.7696723,110.3850262,-2.327
1788935190.0027847,42.53526845530378,42.53526845530378,0.0,False,False,20.203455150047976,20.46272046918493,-7.76929,110.3850272,-0.86,-7.7696723,110.3850262,-2.327
1788935190.2035213,42.53526845530378,42.53526845530378,0.0,False,False,20.203455150047976,20.46272046918493,-7.76929,110.3850272,-0.86,-7.7696723,110.3850262,-2.327
1788935190.406647,42.53526845530378,42.53526845530378,0.0,False,False,20.203455150047976,20.46272046918493,-7.76929,110.3850272,-0.86,-7.7696723,110.3850262,-2.327
1788935190.6091049,42.53526845530378,42.53526845530378,0.0,False,False,20.203455150047976,20.46272046918493,-7.76929,110.3850272,-0.86,-7.7696723,110.3850262,-2.327
1788935190.8118784,42.53526845530378,42.53526845530378,0.0,False,False,20.203455150047976,20.46272046918493,-7.76929,110.3850272,-0.86,-7.7696723,110.3850262,-2.327
1788935191.0143664,42.53526845530378,42.53526845530378,0.0,False,False,20.203455150047976,20.46272046918493,-7.76929,110.3850272,-0.86,-7.7696723,110.3850262,-2.327
1788935191.215426,42.53526845530378,42.53526845530378,0.0,False,False,20.203455150047976,20.46272046918493,-7.76929,110.3850272,-0.86,-7.7696723,110.3850262,-2.327
1788935191.416145,42.53526845530378,42.53526845530378,0.0,False,False,20.203455150047976,20.46272046918493,-7.76929,110.3850272,-0.86,-7.7696723,110.3850262,-2.327
1788935191.6255195,42.53526845530378,42.53526845530378,0.0,False,False,20.203455150047976,20.46272046918493,-7.76929,110.3850272,-0.86,-7.7696723,110.3850262,-2.327
1788935191.8278444,42.53526845530378,42.53526845530378,0.0,False,False,20.203455150047976,20.46272046918493,-7.76929,110.3850272,-0.86,-7.7696723,110.3850262,-2.327
1788935192.0294259,42.53526845530378,42.53526845530378,0.0,False,False,20.203455150047976,20.46272046918493,-7.76929,110.3850272,-0.86,-7.7696723,110.3850262,-2.327
1788935192.2305405,42.53526845530378,42.53526845530378,0.0,False,False,20.203455150047976,20.46272046918493,-7.76929,110.3850272,-0.86,-7.7696723,110.3850262,-2.327
1788935192.4348624,42.53526845530378,42.53526845530378,0.0,False,False,20.203455150047976,20.46272046918493,-7.76929,110.3850272,-0.86,-7.7696723,110.3850262,-2.327
1788935192.6378527,42.53526845530378,42.53526845530378,0.0,False,False,20.203455150047976,20.46272046918493,-7.76929,110.3850272,-0.86,-7.7696723,110.3850262,-2.327
1788935192.8379636,42.53526845530378,42.53526845530378,0.0,False,False,20.203455150047976,20.46272046918493,-7.76929,110.3850272,-0.86,-7.7696723,110.3850262,-2.327
1788935193.040805,42.53526845530378,42.53526845530378,0.0,False,False,20.203455150047976,20.46272046918493,-7.76929,110.3850272,-0.86,-7.7696723,110.3850262,-2.327
1788935193.2430067,42.53526845530378,42.53526845530378,0.0,False,False,20.203455150047976,20.46272046918493,-7.76929,110.3850272,-0.86,-7.7696723,110.3850262,-2.327
1788935193.4437835,42.53526845530378,42.53526845530378,0.0,False,False,20.203455150047976,20.46272046918493,-7.76929,110.3850272,-0.86,-7.7696723,110.3850262,-2.327
1788935193.65446,42.53526845530378,42.53526845530378,0.0,False,False,20.203455150047976,20.46272046918493,-7.76929,110.3850272,-0.86,-7.7696723,110.3850262,-2.327
1788935193.8684862,42.53526845530378,42.53526845530378,0.0,False,False,20.203455150047976,20.46272046918493,-7.76929,110.3850272,-0.86,-7.7696723,110.3850262,-2.327
1788935194.0701447,42.53526845530378,42.53526845530378,0.0,False,False,20.203455150047976,20.46272046918493,-7.76929,110.3850272,-0.86,-7.7696723,110.3850262,-2.327
1788935194.2701774,42.53526845530378,42.53526845530378,0.0,False,False,20.203455150047976,20.46272046918493,-7.76929,110.3850272,-0.86,-7.7696723,110.3850262,-2.327
1788935194.4833791,42.53526845530378,42.53526845530378,0.0,False,False,20.203455150047976,20.46272046918493,-7.76929,110.3850272,-0.86,-7.7696723,110.3850262,-2.327
1788935194.695387,42.53526845530378,42.53526845530378,0.0,False,False,20.203455150047976,20.46272046918493,-7.76929,110.3850272,-0.86,-7.7696723,110.3850262,-2.327
1788935194.8954985,42.53526845530378,42.53526845530378,0.0,False,False,20.203455150047976,20.46272046918493,-7.76929,110.3850272,-0.86,-7.7696723,110.3850262,-2.327
1788935195.1107516,42.53526845530378,42.53526845530378,0.0,False,False,20.203455150047976,20.46272046918493,-7.76929,110.3850272,-0.86,-7.7696723,110.3850262,-2.327
1788935195.3252807,42.53526845530378,42.53526845530378,0.0,False,False,20.203455150047976,20.46272046918493,-7.76929,110.3850272,-0.86,-7.7696723,110.3850262,-2.327
1788935195.5258355,42.53526845530378,42.53526845530378,0.0,False,False,20.203455150047976,20.46272046918493,-7.76929,110.3850272,-0.86,-7.7696723,110.3850262,-2.327
1788935195.7412608,42.53526845530378,42.53526845530378,0.0,False,False,20.203455150047976,20.46272046918493,-7.76929,110.3850272,-0.86,-7.7696723,110.3850262,-2.327
1788935195.9412582,42.53526845530378,42.53526845530378,0.0,False,False,20.203455150047976,20.46272046918493,-7.76929,110.3850272,-0.86,-7.7696723,110.3850262,-2.327
1788935196.1463766,42.53526845530378,42.53526845530378,0.0,False,False,20.203455150047976,20.46272046918493,-7.76929,110.3850272,-0.86,-7.7696723,110.3850262,-2.327
1788935196.3617973,42.53526845530378,42.53526845530378,0.0,False,False,20.203455150047976,20.46272046918493,-7.76929,110.3850272,-0.86,-7.7696723,110.3850262,-2.327
1788935196.5632007,42.53526845530378,42.53526845530378,0.0,False,False,20.203455150047976,20.46272046918493,-7.76929,110.3850272,-0.86,-7.7696723,110.3850262,-2.327
1788935196.7668662,42.53526845530378,42.53526845530378,0.0,False,False,20.203455150047976,20.46272046918493,-7.76929,110.3850272,-0.86,-7.7696723,110.3850262,-2.327
1788935196.9782796,42.53526845530378,42.53526845530378,0.0,False,False,20.203455150047976,20.46272046918493,-7.76929,110.3850272,-0.86,-7.7696723,110.3850262,-2.327
1788935221.5252256,42.50996380338098,42.50996380338098,0.0,False,False,20.098857703859693,20.099552333323246,-7.76929,110.3850272,0.009,-7.7696723,110.3850262,0.002
1788935221.732398,42.50996380338098,42.50996380338098,0.0,False,False,20.098857703859693,20.099552333323246,-7.76929,110.3850272,0.009,-7.7696723,110.3850262,0.002
1788935221.9461782,42.50996380338098,42.50996380338098,0.0,False,False,20.098857703859693,20.099552333323246,-7.76929,110.3850272,0.009,-7.7696723,110.3850262,0.002
1788935222.1606593,42.50996380338098,42.50996380338098,0.0,False,False,20.098857703859693,20.099552333323246,-7.76929,110.3850272,0.009,-7.7696723,110.3850262,0.002
1788935222.3620903,42.50996380338098,42.50996380338098,0.0,False,False,20.098857703859693,20.099552333323246,-7.76929,110.3850272,0.009,-7.7696723,110.3850262,0.002
1788935222.5765593,42.50996380338098,42.50996380338098,0.0,False,False,20.098857703859693,20.099552333323246,-7.76929,110.3850272,0.009,-7.7696723,110.3850262,0.002
1788935222.776635,42.50996380338098,42.50996380338098,0.0,False,False,20.098857703859693,20.099552333323246,-7.76929,110.3850272,0.009,-7.7696723,110.3850262,0.002
1788935222.9911764,42.50996380338098,42.50996380338098,0.0,False,False,20.098857703859693,20.099552333323246,-7.76929,110.3850272,0.009,-7.7696723,110.3850262,0.002
1788935223.206671,42.50996380338098,42.50996380338098,0.0,False,False,20.098857703859693,20.099552333323246,-7.76929,110.3850272,0.009,-7.7696723,110.3850262,0.002
1788935223.4070868,42.50996380338098,42.50996380338098,0.0,False,False,20.098857703859693,20.099552333323246,-7.76929,110.3850272,0.009,-7.7696723,110.3850262,0.002
1788935223.607758,42.509963274093295,42.509963274093295,0.0,False,False,20.098857703859693,20.098659681680267,-7.76929,110.3850272,0.009,-7.7696723,110.3850262,0.011
1788935223.8083162,42.509963274093295,42.509963274093295,0.0,False,False,20.098857703859693,20.098659681680267,-7.76929,110.3850272,0.009,-7.7696723,110.3850262,0.011
1788935224.0235863,42.50998497488279,42.50998497488279,0.0,False,False,20.098857703859693,20.09464366441963,-7.76929,110.3850272,0.009,-7.7696723,110.3850262,0.052
1788935224.2253158,42.51010814576647,42.51010814576647,0.0,False,False,20.098165488422072,20.08751176726475,-7.76929,110.3850272,0.016,-7.7696723,110.3850262,0.127
1788935224.4259546,42.51113029036938,42.51113029036938,0.0,False,False,20.09444988050183,20.066393821511625,-7.76929,110.3850272,0.054,-7.7696723,110.3850262,0.369
1788935224.6275918,42.51350814229239,42.51350814229239,0.0,False,False,20.08769834998525,20.043908700650178,-7.76929,110.3850272,0.125,-7.7696723,110.3850262,0.674
1788935224.8280845,42.51125965629296,42.51125965629296,0.0,False,False,20.068606428947678,20.043908700650178,-7.76929,110.3850272,0.342,-7.7696723,110.3850262,0.674
1788935225.0301192,42.514841050682065,42.514841050682065,0.0,False,False,20.068606428947678,20.02568840264923,-7.76929,110.3850272,0.342,-7.7696723,110.3850262,0.986
1788935225.2301002,42.51606018394415,42.51606018394415,0.0,False,False,20.046186669788348,20.010237379901316,-7.76929,110.3850272,0.64,-7.7696723,110.3850262,1.36
1788935225.4449522,42.52953053113011,42.52953053113011,0.0,False,False,20.027964549599144,20.00109199518867,-7.76929,110.3850272,0.942,-7.7696724,110.3850263,1.791
1788935225.6476183,42.53239342193581,42.53239342193581,0.0,False,False,20.01214153957542,20.0,-7.76929,110.3850272,1.303,-7.7696724,110.3850263,2.285
1788935225.8495317,42.52411530607962,42.52408718936006,0.13206756385734192,False,False,20.0018495144824,20.0,-7.7692901,110.3850273,1.728,-7.7696724,110.3850263,2.825
1788935226.0525696,42.514353982681605,42.444841445158666,10.0,False,False,20.0,20.000000000000007,-7.7692901,110.3850273,2.214,-7.7696724,110.3850263,2.825
1788935226.267264,42.52513926567149,42.41167221773575,10.0,False,False,20.0,20.0,-7.7692901,110.3850273,2.214,-7.7696724,110.3850263,3.35
1788935226.4795222,42.52312709061688,42.50996322704544,2.204166666666667,False,False,20.000000000000004,20.0,-7.7692901,110.3850273,2.755,-7.7696724,110.3850263,3.813
1788935226.6804433,42.519659424373984,42.50996322704544,1.4412698412698415,False,False,20.0,20.0,-7.7692901,110.3850273,3.291,-7.7696724,110.3850263,4.199
1788935226.8815672,42.51649090135209,42.49347324501506,2.1517941423620743,False,False,20.000000000000004,20.0,-7.7692901,110.3850273,3.764,-7.7696724,110.3850263,4.509
1788935227.0945635,42.51397452091201,42.50996322704544,0.9419354838709687,False,False,20.0,19.999999999999996,-7.7692901,110.3850273,4.161,-7.7696724,110.3850263,4.745
1788935227.2950006,42.51078920185739,42.50996322704544,0.8548387096774182,False,False,20.0,19.999999999999996,-7.7692901,110.3850273,4.48,-7.7696724,110.3850263,4.745
1788935227.5095193,42.51213795570337,42.509983397873185,0.7507638721311677,False,False,19.999999999999993,19.999999999999996,-7.7692901,110.3850273,4.48,-7.7696724,110.3850263,4.91
1788935227.7104397,42.51093203594524,42.50996322704544,0.5314814814814813,False,False,20.000000000000004,20.000000000000004,-7.7692901,110.3850273,4.723,-7.7696724,110.3850263,5.01
1788935227.9109814,42.51023497423597,42.50996322704544,0.2980392156862748,False,False,20.000000000000007,20.000000000000004,-7.7692901,110.3850273,4.896,-7.7696724,110.3850263,5.048
1788935228.120291,42.50997311884301,42.50996322704544,0.07435897435897641,False,False,20.000000000000007,20.0,-7.7692901,110.3850273,5.004,-7.7696724,110.3850263,5.033
1788935228.321288,42.509966238104155,42.509966238104155,0.0,False,False,20.0,19.999999999999996,-7.7692901,110.3850273,5.049,-7.7696724,110.3850263,5.033
1788935228.5237498,42.50998704498456,42.50998704498456,0.0,False,False,19.999999999999993,20.000000000000007,-7.7692901,110.3850273,5.049,-7.7696724,110.3850263,5.004
1788935228.7267182,42.510004170368596,42.50996322704544,1.9666666666666426,False,False,20.0,20.0,-7.7692901,110.3850273,5.039,-7.7696724,110.3850263,4.98
1788935228.9275954,42.5099839751176,42.50996322704544,0.4666666666666745,False,False,20.0,20.000000000000004,-7.7692901,110.3850273,5.009,-7.7696724,110.3850263,4.967
1788935229.1427715,42.50996891982815,42.50996322704544,0.3142857142857177,False,False,20.0,20.000000000000004,-7.7692901,110.3850273,4.984,-7.7696724,110.3850263,4.962
1788935229.3476694,42.50996352109415,42.50996322704544,0.12499999999999734,False,False,20.000000000000004,20.0,-7.7692901,110.3850273,4.969,-7.7696724,110.3850263,4.964
1788935229.5487492,42.50996322704544,42.50996322704544,0.0,False,False,20.0,19.999999999999996,-7.7692901,110.3850273,4.964,-7.7696724,110.3850263,4.964
1788935229.7628255,42.50996352109415,42.50996352109415,0.0,False,False,20.0,20.000000000000007,-7.7692901,110.3850273,4.964,-7.7696724,110.3850263,4.969
1788935229.9638484,42.50996417976326,42.50996417976326,0.0,False,False,20.0,20.0,-7.7692901,110.3850273,4.966,-7.7696724,110.3850263,4.975
1788935230.1661906,42.50996380338091,42.50996322704544,0.7000000000000562,False,False,19.999999999999996,20.000000000000004,-7.7692901,110.3850273,4.97,-7.7696724,110.3850263,4.977
1788935230.3663301,42.50996327409323,42.50996322704544,0.199999999999978,False,False,20.0,20.0,-7.7692901,110.3850273,4.976,-7.7696724,110.3850263,4.978
1788935230.5665393,42.50996323880739,42.50996323880739,0.0,False,False,20.000000000000004,19.999999999999996,-7.7692901,110.3850273,4.979,-7.7696724,110.3850263,4.978
1788935230.782475,42.50996323880739,42.50996323880739,0.0,False,False,20.0,19.999999999999996,-7.7692901,110.3850273,4.979,-7.7696724,110.3850263,4.978
1788935230.997292,42.50996323880739,42.50996323880739,0.0,False,False,20.000000000000004,13.978741165410359,-7.7692901,110.3850273,4.981,-7.7696724,110.3850263,4.98
1788935231.197697,42.50996323880739,42.40996357547966,10.0,False,False,19.999999999999996,9.785118815787252,-7.7692901,110.3850273,4.981,-7.7696724,110.3850263,4.982
1788935231.39823,42.50996322704544,42.11008331979145,10.0,False,False,20.000000000000007,6.8495831710510755,-7.7692901,110.3850273,4.983,-7.7696724,110.3850263,4.983
1788935231.6109598,42.498843783469745,41.19897207973275,10.0,False,False,13.975438585453087,4.80220194209654,-7.7692901,110.3850273,4.985,-7.7696723,110.3850263,4.986
1788935231.8133624,42.498843783469745,41.19896722524241,10.0,False,False,9.782807009817159,3.3615413594675783,-7.7692901,110.3850273,4.987,-7.7696723,110.3850263,4.986
1788935232.015398,42.44324660151613,39.64418037123358,10.0,False,False,6.84796490686559,2.390572993108998,-7.7692901,110.3850273,4.987,-7.7696718,110.3850263,4.99
1788935232.2289617,42.35429104333805,37.55485838143646,10.0,False,False,4.793575434795647,1.733507075858622,-7.7692901,110.3850273,4.993,-7.769671,110.3850263,4.997
1788935232.4437063,42.209738900038204,34.9248051990111,10.0,False,False,3.355502804340265,1.311508521762401,-7.7692901,110.3850273,5.016,-7.7696697,110.3850263,5.007
1788935232.6449525,41.9873786197624,31.683594864864432,10.0,False,False,2.3488519630125095,1.0699129512934666,-7.7692901,110.3850273,5.071,-7.7696677,110.3850263,5.021
1788935232.8474236,41.68739980995722,28.14546719328256,10.0,False,False,1.62682884474122,0.941565289781724,-7.7692903,110.3850274,5.173,-7.7696652,110.3850262,5.04
1788935233.0619977,41.66600838674974,28.256468924107295,10.0,False,False,1.1214128033931432,0.659095702847839,-7.7692905,110.3850275,5.332,-7.7696652,110.3850262,5.04
1788935233.2762246,41.29891369136998,24.27926661019147,10.0,True,True,0.784988962304511,0.7158128046565777,-7.7692905,110.3850275,5.332,-7.7696619,110.3850262,5.064
1788935233.476423,40.77807538053586,20.39089719732176,10.0,True,True,0.5184131787993308,0.8350959957403621,-7.7692909,110.3850276,5.551,-7.7696576,110.3850261,5.094
1788935233.679182,40.17019661364368,17.113782779279365,10.0,True,True,0.32817457718122545,0.9812406735439232,-7.7692913,110.3850278,5.831,-7.7696525,110.385026,5.131
1788935233.879314,39.42068579305416,14.990066779656663,10.0,True,True,0.1844746147299769,1.1771039834195558,-7.7692918,110.3850281,6.166,-7.7696462,110.3850259,5.175
1788935234.0837228,39.3655699227235,16.521694397134382,9.95233457322732,True,True,0.08119085438998919,0.8239727883934878,-7.7692924,110.3850283,6.547,-7.7696462,110.3850259,5.175
1788935234.2844846,38.5526769498437,14.095963125051892,8.788545677202958,True,True,0.056833597578054056,1.1451817001529676,-7.7692924,110.3850283,6.547,-7.7696389,110.3850257,5.228
1788935234.486384,37.54462986741413,13.094036532947339,7.595985499323694,True,True,0.01621534915789114,1.4709868261663497,-7.769293,110.3850287,6.956,-7.7696303,110.3850256,5.289
1788935234.6896515,36.39653072584352,11.90293712017704,6.670542039468629,True,True,0.07046165264859369,1.7923740088451474,-7.7692937,110.385029,7.379,-7.7696205,110.3850256,5.359
1788935234.9047217,35.142400622584596,10.737771071026323,5.9175044983876885,True,True,0.10142445285135382,2.10321277152332,-7.7692943,110.3850293,7.806,-7.7696096,110.3850254,5.436
1788935235.1064029,33.74814129074883,9.757688312032274,5.272756542018218,True,True,0.11996077830457673,2.421978530085613,-7.7692949,110.3850295,8.225,-7.7695974,110.3850252,5.523
1788935235.306649,33.716388477517405,9.634587014425108,5.2991066930430515,True,True,0.13601620997490022,1.6953849710592432,-7.7692955,110.3850298,8.623,-7.7695974,110.3850252,5.523
1788935235.5097435,32.20246254812397,8.641322776752805,4.698160581539458,True,True,0.09521134840121648,2.245586974941589,-7.7692955,110.3850298,8.623,-7.7695838,110.3850249,5.619
1788935235.7116966,30.559626636550785,7.522328235372029,4.190072960628379,True,True,0.11874070130137773,2.7006369876425698,-7.7692961,110.3850301,8.99,-7.7695693,110.3850247,5.721
1788935235.914194,28.78462475311651,6.378342062514178,3.733758111910816,True,True,0.12486975386512532,3.1200963101995467,-7.7692966,110.3850303,9.315,-7.7695535,110.3850246,5.83
1788935236.11458,26.919693530424347,5.324077100179534,3.338177970207197,True,True,0.12192524943750198,3.483450009260501,-7.769297,110.3850305,9.583,-7.7695368,110.3850245,5.945
1788935236.32109,26.904704627103104,4.699374256498124,3.373065984876628,True,True,0.11987389865266375,2.437915625153507,-7.7692974,110.3850307,9.788,-7.7695368,110.3850245,5.945
1788935236.5213492,24.94112973839604,4.446869865338804,2.9771451581573336,True,True,0.08346971558367917,3.083270515644823,-7.7692974,110.3850307,9.788,-7.7695191,110.3850243,6.067
1788935236.7358289,22.869114658870778,3.700357145378276,2.6453419547530066,True,True,0.0749643589601344,3.611820974578359,-7.7692976,110.3850308,9.928,-7.7695004,110.3850242,6.193
1788935236.936373,20.726059561842607,3.1105781291756034,2.326838575089691,True,True,0.06835074985220917,4.405743333014847,-7.7692978,110.3850309,10.006,-7.7694811,110.385024,6.323
1788935237.1510937,18.524008086427624,2.758248983408615,2.027502224053503,True,True,0.04522723789876645,5.68317542009097,-7.7692978,110.3850309,10.035,-7.7694611,110.3850238,6.456
1788935237.353283,16.245090837765126,2.624227798442816,1.7369798472116762,True,True,0.03385574470722884,7.311409728836358,-7.7692979,110.3850309,10.03,-7.7694405,110.3850235,6.593
1788935237.5561025,16.240660803281386,2.549288665021662,1.7393364775926652,True,True,0.0192475934739851,6.847589273007864,-7.7692979,110.3850309,10.009,-7.7694405,110.3850235,6.593
1788935237.7709968,13.92689296870666,2.562678554138895,1.4606603658208794,True,True,3.00174612346145,9.36405314714574,-7.7692979,110.3850309,10.009,-7.7694194,110.3850233,6.733
1788935237.9856062,11.61292121546657,2.610628649347173,1.1949239555954836,True,True,5.101276765070888,12.031004518647766,-7.7692979,110.385031,9.988,-7.7693982,110.385023,6.874
1788935238.1870072,9.304084520404416,2.649077986422093,0.9351650782949483,True,True,6.5711337634559115,14.13899056193846,-7.7692979,110.385031,9.977,-7.7693768,110.3850228,7.014
1788935238.3901062,7.05045400256374,2.6564438342298575,0.6826558848702727,True,True,7.601194756589874,16.323916633930903,-7.7692979,110.385031,9.975,-7.7693554,110.3850225,7.155
1788935238.5924857,4.905952173464887,2.6619394394067615,0.4298775029090556,True,True,8.331922284670547,18.58396624049447,-7.7692979,110.385031,9.977,-7.7693338,110.3850222,7.295
1788935238.7953281,4.898004350026712,2.6642901069940734,0.428731314755975,True,True,8.847802309311984,18.532559674539613,-7.769298,110.385031,9.979,-7.7693338,110.3850222,7.295
1788935238.9953997,3.1557031789103887,2.657946043816714,0.17672482374757664,True,True,9.28666824067016,18.995190754277733,-7.769298,110.385031,9.979,-7.7693122,110.385022,7.433
1788935239.198827,2.747475186109722,2.747475186109722,0.0,True,True,7.298564245132287,19.616183264847255,-7.769298,110.385031,9.98,-7.7692905,110.3850217,7.571
1788935239.4019983,4.117553687372821,4.117553687372821,0.0,True,True,5.245225345893905,20.000000000000004,-7.769298,110.385031,9.98,-7.7692686,110.3850214,7.711
1788935239.603183,6.205405311405271,6.205405311405271,0.0,True,True,3.6946324830635566,19.999999999999996,-7.769298,110.385031,9.979,-7.7692465,110.3850211,7.852
1788935239.8174162,6.205405311405271,6.205405311405271,0.0,True,True,2.610627996278661,20.0,-7.769298,110.385031,9.979,-7.7692465,110.3850211,7.852
1788935240.0199475,8.483723344046934,8.483723344046934,0.0,True,True,1.8337143516777794,20.0,-7.769298,110.385031,9.979,-7.7692245,110.3850209,7.994
1788935240.223077,10.827531019433005,10.827531019433005,0.0,True,True,1.2856968775210014,20.0,-7.769298,110.385031,9.978,-7.7692026,110.3850206,8.136
1788935240.4384286,13.20607709243195,13.20607709243195,0.0,True,True,0.9008146428045836,19.999999999999996,-7.769298,110.385031,9.977,-7.7691807,110.3850203,8.278
1788935240.6423478,15.60338371491278,15.60338371491278,0.0,True,True,0.6309329168936247,20.0,-7.769298,110.385031,9.977,-7.7691588,110.38502,8.422
1788935240.8454921,18.00100530663907,18.00100530663907,0.0,True,True,0.44182337929354315,20.0,-7.769298,110.385031,9.977,-7.769137,110.3850197,8.566
1788935241.045938,18.00100530663907,18.00100530663907,0.0,True,True,0.30945231779888555,20.0,-7.769298,110.385031,9.977,-7.769137,110.3850197,8.566
1788935241.2485242,20.350060317719514,20.350060317719514,0.0,True,True,0.2167045222083007,20.0,-7.769298,110.385031,9.977,-7.7691157,110.3850195,8.707
1788935241.463514,22.649384217222543,22.649384217222543,0.0,True,True,0.15173747002253546,20.0,-7.769298,110.385031,9.977,-7.7690949,110.3850192,8.845
1788935241.6670244,24.92990668388764,24.92990668388764,0.0,True,True,0.10623733854790321,20.000000000000004,-7.769298,110.385031,9.976,-7.7690743,110.3850189,8.98
1788935241.8820176,27.10158012950518,27.10158012950518,0.0,True,True,0.0743748694735038,19.999999999999996,-7.769298,110.385031,9.976,-7.7690547,110.3850187,9.107
1788935242.0842652,27.10158012950518,27.10158012950518,0.0,True,True,0.05207130854178614,20.000000000000004,-7.769298,110.385031,9.976,-7.7690547,110.3850187,9.107
1788935242.284905,29.17576733529663,29.17576733529663,0.0,True,True,0.0364518222183627,20.0,-7.769298,110.385031,9.976,-7.769036,110.3850184,9.226
1788935242.4867775,31.12864854264883,31.12864854264883,0.0,True,True,0.02551627637469938,20.000000000000004,-7.769298,110.385031,9.976,-7.7690184,110.3850182,9.336
1788935242.6874409,32.971470523418034,32.971470523418034,0.0,True,True,0.017861394237437538,20.0,-7.769298,110.385031,9.976,-7.7690018,110.385018,9.437
1788935242.890533,34.68220385989128,34.68220385989128,0.0,True,True,0.01250297668532328,20.000000000000007,-7.769298,110.385031,9.976,-7.7689864,110.3850177,9.528
1788935243.0911303,36.225914835458475,36.225914835458475,0.0,False,False,0.008752084328799672,19.999999999999996,-7.769298,110.385031,9.976,-7.7689725,110.3850176,9.608
1788935243.2913342,36.225914835458475,36.225914835458475,0.0,False,False,0.006126459030160251,20.000000000000007,-7.769298,110.385031,9.976,-7.7689725,110.3850176,9.608
1788935243.5062869,37.637126679349194,37.637126679349194,0.0,False,False,0.004288521914154207,20.0,-7.769298,110.385031,9.976,-7.7689598,110.3850174,9.68
1788935243.7174478,38.88193769851976,38.88193769851976,0.0,False,False,0.00819869177602501,20.000000000000007,-7.7692979,110.385031,9.976,-7.7689485,110.3850172,9.744
1788935243.9187171,39.98205999994756,39.98205999994756,0.0,False,False,0.005739084412490078,20.0,-7.7692979,110.385031,9.976,-7.7689386,110.3850171,9.801
1788935244.1188142,40.915655569585326,40.915655569585326,0.0,False,False,0.004017359232370556,19.999999999999996,-7.7692979,110.385031,9.976,-7.7689302,110.385017,9.849
1788935244.320453,40.915655569585326,40.915655569585326,0.0,False,False,0.0028121514626605133,19.999999999999993,-7.7692979,110.385031,9.976,-7.7689302,110.385017,9.849
1788935244.5204873,41.671554244712404,41.671554244712404,0.0,False,False,0.001968506140133284,20.0,-7.7692979,110.385031,9.976,-7.7689234,110.3850169,9.89
1788935244.7217407,42.28305807653645,42.28305807653645,0.0,False,False,0.0013779543921412288,20.0,-7.7692979,110.385031,9.977,-7.7689179,110.3850168,9.924
1788935244.9364502,42.739027843962646,42.739027843962646,0.0,False,False,0.0009645681446051677,20.0,-7.7692979,110.385031,9.977,-7.7689138,110.3850167,9.951
1788935245.138052,43.07278456002195,43.07278456002195,0.0,False,False,0.0006751977525285719,19.999999999999996,-7.7692979,110.385031,9.977,-7.7689108,110.3850166,9.971
1788935245.3534067,43.283912406020995,43.283912406020995,0.0,False,False,0.0004726384592609685,20.000000000000004,-7.7692979,110.385031,9.977,-7.7689089,110.3850166,9.984
1788935245.553705,43.283912406020995,43.283912406020995,0.0,False,False,0.0003308469214817594,20.000000000000004,-7.7692979,110.385031,9.977,-7.7689089,110.3850166,9.984
1788935245.7551222,43.4061472484491,43.4061472484491,0.0,False,False,0.00023159286384773448,20.0,-7.7692979,110.385031,9.977,-7.7689078,110.3850166,9.993
1788935245.9561625,43.45059718401452,43.45059718401452,0.0,False,False,0.00016211501153710767,20.0,-7.7692979,110.385031,9.977,-7.7689074,110.3850166,9.997
1788935246.170333,43.43988935782217,42.340652909744215,10.0,False,False,0.00011348050636529668,20.000000000000004,-7.7692979,110.385031,9.977,-7.7689075,110.3850165,9.998
1788935246.3715487,43.384329085583055,41.18590100813386,10.0,False,False,7.943634590111769e-05,19.999999999999993,-7.7692979,110.385031,9.977,-7.768908,110.3850165,9.997
1788935246.5720408,43.384328636112,41.18990056059723,10.0,False,False,5.560544213131692e-05,20.000000000000007,-7.7692979,110.385031,9.978,-7.768908,110.3850165,9.997
1788935246.7750876,43.328768504768256,40.73064935740688,10.0,False,False,3.892380094525732e-05,20.000000000000004,-7.7692979,110.385031,9.978,-7.7689085,110.3850165,9.996
1788935246.976227,43.26209658249045,40.86382973745591,10.0,False,False,2.7246650401211993e-05,19.999999999999996,-7.7692979,110.385031,9.978,-7.7689091,110.3850165,9.995
1788935247.176781,43.19542520441366,41.99626970736764,10.0,False,False,1.9072645022149716e-05,19.999999999999996,-7.7692979,110.385031,9.978,-7.7689097,110.3850165,9.995
1788935247.3800573,43.17320106086564,43.073269710277515,10.0,False,False,1.3350848101130303e-05,20.000000000000007,-7.7692979,110.385031,9.978,-7.7689099,110.3850165,9.994
1788935247.5842552,43.17320106086564,43.073269710277515,10.0,False,False,9.34559366946235e-06,19.999999999999996,-7.7692979,110.385031,9.978,-7.7689099,110.3850165,9.994
1788935247.7869656,43.16249837002329,43.16249837002329,0.0,False,False,6.541913860675669e-06,20.0,-7.7692979,110.385031,9.978,-7.76891,110.3850164,9.994
1788935247.9908404,43.16249801091526,43.16249801091526,0.0,False,False,4.579339702475551e-06,19.999999999999996,-7.7692979,110.385031,9.978,-7.76891,110.3850164,9.993
1788935248.2001648,43.17360978064337,43.17360978064337,0.0,False,False,3.205539500048243e-06,19.999999999999996,-7.7692979,110.385031,9.978,-7.7689099,110.3850164,9.993
1788935248.4027705,43.173610139658976,43.173610139658976,0.0,False,False,2.2438776512371317e-06,19.999999999999996,-7.7692979,110.385031,9.978,-7.7689099,110.3850164,9.994
1788935248.603901,43.16249837013627,43.16249837013627,0.0,False,False,0.007785106769375772,20.0,-7.7692978,110.385031,9.978,-7.7689099,110.3850164,9.994
1788935248.8075018,43.16249837013627,43.16249837013627,0.0,False,False,0.00544957473856233,20.0,-7.7692978,110.385031,9.978,-7.7689099,110.3850164,9.994
1788935249.0100374,43.16249837013627,43.16249837013627,0.0,False,False,0.003814702316995407,20.0,-7.7692978,110.385031,9.978,-7.7689099,110.3850164,9.994
1788935249.21432,43.16249837013627,43.16249837013627,0.0,False,False,0.0026702916218953637,20.0,-7.7692978,110.385031,9.978,-7.7689099,110.3850164,9.994
1788935249.4163082,43.16249837013627,43.16249837013627,0.0,False,False,0.0018692041353281757,20.000000000000004,-7.7692978,110.385031,9.979,-7.7689099,110.3850164,9.995
1788935249.6185024,43.16249837013627,43.16249837013627,0.0,False,False,0.0013084428947300782,19.999999999999993,-7.7692978,110.385031,9.979,-7.7689099,110.3850164,9.995
1788935249.8207557,43.16249837013627,43.16249837013627,0.0,False,False,0.000915910026309989,20.000000000000004,-7.7692978,110.385031,9.979,-7.7689099,110.3850164,9.995
1788935250.0234456,43.151386604479455,43.151386604479455,0.0,False,False,0.0006411370184127404,19.999999999999993,-7.7692978,110.385031,9.979,-7.76891,110.3850164,9.995
1788935250.2378166,43.151386604479455,43.151386604479455,0.0,False,False,0.00044879591289069467,20.0,-7.7692978,110.385031,9.979,-7.76891,110.3850164,9.995
1788935250.44216,43.15179908533226,43.15179908533226,0.0,False,False,0.00031415713902170986,20.0,-7.7692978,110.385031,9.979,-7.76891,110.3850163,9.996
1788935250.643632,43.15221399285234,43.15221399285234,0.0,False,False,0.007715330023298098,20.0,-7.7692978,110.3850309,9.979,-7.76891,110.3850161,9.996
1788935250.8467965,43.154762421869265,43.154762421869265,0.0,False,False,0.005400731016308595,19.999999999999996,-7.7692978,110.3850309,9.979,-7.76891,110.3850155,9.996
1788935251.0485427,43.154762421869265,43.154762421869265,0.0,False,False,0.003780511711416001,20.0,-7.7692978,110.3850309,9.979,-7.76891,110.3850155,9.996
1788935251.249077,43.148124725927495,43.148124725927495,0.0,False,False,0.002646358233787268,19.999999999999996,-7.7692978,110.3850309,9.979,-7.7689101,110.3850145,9.996
1788935251.453291,43.1553610379688,43.1553610379688,0.0,False,False,0.00185245076365123,20.0,-7.7692978,110.3850309,9.979,-7.7689101,110.385013,9.996
1788935251.668561,43.15544778847512,43.15544778847512,0.0,False,False,0.0012967155703516792,20.0,-7.7692978,110.3850309,9.979,-7.7689102,110.3850109,9.996
1788935251.869934,43.161197595276555,43.161197595276555,0.0,False,False,0.0009077009350424116,20.000000000000004,-7.7692978,110.3850309,9.979,-7.7689103,110.3850081,9.996
1788935252.0721495,43.161197595276555,43.161197595276555,0.0,False,False,0.0006353906545297204,20.000000000000004,-7.7692978,110.3850309,9.979,-7.7689103,110.3850081,9.996
1788935252.2732518,43.174261378865644,43.174261378865644,0.0,False,False,0.00044477349396669104,20.0,-7.7692978,110.3850309,9.979,-7.7689104,110.3850046,9.996
1788935252.4769905,43.187332676978194,43.187332676978194,0.0,False,False,0.0003113415173687014,19.999999999999996,-7.7692978,110.3850309,9.978,-7.7689106,110.3850002,9.996
1788935252.6783702,43.20275568403122,43.20275568403122,0.0,False,False,0.00021793916954653816,20.000000000000004,-7.7692978,110.3850309,9.978,-7.7689109,110.384995,9.996
1788935252.8815763,43.23393980982869,43.23393980982869,0.0,False,False,0.00015255752607057528,20.0,-7.7692978,110.3850309,9.978,-7.7689112,110.3849891,9.996
1788935253.08423,43.23393980982869,43.23393980982869,0.0,False,False,0.0001067902682494654,20.0,-7.7692978,110.3850309,9.978,-7.7689112,110.3849891,9.996
1788935253.2871165,43.28161705128958,43.28161705128958,0.0,False,False,7.475329516240252e-05,20.0,-7.7692978,110.3850309,9.978,-7.7689115,110.3849827,9.997
1788935253.4901826,43.35943033644182,43.35943033644182,0.0,False,False,5.2327378206412256e-05,20.000000000000007,-7.7692978,110.3850309,9.978,-7.7689117,110.3849758,9.997
1788935253.6919386,43.433666747541324,43.433666747541324,0.0,False,False,3.662930792877782e-05,20.0,-7.7692978,110.3850309,9.978,-7.7689121,110.3849686,9.997
1788935253.892141,43.53905484020589,43.53905484020589,0.0,False,False,2.5640622937930502e-05,20.0,-7.7692978,110.3850309,9.978,-7.7689124,110.3849611,9.998
1788935254.094386,43.666314342704624,43.666314342704624,0.0,False,False,1.7948543445152406e-05,20.000000000000007,-7.7692978,110.3850309,9.978,-7.7689127,110.3849533,9.998
1788935254.305959,43.666314342704624,43.666314342704624,0.0,False,False,1.25639804116612e-05,20.000000000000004,-7.7692978,110.3850309,9.978,-7.7689127,110.3849533,9.998
1788935254.507472,43.79686411679889,43.79686411679889,0.0,False,False,8.794929472108618e-06,20.0,-7.7692978,110.3850309,9.978,-7.7689131,110.3849456,9.998
1788935254.708628,43.956834148006415,43.956834148006415,0.0,False,False,6.156558018958841e-06,19.999999999999996,-7.7692978,110.3850309,9.978,-7.7689134,110.3849378,9.998
1788935254.9100041,44.13021167293476,44.13021167293476,0.0,False,False,4.309698001103994e-06,19.999999999999996,-7.7692978,110.3850309,9.978,-7.7689137,110.3849301,9.997
1788935255.1108887,44.30549950289551,44.30549950289551,0.0,False,False,3.016931784094081e-06,20.0,-7.7692978,110.3850309,9.978,-7.7689141,110.3849225,9.997
1788935255.3140824,44.30549950289551,44.30549950289551,0.0,False,False,2.111852249241233e-06,20.0,-7.7692978,110.3850309,9.978,-7.7689141,110.3849225,9.997
1788935255.5155158,44.5002288856821,44.5002288856821,0.0,False,False,1.4784039618381287e-06,20.0,-7.7692978,110.3850309,9.978,-7.7689144,110.3849151,9.996
1788935255.7171557,44.69564477354057,44.69564477354057,0.0,False,False,1.034990162150358e-06,19.999999999999996,-7.7692978,110.3850309,9.978,-7.7689147,110.3849081,9.995
1788935255.9191504,44.8859693853148,44.8859693853148,0.0,False,False,7.246005024001704e-07,19.999999999999996,-7.7692978,110.3850309,9.978,-7.768915,110.3849016,9.995
1788935256.1218333,45.07185243887626,45.07185243887626,0.0,False,False,5.07291943738204e-07,20.000000000000004,-7.7692978,110.3850309,9.979,-7.7689152,110.3848958,9.994
1788935256.3257172,45.07185243887626,45.07185243887626,0.0,False,False,3.551043600536929e-07,20.0,-7.7692978,110.3850309,9.979,-7.7689152,110.3848958,9.994
1788935256.5272114,45.22540254716747,45.22540254716747,0.0,False,False,2.4868044094434267e-07,20.0,-7.7692978,110.3850309,9.979,-7.7689155,110.3848908,9.994
1788935256.729339,45.36728677863127,45.36728677863127,0.0,False,False,1.7411210455934016e-07,19.999999999999996,-7.7692978,110.3850309,9.978,-7.7689156,110.3848868,9.994
1788935256.9441805,45.46715616849193,45.46715616849193,0.0,False,False,1.2195006368388804e-07,20.0,-7.7692978,110.3850309,9.978,-7.7689158,110.3848837,9.995
1788935257.1471128,45.55417452680485,45.55417452680485,0.0,False,False,8.536504600933939e-08,20.0,-7.7692978,110.3850309,9.978,-7.7689158,110.3848815,9.995
1788935257.361832,45.59977910674036,45.59977910674036,0.0,False,False,5.979132876516252e-08,20.000000000000004,-7.7692978,110.3850309,9.978,-7.7689159,110.3848801,9.996
1788935257.5743942,45.59977872296657,45.59977872296657,0.0,False,False,4.185392984109739e-08,20.0,-7.7692978,110.3850309,9.979,-7.7689159,110.3848801,9.996
1788935257.7860959,45.63599993229677,45.63599993229677,0.0,False,False,2.9297749645820054e-08,20.0,-7.7692978,110.3850309,9.979,-7.7689159,110.3848792,9.996
1788935257.9862766,45.6458612802943,45.6458612802943,0.0,False,False,2.0544220565781777e-08,20.000000000000007,-7.7692978,110.3850309,9.979,-7.768916,110.3848787,9.996
1788935258.188484,45.653960631069005,45.653960631069005,0.0,False,False,1.4380955994124974e-08,20.0,-7.7692978,110.3850309,9.979,-7.768916,110.3848785,9.996
1788935258.3897073,45.65395993014405,45.56098344751362,10.0,False,False,1.0066669147443044e-08,20.0,-7.7692978,110.3850309,9.98,-7.768916,110.3848785,9.995
1788935258.5897636,45.65395993014405,45.56098344751362,10.0,False,False,7.046667929045461e-09,20.0,-7.7692978,110.3850309,9.98,-7.768916,110.3848785,9.995
1788935258.7898774,45.649909105102715,45.556924355201495,10.0,False,False,4.9326691484102935e-09,20.0,-7.7692978,110.3850309,9.98,-7.768916,110.3848786,9.995
1788935259.0017045,45.64990878746791,45.63096693336199,10.0,False,False,3.4528685814505656e-09,20.0,-7.7692978,110.3850309,9.98,-7.768916,110.3848786,9.994
1788935259.2018418,45.64990878746791,45.64990878746791,0.0,False,False,2.4170074844081316e-09,20.0,-7.7692978,110.3850309,9.98,-7.768916,110.3848786,9.994
1788935259.4050798,45.64990849173895,45.64990849173895,0.0,False,False,1.6919058020309618e-09,20.000000000000004,-7.7692978,110.3850309,9.98,-7.768916,110.3848786,9.993
1788935259.606497,45.64990849173895,45.64990849173895,0.0,False,False,1.1843337345688172e-09,20.0,-7.7692978,110.3850309,9.98,-7.768916,110.3848786,9.993
1788935259.8086221,45.64990878746791,45.64990878746791,0.0,False,False,8.290338522694844e-10,19.999999999999996,-7.7692978,110.3850309,9.979,-7.768916,110.3848786,9.993
1788935260.0098422,45.64990878746791,45.64990878746791,0.0,False,False,5.803236279780675e-10,20.0,-7.7692978,110.3850309,9.979,-7.768916,110.3848786,9.993
1788935260.2227006,45.64990849173895,45.64990849173895,0.0,False,False,4.062263600458766e-10,20.000000000000004,-7.7692978,110.3850309,9.979,-7.768916,110.3848786,9.992
1788935260.4360394,45.63956759402266,45.63956759402266,0.0,False,False,0.007783644895020817,20.0,-7.7692977,110.3850309,9.979,-7.768916,110.3848786,9.992
1788935260.6451108,45.63956759402266,45.63956759402266,0.0,False,False,0.005448551426514572,20.0,-7.7692977,110.3850309,9.979,-7.768916,110.3848786,9.992
1788935260.8470712,45.63956788981862,45.63956788981862,0.0,False,False,0.003813985998558424,19.999999999999996,-7.7692977,110.3850309,9.979,-7.768916,110.3848786,9.993
1788935261.0493715,45.63956820752539,45.63956820752539,0.0,False,False,0.002669790198993384,20.000000000000004,-7.7692977,110.3850309,9.978,-7.768916,110.3848786,9.993
1788935261.2502306,45.63956820752539,45.63956820752539,0.0,False,False,0.0018688531392925265,19.999999999999993,-7.7692977,110.3850309,9.978,-7.768916,110.3848786,9.993
1788935261.4523568,45.63956820752539,45.63956820752539,0.0,False,False,0.0013081971975061897,19.999999999999996,-7.7692977,110.3850309,9.978,-7.768916,110.3848786,9.993
1788935261.6549666,45.63956820752539,45.63956820752539,0.0,False,False,0.0009157380382553986,20.0,-7.7692977,110.3850309,9.978,-7.768916,110.3848786,9.993
1788935261.8589323,45.62922767466851,45.62922767466851,0.0,False,False,0.0006410166267762943,19.999999999999996,-7.7692977,110.3850309,9.978,-7.7689161,110.3848786,9.993
1788935262.0606022,45.62922767466851,45.62922767466851,0.0,False,False,0.0004487116387430507,20.000000000000007,-7.7692977,110.3850309,9.978,-7.7689161,110.3848786,9.993
1788935262.2608337,45.62922767466851,45.239321941726864,10.0,False,False,0.00031409814712191184,20.000000000000004,-7.7692977,110.3850309,9.978,-7.7689161,110.3848786,9.993
1788935262.4621177,45.598208275815374,44.098561050557606,10.0,False,False,0.0002198687029811107,20.000000000000004,-7.7692977,110.3850309,9.978,-7.7689164,110.3848786,9.993
1788935262.6651206,45.53617939889958,42.38186038619004,10.0,False,False,0.00015390809208811715,20.0,-7.7692977,110.3850309,9.978,-7.768917,110.3848786,9.993
1788935262.865301,45.4224943029553,40.30708794580344,10.0,False,False,0.00010773566446246858,19.999999999999993,-7.7692977,110.3850309,9.978,-7.7689181,110.3848786,9.993
1788935263.067088,45.4224943029553,40.30708794580344,10.0,False,False,7.541496512550437e-05,20.0,-7.7692977,110.3850309,9.978,-7.7689181,110.3848786,9.993
1788935263.2699838,45.27162671266078,37.869408774672,10.0,False,False,5.279047559574109e-05,20.000000000000004,-7.7692977,110.3850309,9.978,-7.7689196,110.3848785,9.993
1788935263.4722679,45.04453644413532,35.00934161522424,10.0,False,False,3.695333293467049e-05,19.999999999999996,-7.7692977,110.3850309,9.978,-7.7689218,110.3848785,9.993
1788935263.674359,44.74547268325847,31.873218809070384,10.0,False,False,0.007712243734316801,19.999999999999993,-7.7692977,110.3850308,9.978,-7.7689247,110.3848784,9.993
1788935263.8753378,44.36855548940398,28.43398833396193,10.0,False,False,0.005398571905034224,19.999999999999996,-7.7692977,110.3850308,9.978,-7.7689284,110.3848783,9.993
1788935264.0787046,44.36855548940398,28.415825696231757,10.0,False,False,0.003779000333523693,19.999999999999996,-7.7692977,110.3850308,9.978,-7.7689284,110.3848783,9.993
1788935264.2812448,43.9040177765407,24.87364183409083,10.0,True,True,0.0026453018385099334,20.0,-7.7692977,110.3850308,9.978,-7.768933,110.3848781,9.993
1788935264.4848952,43.32354673305889,21.511333760297415,10.0,True,True,0.0018517132758122483,19.999999999999996,-7.7692977,110.3850308,9.978,-7.7689387,110.384878,9.993
1788935264.6870892,42.636560844555525,18.956436207577106,10.0,True,True,0.0012962016657442016,20.000000000000004,-7.7692977,110.3850308,9.978,-7.7689455,110.3848778,9.994
1788935264.8876922,41.84001590888158,18.1710564143177,9.86031009297473,True,True,0.0009073439225090838,19.999999999999996,-7.7692977,110.3850308,9.978,-7.7689534,110.3848776,9.995
1788935265.0895166,41.84001590888158,18.174418794039397,9.885734817921863,True,True,0.0006351407457560082,20.0,-7.7692977,110.3850308,9.978,-7.7689534,110.3848776,9.995
1788935265.2928174,40.929814411717565,18.19203992364582,8.462519236045217,True,True,0.00044460169722859775,19.999999999999993,-7.7692977,110.3850308,9.978,-7.7689625,110.3848773,9.996
1788935265.49583,39.91374455016963,18.136885009843727,7.387812691295154,True,True,0.0003112247470755421,20.0,-7.7692977,110.3850308,9.978,-7.7689727,110.384877,9.997
1788935265.6994321,38.80421428218369,18.104624830317288,6.5715836302061685,True,True,0.0002178612308958718,20.0,-7.7692977,110.3850308,9.978,-7.7689839,110.3848767,9.998
1788935265.9031696,37.608983896696074,18.033485836359834,5.901291456835052,True,True,0.00015250711849419194,20.0,-7.7692977,110.3850308,9.978,-7.7689961,110.3848763,9.999
1788935266.104709,36.36101532318304,18.024691809302453,5.340841672053925,True,True,0.00010675944917075739,19.999999999999996,-7.7692977,110.3850308,9.978,-7.7690089,110.384876,10.0
1788935266.3063548,36.36101532318304,18.024691809302453,5.340841672053925,True,True,7.473161442023951e-05,20.0,-7.7692977,110.3850308,9.978,-7.7690089,110.384876,10.0
1788935266.5093107,35.05409200675767,18.028359849974585,4.846551850134542,True,True,5.231687546498876e-05,20.0,-7.7692977,110.3850308,9.978,-7.7690225,110.3848756,10.0
1788935266.7124553,33.67819613986988,17.989246997482393,4.412221974170246,True,True,3.662687222955861e-05,19.999999999999993,-7.7692977,110.3850308,9.979,-7.769037,110.3848752,10.001
1788935266.9156423,32.311254952067486,18.012742421979222,4.031948959864791,True,True,2.5643939757796936e-05,19.999999999999996,-7.7692977,110.3850308,9.979,-7.7690517,110.3848747,10.001
1788935267.1194627,30.918058614454466,17.98823420576624,3.691002691428563,True,True,1.7956061493095056e-05,20.0,-7.7692977,110.3850308,9.979,-7.7690669,110.3848743,10.001
1788935267.3196425,30.91805791906798,17.988233010540494,3.691002691428563,True,True,1.2569243045875293e-05,20.000000000000004,-7.7692977,110.3850308,9.98,-7.7690669,110.3848743,10.001
1788935267.5211155,29.546905374772525,17.971403058857906,3.3877628800502593,True,True,1.538834076167054e-05,20.0,-7.7692977,110.3850308,9.98,-7.7690822,110.3848739,10.001
1788935267.7228086,28.183492342500895,17.96975433135673,3.104835617296173,True,True,9.770729128595967e-05,20.0,-7.7692977,110.3850308,9.98,-7.7690979,110.3848734,10.001
1788935267.9241695,26.84887247232467,17.96111980985439,2.8416469493941587,True,True,0.00024760849356823947,20.0,-7.7692977,110.3850308,9.98,-7.7691137,110.384873,10.001
1788935268.1258845,25.57295495708476,17.940229908592176,2.595100142187918,True,True,0.00046864612391943675,20.0,-7.7692977,110.3850308,9.979,-7.7691295,110.3848725,10.001
1788935268.3291612,25.57295495708476,17.940229908592176,2.595100142187918,True,True,0.0006236088596400172,20.000000000000004,-7.7692977,110.3850308,9.979,-7.7691295,110.3848725,10.001
1788935268.5310419,24.349209106848956,17.93930163337877,2.3578752007826287,True,True,0.0008784274681174914,20.0,-7.7692977,110.3850308,9.979,-7.7691453,110.3848721,10.001
1788935268.7342083,23.194160486566048,17.94136189266739,2.135747460145361,True,True,0.0012368909926856598,20.000000000000004,-7.7692977,110.3850308,9.979,-7.7691611,110.3848717,10.001
1788935268.9367409,22.138848057435826,17.92706019473968,1.9323942016170594,True,True,0.001699952348701334,20.000000000000004,-7.7692977,110.3850308,9.979,-7.7691766,110.3848713,10.001
1788935269.137872,21.20859021852306,17.93652935326558,1.7378110823371684,True,True,0.002259893687125233,19.999999999999996,-7.7692977,110.3850308,9.978,-7.7691915,110.3848709,10.0
1788935269.339957,21.20859021852306,17.93652935326558,1.7378110823371684,True,True,0.0026544696101399863,20.0,-7.7692977,110.3850308,9.978,-7.7691915,110.3848709,10.0
1788935269.5414379,20.398671542710012,17.932379803498748,1.5575854812138217,True,True,0.003183643555702919,20.000000000000004,-7.7692977,110.3850308,9.978,-7.7692059,110.3848705,9.999
1788935269.7516513,19.72505987452783,17.93384499755604,1.389188277250598,True,True,0.0038073453452371975,20.0,-7.7692977,110.3850308,9.978,-7.7692195,110.3848701,9.997
1788935269.9586673,19.17265773980704,17.93979327954644,1.2271708127799834,True,True,0.004487942244441567,20.0,-7.7692977,110.3850308,9.978,-7.7692325,110.3848697,9.995
1788935270.1591592,18.74378787033622,17.928474697687996,1.0802823531065309,True,True,0.005182820557443781,20.0,-7.7692977,110.3850308,9.978,-7.7692444,110.3848694,9.993
1788935270.3617198,18.431317885802912,17.93382151858358,0.9365480815639451,True,True,0.005847922469788745,19.999999999999996,-7.7692977,110.3850308,9.978,-7.7692552,110.3848691,9.991
1788935270.5619054,18.431317885802912,17.93382151858358,0.9365480815639451,True,True,0.006323287134026142,20.0,-7.7692977,110.3850308,9.978,-7.7692552,110.3848691,9.991
1788935270.7645264,18.206263322902053,17.92379941769252,0.8084992320996782,True,True,0.006795629051043375,20.000000000000004,-7.7692977,110.3850308,9.978,-7.7692649,110.3848689,9.99
1788935270.967434,18.065830741030897,17.926508290390835,0.6742453943043942,True,True,0.007223965951519941,20.0,-7.7692977,110.3850308,9.978,-7.7692732,110.3848687,9.99
1788935271.1805854,17.988054028873538,17.925849949263682,0.5513490354576559,True,True,0.007586638415519028,20.0,-7.7692977,110.3850308,9.978,-7.7692801,110.3848685,9.991
1788935271.3936095,17.9538000665523,17.933880305597455,0.3931038046185418,True,True,0.00788159161279964,20.0,-7.7692977,110.3850308,9.978,-7.7692856,110.3848683,9.993
1788935271.5951478,17.935858311043688,17.930361321658125,0.26902567385628523,True,True,0.008116881823282367,20.000000000000004,-7.7692977,110.3850308,9.978,-7.7692898,110.3848682,9.995
1788935271.803768,17.935858311043688,17.930361321658125,0.26902567385628523,True,True,0.008286854938652463,20.000000000000004,-7.7692977,110.3850308,9.978,-7.7692898,110.3848682,9.995
1788935272.0060062,17.932970042295914,17.932799703829108,0.06457696537428699,True,True,0.00843186156313995,20.0,-7.7692977,110.3850308,9.978,-7.769293,110.3848681,9.997
1788935272.207363,17.927340644051025,17.927340644051025,0.0,True,True,0.007366809251013706,20.0,-7.7692977,110.3850308,9.978,-7.7692953,110.3848681,9.998
1788935272.4131122,17.936716278916528,17.936716278916528,0.0,True,True,0.006618147844244215,20.0,-7.7692977,110.3850308,9.978,-7.7692967,110.384868,9.998
1788935272.614913,17.93638538051162,17.93638538051162,0.0,True,True,0.006094727250310675,20.0,-7.7692977,110.3850308,9.978,-7.7692975,110.384868,9.998
1788935272.815204,17.93638538051162,17.93638538051162,0.0,True,True,0.0057289415882705004,20.0,-7.7692977,110.3850308,9.978,-7.7692975,110.384868,9.998
1788935273.0176883,17.936371589386372,17.936371589386372,0.0,True,True,0.005473218516484924,20.0,-7.7692977,110.3850308,9.978,-7.7692977,110.384868,9.998
1788935273.2187085,17.936373951060265,17.936373951060265,0.0,True,True,0.005294447144750704,20.0,-7.7692977,110.3850308,9.978,-7.7692976,110.384868,9.997
1788935273.4191396,17.936424626687945,17.936424626687945,0.0,True,True,0.005169430190747026,20.0,-7.7692977,110.3850308,9.978,-7.7692973,110.384868,9.996
1788935273.6219852,17.936590076291573,17.936590076291573,0.0,True,True,0.00508192563423499,20.000000000000004,-7.7692977,110.3850308,9.978,-7.7692969,110.384868,9.996
1788935273.8241866,17.936590076291573,17.936590076291573,0.0,True,True,0.005020685451623769,19.999999999999996,-7.7692977,110.3850308,9.978,-7.7692969,110.384868,9.996
1788935274.0247304,17.936785566327803,17.936785566327803,0.0,True,True,0.004977757687406809,20.0,-7.7692977,110.3850308,9.978,-7.7692966,110.384868,9.995
1788935274.2277157,17.936950088441904,17.936950088441904,0.0,True,True,0.004947649558825959,20.0,-7.7692977,110.3850308,9.978,-7.7692964,110.384868,9.994
1788935274.4285655,17.93694922430389,17.93694922430389,0.0,True,True,0.004926574112480195,20.0,-7.7692977,110.3850308,9.978,-7.7692964,110.384868,9.993
1788935274.6416366,17.936948415916685,17.936948415916685,0.0,True,True,0.004911821593619054,20.0,-7.7692977,110.3850308,9.978,-7.7692964,110.384868,9.992
1788935274.8444831,17.937041476119656,17.937041476119656,0.0,True,True,0.004901460609602948,20.000000000000004,-7.7692977,110.3850308,9.978,-7.7692963,110.384868,9.992
1788935275.0467565,17.937041476119656,17.937041476119656,0.0,True,True,0.004894207990240617,20.000000000000004,-7.7692977,110.3850308,9.978,-7.7692963,110.384868,9.992
1788935275.2533529,17.937041476119656,17.937041476119656,0.0,True,True,0.004889131208052036,20.0,-7.7692977,110.3850308,9.978,-7.7692963,110.384868,9.992
1788935275.454652,17.937041476119656,17.937041476119656,0.0,True,True,0.004885577485770022,20.0,-7.7692977,110.3850308,9.978,-7.7692963,110.384868,9.992
1788935275.6556318,17.937041476119656,17.937041476119656,0.0,True,True,0.004883089892574072,20.0,-7.7692977,110.3850308,9.978,-7.7692963,110.384868,9.992
1788935275.857136,17.937041476119656,17.937041476119656,0.0,True,True,0.004881348583423229,20.000000000000004,-7.7692977,110.3850308,9.978,-7.7692963,110.384868,9.992
1788935276.0601022,17.936948420187687,17.936948420187687,0.0,True,True,0.0091520397430316,20.000000000000004,-7.7692976,110.3850308,9.978,-7.7692963,110.384868,9.992
1788935276.260079,17.936948420187687,17.936948420187687,0.0,True,True,0.007283672273802019,20.0,-7.7692976,110.3850308,9.978,-7.7692963,110.384868,9.992
1788935276.4620695,17.936948420187687,17.936948420187687,0.0,True,True,0.006167806537172668,20.0,-7.7692976,110.3850308,9.978,-7.7692963,110.384868,9.992
1788935276.663352,17.936948420187687,17.936948420187687,0.0,True,True,0.005541905041038645,20.0,-7.7692976,110.3850308,9.978,-7.7692963,110.384868,9.992
1788935276.865574,17.936948420187687,17.936948420187687,0.0,True,True,0.005209558210407395,20.0,-7.7692976,110.3850308,9.978,-7.7692963,110.384868,9.992
1788935277.0686686,17.936948420187687,17.936948420187687,0.0,True,True,0.005039966411407243,20.0,-7.7692976,110.3850308,9.978,-7.7692963,110.384868,9.992
1788935277.2696428,17.936948420187687,17.936948420187687,0.0,True,True,0.004955640629872016,20.0,-7.7692976,110.3850308,9.978,-7.7692963,110.384868,9.992
1788935277.471066,17.936949228574896,17.936949228574896,0.0,True,True,0.00491442264078654,20.0,-7.7692976,110.3850308,9.978,-7.7692963,110.384868,9.993
1788935277.6725442,17.936949228574896,17.936949228574896,0.0,True,True,0.004894541953769123,19.999999999999996,-7.7692976,110.3850308,9.978,-7.7692963,110.384868,9.993
1788935277.8761654,17.936949228574896,17.936949228574896,0.0,True,True,0.004885081469905037,20.0,-7.7692976,110.3850308,9.978,-7.7692963,110.384868,9.993
1788935278.07857,17.936949228574896,17.936949228574896,0.0,True,True,0.004880656746318706,20.0,-7.7692976,110.3850308,9.978,-7.7692963,110.384868,9.993
1788935278.2938817,17.936949228574896,17.936949228574896,0.0,True,True,0.004878639554342387,20.0,-7.7692976,110.3850308,9.978,-7.7692963,110.384868,9.993
1788935278.5078065,17.936949228574896,17.936949228574896,0.0,True,True,0.004877757515841675,20.0,-7.7692976,110.3850308,9.978,-7.7692963,110.384868,9.993
1788935278.7091854,17.936949228574896,17.936949228574896,0.0,True,True,0.004877399947048043,20.0,-7.7692976,110.3850308,9.978,-7.7692963,110.384868,9.993
1788935278.9094038,17.936949228574896,17.936949228574896,0.0,True,True,0.004877277011777568,20.0,-7.7692976,110.3850308,9.978,-7.7692963,110.384868,9.993
1788935279.1120615,17.936949228574896,17.936949228574896,0.0,True,True,0.004877253370589234,20.0,-7.7692976,110.3850308,9.978,-7.7692963,110.384868,9.993
1788935279.3125868,17.936949228574896,17.936949228574896,0.0,True,True,0.004877267405019894,19.999999999999996,-7.7692976,110.3850308,9.978,-7.7692963,110.384868,9.993
1788935279.5139737,17.936949228574896,17.936949228574896,0.0,True,True,0.004877292214828989,20.000000000000004,-7.7692976,110.3850308,9.978,-7.7692963,110.384868,9.993
1788935279.7151103,17.936949228574896,17.936949228574896,0.0,True,True,0.004877316924584138,20.0,-7.7692976,110.3850308,9.978,-7.7692963,110.384868,9.993
1788935279.9159179,17.936949228574896,17.936949228574896,0.0,True,True,0.004877337819376758,20.0,-7.7692976,110.3850308,9.978,-7.7692963,110.384868,9.993
1788935280.1175692,17.936949228574896,17.936949228574896,0.0,True,True,0.004877354208709187,20.0,-7.7692976,110.3850308,9.978,-7.7692963,110.384868,9.993
1788935280.3193562,17.936948420187687,17.936948420187687,0.0,True,True,0.0048773668394106375,20.0,-7.7692976,110.3850308,9.979,-7.7692963,110.384868,9.993
1788935280.5215929,17.936948420187687,17.936948420187687,0.0,True,True,0.004877376104986574,20.0,-7.7692976,110.3850308,9.979,-7.7692963,110.384868,9.993
1788935280.7368166,17.936948420187687,17.936948420187687,0.0,True,True,0.004877382798690028,20.0,-7.7692976,110.3850308,9.979,-7.7692963,110.384868,9.993
1788935280.9372563,17.936948420187687,17.936948420187687,0.0,True,True,0.004877387586104155,20.000000000000004,-7.7692976,110.3850308,9.979,-7.7692963,110.384868,9.993
1788935281.1521318,17.936947667551287,17.936947667551287,0.0,True,True,0.004877391260319793,20.0,-7.7692976,110.3850308,9.98,-7.7692963,110.384868,9.993
1788935281.353042,17.936947667551287,17.936947667551287,0.0,True,True,0.0048773938579153246,19.999999999999993,-7.7692976,110.3850308,9.98,-7.7692963,110.384868,9.993
1788935281.5548165,17.936947667551287,17.936947667551287,0.0,True,True,0.00487739568880138,20.000000000000004,-7.7692976,110.3850308,9.98,-7.7692963,110.384868,9.993
1788935281.7697349,17.936947667551287,17.936947667551287,0.0,True,True,0.00487739697657734,20.0,-7.7692976,110.3850308,9.98,-7.7692963,110.384868,9.993
1788935281.9707174,17.936948420187687,17.936948420187687,0.0,True,True,0.004877397604909691,20.0,-7.7692976,110.3850308,9.979,-7.7692963,110.384868,9.993
1788935282.185477,17.936948420187687,17.936948420187687,0.0,True,True,0.004877398046549245,20.0,-7.7692976,110.3850308,9.979,-7.7692963,110.384868,9.993
1788935282.388259,17.936948420187687,17.936948420187687,0.0,True,True,0.004877398356583824,20.0,-7.7692976,110.3850308,9.979,-7.7692963,110.384868,9.993
1788935282.5896392,17.936948420187687,17.936948420187687,0.0,True,True,0.00487739857404093,20.0,-7.7692976,110.3850308,9.979,-7.7692963,110.384868,9.993
1788935282.791241,17.936948420187687,17.936948420187687,0.0,True,True,0.004877398726473194,20.0,-7.7692976,110.3850308,9.979,-7.7692963,110.384868,9.993
1788935282.9920287,17.936948420187687,17.936948420187687,0.0,True,True,0.0048773988332810395,20.0,-7.7692976,110.3850308,9.979,-7.7692963,110.384868,9.993
1788935283.19369,17.936948420187687,17.936948420187687,0.0,True,True,0.004877398908096343,20.0,-7.7692976,110.3850308,9.979,-7.7692963,110.384868,9.993
1788935283.3952143,17.936949228574896,17.936949228574896,0.0,True,True,0.0048773986628273085,20.0,-7.7692976,110.3850308,9.978,-7.7692963,110.384868,9.993
1788935283.5985265,17.936949228574896,17.936949228574896,0.0,True,True,0.00487739849205664,20.0,-7.7692976,110.3850308,9.978,-7.7692963,110.384868,9.993
1788935283.799638,17.936949228574896,17.936949228574896,0.0,True,True,0.0048773983729680625,20.0,-7.7692976,110.3850308,9.978,-7.7692963,110.384868,9.993
1788935284.0133715,17.936949228574896,17.936949228574896,0.0,True,True,0.004877398289824874,20.0,-7.7692976,110.3850308,9.978,-7.7692963,110.384868,9.993
1788935284.2148054,17.936949228574896,17.936949228574896,0.0,True,True,0.00487739823173442,20.0,-7.7692976,110.3850308,9.978,-7.7692963,110.384868,9.993
1788935284.4293993,17.9479662869467,17.9479662869467,0.0,True,True,0.004873371442909322,20.0,-7.7692976,110.3850308,9.978,-7.7692963,110.3848679,9.993
1788935284.6320279,17.9479662869467,17.9479662869467,0.0,True,True,0.00487055269076126,20.0,-7.7692976,110.3850308,9.978,-7.7692963,110.3848679,9.993
1788935284.8326988,17.9479662869467,17.9479662869467,0.0,True,True,0.004868579564271237,20.0,-7.7692976,110.3850308,9.978,-7.7692963,110.3848679,9.993
1788935285.0335164,17.9479662869467,17.9479662869467,0.0,True,True,0.004867198375734374,20.000000000000004,-7.7692976,110.3850308,9.978,-7.7692963,110.3848679,9.993
1788935285.2352297,17.9479662869467,17.9479662869467,0.0,True,True,0.004866231543761583,20.0,-7.7692976,110.3850308,9.978,-7.7692963,110.3848679,9.993
1788935285.4499502,17.9479662869467,17.9479662869467,0.0,True,True,0.00486555476138326,20.0,-7.7692976,110.3850308,9.978,-7.7692963,110.3848679,9.993
1788935285.65339,17.9479662869467,17.9479662869467,0.0,True,True,0.004865081013717424,20.0,-7.7692976,110.3850308,9.978,-7.7692963,110.3848679,9.993
1788935285.8679833,17.9479662869467,17.9479662869467,0.0,True,True,0.004864749390352603,20.0,-7.7692976,110.3850308,9.978,-7.7692963,110.3848679,9.993
1788935286.0690167,17.9479662869467,17.9479662869467,0.0,True,True,0.004864517253998123,20.0,-7.7692976,110.3850308,9.978,-7.7692963,110.3848679,9.993
1788935286.269423,17.9479662869467,17.9479662869467,0.0,True,True,0.00486435475854919,20.0,-7.7692976,110.3850308,9.978,-7.7692963,110.3848679,9.993
1788935286.4706225,17.9479662869467,17.9479662869467,0.0,True,True,0.004864241011735869,20.0,-7.7692976,110.3850308,9.978,-7.7692963,110.3848679,9.993
1788935286.6729145,17.9479662869467,17.9479662869467,0.0,True,True,0.004864161388966567,20.0,-7.7692976,110.3850308,9.978,-7.7692963,110.3848679,9.993
1788935286.8738108,17.9479662869467,17.9479662869467,0.0,True,True,0.004864105653026111,19.999999999999996,-7.7692976,110.3850308,9.978,-7.7692963,110.3848679,9.993
1788935287.0769582,17.9479662869467,17.9479662869467,0.0,True,True,0.0048640666378704615,20.0,-7.7692976,110.3850308,9.978,-7.7692963,110.3848679,9.993
1788935287.2861662,17.9479662869467,17.9479662869467,0.0,True,True,0.004864039327259733,20.000000000000004,-7.7692976,110.3850308,9.978,-7.7692963,110.3848679,9.993
1788935287.4966648,17.9479662869467,17.9479662869467,0.0,True,True,0.004864020209832224,20.000000000000004,-7.7692976,110.3850308,9.978,-7.7692963,110.3848679,9.993
1788935287.6969562,17.9479662869467,17.9479662869467,0.0,True,True,0.004864006827633501,20.0,-7.7692976,110.3850308,9.978,-7.7692963,110.3848679,9.993
1788935287.9117184,17.948059290024077,17.948059290024077,0.0,True,True,0.004863963355292998,20.000000000000004,-7.7692976,110.3850308,9.978,-7.7692962,110.3848679,9.993
1788935288.1122062,17.94805848213727,17.94805848213727,0.0,True,True,0.0048639332829917194,20.000000000000004,-7.7692976,110.3850308,9.978,-7.7692962,110.3848679,9.992
1788935288.3137794,17.94805848213727,17.94805848213727,0.0,True,True,0.004863912282170188,20.0,-7.7692976,110.3850308,9.978,-7.7692962,110.3848679,9.992
1788935288.5153372,17.94805848213727,17.94805848213727,0.0,True,True,0.004863897605993024,19.999999999999996,-7.7692976,110.3850308,9.978,-7.7692962,110.3848679,9.992
1788935288.719572,17.94805772996676,17.94805772996676,0.0,True,True,0.004863887616471265,20.0,-7.7692976,110.3850308,9.978,-7.7692962,110.3848679,9.991
1788935288.926832,17.94805772996676,17.94805772996676,0.0,True,True,0.004863880631026191,19.999999999999996,-7.7692976,110.3850308,9.978,-7.7692962,110.3848679,9.991
1788935289.1416817,17.94805772996676,17.94805772996676,0.0,True,True,0.004863875744754386,20.000000000000004,-7.7692976,110.3850308,9.978,-7.7692962,110.3848679,9.991
1788935289.342203,17.94805772996676,17.94805772996676,0.0,True,True,0.004863872326096665,20.0,-7.7692976,110.3850308,9.978,-7.7692962,110.3848679,9.991
1788935289.544107,17.94805772996676,17.94805772996676,0.0,True,True,0.00486386993388653,20.0,-7.7692976,110.3850308,9.978,-7.7692962,110.3848679,9.991
1788935289.7465959,17.94805848213727,17.94805848213727,0.0,True,True,0.00486386798436626,19.999999999999996,-7.7692976,110.3850308,9.978,-7.7692962,110.3848679,9.992
1788935289.954732,17.94805848213727,17.94805848213727,0.0,True,True,0.004863866620348722,20.0,-7.7692976,110.3850308,9.978,-7.7692962,110.3848679,9.992
1788935290.155712,17.948059290024077,17.948059290024077,0.0,True,True,0.0048638653682118935,20.0,-7.7692976,110.3850308,9.978,-7.7692962,110.3848679,9.993
1788935290.3561628,17.948059290024077,17.948059290024077,0.0,True,True,0.004863864493293844,20.0,-7.7692976,110.3850308,9.978,-7.7692962,110.3848679,9.993
1788935290.5712101,17.948059290024077,17.948059290024077,0.0,True,True,0.0048638638816254545,20.0,-7.7692976,110.3850308,9.978,-7.7692962,110.3848679,9.993
1788935290.7867527,17.948059290024077,17.948059290024077,0.0,True,True,0.004863863453835107,20.0,-7.7692976,110.3850308,9.978,-7.7692962,110.3848679,9.993
1788935290.988091,17.94805848213727,17.94805302193582,1.4000000000001123,True,True,0.005872110666286367,20.000000000000004,-7.7692976,110.3850308,9.978,-7.7692962,110.3848679,9.992
1788935291.190304,17.948057033512555,17.948057033512555,0.0,True,True,0.005569635863135829,20.000000000000004,-7.7692976,110.3850308,9.978,-7.7692962,110.3848679,9.966
1788935291.3919425,17.94828881197925,17.94828881197925,0.0,True,True,0.005357803768545146,20.0,-7.7692976,110.3850308,9.978,-7.7692962,110.3848679,9.886
1788935291.59339,17.94828881197925,17.94828881197925,0.0,True,True,0.005209529066455003,20.0,-7.7692976,110.3850308,9.978,-7.7692962,110.3848679,9.886
1788935291.7984567,17.949293252889362,17.949293252889362,0.0,True,True,0.005105331451095373,20.0,-7.7692976,110.3850308,9.978,-7.7692962,110.3848679,9.767
1788935291.9991896,17.951368534967454,17.951368534967454,0.0,True,True,0.005031578015564832,20.000000000000004,-7.7692976,110.3850308,9.978,-7.7692962,110.3848679,9.633
1788935292.2006288,17.9545508514755,17.9545508514755,0.0,True,True,0.004978732453141579,20.0,-7.7692976,110.3850308,9.978,-7.7692962,110.3848679,9.495
1788935292.4012644,17.95868957575189,17.95868957575189,0.0,True,True,0.0049401892375847195,20.0,-7.7692976,110.3850308,9.978,-7.7692962,110.3848679,9.36
1788935292.6043777,17.963674687496976,17.963674687496976,0.0,True,True,0.004911367451603999,20.0,-7.7692976,110.3850308,9.978,-7.7692962,110.3848679,9.229
1788935292.8078377,17.963674687496976,17.963674687496976,0.0,True,True,0.00489131148839717,20.0,-7.7692976,110.3850308,9.978,-7.7692962,110.3848679,9.229
1788935293.0230103,17.969466777793368,17.969466777793368,0.0,True,True,0.004875124841094406,20.0,-7.7692976,110.3850308,9.978,-7.7692962,110.3848679,9.101
1788935293.224193,17.976000981258863,17.976000981258863,0.0,True,True,0.0048613935736496125,20.0,-7.7692976,110.3850308,9.978,-7.7692962,110.3848679,8.976
1788935293.4249876,17.983339046968435,17.983339046968435,0.0,True,True,0.004849103543315695,20.0,-7.7692976,110.3850308,9.978,-7.7692962,110.3848679,8.852
1788935293.6400006,17.991528764344057,17.991528764344057,0.0,True,True,0.004837526278362248,20.0,-7.7692976,110.3850308,9.978,-7.7692962,110.3848679,8.728
1788935293.8413901,17.991528764344057,17.991528764344057,0.0,True,True,0.0048295385916733696,20.0,-7.7692976,110.3850308,9.978,-7.7692962,110.3848679,8.728
1788935294.0420208,18.000492667652725,18.000492667652725,0.0,True,True,0.004820678040117,20.0,-7.7692976,110.3850308,9.978,-7.7692962,110.3848679,8.605
1788935294.2432907,18.010375239794964,18.010375239794964,0.0,True,True,0.004810891361702097,20.0,-7.7692976,110.3850308,9.978,-7.7692962,110.3848679,8.481
1788935294.4437058,18.021105634178486,18.021105634178486,0.0,True,True,0.004800169653361171,20.0,-7.7692976,110.3850308,9.978,-7.7692962,110.3848679,8.357
1788935294.6444333,18.03268233730688,18.03268233730688,0.0,True,True,0.004788508303282079,19.999999999999996,-7.7692976,110.3850308,9.978,-7.7692962,110.3848679,8.233
1788935294.8464189,18.045103720350834,18.045103720350834,0.0,True,True,0.004775905887031664,20.0,-7.7692976,110.3850308,9.978,-7.7692962,110.3848679,8.109
1788935295.0610323,18.045103720350834,18.045103720350834,0.0,True,True,0.004767202328172092,20.0,-7.7692976,110.3850308,9.978,-7.7692962,110.3848679,8.109
1788935295.26304,18.05836804028037,18.05836804028037,0.0,True,True,0.004756360056364335,20.0,-7.7692976,110.3850308,9.978,-7.7692962,110.3848679,7.985
1788935295.4642317,18.07247344107108,18.07247344107108,0.0,True,True,0.004743747917159938,20.0,-7.7692976,110.3850308,9.978,-7.7692962,110.3848679,7.861
1788935295.667064,18.087541880482807,18.087541880482807,0.0,True,True,0.00472958241426631,20.0,-7.7692976,110.3850308,9.978,-7.7692962,110.3848679,7.736
1788935295.8682888,18.103591667904453,18.103591667904453,0.0,True,True,0.004714011356692848,20.0,-7.7692976,110.3850308,9.978,-7.7692962,110.3848679,7.61
1788935296.083413,18.103591667904453,18.103591667904453,0.0,True,True,0.004703223095769707,19.999999999999996,-7.7692976,110.3850308,9.978,-7.7692962,110.3848679,7.61
1788935296.285649,18.12036578764953,18.12036578764953,0.0,True,True,0.004689766087810631,19.999999999999996,-7.7692976,110.3850308,9.978,-7.7692962,110.3848679,7.485
1788935296.4863732,18.137841555108466,18.137841555108466,0.0,True,True,0.004674231799782008,20.0,-7.7692976,110.3850308,9.978,-7.7692962,110.3848679,7.361
1788935296.7010758,18.15644944030136,18.15644944030136,0.0,True,True,0.004656884518740374,20.0,-7.7692976,110.3850308,9.979,-7.7692962,110.3848679,7.236
1788935296.9162502,18.175753939746752,18.175753939746752,0.0,True,True,0.004638066903878299,20.0,-7.7692976,110.3850308,9.979,-7.7692962,110.3848679,7.111
1788935297.118214,18.195896687940927,18.195896687940927,0.0,True,True,0.004617970882866491,20.0,-7.7692976,110.3850308,9.979,-7.7692962,110.3848679,6.986
1788935297.333271,18.195896687940927,18.195896687940927,0.0,True,True,0.004604016506267253,20.0,-7.7692976,110.3850308,9.979,-7.7692962,110.3848679,6.986
1788935297.5346096,18.216703770941095,18.216703770941095,0.0,True,True,0.004587110831969772,20.0,-7.7692976,110.3850308,9.979,-7.7692962,110.3848679,6.862
1788935297.736177,18.238507923572573,18.238507923572573,0.0,True,True,0.004567846424081657,20.0,-7.7692976,110.3850308,9.979,-7.7692962,110.3848679,6.737
1788935297.9366176,18.26114170248453,18.26114170248453,0.0,True,True,0.004546700148874808,20.0,-7.7692976,110.3850308,9.978,-7.7692962,110.3848679,6.611
1788935298.1370087,18.28460202679346,18.28460202679346,0.0,True,True,0.004524010052383473,20.0,-7.7692976,110.3850308,9.978,-7.7692962,110.3848679,6.486
1788935298.3394477,18.28460202679346,18.28460202679346,0.0,True,True,0.004508230363585613,20.0,-7.7692976,110.3850308,9.978,-7.7692962,110.3848679,6.486
1788935298.540288,18.308688191080744,18.308688191080744,0.0,True,True,0.004489116374481272,20.0,-7.7692976,110.3850308,9.978,-7.7692962,110.3848679,6.362
1788935298.7540486,18.333581408939704,18.333581408939704,0.0,True,True,0.004467458712177822,19.999999999999996,-7.7692976,110.3850308,9.978,-7.7692962,110.3848679,6.238
1788935298.9685626,18.359488889351457,18.359488889351457,0.0,True,True,0.004443745814849995,20.0,-7.7692976,110.3850308,9.978,-7.7692962,110.3848679,6.113
1788935299.170078,18.386209703966163,18.386209703966163,0.0,True,True,0.004418391201969636,20.0,-7.7692976,110.3850308,9.978,-7.7692962,110.3848679,5.988
1788935299.3770022,18.413740312012102,18.413740312012102,0.0,True,True,0.004391689128977398,20.0,-7.7692976,110.3850308,9.978,-7.7692962,110.3848679,5.863
1788935299.5914848,18.413740312012102,18.413740312012102,0.0,True,True,0.00437310016874025,20.0,-7.7692976,110.3850308,9.978,-7.7692962,110.3848679,5.863
1788935299.7938433,18.44207708687445,18.44207708687445,0.0,True,True,0.004350915550907848,20.0,-7.7692976,110.3850308,9.978,-7.7692962,110.3848679,5.738
1788935299.9945042,18.4714526574988,18.4714526574988,0.0,True,True,0.004325954747669473,20.0,-7.7692976,110.3850308,9.978,-7.7692962,110.3848679,5.612
1788935300.195004,18.50139692775169,18.50139692775169,0.0,True,True,0.004298948235722835,20.0,-7.7692976,110.3850308,9.978,-7.7692962,110.3848679,5.487
1788935300.3971608,18.53213596103319,18.53213596103319,0.0,True,True,0.004270337387908736,20.0,-7.7692976,110.3850308,9.978,-7.7692962,110.3848679,5.362
1788935300.6121602,18.563410443079135,18.563410443079135,0.0,True,True,0.0042405168860178005,20.0,-7.7692976,110.3850308,9.978,-7.7692962,110.3848679,5.238
1788935300.8157523,18.563410443079135,18.563410443079135,0.0,True,True,0.004219739168634099,20.0,-7.7692976,110.3850308,9.978,-7.7692962,110.3848679,5.238
1788935301.0304842,18.59572080555684,18.59572080555684,0.0,True,True,0.004195136671663062,20.0,-7.7692976,110.3850308,9.978,-7.7692962,110.3848679,5.113
1788935301.2311575,18.628813898856244,18.628813898856244,0.0,True,True,0.004167705459752853,20.0,-7.7692976,110.3850308,9.978,-7.7692962,110.3848679,4.988
1788935301.4456322,18.662411507579066,18.662411507579066,0.0,True,True,0.004138232617356953,19.999999999999996,-7.7692976,110.3850308,9.978,-7.7692962,110.3848679,4.864
1788935301.6483262,18.696210933721826,18.696210933721826,0.0,True,True,0.004107362859633658,20.0,-7.7692976,110.3850308,9.975,-7.7692962,110.3848679,4.739
1788935301.8487659,18.721330943023776,18.721330943023776,0.0,True,True,0.004078229292021798,19.999999999999996,-7.7692976,110.3850308,9.939,-7.7692962,110.3848679,4.614
1788935302.0503626,18.69593090162187,18.69593090162187,0.0,True,True,0.0040655832283445666,20.0,-7.7692976,110.3850308,9.849,-7.7692962,110.3848679,4.614
1788935302.2509854,18.731602394835832,18.731602394835832,0.0,True,True,0.004045992812769892,19.999999999999996,-7.7692976,110.3850308,9.849,-7.7692962,110.3848679,4.488
1788935302.4659188,18.73246121784907,18.621866267327224,10.0,True,True,0.004032054816108223,20.0,-7.7692976,110.3850308,9.727,-7.7692962,110.3848679,4.363
1788935302.6666803,18.729600190025934,18.566990151293222,10.0,True,True,0.004023172445494311,20.0,-7.7692976,110.3850308,9.592,-7.7692962,110.3848679,4.238
1788935302.8812008,18.725602988374487,18.589195982565236,10.0,True,True,0.004018159267349735,20.0,-7.7692976,110.3850308,9.454,-7.7692962,110.3848679,4.114
1788935303.0884461,18.687552870245465,18.60622563225061,10.0,True,True,0.004026083794888567,19.999999999999996,-7.7692976,110.3850308,9.319,-7.7692962,110.3848679,4.114
1788935303.28855,18.72275373117479,18.639568323279903,10.0,True,True,0.004021050232803849,20.0,-7.7692976,110.3850308,9.319,-7.7692962,110.3848679,3.989
1788935303.4903371,18.721046532665305,18.692853802408543,10.0,True,True,0.00401804068449135,20.0,-7.7692976,110.3850308,9.188,-7.7692962,110.3848679,3.864
1788935303.7012267,18.720193596173612,18.720193596173612,0.0,True,True,0.004016190459199058,20.000000000000004,-7.7692976,110.3850308,9.06,-7.7692962,110.3848679,3.739
1788935303.9026113,18.720193596173612,18.720193596173612,0.0,True,True,0.004014895610267452,20.0,-7.7692976,110.3850308,8.935,-7.7692962,110.3848679,3.614
1788935304.103247,18.721330943023776,18.721330943023776,0.0,True,True,0.004013648573848046,20.0,-7.7692976,110.3850308,8.812,-7.7692962,110.3848679,3.487
1788935304.304255,18.686995913688737,18.686995913688737,0.0,True,True,0.004023089761791919,20.0,-7.7692976,110.3850308,8.69,-7.7692962,110.3848679,3.487
1788935304.5051806,18.72218446865161,18.72218446865161,0.0,True,True,0.004019126661275486,20.0,-7.7692976,110.3850308,8.69,-7.7692962,110.3848679,3.362
1788935304.7162035,18.72275373117479,18.72275373117479,0.0,True,True,0.004016183165720852,20.0,-7.7692976,110.3850308,8.567,-7.7692962,110.3848679,3.237
1788935304.9179087,18.72275373117479,18.72275373117479,0.0,True,True,0.004014123417685913,20.0,-7.7692976,110.3850308,8.443,-7.7692962,110.3848679,3.113
1788935305.1261542,18.723323190027447,18.723323190027447,0.0,True,True,0.004012511381509081,20.0,-7.7692976,110.3850308,8.32,-7.7692962,110.3848679,2.988
1788935305.3396704,18.688388675276943,18.688388675276943,0.0,True,True,0.004021873231192627,20.0,-7.7692976,110.3850308,8.196,-7.7692962,110.3848679,2.988
1788935305.5407531,18.72360799307173,18.72360799307173,0.0,True,True,0.004017848876886586,19.999999999999996,-7.7692976,110.3850308,8.196,-7.7692962,110.3848679,2.863
1788935305.7555254,18.723323190027447,18.723323190027447,0.0,True,True,0.004015118442656371,20.0,-7.7692976,110.3850308,8.071,-7.7692962,110.3848679,2.739
1788935305.9575202,18.723323190027447,18.723323190027447,0.0,True,True,0.004013207735306556,20.0,-7.7692976,110.3850308,7.946,-7.7692962,110.3848679,2.614
1788935306.1601949,18.723892845191664,18.723892845191664,0.0,True,True,0.004011699948891761,20.0,-7.7692976,110.3850308,7.821,-7.7692962,110.3848679,2.487
1788935306.374708,18.723892845191664,18.723892845191664,0.0,True,True,0.004010644680183913,20.0,-7.7692976,110.3850308,7.696,-7.7692962,110.3848679,2.362
1788935306.5764124,18.688667375664313,18.688667375664313,0.0,True,True,0.004020480946624341,20.0,-7.7692976,110.3850308,7.571,-7.7692962,110.3848679,2.362
1788935306.7914677,18.723892845191664,18.723892845191664,0.0,True,True,0.0040167894217649205,19.999999999999996,-7.7692976,110.3850308,7.571,-7.7692962,110.3848679,2.237
1788935307.0065706,18.72360799307173,18.72360799307173,0.0,True,True,0.004014291765566253,20.0,-7.7692976,110.3850308,7.446,-7.7692962,110.3848679,2.113
1788935307.2218847,18.72360799307173,18.72360799307173,0.0,True,True,0.004012543905190401,20.000003506714553,-7.7692976,110.3850308,7.321,-7.7692962,110.3848679,1.988
1788935307.436135,18.72360799307173,18.72360799307173,0.0,True,True,0.004011320647752257,20.00046230128752,-7.7692976,110.3850308,7.197,-7.7692962,110.3848679,1.864
1788935307.6511347,18.723323190027447,18.640108134831717,10.0,True,True,0.00401054975937257,20.001689835188678,-7.7692976,110.3850308,7.072,-7.7692962,110.3848679,1.74
1788935307.8512263,18.689224924491104,17.94805302193582,8.271428571428569,True,True,0.004188694754206735,20.001755447380443,-7.7692976,110.3850308,6.946,-7.7692962,110.3848679,1.735
1788935308.066153,18.654758194043136,17.94805302193582,8.073015873015871,True,True,0.004344766132265163,20.00175544221077,-7.7692976,110.3850308,6.821,-7.7692962,110.3848679,1.735
1788935308.281057,18.652850942368556,17.950221399142116,10.0,True,True,0.004265221682542075,20.001663930345153,-7.7692976,110.3850308,6.821,-7.7692962,110.3848679,1.742
1788935308.4825902,18.621333230416653,17.94878411698741,10.0,True,True,0.0042191504822669795,20.00175545191629,-7.7692976,110.3850308,6.697,-7.7692962,110.3848679,1.735
1788935308.683934,18.58841510936905,17.94805302193582,9.871428571428572,True,True,0.004209864435640741,20.001742231372386,-7.7692976,110.3850308,6.573,-7.7692962,110.3848679,1.736
1788935308.8848157,18.556280642365255,17.94805302193582,9.616326530612247,True,True,0.004239124432000318,20.001742233455943,-7.7692976,110.3850308,6.448,-7.7692962,110.3848679,1.736
1788935309.0862305,18.525181545081267,17.94805302193582,9.36326530612245,True,True,0.004295319838880526,20.001742234780032,-7.7692976,110.3850308,6.324,-7.7692962,110.3848679,1.736
1788935309.286797,18.49437891031271,17.94805302193582,9.106122448979592,True,True,0.004371169657088015,20.001729061794318,-7.7692976,110.3850308,6.199,-7.7692962,110.3848679,1.737
1788935309.5018797,18.494137673279596,17.94805302193582,9.104081632653063,True,True,0.004424644169739989,20.00171593853169,-7.7692976,110.3850308,6.199,-7.7692962,110.3848679,1.738
1788935309.7046049,18.464149920270348,17.94805302193582,8.846938775510202,True,True,0.004498777910275773,20.001702865097197,-7.7692976,110.3850308,6.074,-7.7692962,110.3848679,1.739
1788935309.905476,18.435071847034607,17.948152913470732,8.589795918367347,True,True,0.004587527685545311,20.001689912339675,-7.7692976,110.3850308,5.949,-7.7692961,110.3848679,1.74
1788935310.120792,18.406047729084264,17.948152913470732,8.326530612244898,True,True,0.004687597376459553,20.001651134848466,-7.7692976,110.3850308,5.823,-7.7692961,110.3848679,1.743
1788935310.3213396,18.37895886619609,17.948152913470732,8.073469387755102,True,True,0.0047942745118201196,20.00165112887646,-7.7692976,110.3850308,5.699,-7.7692961,110.3848679,1.743
1788935310.5220916,18.378528477691784,17.948152913470732,8.06938775510204,True,True,0.004869642831102234,20.00162552518589,-7.7692976,110.3850308,5.699,-7.7692961,110.3848679,1.745
1788935310.724559,18.351624505893966,17.948152913470732,7.810204081632653,True,True,0.004960018407941047,20.001600122176562,-7.7692976,110.3850308,5.574,-7.7692961,110.3848679,1.747
1788935310.9385934,18.32556119209799,17.948152913470732,7.551020408163266,True,True,0.00506101294140731,20.00157492011393,-7.7692976,110.3850308,5.449,-7.7692961,110.3848679,1.749
1788935311.1532958,18.30034212809498,17.948152913470732,7.291836734693878,True,True,0.005169533289470521,20.001549919076435,-7.7692976,110.3850308,5.324,-7.7692961,110.3848679,1.751
1788935311.3683412,18.27615938881383,17.948152913470732,7.034693877551021,True,True,0.005283093900686256,20.001537493059313,-7.7692976,110.3850308,5.199,-7.7692961,110.3848679,1.752
1788935311.5703123,18.252996384301618,17.948152913470732,6.779591836734695,True,True,0.005399930558248086,20.001537491969064,-7.7692976,110.3850308,5.074,-7.7692961,110.3848679,1.752
1788935311.7712624,18.252814413271395,17.948152913470732,6.777551020408163,True,True,0.005482140735431878,20.00152511712152,-7.7692976,110.3850308,5.074,-7.7692961,110.3848679,1.753
1788935311.9719818,18.230310419883914,17.948152913470732,6.520408163265307,True,True,0.005577320087000837,20.001512792942332,-7.7692976,110.3850308,4.949,-7.7692961,110.3848679,1.754
1788935312.1727126,18.208482007167095,17.948152913470732,6.26122448979592,True,True,0.005681881175402523,20.001500519302983,-7.7692976,110.3850308,4.823,-7.7692961,110.3848679,1.755
1788935312.373173,18.18767596493098,17.948152913470732,6.004081632653062,True,True,0.00579269452446828,20.001488296089974,-7.7692976,110.3850308,4.698,-7.7692961,110.3848679,1.756
1788935312.5881684,18.167874999716613,17.948152913470732,5.7489795918367355,True,True,0.0059075460465915115,20.001488297310956,-7.7692976,110.3850308,4.573,-7.7692961,110.3848679,1.756
1788935312.7894645,18.167874999716613,17.948152913470732,5.7489795918367355,True,True,0.005988076476706971,20.001488298161696,-7.7692976,110.3850308,4.573,-7.7692961,110.3848679,1.756
1788935312.9899783,18.148765082102088,17.948152913470732,5.491836734693879,True,True,0.006081927862568577,20.00147612531231,-7.7692976,110.3850308,4.448,-7.7692961,110.3848679,1.757
1788935313.192102,18.130652194704084,17.948152913470732,5.236734693877553,True,True,0.006184723728442448,20.001476126869328,-7.7692976,110.3850308,4.323,-7.7692961,110.3848679,1.757
1788935313.392234,18.11324910128848,17.948152913470732,4.979591836734695,True,True,0.0062939684285353275,20.001464004569698,-7.7692976,110.3850308,4.198,-7.7692961,110.3848679,1.758
1788935313.5925763,18.096962424819473,17.948152913470732,4.726530612244898,True,True,0.006407008288800709,20.00146400656876,-7.7692976,110.3850308,4.074,-7.7692961,110.3848679,1.758
1788935313.794321,18.096962424819473,17.948152913470732,4.726530612244898,True,True,0.006486281908693231,20.00146400794044,-7.7692976,110.3850308,4.074,-7.7692961,110.3848679,1.758
1788935313.9965026,18.08126912042758,17.948152913470732,4.469387755102041,True,True,0.006578735978828555,20.001451935551064,-7.7692976,110.3850308,3.949,-7.7692961,110.3848679,1.759
1788935314.2120435,18.066440961222217,17.948152913470732,4.212244897959184,True,True,0.006680238854959271,20.00145193754874,-7.7692976,110.3850308,3.823,-7.7692961,110.3848679,1.759
1788935314.4155128,18.05269489592421,17.948152913470732,3.959183673469388,True,True,0.006787298077817941,20.001451939730035,-7.7692976,110.3850308,3.699,-7.7692961,110.3848679,1.759
1788935314.6163847,18.039589491042413,17.948152913470732,3.7020408163265306,True,True,0.0068985992049994975,20.001439917926792,-7.7692976,110.3850308,3.574,-7.7692961,110.3848679,1.76
1788935314.8170815,18.027448904526892,17.948152913470732,3.4469387755102043,True,True,0.007012333651384511,20.001439920347753,-7.7692976,110.3850308,3.449,-7.7692961,110.3848679,1.76
1788935315.0177252,18.027448904526892,17.948152913470732,3.4469387755102043,True,True,0.007092119639489261,20.001439921982538,-7.7692976,110.3850308,3.449,-7.7692961,110.3848679,1.76
1788935315.219989,18.016167433872496,17.948152913470732,3.1918367346938776,True,True,0.007183476688012627,20.001439923922856,-7.7692976,110.3850308,3.324,-7.7692961,110.3848679,1.76
1788935315.4228864,18.005666802574346,17.948152913470732,2.93469387755102,True,True,0.007282923065183055,20.001427951926434,-7.7692976,110.3850308,3.199,-7.7692961,110.3848679,1.761
1788935315.6375098,17.996115192044307,17.948152913470732,2.6795918367346943,True,True,0.00738743707505426,20.001427954184663,-7.7692976,110.3850308,3.074,-7.7692961,110.3848679,1.761
1788935315.8387554,17.987427192495538,17.948152913470732,2.4244897959183676,True,True,0.007495159862625593,20.001427956491977,-7.7692976,110.3850308,2.949,-7.7692961,110.3848679,1.761
1788935316.0393946,17.987427192495538,17.948152913470732,2.4244897959183676,True,True,0.007570743108298412,20.001427958022276,-7.7692976,110.3850308,2.949,-7.7692961,110.3848679,1.761
1788935316.241107,17.97960405585529,17.948152913470732,2.169387755102041,True,True,0.007657807430268201,20.001427959800555,-7.7692976,110.3850308,2.824,-7.7692961,110.3848679,1.761
1788935316.4449916,17.97264691149659,17.948152913470732,1.9142857142857144,True,True,0.00775252817247765,20.001427961706284,-7.7692976,110.3850308,2.699,-7.7692961,110.3848679,1.761
1788935316.6459095,17.9664663750368,17.948152913470732,1.6551020408163266,True,True,0.007852732607788862,20.00141603950568,-7.7692976,110.3850308,2.573,-7.7692961,110.3848679,1.762
1788935316.8571002,17.961258001747204,17.948152913470732,1.4,True,True,0.007955814665182347,20.001416041415116,-7.7692976,110.3850308,2.448,-7.7692961,110.3848679,1.762
1788935317.0656233,17.956918276957435,17.948152913470732,1.1448979591836734,True,True,0.008060458949062708,20.00141604322606,-7.7692976,110.3850308,2.323,-7.7692961,110.3848679,1.762
1788935317.2670915,17.956918276957435,17.948152913470732,1.1448979591836734,True,True,0.008133912448398251,20.00141604436403,-7.7692976,110.3850308,2.323,-7.7692961,110.3848679,1.762
1788935317.4700968,17.95344783057917,17.948152913470732,0.8897959183673468,True,True,0.008217290116633648,20.00141604558758,-7.7692976,110.3850308,2.198,-7.7692961,110.3848679,1.762
1788935317.6724136,17.950829869544414,17.948152913470732,0.6326530612244899,True,True,0.008307374469566127,20.001416046786648,-7.7692976,110.3850308,2.072,-7.7692961,110.3848679,1.762
1788935317.8732393,17.949116663650273,17.948152913470732,0.37959183673469377,True,True,0.05267388300014819,20.00141604786546,-7.7692976,110.3850308,1.948,-7.7692961,110.3848679,1.762
1788935318.075023,17.948253202061974,17.948152913470732,0.12244897959183686,True,True,0.17820264852679296,20.00141604876332,-7.7692976,110.3850308,1.822,-7.7692961,110.3848679,1.762
1788935318.2758603,17.948253202061974,17.948152913470732,0.12244897959183686,True,True,0.17820591300900973,20.001416049234308,-7.7692976,110.3850308,1.822,-7.7692961,110.3848679,1.762
1788935318.4776201,17.948270613218643,17.948270613218643,0.0,True,True,0.3030916750078733,20.001416049598273,-7.7692976,110.3850308,1.697,-7.7692961,110.3848679,1.762
1788935318.6785996,17.949158559813547,17.949158559813547,0.0,True,True,0.42805207179973853,20.00141604980382,-7.7692976,110.3850308,1.572,-7.7692961,110.3848679,1.762
1788935318.8932507,17.95089939265796,17.95089939265796,0.0,True,True,0.5520340523978933,20.001416049870066,-7.7692976,110.3850308,1.448,-7.7692961,110.3848679,1.762
1788935319.0944831,17.95352093616536,17.95352093616536,0.0,True,True,0.6770244074604468,20.001416049809364,-7.7692976,110.3850308,1.323,-7.7692961,110.3848679,1.762
1788935319.2955825,17.95352093616536,17.95352093616536,0.0,True,True,0.6770221856762021,20.001416049693148,-7.7692976,110.3850308,1.323,-7.7692961,110.3848679,1.762
1788935319.4965913,17.9569808711077,17.9569808711077,0.0,True,True,0.8010174799077656,20.0014160494951,-7.7692976,110.3850308,1.199,-7.7692961,110.3848679,1.762
1788935319.698251,17.96133449956678,17.96133449956678,0.0,True,True,0.926014362706153,20.001416049203186,-7.7692976,110.3850308,1.074,-7.7692961,110.3848679,1.762
1788935319.8994174,17.96651154245943,17.96651154245943,0.0,True,True,1.050012197976193,20.001416048811592,-7.7692976,110.3850308,0.95,-7.7692961,110.3848679,1.762
1788935320.1010194,17.972542641633318,17.972542641633318,0.0,True,True,1.1740106095849798,20.00141604831704,-7.7692976,110.3850308,0.826,-7.7692961,110.3848679,1.762
1788935320.3023484,17.979544961019673,17.979544961019673,0.0,True,True,1.300009382091914,20.001416047715306,-7.7692976,110.3850308,0.7,-7.7692961,110.3848679,1.762
1788935320.5062017,17.979544961019673,17.979544961019673,0.0,True,True,1.3000092439056075,20.001416047235605,-7.7692976,110.3850308,0.7,-7.7692961,110.3848679,1.762
1788935320.709881,17.987361174039062,17.987361174039062,0.0,True,True,1.425008333555216,20.001416046629174,-7.7692976,110.3850308,0.575,-7.7692961,110.3848679,1.762
1788935320.91095,17.99604225948939,17.99604225948939,0.0,True,True,1.550007585840994,20.001416045901056,-7.7692976,110.3850308,0.45,-7.7692961,110.3848679,1.762
1788935321.124553,18.005586966420392,18.005586966420392,0.0,True,True,1.67500695885939,20.001416045056242,-7.7692976,110.3850308,0.325,-7.7692961,110.3848679,1.762
1788935321.3270974,18.016080650500207,18.016080650500207,0.0,True,True,1.8010064202671343,20.001416044097468,-7.7692976,110.3850308,0.199,-7.7692961,110.3848679,1.762
1788935321.5296402,18.016080650500207,18.016080650500207,0.0,True,True,1.8010063841696344,20.001416043374554,-7.7692976,110.3850308,0.199,-7.7692961,110.3848679,1.762
1788935321.7317116,18.027355241557977,18.027355241557977,0.0,True,True,1.9260059340558513,20.001416042488323,-7.7692976,110.3850308,0.074,-7.7692961,110.3848679,1.762
1788935321.9332962,18.039388487565976,18.039388487565976,0.0,True,True,2.0500055395009555,20.00141604146233,-7.7692976,110.3850308,-0.05,-7.7692961,110.3848679,1.762
1788935322.1350474,18.04049672279918,17.954344334542437,10.0,True,True,2.0610054840960355,20.001416040669778,-7.7692976,110.3850308,-0.061,-7.7692961,110.3848679,1.762
1788935322.3368328,18.039992156465253,18.039992156465253,0.0,True,True,2.0560054798420033,20.00141604010999,-7.7692976,110.3850308,-0.056,-7.7692961,110.3848679,1.762
1788935322.5378058,18.039992156465253,18.039992156465253,0.0,True,True,2.0560054675452117,20.00141603970831,-7.7692976,110.3850308,-0.056,-7.7692961,110.3848679,1.762
1788935322.7487428,18.029839788424017,18.029839788424017,0.0,True,True,2.0640021387801983,20.001416039373606,-7.7692976,110.3850307,-0.064,-7.7692961,110.3848679,1.762
1788935322.9495232,18.029839788424017,18.029839788424017,0.0,True,True,2.0640001051955426,20.001416039136085,-7.7692976,110.3850307,-0.064,-7.7692961,110.3848679,1.762
1788935323.1516664,18.029844831730255,18.029844831730255,0.0,True,True,2.0630150780858574,20.001416038971897,-7.7692977,110.3850307,-0.063,-7.7692961,110.3848679,1.762
1788935323.3538954,18.02974363811838,18.02974363811838,0.0,True,True,2.0620083843493693,20.001416038859684,-7.7692977,110.3850307,-0.062,-7.7692961,110.3848679,1.762
1788935323.556278,18.029541415584315,18.029541415584315,0.0,True,True,2.060005642602801,20.001416038787728,-7.7692977,110.3850307,-0.06,-7.7692961,110.3848679,1.762
1788935323.7573075,18.029541415584315,18.029541415584315,0.0,True,True,2.0600046709115607,20.001416038737226,-7.7692977,110.3850307,-0.06,-7.7692961,110.3848679,1.762
1788935323.9580195,18.02944038666398,18.02944038666398,0.0,True,True,2.0590044600580564,20.001416038705287,-7.7692977,110.3850307,-0.059,-7.7692961,110.3848679,1.762
1788935324.1603584,18.029238493521298,18.029238493521298,0.0,True,True,20.105502952258124,20.001416038689875,-7.7692977,110.3850307,-0.057,-7.7692961,110.3848679,1.762
1788935324.3606758,18.029036819982096,18.029036819982096,0.0,True,True,20.105298429931175,20.001416038686063,-7.7692977,110.3850307,-0.055,-7.7692961,110.3848679,1.762
1788935324.5623996,18.028734721445932,18.028734721445932,0.0,True,True,20.10499201568684,20.001416038693854,-7.7692977,110.3850307,-0.052,-7.7692961,110.3848679,1.762
1788935324.7764277,18.028734721445932,18.028734721445932,0.0,True,True,20.10499201556879,20.001416038699304,-7.7692977,110.3850307,-0.052,-7.7692961,110.3848679,1.762
1788935324.9776924,18.028433117059013,18.028433117059013,0.0,True,True,20.104686044362722,20.00141603871358,-7.7692977,110.3850307,-0.049,-7.7692961,110.3848679,1.762
1788935325.179116,18.02813200684614,18.02813200684614,0.0,True,True,20.104380516186822,20.001416038734018,-7.7692977,110.3850307,-0.046,-7.7692961,110.3848679,1.762
1788935325.3797545,18.027931541257587,18.027931541257587,0.0,True,True,20.104177076856836,20.001416038755274,-7.7692977,110.3850307,-0.044,-7.7692961,110.3848679,1.762
1788935325.5808241,18.027731295320276,18.027731295320276,0.0,True,True,20.103973834448272,20.001416038777098,-7.7692977,110.3850307,-0.042,-7.7692961,110.3848679,1.762
1788935325.7836728,18.027731295320276,18.027731295320276,0.0,True,True,20.103973834422515,20.001416038792364,-7.7692977,110.3850307,-0.042,-7.7692961,110.3848679,1.762
1788935325.984853,18.027631254723126,18.027631254723126,0.0,True,True,20.103872287060135,20.001416038806514,-7.7692977,110.3850307,-0.041,-7.7692961,110.3848679,1.762
1788935326.1853938,18.027531269041532,18.027531269041532,0.0,True,True,20.10377078893244,20.00141603881989,-7.7692977,110.3850307,-0.04,-7.7692961,110.3848679,1.762
1788935326.3990772,18.027431338276404,18.027431338276404,0.0,True,True,20.103669340038568,20.00141603883272,-7.7692977,110.3850307,-0.039,-7.7692961,110.3848679,1.762
1788935326.6001093,18.027331462428656,18.027331462428656,0.0,True,True,20.103567940378078,20.00141603884516,-7.7692977,110.3850307,-0.038,-7.7692961,110.3848679,1.762
1788935326.8007352,18.027331462428656,18.027331462428656,0.0,True,True,20.10356794037441,20.001416038853865,-7.7692977,110.3850307,-0.038,-7.7692961,110.3848679,1.762
1788935327.000881,18.027231641499206,18.027231641499206,0.0,True,True,20.103466589948304,20.001416038863425,-7.7692977,110.3850307,-0.037,-7.7692961,110.3848679,1.762
1788935327.2026522,18.027131875488962,18.027131875488962,0.0,True,True,20.10336528875528,20.00141603887358,-7.7692977,110.3850307,-0.036,-7.7692961,110.3848679,1.762
1788935327.4046395,18.026925855404127,18.026925855404127,0.0,True,True,20.103264036794847,20.00141603888393,-7.7692976,110.3850307,-0.035,-7.7692961,110.3848679,1.762
1788935327.6051753,18.015963818183433,18.015963818183433,0.0,True,True,20.103264036790925,20.00141603886909,-7.7692976,110.3850306,-0.035,-7.7692961,110.3848679,1.762
1788935327.8061972,18.015864100788907,18.015864100788907,0.0,True,True,20.103162834063088,20.001416038862175,-7.7692976,110.3850306,-0.034,-7.7692961,110.3848679,1.762
1788935328.007768,18.015864100788907,18.015864100788907,0.0,True,True,20.103162834061763,20.001416038857332,-7.7692976,110.3850306,-0.034,-7.7692961,110.3848679,1.762
1788935328.2082608,18.015864100788907,18.015864100788907,0.0,True,True,20.10316283406083,20.00141603885394,-7.7692976,110.3850306,-0.034,-7.7692961,110.3848679,1.762
1788935328.4224682,18.01576443834939,18.01576443834939,0.0,True,True,20.10306168056896,20.001416038855048,-7.7692976,110.3850306,-0.033,-7.7692961,110.3848679,1.762
1788935328.635796,18.01576443834939,18.01576443834939,0.0,True,True,20.103061680568864,20.001416038855822,-7.7692976,110.3850306,-0.033,-7.7692961,110.3848679,1.762
1788935328.8404403,18.01576443834939,18.01576443834939,0.0,True,True,20.103061680568807,20.001416038856366,-7.7692976,110.3850306,-0.033,-7.7692961,110.3848679,1.762
1788935329.0409255,18.01566483086579,18.01566483086579,0.0,True,True,20.102960576312473,20.00141603886022,-7.7692976,110.3850306,-0.032,-7.7692961,110.3848679,1.762
1788935329.2512658,18.01566483086579,18.01566483086579,0.0,True,True,20.102960576312817,20.001416038862924,-7.7692976,110.3850306,-0.032,-7.7692961,110.3848679,1.762
1788935329.451771,18.01566483086579,18.01566483086579,0.0,True,True,20.102960576313052,20.001416038864818,-7.7692976,110.3850306,-0.032,-7.7692961,110.3848679,1.762
1788935329.653557,18.01566483086579,18.01566483086579,0.0,True,True,20.10296057631322,20.00141603886614,-7.7692976,110.3850306,-0.032,-7.7692961,110.3848679,1.762
1788935329.8544636,18.01566483086579,18.01566483086579,0.0,True,True,20.102960576313333,20.001416038867067,-7.7692976,110.3850306,-0.032,-7.7692961,110.3848679,1.762
1788935330.0557745,18.01566483086579,18.01566483086579,0.0,True,True,20.102960576313418,20.001416038867713,-7.7692976,110.3850306,-0.032,-7.7692961,110.3848679,1.762
1788935330.2576864,18.01566483086579,18.01566483086579,0.0,True,True,20.102960576313478,20.001416038868168,-7.7692976,110.3850306,-0.032,-7.7692961,110.3848679,1.762
1788935330.4679184,18.01556527833902,18.01556527833902,0.0,True,True,20.1028595212929,20.001416038871962,-7.7692976,110.3850306,-0.031,-7.7692961,110.3848679,1.762
1788935330.6697536,18.01556527833902,18.01556527833902,0.0,True,True,20.102859521293297,20.001416038874623,-7.7692976,110.3850306,-0.031,-7.7692961,110.3848679,1.762
1788935330.8853543,18.015671654374174,18.015671654374174,0.0,True,True,20.102859521294498,20.001416038876695,-7.7692977,110.3850306,-0.031,-7.7692961,110.3848679,1.762
1788935331.0886793,18.015671654374174,18.015671654374174,0.0,True,True,20.102859521294715,20.001416038878148,-7.7692977,110.3850306,-0.031,-7.7692961,110.3848679,1.762
1788935331.289541,18.015671654374174,18.015671654374174,0.0,True,True,20.102859521294874,20.001416038879164,-7.7692977,110.3850306,-0.031,-7.7692961,110.3848679,1.762
1788935331.4896903,18.015671654374174,18.015671654374174,0.0,True,True,20.10285952129498,20.001416038879878,-7.7692977,110.3850306,-0.031,-7.7692961,110.3848679,1.762
1788935331.7045481,18.015671654374174,18.015671654374174,0.0,True,True,20.10285952129505,20.001416038880368,-7.7692977,110.3850306,-0.031,-7.7692961,110.3848679,1.762
1788935331.9056573,18.015671654374174,18.015671654374174,0.0,True,True,20.102859521295105,20.00141603888072,-7.7692977,110.3850306,-0.031,-7.7692961,110.3848679,1.762
1788935332.1068854,18.015671654374174,18.015671654374174,0.0,True,True,20.102859521295144,20.001416038880965,-7.7692977,110.3850306,-0.031,-7.7692961,110.3848679,1.762
1788935332.30899,18.015671654374174,18.015671654374174,0.0,True,True,20.102859521295173,20.001416038881136,-7.7692977,110.3850306,-0.031,-7.7692961,110.3848679,1.762
1788935332.5125768,18.015671654374174,18.015671654374174,0.0,True,True,20.102859521295187,20.001416038881256,-7.7692977,110.3850306,-0.031,-7.7692961,110.3848679,1.762
1788935332.7132723,18.015572157392644,18.015572157392644,0.0,True,True,20.102859521295727,20.00142796303701,-7.7692977,110.3850306,-0.031,-7.7692961,110.3848679,1.761
1788935332.9159122,18.015572157392644,18.015572157392644,0.0,True,True,20.1028595212961,20.001427963039497,-7.7692977,110.3850306,-0.031,-7.7692961,110.3848679,1.761
1788935333.1306622,18.015572157392644,18.015572157392644,0.0,True,True,20.102859521296367,20.001427963041245,-7.7692977,110.3850306,-0.031,-7.7692961,110.3848679,1.761
1788935333.3455634,18.015572157392644,18.015572157392644,0.0,True,True,20.102859521296555,20.001427963042463,-7.7692977,110.3850306,-0.031,-7.7692961,110.3848679,1.761
1788935333.5472202,18.015572157392644,18.015572157392644,0.0,True,True,20.102859521296683,20.00142796304332,-7.7692977,110.3850306,-0.031,-7.7692961,110.3848679,1.761
1788935333.7479143,18.015572157392644,18.015572157392644,0.0,True,True,20.102859521296775,20.001427963043916,-7.7692977,110.3850306,-0.031,-7.7692961,110.3848679,1.761
1788935333.9499536,18.015572157392644,18.015572157392644,0.0,True,True,20.102859521296843,20.001427963044335,-7.7692977,110.3850306,-0.031,-7.7692961,110.3848679,1.761
1788935334.1596048,18.015572157392644,18.015572157392644,0.0,True,True,20.10285952129688,20.00142796304463,-7.7692977,110.3850306,-0.031,-7.7692961,110.3848679,1.761
1788935334.3744845,18.015572157392644,18.015572157392644,0.0,True,True,20.102859521296907,20.001427963044836,-7.7692977,110.3850306,-0.031,-7.7692961,110.3848679,1.761
1788935334.5757532,18.015572157392644,18.015572157392644,0.0,True,True,20.10285952129694,20.00142796304498,-7.7692977,110.3850306,-0.031,-7.7692961,110.3848679,1.761
1788935334.7886848,18.015572157392644,18.015572157392644,0.0,True,True,20.102859521296946,20.001427963045078,-7.7692977,110.3850306,-0.031,-7.7692961,110.3848679,1.761
1788935334.9894245,18.015572157392644,18.015572157392644,0.0,True,True,20.10285952129696,20.00142796304515,-7.7692977,110.3850306,-0.031,-7.7692961,110.3848679,1.761
1788935335.1898005,18.015572157392644,18.015572157392644,0.0,True,True,20.102859521296974,20.001427963045195,-7.7692977,110.3850306,-0.031,-7.7692961,110.3848679,1.761
1788935335.3902807,18.015572157392644,18.015572157392644,0.0,True,True,20.102859521296978,20.00142796304523,-7.7692977,110.3850306,-0.031,-7.7692961,110.3848679,1.761
1788935335.5907264,18.015572157392644,18.015572157392644,0.0,True,True,20.102859521296978,20.001427963045256,-7.7692977,110.3850306,-0.031,-7.7692961,110.3848679,1.761
1788935335.798097,18.015572157392644,18.015572157392644,0.0,True,True,20.10285952129698,20.00142796304527,-7.7692977,110.3850306,-0.031,-7.7692961,110.3848679,1.761
1788935336.0003786,18.015572157392644,18.015572157392644,0.0,True,True,20.102859521296985,20.001427963045284,-7.7692977,110.3850306,-0.031,-7.7692961,110.3848679,1.761
1788935336.2018578,18.015572157392644,18.015572157392644,0.0,True,True,20.10285952129698,20.001427963045295,-7.7692977,110.3850306,-0.031,-7.7692961,110.3848679,1.761
1788935336.4025972,18.015572157392644,18.015572157392644,0.0,True,True,20.10285952129699,20.001427963045295,-7.7692977,110.3850306,-0.031,-7.7692961,110.3848679,1.761
1788935336.6048896,18.015572157392644,18.015572157392644,0.0,True,True,20.10285952129699,20.001427963045305,-7.7692977,110.3850306,-0.031,-7.7692961,110.3848679,1.761
1788935336.806866,18.015572157392644,18.015572157392644,0.0,True,True,20.10285952129698,20.001427963045305,-7.7692977,110.3850306,-0.031,-7.7692961,110.3848679,1.761
1788935337.0103009,18.015572157392644,18.015572157392644,0.0,True,True,20.102859521296985,20.001427963045305,-7.7692977,110.3850306,-0.031,-7.7692961,110.3848679,1.761
1788935337.2109418,18.015572157392644,18.015572157392644,0.0,True,True,20.10285952129699,20.00142796304531,-7.7692977,110.3850306,-0.031,-7.7692961,110.3848679,1.761
1788935337.4130504,18.015572157392644,18.015572157392644,0.0,True,True,20.102859521296985,20.001427963045312,-7.7692977,110.3850306,-0.031,-7.7692961,110.3848679,1.761
1788935337.6152084,18.015572157392644,18.015572157392644,0.0,True,True,20.102859521296992,20.001427963045312,-7.7692977,110.3850306,-0.031,-7.7692961,110.3848679,1.761
1788935337.8194878,18.015572157392644,18.015572157392644,0.0,True,True,20.10285952129699,20.001427963045312,-7.7692977,110.3850306,-0.031,-7.7692961,110.3848679,1.761
1788935338.025618,18.015572157392644,18.015572157392644,0.0,True,True,20.102859521296985,20.001427963045312,-7.7692977,110.3850306,-0.031,-7.7692961,110.3848679,1.761
1788935338.2404735,18.015572157392644,18.015572157392644,0.0,True,True,20.102859521296985,20.001427963045312,-7.7692977,110.3850306,-0.031,-7.7692961,110.3848679,1.761
1788935338.450742,18.015572157392644,18.015572157392644,0.0,True,True,20.102859521296985,20.001427963045312,-7.7692977,110.3850306,-0.031,-7.7692961,110.3848679,1.761
1788935338.6530402,18.015671654374174,18.015671654374174,0.0,True,True,20.102960576317596,20.001427963041834,-7.7692977,110.3850306,-0.032,-7.7692961,110.3848679,1.761
1788935338.8597841,18.015671654374174,18.015671654374174,0.0,True,True,20.102960576317226,20.001427963039404,-7.7692977,110.3850306,-0.032,-7.7692961,110.3848679,1.761
1788935339.06032,18.015671654374174,18.015671654374174,0.0,True,True,20.10296057631697,20.0014279630377,-7.7692977,110.3850306,-0.032,-7.7692961,110.3848679,1.761
1788935339.2606661,18.015671654374174,18.015671654374174,0.0,True,True,20.10296057631679,20.001427963036505,-7.7692977,110.3850306,-0.032,-7.7692961,110.3848679,1.761
1788935339.4758518,18.015671654374174,18.015671654374174,0.0,True,True,20.102960576316658,20.00142796303567,-7.7692977,110.3850306,-0.032,-7.7692961,110.3848679,1.761
1788935339.6907206,18.015671654374174,18.015671654374174,0.0,True,True,20.102960576316576,20.00142796303509,-7.7692977,110.3850306,-0.032,-7.7692961,110.3848679,1.761
1788935339.8921592,18.015671654374174,18.015671654374174,0.0,True,True,20.102960576316512,20.00142796303468,-7.7692977,110.3850306,-0.032,-7.7692961,110.3848679,1.761
1788935340.0954635,18.015671654374174,18.015671654374174,0.0,True,True,20.102960576316477,20.001427963034395,-7.7692977,110.3850306,-0.032,-7.7692961,110.3848679,1.761
1788935340.2965147,18.015671654374174,18.015671654374174,0.0,True,True,20.10296057631645,20.00142796303419,-7.7692977,110.3850306,-0.032,-7.7692961,110.3848679,1.761
1788935340.497585,18.015671654374174,18.015671654374174,0.0,True,True,20.10296057631642,20.001427963034054,-7.7692977,110.3850306,-0.032,-7.7692961,110.3848679,1.761
1788935340.7099204,18.015671654374174,18.015671654374174,0.0,True,True,20.102960576316402,20.001427963033954,-7.7692977,110.3850306,-0.032,-7.7692961,110.3848679,1.761
1788935340.9104097,18.015671654374174,18.015671654374174,0.0,True,True,20.10296057631639,20.001427963033887,-7.7692977,110.3850306,-0.032,-7.7692961,110.3848679,1.761
1788935341.111981,18.015671654374174,18.015671654374174,0.0,True,True,20.10296057631639,20.001427963033837,-7.7692977,110.3850306,-0.032,-7.7692961,110.3848679,1.761
1788935341.3127527,18.015671654374174,18.015671654374174,0.0,True,True,20.102960576316388,20.001427963033805,-7.7692977,110.3850306,-0.032,-7.7692961,110.3848679,1.761
1788935341.51414,18.015671654374174,18.015671654374174,0.0,True,True,20.10296057631638,20.00142796303378,-7.7692977,110.3850306,-0.032,-7.7692961,110.3848679,1.761
1788935341.7161665,18.015671654374174,18.015671654374174,0.0,True,True,20.102960576316377,20.001427963033763,-7.7692977,110.3850306,-0.032,-7.7692961,110.3848679,1.761
1788935341.9180021,18.015671654374174,18.015671654374174,0.0,True,True,20.102960576316374,20.00142796303375,-7.7692977,110.3850306,-0.032,-7.7692961,110.3848679,1.761
1788935342.1191108,18.015671654374174,18.015671654374174,0.0,True,True,20.102960576316377,20.001427963033745,-7.7692977,110.3850306,-0.032,-7.7692961,110.3848679,1.761
1788935342.3223798,18.015671654374174,18.015671654374174,0.0,True,True,20.102960576316374,20.001427963033738,-7.7692977,110.3850306,-0.032,-7.7692961,110.3848679,1.761
1788935342.5255237,18.015671654374174,18.015671654374174,0.0,True,True,20.102960576316374,20.001427963033734,-7.7692977,110.3850306,-0.032,-7.7692961,110.3848679,1.761
1788935342.7278538,18.015671654374174,18.015671654374174,0.0,True,True,20.102960576316367,20.001427963033734,-7.7692977,110.3850306,-0.032,-7.7692961,110.3848679,1.761
1788935342.9286034,18.015671654374174,18.015671654374174,0.0,True,True,20.102960576316367,20.00142796303373,-7.7692977,110.3850306,-0.032,-7.7692961,110.3848679,1.761
1788935343.1288567,18.015671654374174,18.015671654374174,0.0,True,True,20.10296057631637,20.00142796303373,-7.7692977,110.3850306,-0.032,-7.7692961,110.3848679,1.761
1788935343.3294506,18.015671654374174,18.015671654374174,0.0,True,True,20.102960576316367,20.001427963033727,-7.7692977,110.3850306,-0.032,-7.7692961,110.3848679,1.761
1788935343.5301056,18.015671654374174,18.015671654374174,0.0,True,True,20.102960576316374,20.001427963033727,-7.7692977,110.3850306,-0.032,-7.7692961,110.3848679,1.761
1788935343.7320147,18.015671654374174,18.015671654374174,0.0,True,True,20.102960576316367,20.00142796303373,-7.7692977,110.3850306,-0.032,-7.7692961,110.3848679,1.761
1788935343.945941,18.015671654374174,18.015671654374174,0.0,True,True,20.10296057631637,20.001427963033727,-7.7692977,110.3850306,-0.032,-7.7692961,110.3848679,1.761
1788935344.149362,18.015671654374174,18.015671654374174,0.0,True,True,20.10296057631637,20.001427963033727,-7.7692977,110.3850306,-0.032,-7.7692961,110.3848679,1.761
1788935344.359632,18.015671654374174,18.015671654374174,0.0,True,True,20.10296057631637,20.001427963033727,-7.7692977,110.3850306,-0.032,-7.7692961,110.3848679,1.761
1788935344.5744767,18.015671654374174,18.015671654374174,0.0,True,True,20.102960576316374,20.001427963033727,-7.7692977,110.3850306,-0.032,-7.7692961,110.3848679,1.761
1788935344.7772954,18.015671654374174,18.015671654374174,0.0,True,True,20.102960576316367,20.001427963033724,-7.7692977,110.3850306,-0.032,-7.7692961,110.3848679,1.761
1788935344.977795,18.015671654374174,18.015671654374174,0.0,True,True,20.102960576316374,20.001427963033727,-7.7692977,110.3850306,-0.032,-7.7692961,110.3848679,1.761
1788935391.93417,17.92625449329059,17.92625449329059,0.0,True,True,20.102859522963367,20.099651763152355,-7.7692977,110.3850306,-0.031,-7.7692961,110.3848679,0.001
1788935392.1424823,17.926252736091307,17.926252736091307,0.0,True,True,20.102859522963307,20.09975124224125,-7.7692977,110.3850306,-0.031,-7.7692961,110.3848679,0
1788935392.344211,17.926252736091307,17.926252736091307,0.0,True,True,20.10285952296323,20.09975124224077,-7.7692977,110.3850306,-0.031,-7.7692961,110.3848679,0
1788935392.5443614,17.926252736091307,17.926252736091307,0.0,True,True,20.102859522963154,20.09975124224028,-7.7692977,110.3850306,-0.031,-7.7692961,110.3848679,0
1788935392.745817,17.926252736091307,17.926252736091307,0.0,True,True,20.102859522963087,20.09975124223983,-7.7692977,110.3850306,-0.031,-7.7692961,110.3848679,0
1788935392.9471264,17.926252736091307,17.926252736091307,0.0,True,True,20.102859522963026,20.099751242239453,-7.7692977,110.3850306,-0.031,-7.7692961,110.3848679,0
1788935393.1480246,17.926252736091307,17.926252736091307,0.0,True,True,20.102859522962987,20.099751242239154,-7.7692977,110.3850306,-0.031,-7.7692961,110.3848679,0
1788935393.3510501,17.926252736091307,17.926252736091307,0.0,True,True,20.102859522962948,20.099751242238927,-7.7692977,110.3850306,-0.031,-7.7692961,110.3848679,0
1788935393.5520546,17.926252736091307,17.926252736091307,0.0,True,True,20.102859522962927,20.09975124223876,-7.7692977,110.3850306,-0.031,-7.7692961,110.3848679,0
1788935393.7543025,17.926252736091307,17.926252736091307,0.0,True,True,20.10285952296291,20.099751242238636,-7.7692977,110.3850306,-0.031,-7.7692961,110.3848679,0
1788935393.9696424,17.926252736091307,17.926252736091307,0.0,True,True,20.102859522962895,20.099751242238547,-7.7692977,110.3850306,-0.031,-7.7692961,110.3848679,0
1788935394.1850753,17.926252736091307,17.926252736091307,0.0,True,True,20.102859522962884,20.099751242238487,-7.7692977,110.3850306,-0.031,-7.7692961,110.3848679,0
1788935394.38637,17.926256306273796,17.926256306273796,0.0,True,True,20.102859522962863,20.09955233331977,-7.7692977,110.3850306,-0.031,-7.7692961,110.3848679,0.002
1788935394.5877037,17.926256306273796,17.926256306273796,0.0,True,True,20.10285952296284,20.099552333319643,-7.7692977,110.3850306,-0.031,-7.7692961,110.3848679,0.002
1788935394.7893822,17.926329717993614,17.926329717993614,0.0,True,True,20.1028595229625,20.09678830061569,-7.7692977,110.3850306,-0.031,-7.7692961,110.3848679,0.03
1788935394.9975972,17.92663429532217,17.92663429532217,0.0,True,True,20.102859522961108,20.090995495480016,-7.7692977,110.3850306,-0.031,-7.7692961,110.3848679,0.09
1788935395.2031214,17.92824411810094,17.92824411810094,0.0,True,True,20.102859522954727,20.077466075123038,-7.7692977,110.3850306,-0.031,-7.7692961,110.3848679,0.238
1788935395.4040706,17.93557406826503,17.93557406826503,0.0,True,True,20.102859522926025,20.052638329909506,-7.7692977,110.3850306,-0.031,-7.7692961,110.3848679,0.548
1788935395.604206,17.94766573006699,17.94766573006699,0.0,True,True,20.102859522855322,20.033265234891932,-7.7692977,110.3850306,-0.031,-7.7692961,110.3848679,0.846
1788935395.8061857,17.94766573006699,17.94766573006699,0.0,True,True,20.102859522783973,20.03326523442271,-7.7692977,110.3850306,-0.031,-7.7692961,110.3848679,0.846
1788935396.0061011,17.967760493679258,17.967760493679258,0.0,True,True,20.10285952264505,20.01639577736524,-7.7692977,110.3850306,-0.031,-7.7692961,110.3848679,1.19
1788935396.2088964,18.010519388853563,18.010519388853563,0.0,True,True,20.10285952240658,20.004161163449727,-7.7692977,110.3850306,-0.031,-7.7692961,110.3848678,1.592
1788935396.4096105,18.058246001654485,18.058246001654485,0.0,True,True,20.10285952202735,20.0,-7.7692977,110.3850306,-0.031,-7.7692961,110.3848678,2.056
1788935396.6107597,18.058246001654485,18.058246001654485,0.0,True,True,20.102859521703593,19.999999999999996,-7.7692977,110.3850306,-0.031,-7.7692961,110.3848678,2.056
1788935396.811797,18.12627928330219,18.12627928330219,0.0,True,True,20.102859521191334,20.0,-7.7692977,110.3850306,-0.031,-7.7692961,110.3848678,2.58
1788935397.0137622,18.212077960965086,18.212077960965086,0.0,True,True,20.102859520487886,19.999999999999996,-7.7692977,110.3850306,-0.031,-7.7692961,110.3848678,3.121
1788935397.2268312,18.3040431505247,18.3040431505247,0.0,True,True,20.102859519640145,20.0,-7.7692977,110.3850306,-0.031,-7.7692961,110.3848678,3.615
1788935397.427301,18.39253024073279,18.39253024073279,0.0,True,True,20.102859518721118,20.000000000000004,-7.7692977,110.3850306,-0.031,-7.7692961,110.3848678,4.036
1788935397.6285098,18.472120848897404,18.472120848897404,0.0,True,True,20.102960572823722,20.0,-7.7692977,110.3850306,-0.032,-7.7692961,110.3848678,4.381
1788935397.8307436,18.472120848897404,18.472120848897404,0.0,True,True,20.102960572127213,20.0,-7.7692977,110.3850306,-0.032,-7.7692961,110.3848678,4.381
1788935398.0318766,18.538225472149975,18.538225472149975,0.0,True,True,20.10296057144512,19.999999999999996,-7.7692977,110.3850306,-0.032,-7.7692961,110.3848678,4.65
1788935398.2337563,18.588432119365798,18.588432119365798,0.0,True,True,20.10296057082607,20.0,-7.7692977,110.3850306,-0.032,-7.7692961,110.3848678,4.845
1788935398.4351053,18.62242477918142,18.62242477918142,0.0,True,True,20.102960570299004,20.0,-7.7692977,110.3850306,-0.032,-7.7692961,110.3848678,4.973
1788935398.6380188,18.639999454299083,18.639999454299083,0.0,True,True,20.102960569879983,19.999999999999996,-7.7692977,110.3850306,-0.032,-7.7692961,110.3848678,5.038
1788935398.8395126,18.639999454299083,18.639999454299083,0.0,True,True,20.102960569580045,20.0,-7.7692977,110.3850306,-0.032,-7.7692961,110.3848678,5.038
1788935399.0417325,18.64136005382306,18.4870307149707,10.0,True,True,20.10296056936379,20.0,-7.7692977,110.3850306,-0.032,-7.7692961,110.3848678,5.043
1788935399.244642,18.633756697356283,18.366368412298335,10.0,True,True,20.102859514206923,20.0,-7.7692977,110.3850306,-0.031,-7.7692961,110.3848678,5.016
1788935399.4453285,18.626461812600645,18.426966100155234,10.0,True,True,20.10285951412825,20.0,-7.7692977,110.3850306,-0.031,-7.7692961,110.3848678,4.989
1788935399.6470392,18.621618717401294,18.518182514930295,10.0,True,True,20.10285951408438,20.0,-7.7692977,110.3850306,-0.031,-7.7692961,110.3848678,4.971
1788935399.8596473,18.621618717401294,18.518182514930295,10.0,True,True,20.102859514053602,20.0,-7.7692977,110.3850306,-0.031,-7.7692961,110.3848678,4.971
1788935400.0597143,18.61947141183847,18.61947141183847,0.0,True,True,20.10285951403714,20.0,-7.7692977,110.3850306,-0.031,-7.7692961,110.3848678,4.963
1788935400.2598894,18.61947141183847,18.61947141183847,0.0,True,True,20.102859514025596,20.0,-7.7692977,110.3850306,-0.031,-7.7692961,110.3848678,4.963
1788935400.4741607,18.62081310405832,18.62081310405832,0.0,True,True,20.10285951401432,20.000000000000004,-7.7692977,110.3850306,-0.031,-7.7692961,110.3848678,4.968
1788935400.6742501,18.62215604209862,18.62215604209862,0.0,True,True,20.102859514003224,20.0,-7.7692977,110.3850306,-0.031,-7.7692961,110.3848678,4.973
1788935400.8745642,18.623231289340477,18.623231289340477,0.0,True,True,20.102859513992914,20.0,-7.7692977,110.3850306,-0.031,-7.7692961,110.3848678,4.977
1788935401.075997,18.623231289340477,18.623231289340477,0.0,True,True,20.10285951398569,20.0,-7.7692977,110.3850306,-0.031,-7.7692961,110.3848678,4.977
1788935401.2765267,18.623769211850487,18.623769211850487,0.0,True,True,20.10285951397935,20.0,-7.7692977,110.3850306,-0.031,-7.7692961,110.3848678,4.979
1788935401.4780564,18.623769211850487,18.623769211850487,0.0,True,True,20.102859513974913,20.0,-7.7692977,110.3850306,-0.031,-7.7692961,110.3848678,4.979
1788935401.6814895,18.624307333596867,18.624307333596867,0.0,True,True,20.102859513970532,20.000000000000004,-7.7692977,110.3850306,-0.031,-7.7692961,110.3848678,4.981
1788935401.882102,18.624845654562353,18.624845654562353,0.0,True,True,20.102859513966187,20.0,-7.7692977,110.3850306,-0.031,-7.7692961,110.3848678,4.983
1788935402.0832193,18.624845654562353,18.624845654562353,0.0,True,True,20.10285951396315,20.0,-7.7692977,110.3850306,-0.031,-7.7692961,110.3848678,4.983
1788935402.286618,18.625224426990286,18.587181750089396,10.0,True,True,20.102859513960563,19.999999999999996,-7.7692977,110.3850306,-0.031,-7.769296,110.3848678,4.984
1788935402.4886785,18.626418027668045,18.269066473139755,10.0,True,True,20.102859513956396,20.0,-7.7692977,110.3850306,-0.031,-7.7692959,110.3848678,4.988
1788935402.6918306,18.607621625899313,17.974116820481665,10.0,True,True,20.102859513914996,20.0,-7.7692977,110.3850306,-0.031,-7.7692955,110.384868,4.995
1788935402.8919945,18.580166475003992,17.75047846634119,10.0,True,True,20.102859513828157,20.0,-7.7692977,110.3850306,-0.031,-7.7692947,110.3848683,5.006
1788935403.095366,18.580166475003992,17.75047846634119,10.0,True,True,20.102859513767136,19.999999999999996,-7.7692977,110.3850306,-0.031,-7.7692947,110.3848683,5.006
1788935403.2963762,18.545537707515212,17.712494325195006,7.786352516386637,True,True,20.10285951258745,20.0,-7.7692977,110.3850306,-0.031,-7.7692935,110.3848687,5.024
1788935403.497063,18.484372375984172,17.722936691955912,5.325486228174313,True,True,20.1028595102122,19.999999999999996,-7.7692977,110.3850306,-0.031,-7.7692917,110.3848694,5.049
1788935403.6984901,18.409874262751014,17.711756796835562,3.8323289548829362,True,True,20.102859507164993,20.0,-7.7692977,110.3850306,-0.031,-7.7692893,110.3848703,5.082
1788935403.9131467,18.315987691904432,17.75041640052657,2.6997570592662807,True,True,20.102859503556957,20.0,-7.7692977,110.3850306,-0.031,-7.7692862,110.3848715,5.125
1788935404.1168458,18.198447914426072,17.740215745497395,1.9468337161561797,True,True,20.10285949944647,20.0,-7.7692977,110.3850306,-0.031,-7.7692823,110.3848731,5.179
1788935404.3198452,18.198447914426072,17.740215745497395,1.9468337161561797,True,True,20.10285949633438,20.0,-7.7692977,110.3850306,-0.031,-7.7692823,110.3848731,5.179
1788935404.5236897,18.085780374539386,17.731043157097933,1.4083158082755207,True,True,20.102859492575572,20.0,-7.7692977,110.3850306,-0.031,-7.7692776,110.3848749,5.245
1788935404.7245026,17.961792942900654,17.72212205962339,0.9574571725895512,True,True,20.102859488074056,20.000000000000004,-7.7692977,110.3850306,-0.031,-7.7692718,110.3848772,5.326
1788935404.9248345,17.841460445226772,17.720881303405672,0.5728729036688935,True,True,20.102859482818545,20.0,-7.7692977,110.3850306,-0.031,-7.7692649,110.38488,5.42
1788935405.1253467,17.755143735304664,17.726063983508737,0.24371843737247353,True,True,20.102859477046394,20.0,-7.7692977,110.3850306,-0.031,-7.7692569,110.3848832,5.531
1788935405.3270185,17.755143735304664,17.726063983508737,0.24371843737247353,True,True,20.102859472775275,19.999999999999996,-7.7692977,110.3850306,-0.031,-7.7692569,110.3848832,5.531
1788935405.5292695,17.740896018491114,17.740896018491114,0.0,True,True,20.102859483321858,20.000000000000004,-7.7692977,110.3850306,-0.031,-7.7692476,110.3848867,5.657
1788935405.7313702,17.790644616975033,17.790644616975033,0.0,True,True,20.10285948982272,20.0,-7.7692977,110.3850306,-0.031,-7.7692374,110.3848907,5.798
1788935405.932347,17.950210432890408,17.950210432890408,0.0,True,True,20.102859494351062,20.0,-7.7692977,110.3850306,-0.031,-7.7692262,110.384895,5.953
1788935406.1337445,18.233715926934654,18.233715926934654,0.0,True,True,20.102859498078377,19.999999999999996,-7.7692977,110.3850306,-0.031,-7.769214,110.3848997,6.122
1788935406.3488178,18.233715926934654,18.233715926934654,0.0,True,True,20.102859500532787,19.999999999999996,-7.7692977,110.3850306,-0.031,-7.769214,110.3848997,6.122
1788935406.5503552,18.637938762152018,18.637938762152018,0.0,True,True,20.10285950318355,20.0,-7.7692977,110.3850306,-0.031,-7.7692013,110.3849047,6.299
1788935406.7516541,19.184407404687953,19.184407404687953,0.0,True,True,20.102859506143478,20.0,-7.7692977,110.3850306,-0.031,-7.7691879,110.38491,6.483
1788935406.95457,19.873288105882573,19.873288105882573,0.0,True,True,20.102859509291203,20.0,-7.7692977,110.3850306,-0.031,-7.769174,110.3849155,6.673
1788935407.1693254,20.719578154631098,20.719578154631098,0.0,True,True,20.102859512411868,20.000000000000004,-7.7692977,110.3850306,-0.031,-7.7691595,110.3849211,6.869
1788935407.3715732,21.691458559233183,21.691458559233183,0.0,True,True,20.10285951523479,20.0,-7.7692977,110.3850306,-0.031,-7.7691446,110.384927,7.07
1788935407.5733492,21.691458559233183,21.691458559233183,0.0,True,True,20.10285951694989,20.0,-7.7692977,110.3850306,-0.031,-7.7691446,110.384927,7.07
1788935407.7758105,22.790694278785693,22.790694278785693,0.0,True,True,20.102859518606728,20.0,-7.7692977,110.3850306,-0.031,-7.7691294,110.3849329,7.272
1788935407.9762585,23.99307020636906,23.99307020636906,0.0,True,True,20.1028595200065,20.0,-7.7692977,110.3850306,-0.031,-7.769114,110.3849389,7.476
1788935408.1778038,25.28930662789027,25.28930662789027,0.0,True,True,20.10285952107983,20.000000000000004,-7.7692977,110.3850306,-0.031,-7.7690984,110.384945,7.682
1788935408.3787684,26.6736630604957,26.6736630604957,0.0,True,True,20.10285952184078,20.0,-7.7692977,110.3850306,-0.031,-7.7690826,110.3849511,7.887
1788935408.5790064,26.6736630604957,26.6736630604957,0.0,True,True,20.102859522256946,19.999999999999996,-7.7692977,110.3850306,-0.031,-7.7690826,110.3849511,7.887
1788935408.7828999,28.0992583919005,28.0992583919005,0.0,True,True,20.102859522559683,20.0,-7.7692977,110.3850306,-0.031,-7.769067,110.3849571,8.089
1788935408.984661,29.552354777538714,29.552354777538714,0.0,True,True,20.102859522757242,20.0,-7.7692977,110.3850306,-0.031,-7.7690516,110.3849631,8.287
1788935409.1984968,31.02746378784335,31.02746378784335,0.0,True,True,20.102859522862378,19.999999999999993,-7.7692977,110.3850306,-0.031,-7.7690364,110.384969,8.48
1788935409.4006436,32.49844800024537,32.49844800024537,0.0,True,True,20.1028595229139,19.999999999999993,-7.7692977,110.3850306,-0.031,-7.7690216,110.3849747,8.668
1788935409.6012225,32.49844800024537,32.49844800024537,0.0,True,True,20.102859522939138,20.000000000000004,-7.7692977,110.3850306,-0.031,-7.7690216,110.3849747,8.668
1788935409.80427,33.944909884239465,33.944909884239465,0.0,True,True,20.10285952295151,20.000000000000004,-7.7692977,110.3850306,-0.031,-7.7690073,110.3849803,8.848
1788935410.0049098,35.35333925014436,35.35333925014436,0.0,False,False,20.102859522957573,19.999999999999996,-7.7692977,110.3850306,-0.031,-7.7689936,110.3849856,9.017
1788935410.205637,36.70790088890837,36.70790088890837,0.0,False,False,20.102859522960536,20.0,-7.7692977,110.3850306,-0.031,-7.7689806,110.3849906,9.177
1788935410.4080057,37.992220412182235,37.992220412182235,0.0,False,False,20.102859522961992,20.0,-7.7692977,110.3850306,-0.031,-7.7689684,110.3849953,9.324
1788935410.6116025,37.992220412182235,37.992220412182235,0.0,False,False,20.102859522962703,20.0,-7.7692977,110.3850306,-0.031,-7.7689684,110.3849953,9.324
1788935410.8134913,39.17050765283905,39.17050765283905,0.0,False,False,20.102859522963062,19.999999999999996,-7.7692977,110.3850306,-0.031,-7.7689573,110.3849996,9.455
1788935411.0168574,40.228342506609685,40.228342506609685,0.0,False,False,20.10285952296323,19.999999999999993,-7.7692977,110.3850306,-0.031,-7.7689474,110.3850035,9.57
1788935411.2273839,41.16395406812526,41.16395406812526,0.0,False,False,20.102859522963314,20.0,-7.7692977,110.3850306,-0.031,-7.7689387,110.3850068,9.668
1788935411.4283235,41.962908287785396,41.962908287785396,0.0,False,False,20.102859522963357,19.999999999999996,-7.7692977,110.3850306,-0.031,-7.7689313,110.3850097,9.751
1788935411.640056,42.624195988789815,42.624195988789815,0.0,False,False,20.102859522963378,19.999999999999996,-7.7692977,110.3850306,-0.031,-7.7689252,110.3850121,9.82
1788935411.8475168,42.624195988789815,42.624195988789815,0.0,False,False,20.102859522963378,20.0,-7.7692977,110.3850306,-0.031,-7.7689252,110.3850121,9.82
1788935412.049597,43.156832450144854,43.156832450144854,0.0,False,False,20.102859522963392,20.0,-7.7692977,110.3850306,-0.031,-7.7689203,110.385014,9.874
1788935412.2573087,43.57076021748366,43.57076021748366,0.0,False,False,20.102859522963392,19.999999999999996,-7.7692977,110.3850306,-0.031,-7.7689165,110.3850155,9.916
1788935412.460129,43.87632108025848,43.87632108025848,0.0,False,False,20.102859522963392,20.000000000000004,-7.7692977,110.3850306,-0.031,-7.7689137,110.3850166,9.947
1788935412.661562,44.08348420340443,44.08348420340443,0.0,False,False,20.102859522963392,20.0,-7.7692977,110.3850306,-0.031,-7.7689118,110.3850174,9.967
1788935412.8616056,44.21454104946114,44.21454104946114,0.0,False,False,20.102859522963396,20.0,-7.7692977,110.3850306,-0.031,-7.7689106,110.3850179,9.98
1788935413.0620852,44.21454104946114,44.21454104946114,0.0,False,False,20.102859522963396,19.999999999999996,-7.7692977,110.3850306,-0.031,-7.7689106,110.3850179,9.98
1788935413.2643938,44.26933416019459,44.26933416019459,0.0,False,False,20.102859522963392,19.999999999999996,-7.7692977,110.3850306,-0.031,-7.7689101,110.3850181,9.986
1788935413.4671593,44.28027099671034,44.28027099671034,0.0,False,False,20.10285952296339,20.000000000000004,-7.7692977,110.3850306,-0.031,-7.76891,110.3850182,9.988
1788935413.6720788,44.26921907434084,43.403974213051036,10.0,False,False,20.102859522963396,20.000000000000004,-7.7692977,110.3850306,-0.031,-7.7689101,110.3850182,9.987
1788935413.876043,44.225464858731,42.97971319331226,10.0,False,False,20.102859522963392,19.999999999999996,-7.7692977,110.3850306,-0.031,-7.7689105,110.3850182,9.985
1788935414.0781305,44.225464858731,42.97971319331226,10.0,False,False,20.102859522963392,20.000000000000007,-7.7692977,110.3850306,-0.031,-7.7689105,110.3850182,9.985
1788935414.2796116,44.17145645189743,43.12025940754708,10.0,False,False,20.102859522963392,19.999999999999996,-7.7692977,110.3850306,-0.031,-7.768911,110.3850181,9.984
1788935414.4938133,44.138875399851806,43.85369047200531,10.0,False,False,20.10285952296339,20.000000000000004,-7.7692977,110.3850306,-0.031,-7.7689113,110.385018,9.982
1788935414.6981742,44.127597750099184,44.127597750099184,0.0,False,False,20.102859522963392,20.000000000000004,-7.7692977,110.3850306,-0.031,-7.7689114,110.385018,9.98
1788935414.8985717,44.11632011081831,44.11632011081831,0.0,False,False,20.10285952296339,20.0,-7.7692977,110.3850306,-0.031,-7.7689115,110.385018,9.978
1788935415.0994565,44.11632011081831,44.11632011081831,0.0,False,False,20.102859522963392,19.999999999999996,-7.7692977,110.3850306,-0.031,-7.7689115,110.385018,9.978
1788935415.3002982,44.115974803037986,44.115974803037986,0.0,False,False,20.102859522963396,19.999999999999996,-7.7692977,110.3850306,-0.031,-7.7689115,110.3850181,9.978
1788935415.502623,44.10515091262781,44.10515091262781,0.0,False,False,20.102859522963396,20.0,-7.7692977,110.3850306,-0.031,-7.7689116,110.3850181,9.978
1788935415.7122939,44.105377858325554,44.105377858325554,0.0,False,False,20.10285952296339,20.000000000000004,-7.7692977,110.3850306,-0.031,-7.7689116,110.3850181,9.979
1788935415.92568,44.1056048255284,44.1056048255284,0.0,False,False,20.102859522963396,19.999999999999996,-7.7692977,110.3850306,-0.031,-7.7689116,110.3850181,9.98
1788935416.1405947,44.10583181423602,44.10583181423602,0.0,False,False,20.10285952296339,20.0,-7.7692977,110.3850306,-0.031,-7.7689116,110.3850181,9.981
1788935416.3433127,44.10583181423602,44.10583181423602,0.0,False,False,20.102859522963392,20.0,-7.7692977,110.3850306,-0.031,-7.7689116,110.3850181,9.981
1788935416.5460224,44.10548917641424,44.10548917641424,0.0,False,False,20.102859522963396,20.0,-7.7692977,110.3850306,-0.031,-7.7689116,110.3850182,9.981
1788935416.7468219,44.105716188389835,44.105716188389835,0.0,False,False,20.102859522963392,19.999999999999996,-7.7692977,110.3850306,-0.031,-7.7689116,110.3850182,9.982
1788935416.9491374,44.105943221869694,44.105943221869694,0.0,False,False,20.102859522963392,20.000000000000007,-7.7692977,110.3850306,-0.031,-7.7689116,110.3850182,9.983
1788935417.1500669,44.10617027685348,44.10617027685348,0.0,False,False,20.102859522963392,20.0,-7.7692977,110.3850306,-0.031,-7.7689116,110.3850182,9.984
1788935417.3536873,44.10617027685348,44.10617027685348,0.0,False,False,20.102859522963392,19.999999999999993,-7.7692977,110.3850306,-0.031,-7.7689116,110.3850182,9.984
1788935417.5551636,44.10617027685348,44.10617027685348,0.0,False,False,20.102859522963392,20.0,-7.7692977,110.3850306,-0.031,-7.7689116,110.3850182,9.984
1788935417.7570693,44.10639735334086,44.10639735334086,0.0,False,False,20.10285952296339,19.999999999999996,-7.7692977,110.3850306,-0.031,-7.7689116,110.3850182,9.985
1788935417.9588618,44.10778437221367,44.10778437221367,0.0,False,False,20.10285952296339,20.0,-7.7692977,110.3850306,-0.031,-7.7689116,110.3850178,9.985
1788935418.1604464,44.109947374124985,44.109947374124985,0.0,False,False,20.10285952296339,19.999999999999996,-7.7692977,110.3850306,-0.031,-7.7689116,110.3850172,9.985
1788935418.361987,44.109947374124985,44.109947374124985,0.0,False,False,20.102859522963392,20.0,-7.7692977,110.3850306,-0.031,-7.7689116,110.3850172,9.985
1788935418.562771,44.11457022866581,44.11457022866581,0.0,False,False,20.10285952296339,19.999999999999996,-7.7692977,110.3850306,-0.031,-7.7689116,110.385016,9.985
1788935418.7640345,44.12202361460327,44.12202361460327,0.0,False,False,20.10285952296339,20.000000000000004,-7.7692977,110.3850306,-0.031,-7.7689116,110.3850143,9.986
1788935418.9660625,44.1229869468977,44.1229869468977,0.0,False,False,20.10285952296339,20.000000000000007,-7.7692977,110.3850306,-0.031,-7.7689117,110.3850119,9.987
1788935419.1684365,44.129667852863136,44.129667852863136,0.0,False,False,20.10285952296339,19.999999999999996,-7.7692977,110.3850306,-0.031,-7.7689118,110.3850088,9.988
1788935419.370044,44.14455914652536,44.14455914652536,0.0,False,False,20.10285952296339,19.999999999999996,-7.7692977,110.3850306,-0.031,-7.7689119,110.3850049,9.989
1788935419.5731654,44.14455914652536,44.14455914652536,0.0,False,False,20.102859522963396,20.000000000000004,-7.7692977,110.3850306,-0.031,-7.7689119,110.3850049,9.989
1788935419.7737954,44.17106159365433,44.17106159365433,0.0,False,False,20.102859522963392,19.999999999999993,-7.7692977,110.3850306,-0.031,-7.768912,110.3850001,9.99
1788935419.9754188,44.21271255508129,44.21271255508129,0.0,False,False,20.102859522963392,19.999999999999996,-7.7692977,110.3850306,-0.031,-7.7689121,110.3849944,9.991
1788935420.1759298,44.25847642335412,44.25847642335412,0.0,False,False,20.102859522963392,20.0,-7.7692977,110.3850306,-0.031,-7.7689123,110.3849882,9.993
1788935420.39116,44.31179887234021,44.31179887234021,0.0,False,False,20.10285952296339,19.999999999999996,-7.7692977,110.3850306,-0.031,-7.7689126,110.3849814,9.994
1788935420.59244,44.31179887234021,44.31179887234021,0.0,False,False,20.10285952296339,20.000000000000007,-7.7692977,110.3850306,-0.031,-7.7689126,110.3849814,9.994
1788935420.793079,44.39459999841284,44.39459999841284,0.0,False,False,20.10285952296339,20.0,-7.7692977,110.3850306,-0.031,-7.7689128,110.3849742,9.995
1788935420.9952624,44.498365564555996,44.498365564555996,0.0,False,False,20.102859522963392,20.0,-7.7692977,110.3850306,-0.031,-7.768913,110.3849666,9.996
1788935421.202021,44.61934188020565,44.61934188020565,0.0,False,False,20.102859522963392,19.999999999999996,-7.7692977,110.3850306,-0.031,-7.7689132,110.3849589,9.996
1788935421.403779,44.74784793290696,44.74784793290696,0.0,False,False,20.10285952296339,19.999999999999996,-7.7692977,110.3850306,-0.031,-7.7689135,110.3849511,9.997
1788935421.6050107,44.74784793290696,44.74784793290696,0.0,False,False,20.10285952296339,20.0,-7.7692977,110.3850306,-0.031,-7.7689135,110.3849511,9.997
1788935421.8078945,44.89224082597176,44.89224082597176,0.0,False,False,20.102859522963396,20.000000000000004,-7.7692977,110.3850306,-0.031,-7.7689138,110.3849433,9.997
1788935422.008761,45.05515390303814,45.05515390303814,0.0,False,False,20.102859522963396,20.0,-7.7692977,110.3850306,-0.031,-7.7689141,110.3849354,9.997
1788935422.2097423,45.234255122793556,45.234255122793556,0.0,False,False,20.10285952296339,20.000000000000007,-7.7692977,110.3850306,-0.031,-7.7689144,110.3849275,9.997
1788935422.4101052,45.420687472793354,45.420687472793354,0.0,False,False,20.102859522963392,19.999999999999996,-7.7692977,110.3850306,-0.031,-7.7689147,110.3849199,9.998
1788935422.6102722,45.61502272441645,45.61502272441645,0.0,False,False,20.10285952296339,20.0,-7.7692977,110.3850306,-0.031,-7.768915,110.3849125,9.997
1788935422.8107407,45.61502272441645,45.61502272441645,0.0,False,False,20.102859522963392,20.0,-7.7692977,110.3850306,-0.031,-7.768915,110.3849125,9.997
1788935423.0257587,45.817014722567855,45.817014722567855,0.0,False,False,20.102859522963392,19.999999999999996,-7.7692977,110.3850306,-0.031,-7.7689152,110.3849056,9.997
1788935423.2271981,45.999587388243334,45.999587388243334,0.0,False,False,20.10285952296339,20.0,-7.7692977,110.3850306,-0.031,-7.7689155,110.3848993,9.997
1788935423.42781,46.17327047575253,46.17327047575253,0.0,False,False,20.102859522963392,20.000000000000004,-7.7692977,110.3850306,-0.031,-7.7689157,110.3848938,9.997
1788935423.6293354,46.32449933443962,46.32449933443962,0.0,False,False,20.102859522963396,20.0,-7.7692977,110.3850306,-0.031,-7.7689159,110.3848891,9.997
1788935423.8433704,46.32449933443962,46.32449933443962,0.0,False,False,20.102859522963396,19.999999999999996,-7.7692977,110.3850306,-0.031,-7.7689159,110.3848891,9.997
1788935424.0514412,46.449317585254235,46.449317585254235,0.0,False,False,20.10285952296339,19.999999999999996,-7.7692977,110.3850306,-0.031,-7.768916,110.3848855,9.997
1788935424.2559683,46.542612489650246,46.542612489650246,0.0,False,False,20.102859522963392,20.000000000000007,-7.7692977,110.3850306,-0.031,-7.7689161,110.3848828,9.998
1788935424.4581048,46.606141958190264,46.606141958190264,0.0,False,False,20.102859522963392,20.000000000000007,-7.7692977,110.3850306,-0.031,-7.7689162,110.3848809,9.998
1788935424.6598127,46.65330726448982,46.65330726448982,0.0,False,False,20.102859522963392,20.0,-7.7692977,110.3850306,-0.031,-7.7689162,110.3848797,9.999
1788935424.864195,46.65330726448982,46.65330726448982,0.0,False,False,20.102859522963392,20.000000000000007,-7.7692977,110.3850306,-0.031,-7.7689162,110.3848797,9.999
1788935425.066105,46.6707414165609,46.6707414165609,0.0,False,False,20.10285952296339,19.999999999999996,-7.7692977,110.3850306,-0.031,-7.7689163,110.384879,9.999
1788935425.2663639,46.68236544573107,46.68236544573107,0.0,False,False,20.102859522963396,20.0,-7.7692977,110.3850306,-0.031,-7.7689163,110.3848787,9.998
1788935425.4696214,46.68631628851025,46.68631628851025,0.0,False,False,20.102859522963392,20.000000000000004,-7.7692977,110.3850306,-0.031,-7.7689163,110.3848786,9.998
1788935425.6717217,46.68215062107557,46.68215062107557,0.0,False,False,20.102859522963396,20.0,-7.7692977,110.3850306,-0.031,-7.7689163,110.3848787,9.997
1788935425.8724046,46.681935816853034,46.681935816853034,0.0,False,False,20.102859522963392,20.000000000000004,-7.7692977,110.3850306,-0.031,-7.7689163,110.3848787,9.996
1788935426.085978,46.681935816853034,46.681935816853034,0.0,False,False,20.102859522963392,20.0,-7.7692977,110.3850306,-0.031,-7.7689163,110.3848787,9.996
1788935426.2987192,46.68172103306375,46.68172103306375,0.0,False,False,20.10285952296339,19.999999999999996,-7.7692977,110.3850306,-0.031,-7.7689163,110.3848787,9.995
1788935426.4988956,46.681506269707995,46.681506269707995,0.0,False,False,20.102859522963392,19.999999999999996,-7.7692977,110.3850306,-0.031,-7.7689163,110.3848787,9.994
1788935426.7011368,46.681506269707995,46.681506269707995,0.0,False,False,20.10285952296339,19.999999999999993,-7.7692977,110.3850306,-0.031,-7.7689163,110.3848787,9.994
1788935426.9026299,46.681506269707995,46.681506269707995,0.0,False,False,20.10285952296339,20.0,-7.7692977,110.3850306,-0.031,-7.7689163,110.3848787,9.994
1788935427.1028924,46.681506269707995,46.681506269707995,0.0,False,False,20.102859522963392,19.999999999999996,-7.7692977,110.3850306,-0.031,-7.7689163,110.3848787,9.994
1788935427.3048909,46.681506269707995,46.681506269707995,0.0,False,False,20.102859522963392,19.999999999999996,-7.7692977,110.3850306,-0.031,-7.7689163,110.3848787,9.994
1788935427.5191445,46.69160846467591,46.69160846467591,0.0,False,False,20.102859522963392,20.0,-7.7692977,110.3850306,-0.031,-7.7689162,110.3848787,9.994
1788935427.7198808,46.69160846467591,46.69160846467591,0.0,False,False,20.10285952296339,20.0,-7.7692977,110.3850306,-0.031,-7.7689162,110.3848787,9.994
1788935427.9210806,46.70171112182354,46.70171112182354,0.0,False,False,20.10285952296339,19.999999999999996,-7.7692977,110.3850306,-0.031,-7.7689161,110.3848787,9.994
1788935428.1360855,46.70171112182354,46.70171112182354,0.0,False,False,20.10285952296339,20.000000000000007,-7.7692977,110.3850306,-0.031,-7.7689161,110.3848787,9.994
1788935428.3396823,46.70171112182354,46.70171112182354,0.0,False,False,20.10285952296339,20.0,-7.7692977,110.3850306,-0.031,-7.7689161,110.3848787,9.994
1788935428.540864,46.71181424103043,46.71181424103043,0.0,False,False,20.10285952296339,20.0,-7.7692977,110.3850306,-0.031,-7.768916,110.3848787,9.994
1788935428.7421093,46.71181424103043,46.71181424103043,0.0,False,False,20.102859522963392,20.0,-7.7692977,110.3850306,-0.031,-7.768916,110.3848787,9.994
1788935428.944091,46.71181424103043,46.71181424103043,0.0,False,False,20.10285952296339,20.000000000000004,-7.7692977,110.3850306,-0.031,-7.768916,110.3848787,9.994
1788935429.1589806,46.71181424103043,46.54835130398664,10.0,False,False,20.102859522963392,19.999999999999996,-7.7692977,110.3850306,-0.031,-7.768916,110.3848787,9.994
1788935429.360992,46.71181424103043,46.54835130398664,10.0,False,False,20.10285952296339,19.999999999999996,-7.7692977,110.3850306,-0.031,-7.768916,110.3848787,9.994
1788935429.5618541,46.70171112182354,45.72509531556945,10.0,False,False,20.102859522963392,20.0,-7.7692977,110.3850306,-0.031,-7.7689161,110.3848787,9.994
1788935429.762465,46.66130326787123,44.46538616306723,10.0,False,False,20.10285952296339,19.999999999999996,-7.7692977,110.3850306,-0.031,-7.7689165,110.3848787,9.994
1788935429.9650564,46.59060736700255,42.616242325777606,10.0,False,False,20.102859522963392,20.0,-7.7692977,110.3850306,-0.031,-7.7689172,110.3848787,9.994
1788935430.1667569,46.45937554540448,40.51160873012954,10.0,False,False,20.10285952296339,20.0,-7.7692977,110.3850306,-0.031,-7.7689185,110.3848787,9.994
1788935430.3670287,46.2920855435156,38.07403497820563,10.0,False,False,20.10285952296339,20.000000000000004,-7.7692977,110.3850306,-0.031,-7.7689202,110.3848786,9.995
1788935430.5692685,46.2920855435156,38.07403497820563,10.0,False,False,20.102859522963392,20.000000000000004,-7.7692977,110.3850306,-0.031,-7.7689202,110.3848786,9.995
1788935430.772333,46.044391640932844,35.252139367944714,10.0,False,False,20.102859522963392,20.0,-7.7692977,110.3850306,-0.031,-7.7689227,110.3848785,9.996
1788935430.9749103,45.7264434692128,32.13729046880484,10.0,False,False,20.102859522963392,19.999999999999996,-7.7692977,110.3850306,-0.031,-7.7689259,110.3848784,9.996
1788935431.175768,45.318973101524776,28.807878631886243,10.0,False,False,20.102859522963396,19.999999999999996,-7.7692977,110.3850306,-0.031,-7.76893,110.3848783,9.997
1788935431.3777728,44.836278156476524,25.593618318866888,10.0,False,False,20.102859522963396,20.0,-7.7692977,110.3850306,-0.031,-7.7689349,110.3848781,9.997
1788935431.5910144,44.836278156476524,25.593618318866888,10.0,False,False,20.102859522963392,20.0,-7.7692977,110.3850306,-0.031,-7.7689349,110.3848781,9.997
1788935431.8064072,44.23139029521858,22.706503802208502,10.0,True,True,20.102859522963392,20.0,-7.7692977,110.3850306,-0.031,-7.768941,110.384878,9.998
1788935432.0072849,43.537623717534096,21.024193829595692,10.0,True,True,20.102859522963392,19.999999999999993,-7.7692977,110.3850306,-0.031,-7.7689481,110.3848777,9.998
1788935432.2100034,42.728873421710595,20.771445213875968,9.28302306137084,True,True,20.102859522963392,20.0,-7.7692977,110.3850306,-0.031,-7.7689564,110.3848774,9.999
1788935432.4103887,41.79725091692285,20.71628936238571,8.027028555690187,True,True,20.102859522963396,20.000000000000007,-7.7692977,110.3850306,-0.031,-7.768966,110.3848771,10.0
1788935432.6136205,41.79725091692285,20.71628936238571,8.027028555690187,True,True,20.102859522963396,20.000000000000007,-7.7692977,110.3850306,-0.031,-7.768966,110.3848771,10.0
1788935432.8162687,40.77972238496579,20.689130977152157,7.052945712897505,True,True,20.102859522963396,20.0,-7.7692977,110.3850306,-0.031,-7.7689766,110.3848767,10.002
1788935433.0286098,39.67932452690645,20.613562330882406,6.310926936883455,True,True,20.102859522963392,20.000000000000007,-7.7692977,110.3850306,-0.031,-7.7689881,110.3848764,10.003
1788935433.231293,38.49935502112532,20.564624263810327,5.687781657730658,True,True,20.102859522963392,20.0,-7.7692977,110.3850306,-0.031,-7.7690006,110.384876,10.004
1788935433.4313955,37.25851999811785,20.57217529449111,5.141039280123325,True,True,20.102859522963392,20.0,-7.7692977,110.3850306,-0.031,-7.7690139,110.3848756,10.005
1788935433.632172,35.98004190365088,20.542145857866466,4.679685016054185,True,True,20.102859522963392,19.999999999999996,-7.7692977,110.3850306,-0.031,-7.7690278,110.3848752,10.006
1788935433.846275,35.98004190365088,20.542145857866466,4.679685016054185,True,True,20.102859522963396,20.000000000000007,-7.7692977,110.3850306,-0.031,-7.7690278,110.3848752,10.006
1788935434.0483968,34.68661000660252,20.52012702381302,4.274670464079107,True,True,20.102859522963392,20.0,-7.7692977,110.3850306,-0.031,-7.7690421,110.3848748,10.006
1788935434.2620153,33.36530073553712,20.53915617279023,3.9114284282466447,True,True,20.102859522963396,20.0,-7.7692977,110.3850306,-0.031,-7.769057,110.3848744,10.006
1788935434.4637394,32.04041271874516,20.52530660681808,3.5799711242485386,True,True,20.10285952296339,19.999999999999996,-7.7692977,110.3850306,-0.031,-7.7690723,110.384874,10.006
1788935434.6664112,30.72731482273076,20.517349541539087,3.2853529244279853,True,True,20.102859522963392,20.0,-7.7692977,110.3850306,-0.031,-7.7690879,110.3848736,10.006
1788935434.8687253,29.449778283615007,20.513011285650467,3.013369666189119,True,True,20.10285952296299,20.000000000000004,-7.7692977,110.3850306,-0.031,-7.7691036,110.3848732,10.006
1788935435.070136,29.449778283615007,20.513011285650467,3.013369666189119,True,True,20.102859522962223,20.0,-7.7692977,110.3850306,-0.031,-7.7691036,110.3848732,10.006
1788935435.2713194,28.20688613421173,20.511235721221645,2.7573259165077775,True,True,20.102859522952848,20.0,-7.7692977,110.3850306,-0.031,-7.7691195,110.3848728,10.006
1788935435.4805377,27.014841147603562,20.531212088202068,2.5001737590078226,True,True,20.10285952291081,20.0,-7.7692977,110.3850306,-0.031,-7.7691355,110.3848724,10.005
1788935435.6819527,25.911290653111987,20.531706466314784,2.2734606378605875,True,True,20.102859522788883,20.0,-7.7692977,110.3850306,-0.031,-7.7691512,110.384872,10.004
1788935435.8821647,24.887971854806445,20.516219264164942,2.0620742003167956,True,True,20.10285952250935,20.0,-7.7692977,110.3850306,-0.031,-7.7691668,110.3848716,10.003
1788935436.096973,24.887971854806445,20.516219264164942,2.0620742003167956,True,True,20.10285952223563,20.0,-7.7692977,110.3850306,-0.031,-7.7691668,110.3848716,10.003
1788935436.2976313,23.976610337311843,20.52284580022296,1.8607624174174344,True,True,20.10285952170195,20.0,-7.7692977,110.3850306,-0.031,-7.7691819,110.3848712,10.002
1788935436.4993865,23.172933579368582,20.53173403062477,1.672857156761544,True,True,20.102859520789174,20.0,-7.7692977,110.3850306,-0.031,-7.7691966,110.3848708,10.001
1788935436.7018638,22.483119433509035,20.528144781791895,1.4953203828194155,True,True,20.102859519377507,20.0,-7.7692977,110.3850306,-0.031,-7.7692108,110.3848704,9.999
1788935436.9023538,21.90988379363824,20.519614944955887,1.3282786048892667,True,True,20.102859517389966,20.0,-7.7692977,110.3850306,-0.031,-7.7692242,110.3848701,9.997
1788935437.1051028,21.90988379363824,20.519614944955887,1.3282786048892667,True,True,20.10285951573897,20.0,-7.7692977,110.3850306,-0.031,-7.7692242,110.3848701,9.997
1788935437.3059747,21.453081052939407,20.515299071948395,1.169976827364289,True,True,20.10285951348307,20.0,-7.7692977,110.3850306,-0.031,-7.7692368,110.3848698,9.995
1788935437.5065181,21.104961422588232,20.513951523212384,1.0158843652507292,True,True,20.102859510756097,20.000000000000004,-7.7692977,110.3850306,-0.031,-7.7692485,110.3848695,9.992
1788935437.708707,20.860058610747235,20.516985513334852,0.8697401546674771,True,True,20.102859507792846,20.000000000000004,-7.7692977,110.3850306,-0.031,-7.769259,110.3848692,9.99
1788935437.9094155,20.69302552911075,20.507639933415255,0.7426041688391475,True,True,20.102859504829432,20.0,-7.7692977,110.3850306,-0.031,-7.7692681,110.384869,9.988
1788935438.1106434,20.69302552911075,20.507639933415255,0.7426041688391475,True,True,20.102859502597838,20.0,-7.7692977,110.3850306,-0.031,-7.7692681,110.384869,9.988
1788935438.3119683,20.594601723360466,20.509333084983947,0.6016606119673451,True,True,20.10285950044178,20.000000000000004,-7.7692977,110.3850306,-0.031,-7.7692757,110.3848688,9.988
1788935438.5159197,20.53229711789572,20.49918922402717,0.46411991260999375,True,True,20.10285949847741,20.0,-7.7692977,110.3850306,-0.031,-7.7692821,110.3848687,9.989
1788935438.718025,20.502747446503584,20.497159108590886,0.24405867507435094,True,True,20.102859496755116,20.0,-7.7692977,110.3850306,-0.031,-7.7692872,110.3848686,9.991
1788935438.9192817,20.493609118258863,20.493609118258863,0.0,True,True,20.102859501713315,20.0,-7.7692977,110.3850306,-0.031,-7.769291,110.3848685,9.993
1788935439.11942,20.495005880437525,20.495005880437525,0.0,True,True,20.10285950487692,20.0,-7.7692977,110.3850306,-0.031,-7.7692939,110.3848684,9.995
1788935439.321855,20.495005880437525,20.495005880437525,0.0,True,True,20.102859506939815,20.0,-7.7692977,110.3850306,-0.031,-7.7692939,110.3848684,9.995
1788935439.5223858,20.501235911273582,20.501235911273582,0.0,True,True,20.102859508324215,20.0,-7.7692977,110.3850306,-0.031,-7.7692959,110.3848683,9.995
1788935439.7348182,20.5008564884082,20.5008564884082,0.0,True,True,20.102859509254465,20.0,-7.7692977,110.3850306,-0.031,-7.7692971,110.3848683,9.996
1788935439.937257,20.509872457932286,20.509872457932286,0.0,True,True,20.102859509908246,20.0,-7.7692977,110.3850306,-0.031,-7.7692976,110.3848682,9.995
1788935440.1403055,20.509869441839427,20.509869441839427,0.0,True,True,20.102859510356375,20.0,-7.7692977,110.3850306,-0.031,-7.7692977,110.3848682,9.995
1788935440.350459,20.509869441839427,20.509869441839427,0.0,True,True,20.102859510665404,20.0,-7.7692977,110.3850306,-0.031,-7.7692977,110.3848682,9.995
1788935440.551462,20.509392683505553,20.509392683505553,0.0,True,True,20.102859510879142,19.999999999999996,-7.7692977,110.3850306,-0.031,-7.7692975,110.3848682,9.994
1788935440.7665508,20.50945598938199,20.50945598938199,0.0,True,True,20.10285951102778,20.0,-7.7692977,110.3850306,-0.031,-7.7692972,110.3848682,9.994
1788935440.9701095,20.518748388725783,20.518748388725783,0.0,True,True,20.102859511151554,20.0,-7.7692977,110.3850306,-0.031,-7.7692968,110.3848681,9.993
1788935441.1705234,20.51844970228484,20.51844970228484,0.0,True,True,20.10285951123788,20.0,-7.7692977,110.3850306,-0.031,-7.7692965,110.3848681,9.992
1788935441.3719327,20.51803656150987,20.51803656150987,0.0,True,True,20.102859511297954,20.000000000000004,-7.7692977,110.3850306,-0.031,-7.7692964,110.3848681,9.991
1788935441.573473,20.51803656150987,20.51803656150987,0.0,True,True,20.102859511339904,20.0,-7.7692977,110.3850306,-0.031,-7.7692964,110.3848681,9.991
1788935441.7749927,20.52773199219917,20.52773199219917,0.0,True,True,20.10285951138941,20.0,-7.7692977,110.3850306,-0.031,-7.7692963,110.384868,9.991
1788935441.9765973,20.52773199219917,20.52773199219917,0.0,True,True,20.102859511423983,20.0,-7.7692977,110.3850306,-0.031,-7.7692963,110.384868,9.991
1788935442.177448,20.52773199219917,20.52773199219917,0.0,True,True,20.102859511448163,20.000000000000004,-7.7692977,110.3850306,-0.031,-7.7692963,110.384868,9.991
1788935442.3873322,20.52773199219917,20.52773199219917,0.0,True,True,20.102859511465066,20.0,-7.7692977,110.3850306,-0.031,-7.7692963,110.384868,9.991
1788935442.6025856,20.52773199219917,20.52773199219917,0.0,True,True,20.102859511476897,20.0,-7.7692977,110.3850306,-0.031,-7.7692963,110.384868,9.991
1788935442.805733,20.53734747766069,20.53734747766069,0.0,True,True,20.10285951150501,20.0,-7.7692977,110.3850306,-0.031,-7.7692963,110.3848679,9.991
1788935443.0133038,20.53734747766069,20.53734747766069,0.0,True,True,20.102859511524677,20.0,-7.7692977,110.3850306,-0.031,-7.7692963,110.3848679,9.991
1788935443.214969,20.53734747766069,20.536832931070627,10.0,True,True,20.10285951153843,20.0,-7.7692977,110.3850306,-0.031,-7.7692963,110.3848679,9.991
1788935443.4288208,20.53783548522521,20.53783548522521,0.0,True,True,20.102859511548363,20.0,-7.7692977,110.3850306,-0.031,-7.7692963,110.3848679,9.992
1788935443.6292164,20.5474521514478,20.46021793193528,10.0,True,True,20.10285951157506,20.000000000000004,-7.7692977,110.3850306,-0.031,-7.7692963,110.3848678,9.992
1788935443.8307767,20.5474521514478,20.46021793193528,10.0,True,True,13.486967001595294,19.999999999999996,-7.7692977,110.3850306,-0.031,-7.7692963,110.3848678,9.992
1788935444.0310817,20.5474521514478,20.46021793193528,10.0,True,True,9.551333654072078,19.999999999999996,-7.7692977,110.3850306,-0.031,-7.7692963,110.3848678,9.992
1788935444.245052,20.5474521514478,20.46021793193528,10.0,True,True,6.841147554556827,20.0,-7.7692977,110.3850306,-0.031,-7.7692963,110.3848678,9.992
1788935444.4460044,20.5474521514478,20.46021793193528,10.0,True,True,5.003346015008883,19.999999999999996,-7.7692977,110.3850306,-0.031,-7.7692963,110.3848678,9.992
1788935444.6488152,20.5474521514478,20.46021793193528,10.0,True,True,3.7905283055547283,20.0,-7.7692977,110.3850306,-0.031,-7.7692963,110.3848678,9.992
1788935444.8493388,20.5474521514478,20.46021793193528,10.0,True,True,3.0236871314546914,20.0,-7.7692977,110.3850306,-0.031,-7.7692963,110.3848678,9.992
1788935445.052299,20.5474521514478,20.46021793193528,10.0,True,True,2.5656682623073497,20.0,-7.7692977,110.3850306,-0.031,-7.7692963,110.3848678,9.992
1788935445.2547207,20.5474521514478,20.46021793193528,10.0,True,True,2.3083624156441678,19.999999999999996,-7.7692977,110.3850306,-0.031,-7.7692963,110.3848678,9.992
1788935445.45633,20.5474521514478,20.46021793193528,10.0,True,True,2.1712274571657995,20.0,-7.7692977,110.3850306,-0.031,-7.7692963,110.3848678,9.992
1788935445.6713603,20.547939967695957,20.460707827987918,10.0,True,True,2.100800739958354,20.000000000000004,-7.7692977,110.3850306,-0.031,-7.7692963,110.3848678,9.993
1788935445.8850152,20.547939967695957,20.460707827987918,10.0,True,True,2.065439956450299,20.0,-7.7692977,110.3850306,-0.031,-7.7692963,110.3848678,9.993
1788935446.095856,20.547939967695957,20.460707827987918,10.0,True,True,2.0479077749844845,20.0,-7.7692977,110.3850306,-0.031,-7.7692963,110.3848678,9.993
1788935446.2973485,20.547939967695957,20.460707827987918,10.0,True,True,2.0392742705212026,20.000000000000004,-7.7692977,110.3850306,-0.031,-7.7692963,110.3848678,9.993
1788935446.4985723,20.547939967695957,20.460707827987918,10.0,True,True,2.035039101841626,20.0,-7.7692977,110.3850306,-0.031,-7.7692963,110.3848678,9.993
1788935446.7025208,20.547939967695957,20.460707827987918,10.0,True,True,2.0329666879774373,20.0,-7.7692977,110.3850306,-0.031,-7.7692963,110.3848678,9.993
1788935446.9031074,20.547939967695957,20.460707827987918,10.0,True,True,2.0319546634036953,20.0,-7.7692977,110.3850306,-0.031,-7.7692963,110.3848678,9.993
1788935447.1039486,20.547939967695957,20.460707827987918,10.0,True,True,2.0314615489080152,20.0,-7.7692977,110.3850306,-0.031,-7.7692963,110.3848678,9.993
1788935447.306165,20.547939967695957,20.460707827987918,10.0,True,True,2.0312219524623045,20.0,-7.7692977,110.3850306,-0.031,-7.7692963,110.3848678,9.993
1788935447.509144,20.547939967695957,20.460707827987918,10.0,True,True,2.0311059913195857,20.0,-7.7692977,110.3850306,-0.031,-7.7692963,110.3848678,9.993
1788935447.7094207,20.547939967695957,20.460707827987918,10.0,True,True,2.031050183973902,20.0,-7.7692977,110.3850306,-0.031,-7.7692963,110.3848678,9.993
1788935447.9129443,20.547939967695957,20.460707827987918,10.0,True,True,2.031023549045804,20.0,-7.7692977,110.3850306,-0.031,-7.7692963,110.3848678,9.993
1788935448.1154273,20.547939967695957,20.460707827987918,10.0,True,True,2.0310109956683275,20.0,-7.7692977,110.3850306,-0.031,-7.7692963,110.3848678,9.993
1788935448.3181078,20.547939967695957,20.460707827987918,10.0,True,True,2.0310051929913824,20.0,-7.7692977,110.3850306,-0.031,-7.7692963,110.3848678,9.993
1788935448.5300288,20.547939967695957,20.460707827987918,10.0,True,True,2.0310025936283735,20.0,-7.7692977,110.3850306,-0.031,-7.7692963,110.3848678,9.993
1788935448.7323675,20.547939967695957,20.547939967695957,0.0,True,True,2.031001490707697,20.0,-7.7692977,110.3850306,-0.031,-7.7692963,110.3848678,9.993
1788935448.9469903,20.547939967695957,20.547939967695957,0.0,True,True,2.0310010698142587,20.0,-7.7692977,110.3850306,-0.031,-7.7692963,110.3848678,9.993
1788935449.1482542,20.547939967695957,20.547939967695957,0.0,True,True,2.031000947252984,20.000000000000004,-7.7692977,110.3850306,-0.031,-7.7692963,110.3848678,9.993
1788935449.3636124,20.547939967695957,20.547939967695957,0.0,True,True,2.031000945771537,20.0,-7.7692977,110.3850306,-0.031,-7.7692963,110.3848678,9.993
1788935449.5637095,20.547939967695957,20.547939967695957,0.0,True,True,2.031000986047132,20.0,-7.7692977,110.3850306,-0.031,-7.7692963,110.3848678,9.993
1788935449.766391,20.53783548522521,20.53783548522521,0.0,True,True,2.0310010360844073,20.0,-7.7692977,110.3850306,-0.031,-7.7692963,110.3848679,9.992
1788935449.9673667,20.53783548522521,20.53783548522521,0.0,True,True,2.0310010811135637,20.0,-7.7692977,110.3850306,-0.031,-7.7692963,110.3848679,9.992
1788935450.1700819,20.53783548522521,20.53783548522521,0.0,True,True,2.0310011175354736,20.0,-7.7692977,110.3850306,-0.031,-7.7692963,110.3848679,9.992
1788935450.3711858,20.53783548522521,20.53783548522521,0.0,True,True,2.031001145432546,20.0,-7.7692977,110.3850306,-0.031,-7.7692963,110.3848679,9.992
1788935450.5871184,20.53783548522521,20.53783548522521,0.0,True,True,2.0310011661373464,20.000000000000004,-7.7692977,110.3850306,-0.031,-7.7692963,110.3848679,9.992
1788935450.7890232,20.53734747766069,20.53734747766069,0.0,True,True,2.031001181312858,20.0,-7.7692977,110.3850306,-0.031,-7.7692963,110.3848679,9.991
1788935450.9925902,20.53734747766069,20.53734747766069,0.0,True,True,2.0310011922191396,19.999999999999996,-7.7692977,110.3850306,-0.031,-7.7692963,110.3848679,9.991
1788935451.1940255,20.53734747766069,20.53734747766069,0.0,True,True,2.0310011999924145,20.000000000000004,-7.7692977,110.3850306,-0.031,-7.7692963,110.3848679,9.991
1788935451.3963675,20.53734747766069,20.53734747766069,0.0,True,True,2.0310012055017572,20.000000000000004,-7.7692977,110.3850306,-0.031,-7.7692963,110.3848679,9.991
1788935451.6002853,20.53734747766069,20.53734747766069,0.0,True,True,2.031001209391641,20.0,-7.7692977,110.3850306,-0.031,-7.7692963,110.3848679,9.991
1788935451.8008087,20.53783548522521,20.53783548522521,0.0,True,True,2.0310012120239938,20.0,-7.7692977,110.3850306,-0.031,-7.7692963,110.3848679,9.992
1788935452.0014064,20.53783548522521,20.53783548522521,0.0,True,True,2.031001213874504,20.0,-7.7692977,110.3850306,-0.031,-7.7692963,110.3848679,9.992
1788935452.2027998,20.53783548522521,20.53783548522521,0.0,True,True,2.0310012151737147,20.0,-7.7692977,110.3850306,-0.031,-7.7692963,110.3848679,9.992
1788935452.40343,20.53783548522521,20.53783548522521,0.0,True,True,2.0310012160850497,20.000000000000004,-7.7692977,110.3850306,-0.031,-7.7692963,110.3848679,9.992
1788935452.61879,20.53783548522521,20.53783548522521,0.0,True,True,2.0310012167239098,20.0,-7.7692977,110.3850306,-0.031,-7.7692963,110.3848679,9.992
1788935452.8198612,20.538323529883733,20.538323529883733,0.0,True,True,2.0310012170644436,20.000000000000004,-7.7692977,110.3850306,-0.031,-7.7692963,110.3848679,9.993
1788935453.0214443,20.538323529883733,20.538323529883733,0.0,True,True,2.031001217303019,20.000000000000004,-7.7692977,110.3850306,-0.031,-7.7692963,110.3848679,9.993
1788935453.2215521,20.538323529883733,20.538323529883733,0.0,True,True,2.03100121747012,20.000000000000004,-7.7692977,110.3850306,-0.031,-7.7692963,110.3848679,9.993
1788935453.4244585,20.538323529883733,20.538323529883733,0.0,True,True,2.0310012175871397,20.0,-7.7692977,110.3850306,-0.031,-7.7692963,110.3848679,9.993
1788935453.6249845,20.538410823261504,20.538410823261504,0.0,True,True,2.0310012176538406,20.0,-7.7692977,110.3850306,-0.031,-7.7692962,110.3848679,9.993
1788935453.8398194,20.538410823261504,20.538410823261504,0.0,True,True,2.031001217700601,20.0,-7.7692977,110.3850306,-0.031,-7.7692962,110.3848679,9.993
1788935454.0528917,20.538410823261504,20.538410823261504,0.0,True,True,2.0310012177333854,20.000000000000004,-7.7692977,110.3850306,-0.031,-7.7692962,110.3848679,9.993
1788935454.2545671,20.538410823261504,20.538410823261504,0.0,True,True,2.03100121775636,20.0,-7.7692977,110.3850306,-0.031,-7.7692962,110.3848679,9.993
1788935454.4560478,20.538410823261504,20.538410823261504,0.0,True,True,2.0310012177724546,20.0,-7.7692977,110.3850306,-0.031,-7.7692962,110.3848679,9.993
1788935454.668171,20.538410823261504,20.538410823261504,0.0,True,True,2.031001217783727,20.0,-7.7692977,110.3850306,-0.031,-7.7692962,110.3848679,9.993
1788935454.8697572,20.538410823261504,20.538410823261504,0.0,True,True,2.03100121779162,19.999999999999996,-7.7692977,110.3850306,-0.031,-7.7692962,110.3848679,9.993
1788935455.0699794,20.538410823261504,20.538410823261504,0.0,True,True,2.0310012177971473,20.0,-7.7692977,110.3850306,-0.031,-7.7692962,110.3848679,9.993
1788935455.2820122,20.538410823261504,20.538410823261504,0.0,True,True,2.031001217801017,20.0,-7.7692977,110.3850306,-0.031,-7.7692962,110.3848679,9.993
1788935455.483809,20.538410823261504,20.538410823261504,0.0,True,True,2.031001217803726,20.0,-7.7692977,110.3850306,-0.031,-7.7692962,110.3848679,9.993
1788935455.6980672,20.538410823261504,20.538410823261504,0.0,True,True,2.0310012178056223,20.000000000000004,-7.7692977,110.3850306,-0.031,-7.7692962,110.3848679,9.993
1788935455.9000797,20.538410823261504,20.538410823261504,0.0,True,True,2.03100121780695,20.0,-7.7692977,110.3850306,-0.031,-7.7692962,110.3848679,9.993
1788935456.1137104,20.538410823261504,20.538410823261504,0.0,True,True,2.0310012178078796,20.0,-7.7692977,110.3850306,-0.031,-7.7692962,110.3848679,9.993
1788935482.6167746,17.937162753429547,17.937162753429547,0.0,True,True,2.1381008866129907,20.099751242241638,-7.7692977,110.3850306,-0.031,-7.7692962,110.3848678,0
1788935482.8201435,17.937162753429547,17.937162753429547,0.0,True,True,2.0843076664327245,20.099751242241265,-7.7692977,110.3850306,-0.031,-7.7692962,110.3848678,0
1788935483.0245137,17.937162753429547,17.937162753429547,0.0,True,True,2.0573938279284247,20.09975124224079,-7.7692977,110.3850306,-0.031,-7.7692962,110.3848678,0
1788935483.2255244,17.937162753429547,17.937162753429547,0.0,True,True,2.044047241807454,20.099751242240302,-7.7692977,110.3850306,-0.031,-7.7692962,110.3848678,0
1788935483.426079,17.937162753429547,17.937162753429547,0.0,True,True,2.0374548195147,20.09975124223985,-7.7692977,110.3850306,-0.031,-7.7692962,110.3848678,0
1788935483.628456,17.937162753429547,17.937162753429547,0.0,True,True,2.03420223436804,20.099751242239478,-7.7692977,110.3850306,-0.031,-7.7692962,110.3848678,0
1788935483.8291886,17.937162753429547,17.937162753429547,0.0,True,True,2.0325964102175544,20.099751242239183,-7.7692977,110.3850306,-0.031,-7.7692962,110.3848678,0
1788935484.0305355,17.937162753429547,17.937162753429547,0.0,True,True,2.0318019801029905,20.099751242238952,-7.7692977,110.3850306,-0.031,-7.7692962,110.3848678,0
1788935484.243236,17.937162753429547,17.937162753429547,0.0,True,True,2.031407615879631,20.09975124223878,-7.7692977,110.3850306,-0.031,-7.7692962,110.3848678,0
1788935484.4435055,17.93717209158178,17.93717209158178,0.0,True,True,2.0312108630498735,20.099254339399305,-7.7692977,110.3850306,-0.031,-7.7692962,110.3848678,0.005
1788935484.6439486,17.93717209158178,17.93717209158178,0.0,True,True,2.031112006627655,20.099254339398975,-7.7692977,110.3850306,-0.031,-7.7692962,110.3848678,0.005
1788935484.8465116,17.93717209158178,17.93717209158178,0.0,True,True,2.031061856777195,20.099254339398726,-7.7692977,110.3850306,-0.031,-7.7692962,110.3848678,0.005
1788935485.0602524,17.93717209158178,17.93717209158178,0.0,True,True,2.0310360869701305,20.099254339398552,-7.7692977,110.3850306,-0.031,-7.7692962,110.3848678,0.005
1788935485.2611938,17.93717209158178,17.93717209158178,0.0,True,True,2.0310226224898726,20.099254339398424,-7.7692977,110.3850306,-0.031,-7.7692962,110.3848678,0.005
1788935485.4614685,17.937174126462068,17.937174126462068,0.0,True,True,2.03101543884801,20.099155106616294,-7.7692977,110.3850306,-0.031,-7.7692962,110.3848678,0.006
1788935485.661585,17.937174126462068,17.937174126462068,0.0,True,True,2.031011508645566,20.099155106616173,-7.7692977,110.3850306,-0.031,-7.7692962,110.3848678,0.006
1788935485.863276,17.937174126462068,17.937174126462068,0.0,True,True,2.0310092956972126,20.09915510661609,-7.7692977,110.3850306,-0.031,-7.7692962,110.3848678,0.006
1788935486.0654564,17.937174126462068,17.937174126462068,0.0,True,True,2.031008010349041,20.09915510661603,-7.7692977,110.3850306,-0.031,-7.7692962,110.3848678,0.006
1788935486.2676814,17.937174126462068,17.937174126462068,0.0,True,True,2.0310072398262666,20.099155106615992,-7.7692977,110.3850306,-0.031,-7.7692962,110.3848678,0.006
1788935486.4713945,17.93717621709226,17.93717621709226,0.0,True,True,2.0310067637762708,20.099055923097566,-7.7692977,110.3850306,-0.031,-7.7692962,110.3848678,0.007
1788935486.6717308,17.93717621709226,17.93717621709226,0.0,True,True,2.031006461567358,20.099055923097488,-7.7692977,110.3850306,-0.031,-7.7692962,110.3848678,0.007
1788935486.872271,17.93717621709226,17.93717621709226,0.0,True,True,2.0310062652239083,20.099055923097435,-7.7692977,110.3850306,-0.031,-7.7692962,110.3848678,0.007
1788935487.0738683,17.93717621709226,17.93717621709226,0.0,True,True,2.0310061352328623,20.0990559230974,-7.7692977,110.3850306,-0.031,-7.7692962,110.3848678,0.007
1788935487.2749193,17.93717621709226,17.93717621709226,0.0,True,True,2.0310060478893215,20.09905592309737,-7.7692977,110.3850306,-0.031,-7.7692962,110.3848678,0.007
1788935487.4791777,17.93717621709226,17.93717621709226,0.0,True,True,2.0310059885374367,20.099055923097353,-7.7692977,110.3850306,-0.031,-7.7692962,110.3848678,0.007
1788935487.6804194,17.93717621709226,17.93717621709226,0.0,True,True,2.031005947867529,20.099055923097335,-7.7692977,110.3850306,-0.031,-7.7692962,110.3848678,0.007
1788935487.8941455,17.93717621709226,17.93717621709226,0.0,True,True,2.031005919828035,20.099055923097332,-7.7692977,110.3850306,-0.031,-7.7692962,110.3848678,0.007
1788935488.0959692,17.93717621709226,17.93717621709226,0.0,True,True,2.031005900410815,20.09905592309732,-7.7692977,110.3850306,-0.031,-7.7692962,110.3848678,0.007
1788935488.2987125,17.93717621709226,17.93717621709226,0.0,True,True,2.0310058869218706,20.09905592309732,-7.7692977,110.3850306,-0.031,-7.7692962,110.3848678,0.007
1788935488.5136244,17.93717621709226,17.93717621709226,0.0,True,True,2.0310058775301325,20.099055923097314,-7.7692977,110.3850306,-0.031,-7.7692962,110.3848678,0.007
1788935488.7163022,17.93717621709226,17.93717621709226,0.0,True,True,2.0310058709806724,20.099055923097314,-7.7692977,110.3850306,-0.031,-7.7692962,110.3848678,0.007
1788935488.9178514,17.93717621709226,17.93717621709226,0.0,True,True,2.031005866408181,20.099055923097314,-7.7692977,110.3850306,-0.031,-7.7692962,110.3848678,0.007
1788935489.1210098,17.93717621709226,17.93717621709226,0.0,True,True,2.031005863213381,20.09905592309731,-7.7692977,110.3850306,-0.031,-7.7692962,110.3848678,0.007
1788935489.3232098,17.93717621709226,17.93717621709226,0.0,True,True,2.0310058609799335,20.09905592309731,-7.7692977,110.3850306,-0.031,-7.7692962,110.3848678,0.007
1788935489.5378902,17.937174126462068,17.937174126462068,0.0,True,True,2.031005859420195,20.099155106615708,-7.7692977,110.3850306,-0.031,-7.7692962,110.3848678,0.006
1788935489.7513332,17.937174126462068,17.937174126462068,0.0,True,True,2.031005858329077,20.099155106615765,-7.7692977,110.3850306,-0.031,-7.7692962,110.3848678,0.006
1788935489.953877,17.937174126462068,17.937174126462068,0.0,True,True,2.031005857565637,20.0991551066158,-7.7692977,110.3850306,-0.031,-7.7692962,110.3848678,0.006
1788935490.1550853,17.937174126462068,17.937174126462068,0.0,True,True,2.031005857031397,20.099155106615832,-7.7692977,110.3850306,-0.031,-7.7692962,110.3848678,0.006
1788935490.3689356,17.937174126462068,17.937174126462068,0.0,True,True,2.031005856657511,20.09915510661585,-7.7692977,110.3850306,-0.031,-7.7692962,110.3848678,0.006
1788935490.569868,17.937174126462068,17.937174126462068,0.0,True,True,2.031005856395831,20.09915510661586,-7.7692977,110.3850306,-0.031,-7.7692962,110.3848678,0.006
1788935490.7828627,17.937174126462068,17.937174126462068,0.0,True,True,2.031005856212675,20.099155106615875,-7.7692977,110.3850306,-0.031,-7.7692962,110.3848678,0.006
1788935490.9837358,17.93717209158178,17.93717209158178,0.0,True,True,2.031005856086662,20.099254339397927,-7.7692977,110.3850306,-0.031,-7.7692962,110.3848678,0.005
1788935491.1862578,17.93717209158178,17.93717209158178,0.0,True,True,2.031005855998458,20.099254339397984,-7.7692977,110.3850306,-0.031,-7.7692962,110.3848678,0.005
1788935491.3888597,17.93717209158178,17.93717209158178,0.0,True,True,2.0310058559367175,20.099254339398026,-7.7692977,110.3850306,-0.031,-7.7692962,110.3848678,0.005
1788935491.5897367,17.93717209158178,17.93717209158178,0.0,True,True,2.0310058558935,20.099254339398055,-7.7692977,110.3850306,-0.031,-7.7692962,110.3848678,0.005
1788935491.8053467,17.93717209158178,17.93717209158178,0.0,True,True,2.0310058558632487,20.099254339398072,-7.7692977,110.3850306,-0.031,-7.7692962,110.3848678,0.005
1788935492.007954,17.93717209158178,17.93717209158178,0.0,True,True,2.0310058558420727,20.09925433939809,-7.7692977,110.3850306,-0.031,-7.7692962,110.3848678,0.005
1788935492.20847,17.93717209158178,17.93717209158178,0.0,True,True,2.03100585582725,20.0992543393981,-7.7692977,110.3850306,-0.031,-7.7692962,110.3848678,0.005
1788935492.4099872,17.93717209158178,17.93717209158178,0.0,True,True,2.0310058558168738,20.099254339398104,-7.7692977,110.3850306,-0.031,-7.7692962,110.3848678,0.005
1788935492.6107116,17.93717209158178,17.93717209158178,0.0,True,True,2.0310058558096107,20.099254339398108,-7.7692977,110.3850306,-0.031,-7.7692962,110.3848678,0.005
1788935492.8133185,17.93717209158178,17.93717209158178,0.0,True,True,2.0310058558045267,20.09925433939811,-7.7692977,110.3850306,-0.031,-7.7692962,110.3848678,0.005
1788935493.0255098,17.93717209158178,17.93717209158178,0.0,True,True,2.031005855800968,20.099254339398115,-7.7692977,110.3850306,-0.031,-7.7692962,110.3848678,0.005
1788935493.227583,17.93717209158178,17.93717209158178,0.0,True,True,2.0310058557984765,20.099254339398115,-7.7692977,110.3850306,-0.031,-7.7692962,110.3848678,0.005
1788935493.4303315,17.93717209158178,17.93717209158178,0.0,True,True,2.0310058557967325,20.09925433939812,-7.7692977,110.3850306,-0.031,-7.7692962,110.3848678,0.005
1788935493.6305335,17.93717209158178,17.93717209158178,0.0,True,True,2.0310058557955117,20.09925433939812,-7.7692977,110.3850306,-0.031,-7.7692962,110.3848678,0.005
1788935493.833669,17.93717209158178,17.93717209158178,0.0,True,True,2.0310058557946573,20.099254339398122,-7.7692977,110.3850306,-0.031,-7.7692962,110.3848678,0.005
1788935494.0354521,17.93717209158178,17.93717209158178,0.0,True,True,2.031005855794059,20.09925433939812,-7.7692977,110.3850306,-0.031,-7.7692962,110.3848678,0.005
1788935494.2506242,17.93717209158178,17.93717209158178,0.0,True,True,2.0310058557936403,20.099254339398126,-7.7692977,110.3850306,-0.031,-7.7692962,110.3848678,0.005
1788935494.4545212,17.93717209158178,17.93717209158178,0.0,True,True,2.0310058557933477,20.099254339398122,-7.7692977,110.3850306,-0.031,-7.7692962,110.3848678,0.005
1788935494.6569002,17.93717209158178,17.93717209158178,0.0,True,True,2.031005855793142,20.09925433939812,-7.7692977,110.3850306,-0.031,-7.7692962,110.3848678,0.005
1788935494.8575304,17.93717209158178,17.93717209158178,0.0,True,True,2.0310058557929986,20.099254339398122,-7.7692977,110.3850306,-0.031,-7.7692962,110.3848678,0.005
1788935495.0590332,17.93717209158178,17.93717209158178,0.0,True,True,2.0310058557928983,20.099254339398122,-7.7692977,110.3850306,-0.031,-7.7692962,110.3848678,0.005
1788935495.260141,17.93717209158178,17.93717209158178,0.0,True,True,2.0310058557928277,20.099254339398122,-7.7692977,110.3850306,-0.031,-7.7692962,110.3848678,0.005
1788935495.4642181,17.93717209158178,17.93717209158178,0.0,True,True,2.031005855792779,20.099254339398122,-7.7692977,110.3850306,-0.031,-7.7692962,110.3848678,0.005
1788935495.6671252,17.93717209158178,17.93717209158178,0.0,True,True,2.031005855792744,20.099254339398122,-7.7692977,110.3850306,-0.031,-7.7692962,110.3848678,0.005
1788935495.8815885,17.93717209158178,17.93717209158178,0.0,True,True,2.0310058557927197,20.099254339398122,-7.7692977,110.3850306,-0.031,-7.7692962,110.3848678,0.005
1788935496.0835755,17.93717209158178,17.93717209158178,0.0,True,True,2.031005855792703,20.099254339398122,-7.7692977,110.3850306,-0.031,-7.7692962,110.3848678,0.005
1788935496.2852755,17.93717209158178,17.93717209158178,0.0,True,True,2.0310058557926913,20.09925433939812,-7.7692977,110.3850306,-0.031,-7.7692962,110.3848678,0.005
1788935496.4908257,17.93717209158178,17.93717209158178,0.0,True,True,2.031005855792683,20.09925433939812,-7.7692977,110.3850306,-0.031,-7.7692962,110.3848678,0.005
1788935496.691485,17.93717209158178,17.93717209158178,0.0,True,True,2.031005855792677,20.099254339398122,-7.7692977,110.3850306,-0.031,-7.7692962,110.3848678,0.005
1788935496.9048827,17.93717209158178,17.93717209158178,0.0,True,True,2.031005855792673,20.09925433939812,-7.7692977,110.3850306,-0.031,-7.7692962,110.3848678,0.005
1788935497.1121998,17.93717209158178,17.93717209158178,0.0,True,True,2.03100585579267,20.09925433939812,-7.7692977,110.3850306,-0.031,-7.7692962,110.3848678,0.005
1788935497.3133686,17.93717209158178,17.93717209158178,0.0,True,True,2.0310058557926682,20.09925433939812,-7.7692977,110.3850306,-0.031,-7.7692962,110.3848678,0.005
1788935497.5144625,17.93717209158178,17.93717209158178,0.0,True,True,2.031005855792667,20.099254339398122,-7.7692977,110.3850306,-0.031,-7.7692962,110.3848678,0.005
1788935497.722114,17.93717209158178,17.93717209158178,0.0,True,True,2.0310058557926656,20.099254339398122,-7.7692977,110.3850306,-0.031,-7.7692962,110.3848678,0.005
1788935497.925744,17.93717209158178,17.93717209158178,0.0,True,True,2.031005855792665,20.099254339398122,-7.7692977,110.3850306,-0.031,-7.7692962,110.3848678,0.005
1788935498.1331425,17.93717209158178,17.93717209158178,0.0,True,True,2.0310058557926647,20.099254339398122,-7.7692977,110.3850306,-0.031,-7.7692962,110.3848678,0.005
1788935498.3368077,17.93717209158178,17.93717209158178,0.0,True,True,2.0310058557926642,20.09925433939812,-7.7692977,110.3850306,-0.031,-7.7692962,110.3848678,0.005
1788935498.5391154,17.93717209158178,17.93717209158178,0.0,True,True,2.0310058557926642,20.09925433939812,-7.7692977,110.3850306,-0.031,-7.7692962,110.3848678,0.005
1788935498.7504303,17.93717209158178,17.93717209158178,0.0,True,True,2.0310058557926642,20.099254339398122,-7.7692977,110.3850306,-0.031,-7.7692962,110.3848678,0.005
1788935498.9637077,17.93717209158178,17.93717209158178,0.0,True,True,2.031005855792664,20.099254339398122,-7.7692977,110.3850306,-0.031,-7.7692962,110.3848678,0.005
1788935499.16622,17.93717209158178,17.93717209158178,0.0,True,True,2.031005855792664,20.09925433939812,-7.7692977,110.3850306,-0.031,-7.7692962,110.3848678,0.005
1788935499.3666682,17.93717209158178,17.93717209158178,0.0,True,True,2.031005855792664,20.099254339398122,-7.7692977,110.3850306,-0.031,-7.7692962,110.3848678,0.005
1788935499.5672836,17.93717209158178,17.93717209158178,0.0,True,True,2.031005855792664,20.09925433939812,-7.7692977,110.3850306,-0.031,-7.7692962,110.3848678,0.005
1788935499.7686212,17.93717209158178,17.93717209158178,0.0,True,True,2.031005855792664,20.09925433939812,-7.7692977,110.3850306,-0.031,-7.7692962,110.3848678,0.005
1788935499.981326,12276471.471105956,12276471.471105956,0.0,False,False,20.099751242014513,20.09925433940811,0.0,0.0,0,-7.7692962,110.3848678,0.005
1788935500.1938634,12276471.471105956,12276471.471105956,0.0,False,False,20.09975124233628,20.09925433945763,0.0,0.0,0,-7.7692962,110.3848678,0.005
1788935500.3941765,12276471.471105956,12276471.471105956,0.0,False,False,20.099751242194607,20.099254339365114,0.0,0.0,0,-7.7692962,110.3848678,0.005
1788935500.5944924,12276471.471105956,12276471.471105956,0.0,False,False,20.09975124255316,20.099254339424878,0.0,0.0,0,-7.7692962,110.3848678,0.005
1788935500.7960787,12276471.471105956,12276471.471105956,0.0,False,False,20.099751242160732,20.099254339327636,0.0,0.0,0,-7.7692962,110.3848678,0.005
1788935500.997946,0.0,0.0,0.0,True,True,20.09975124232648,20.099751242950056,0.0,0.0,0,0.0,0.0,0
1788935501.1989,0.0,0.0,0.0,True,True,20.09975124273861,20.099751242989303,0.0,0.0,0,0.0,0.0,0
1788935501.400246,0.0,0.0,0.0,True,True,20.099751242285937,20.099751243012385,0.0,0.0,0,0.0,0.0,0
1788935501.6035173,0.0,0.0,0.0,True,True,20.099751242532665,20.099751242110454,0.0,0.0,0,0.0,0.0,0
1788935501.8046052,0.0,0.0,0.0,True,True,20.09975124140225,20.099751242590344,0.0,0.0,0,0.0,0.0,0
1788935502.0060031,0.0,0.0,0.0,True,True,20.099751242462226,20.099751242551772,0.0,0.0,0,0.0,0.0,0
1788935502.2070227,0.0,0.0,0.0,True,True,20.099751241909214,20.099751242528914,0.0,0.0,0,0.0,0.0,0
1788935502.4078639,0.0,0.0,0.0,True,True,20.099751241526988,20.09975124177098,0.0,0.0,0,0.0,0.0,0
1788935502.610373,0.0,0.0,0.0,True,True,20.099751243099313,20.09975124253625,0.0,0.0,0,0.0,0.0,0
1788935502.8253307,0.0,0.0,0.0,True,True,20.099751242912266,20.099751241777767,0.0,0.0,0,0.0,0.0,0
1788935503.037196,0.0,0.0,0.0,True,True,20.099751242782144,20.099751241618225,0.0,0.0,0,0.0,0.0,0
1788935503.2387054,0.0,0.0,0.0,True,True,20.099751242684555,20.09975124149923,0.0,0.0,0,0.0,0.0,0
1788935503.4393647,0.0,0.0,0.0,True,True,20.099751242619494,20.099751241610576,0.0,0.0,0,0.0,0.0,0
1788935503.6454747,0.0,0.0,0.0,True,True,20.09975124257883,20.099751242605613,0.0,0.0,0,0.0,0.0,0
1788935503.847369,0.0,0.0,0.0,True,True,20.0997512425463,20.099751241822265,0.0,0.0,0,0.0,0.0,0
1788935504.0572708,0.0,0.0,0.0,True,True,20.099751242521904,20.099751242388912,0.0,0.0,0,0.0,0.0,0
1788935504.2576656,0.0,0.0,0.0,True,True,20.09975124250564,20.099751242041965,0.0,0.0,0,0.0,0.0,0
1788935504.4597144,0.0,0.0,0.0,True,True,20.099751242497504,20.09975124235375,0.0,0.0,0,0.0,0.0,0
1788935504.661889,0.0,0.0,0.0,True,True,20.099751242489372,20.099751243129088,0.0,0.0,0,0.0,0.0,0
1788935504.8635375,0.0,0.0,0.0,True,True,20.09975124248124,20.099751242380897,0.0,0.0,0,0.0,0.0,0
1788935505.0653007,0.0,0.0,0.0,True,True,20.09975124248124,20.099751241852285,0.0,0.0,0,0.0,0.0,0
1788935505.266837,0.0,0.0,0.0,True,True,20.099751242473108,20.099751241486324,0.0,0.0,0,0.0,0.0,0
1788935505.4688196,0.0,0.0,0.0,True,True,20.099751242473108,20.099751243074913,0.0,0.0,0,0.0,0.0,0
1788935505.6707351,0.0,0.0,0.0,True,True,20.099751242473108,20.099751242895998,0.0,0.0,0,0.0,0.0,0
1788935505.8772542,0.0,0.0,0.0,True,True,20.099751242473108,20.09975124276588,0.0,0.0,0,0.0,0.0,0
1788935506.079258,0.0,0.0,0.0,True,True,20.099751242473108,20.09975124267642,0.0,0.0,0,0.0,0.0,0
1788935506.281988,0.0,0.0,0.0,True,True,20.099751242473108,20.09975124261136,0.0,0.0,0,0.0,0.0,0
1788935506.4840066,0.0,0.0,0.0,True,True,20.099751242473108,20.099751242570697,0.0,0.0,0,0.0,0.0,0
1788935506.6864195,0.0,0.0,0.0,True,True,20.099751242473108,20.09975124253817,0.0,0.0,0,0.0,0.0,0
1788935506.8902955,0.0,0.0,0.0,True,True,20.099751242473108,20.099751242521904,0.0,0.0,0,0.0,0.0,0
1788935507.0921664,0.0,0.0,0.0,True,True,20.099751242473108,20.09975124250564,0.0,0.0,0,0.0,0.0,0
1788935507.2936165,0.0,0.0,0.0,True,True,20.099751242473108,20.099751242497504,0.0,0.0,0,0.0,0.0,0
1788935507.5043519,0.0,0.0,0.0,True,True,20.099751242473108,20.099751242489372,0.0,0.0,0,0.0,0.0,0
1788935507.7134545,12276462.663852984,12276462.663852984,0.0,False,False,14.133909390600904,20.09975124184578,-7.7688459,110.3847906,0,0.0,0.0,0
1788935507.9271443,12276462.663852984,12276462.663852984,0.0,False,False,9.996300485436025,20.099751242692747,-7.7688459,110.3847906,0,0.0,0.0,0
1788935508.128419,12276462.663852984,12276462.663852984,0.0,False,False,7.141691078612119,20.09975124263569,-7.7688459,110.3847906,0,0.0,0.0,0
1788935508.3299344,12276462.663852984,12276462.663852984,0.0,False,False,5.199215153730472,20.099751242594934,-7.7688459,110.3847906,0,0.0,0.0,0
1788935508.5305912,0.0,0.0,0.0,True,True,3.909726297729353,14.13394797525602,-7.7688459,110.3847906,0,-7.7688459,110.3847906,0
1788935508.7317417,0.0,0.0,0.0,True,True,3.0870892867467683,9.996327217030734,-7.7688459,110.3847906,0,-7.7688459,110.3847906,0
1788935508.9325063,0.0,0.0,0.0,True,True,2.5903202368683815,7.141709412785934,-7.7688459,110.3847906,0,-7.7688459,110.3847906,0
1788935509.1342735,0.0,0.0,0.0,True,True,2.308198837940448,5.1992274940582135,-7.7688459,110.3847906,0,-7.7688459,110.3847906,0
1788935509.335328,0.0,0.0,0.0,True,True,2.156528024158305,3.909688427756835,-7.7688459,110.3847906,0,-7.7688459,110.3847906,0
1788935509.538065,0.0,0.0,0.0,True,True,2.0781723769457288,3.087065785668731,-7.7688459,110.3847906,0,-7.7688459,110.3847906,0
1788935509.7525609,0.0,0.0,0.0,True,True,2.0386790355196003,2.5903065129194234,-7.7688459,110.3847906,0,-7.7688459,110.3847906,0
1788935509.9539883,0.0,0.0,0.0,True,True,2.0190453147056635,2.308191291277147,-7.7688459,110.3847906,0,-7.7688459,110.3847906,0
1788935510.1544428,0.0,0.0,0.0,True,True,2.0093547600135464,2.1565240662215097,-7.7688459,110.3847906,0,-7.7688459,110.3847906,0
1788935510.3553355,0.0,0.0,0.0,True,True,2.0045892871804583,2.0781703644346274,-7.7688459,110.3847906,0,-7.7688459,110.3847906,0
1788935510.5565212,0.0,0.0,0.0,True,True,2.002250065060941,2.038678030286056,-7.7688459,110.3847906,0,-7.7688459,110.3847906,0
1788935510.7577825,0.0,0.0,0.0,True,True,2.001102848003547,2.019044817351464,-7.7688459,110.3847906,0,-7.7688459,110.3847906,0
1788935510.9717486,0.0,0.0,0.0,True,True,2.000540471487911,2.00935451513469,-7.7688459,110.3847906,0,-7.7688459,110.3847906,0
1788935511.1720326,0.0,0.0,0.0,True,True,2.000264849276197,2.004589166904571,-7.7688459,110.3847906,0,-7.7688459,110.3847906,0
1788935511.3736813,0.0,0.0,0.0,True,True,2.0001297805273697,2.002250006056903,-7.7688459,110.3847906,0,-7.7688459,110.3847906,0
1788935511.574239,0.0,0.0,0.0,True,True,2.0000635935106432,2.0011028190749935,-7.7688459,110.3847906,0,-7.7688459,110.3847906,0
1788935511.7756574,0.0,0.0,0.0,True,True,2.0000311610728687,2.000540457308935,-7.7688459,110.3847906,0,-7.7688459,110.3847906,0
1788935511.9773781,0.0,0.0,0.0,True,True,2.000015268986369,2.000264842327541,-7.7688459,110.3847906,0,-7.7688459,110.3847906,0
1788935512.190311,0.0,0.0,0.0,True,True,2.000007481817886,2.0001297771222983,-7.7688459,110.3847906,0,-7.7688459,110.3847906,0
1788935512.3923514,0.0,0.0,0.0,True,True,2.0000036660942615,2.0000635918421032,-7.7688459,110.3847906,0,-7.7688459,110.3847906,0
1788935512.5935476,0.0,0.0,0.0,True,True,2.0000017963870276,2.0000311602552707,-7.7688459,110.3847906,0,-7.7688459,110.3847906,0
1788935512.795177,0.0,0.0,0.0,True,True,2.000000880229845,2.000015268585743,-7.7688459,110.3847906,0,-7.7688459,110.3847906,0
1788935512.9972172,0.0,0.0,0.0,True,True,2.0000004313126727,2.0000074816215787,-7.7688459,110.3847906,0,-7.7688459,110.3847906,0
1788935513.2120466,0.0,0.0,0.0,True,True,2.000000211343221,2.0000036659980704,-7.7688459,110.3847906,0,-7.7688459,110.3847906,0
1788935513.4157705,0.0,0.0,0.0,True,True,2.000000103558181,2.000001796339894,-7.7688459,110.3847906,0,-7.7688459,110.3847906,0
1788935513.6196856,0.0,0.0,0.0,True,True,2.0000000507435094,2.0000008802067497,-7.7688459,110.3847906,0,-7.7688459,110.3847906,0
1788935513.8205857,0.0,0.0,0.0,True,True,2.00000002486432,2.000000431301356,-7.7688459,110.3847906,0,-7.7688459,110.3847906,0
1788935514.036182,0.0,0.0,0.0,True,True,2.000000012183517,2.000000211337676,-7.7688459,110.3847906,0,-7.7688459,110.3847906,0
1788935514.2379165,0.0,0.0,0.0,True,True,2.0000000059699232,2.0000001035554638,-7.7688459,110.3847906,0,-7.7688459,110.3847906,0
1788935514.4530845,0.0,0.0,0.0,True,True,2.0000000029252623,2.000000050742178,-7.7688459,110.3847906,0,-7.7688459,110.3847906,0
1788935514.6685941,0.0,0.0,0.0,True,True,2.0000000014333783,2.0000000248636676,-7.7688459,110.3847906,0,-7.7688459,110.3847906,0
1788935514.8690946,0.0,0.0,0.0,True,True,2.0000000007023555,2.000000012183197,-7.7688459,110.3847906,0,-7.7688459,110.3847906,0
1788935515.0789258,0.0,0.0,0.0,True,True,2.000000000344154,2.0000000059697665,-7.7688459,110.3847906,0,-7.7688459,110.3847906,0
1788935515.293636,0.0,0.0,0.0,True,True,2.0000000001686353,2.0000000029251854,-7.7688459,110.3847906,0,-7.7688459,110.3847906,0
1788935515.495871,0.0,0.0,0.0,True,True,2.0000000000826312,2.000000001433341,-7.7688459,110.3847906,0,-7.7688459,110.3847906,0
1788935515.7111166,0.0,0.0,0.0,True,True,2.0000000000404894,2.000000000702337,-7.7688459,110.3847906,0,-7.7688459,110.3847906,0
1788935515.925359,0.0,0.0,0.0,True,True,2.0000000000198397,2.000000000344145,-7.7688459,110.3847906,0,-7.7688459,110.3847906,0
1788935516.1378243,0.0,0.0,0.0,True,True,2.0000000000097216,2.000000000168631,-7.7688459,110.3847906,0,-7.7688459,110.3847906,0
1788935516.338926,0.0,0.0,0.0,True,True,2.0000000000047633,2.000000000082629,-7.7688459,110.3847906,0,-7.7688459,110.3847906,0
1788935516.552856,0.0,0.0,0.0,True,True,2.000000000002334,2.000000000040488,-7.7688459,110.3847906,0,-7.7688459,110.3847906,0
1788935516.753964,0.0,0.0,0.0,True,True,2.0000000000011435,2.0000000000198392,-7.7688459,110.3847906,0,-7.7688459,110.3847906,0
1788935516.9555037,0.0,0.0,0.0,True,True,2.0000000000005604,2.000000000009721,-7.7688459,110.3847906,0,-7.7688459,110.3847906,0
1788935517.1680598,0.0,0.0,0.0,True,True,2.0000000000002744,2.0000000000047633,-7.7688459,110.3847906,0,-7.7688459,110.3847906,0
1788935517.3682344,inf,inf,0.0,False,False,0.0,0.0,-7.7688459,110.3847906,0,-7.7688459,110.3847906,0
1788935517.5824795,0.0,0.0,0.0,True,True,2.0000000000001346,2.000000000002334,-7.7688459,110.3847906,0,-7.7688459,110.3847906,0
1788935517.783359,0.0,0.0,0.0,True,True,2.000030017686933,2.0000000000011435,-7.7688459,110.3847906,0,-7.7688459,110.3847906,0
1788935517.9853103,0.0,0.0,0.0,True,True,2.0000147087228908,2.0000000000005604,-7.7688459,110.3847906,0,-7.7688459,110.3847906,0
1788935518.1888,0.0,0.0,0.0,True,True,2.000007207287733,2.0000000000002744,-7.7688459,110.3847906,0,-7.7688459,110.3847906,0
1788935518.3905299,0.0,0.0,0.0,True,True,2.0000035315742344,2.0000300185936024,-7.7688459,110.3847906,0,-7.7688459,110.3847906,0
1788935518.5913243,0.0,0.0,0.0,True,True,2.000001730472154,2.000014709167162,-7.7688459,110.3847906,0,-7.7688459,110.3847906,0
1788935518.793336,0.0,0.0,0.0,True,True,2.0000008479315423,2.0000072075054263,-7.7688459,110.3847906,0,-7.7688459,110.3847906,0
1788935518.9974961,0.0,0.0,0.0,True,True,2.0000004154865008,2.000003531680904,-7.7688459,110.3847906,0,-7.7688459,110.3847906,0
1788935519.2002904,0.0,0.0,0.0,True,True,2.0000002035883964,2.0000017305244224,-7.7688459,110.3847906,0,-7.7688459,110.3847906,0
1788935519.415023,0.0,0.0,0.0,True,True,2.0000000997583167,2.0000008479571543,-7.7688459,110.3847906,0,-7.7688459,110.3847906,0
1788935519.6174595,0.001,0.001,0.0,True,True,3.0000000325877174,2.0000004154990503,-7.7688459,110.3847906,0.001,-7.7688459,110.3847906,0
1788935519.8184462,0.001,0.001,0.0,True,True,5.1000000093929305,2.0000002035945457,-7.7688459,110.3847906,0.001,-7.7688459,110.3847906,0
1788935520.0329797,0.002,0.002,0.0,True,True,6.570000003572744,2.00000009976133,-7.7688459,110.3847906,0.002,-7.7688459,110.3847906,0
1788935520.2359352,0.002,0.002,0.0,True,True,7.599000001513585,2.0000000488830523,-7.7688459,110.3847906,0.002,-7.7688459,110.3847906,0
1788935520.4487014,0.001,0.001,0.0,True,True,8.319300000677442,1.9990000239646781,-7.7688459,110.3847906,0.002,-7.7688459,110.3847906,0.001
1788935520.659919,0.001,0.001,0.0,True,True,8.823510000312977,1.9990000117426923,-7.7688459,110.3847906,0.002,-7.7688459,110.3847906,0.001
1788935520.8702998,0.001,0.001,0.0,True,True,9.17645700014746,1.9990000057539192,-7.7688459,110.3847906,0.002,-7.7688459,110.3847906,0.001
1788935521.0723896,0.002,0.002,0.0,True,True,9.42351990007036,1.9990000028194204,-7.7688459,110.3847906,0.003,-7.7688459,110.3847906,0.001
1788935521.2872114,0.001,0.001,0.0,True,True,9.596463930033854,1.9980000013822075,-7.7688459,110.3847906,0.003,-7.7688459,110.3847906,0.002
1788935521.489585,0.001,0.001,0.0,True,True,9.717524751016382,1.9980000006772816,-7.7688459,110.3847906,0.003,-7.7688459,110.3847906,0.002
1788935521.6902037,0.001,0.001,0.0,True,True,9.802267325707957,1.998000000331868,-7.7688459,110.3847906,0.003,-7.7688459,110.3847906,0.002
1788935521.9042242,0.0,0.0,0.0,True,True,6.86158712799557,1.9970000001626969,-7.7688459,110.3847906,0.003,-7.7688459,110.3847906,0.003
1788935522.1070583,0.001,0.001,0.0,True,True,7.8031109895954,1.9970000000797212,-7.7688459,110.3847906,0.004,-7.7688459,110.3847906,0.003
1788935522.3075318,0.001,0.001,0.0,True,True,8.462177692716184,1.9970000000390633,-7.7688459,110.3847906,0.004,-7.7688459,110.3847906,0.003
1788935522.5094388,0.001,0.001,0.0,True,True,8.923524384901073,1.997000000019141,-7.7688459,110.3847906,0.004,-7.7688459,110.3847906,0.003
1788935522.710684,0.001,0.001,0.0,True,True,9.246467069430636,1.997000000009379,-7.7688459,110.3847906,0.004,-7.7688459,110.3847906,0.003
1788935522.9114897,0.001,0.001,0.0,True,True,9.472526948601391,1.9970000000045955,-7.7688459,110.3847906,0.004,-7.7688459,110.3847906,0.003
1788935523.1140745,0.001,0.001,0.0,True,True,9.630768864020949,1.9970000000022519,-7.7688459,110.3847906,0.004,-7.7688459,110.3847906,0.003
1788935523.3151484,0.0,0.0,0.0,True,True,6.741538204814663,1.996000000001104,-7.7688459,110.3847906,0.004,-7.7688459,110.3847906,0.004
1788935523.5164032,0.001,0.001,0.0,True,True,7.719076743370254,1.996000000000541,-7.7688459,110.3847906,0.005,-7.7688459,110.3847906,0.004
1788935523.7179894,0.001,0.001,0.0,True,True,8.403353720359174,1.9960000000002651,-7.7688459,110.3847906,0.005,-7.7688459,110.3847906,0.004
1788935523.9200516,0.001,0.001,0.0,True,True,8.88234760425142,1.99600000000013,-7.7688459,110.3847906,0.005,-7.7688459,110.3847906,0.004
1788935524.1217735,0.001,0.001,0.0,True,True,9.217643322975993,1.9960000000000637,-7.7688459,110.3847906,0.005,-7.7688459,110.3847906,0.004
1788935524.3329782,0.001,0.001,0.0,True,True,9.452350326083193,1.996000000000031,-7.7688459,110.3847906,0.005,-7.7688459,110.3847906,0.004
1788935524.5342414,0.0,0.0,0.0,True,True,6.6166452282582355,1.9950000000000154,-7.7688459,110.3847906,0.005,-7.7688459,110.3847906,0.005
1788935524.7373867,0.0,0.0,0.0,True,True,4.631651659780764,1.9950000000000077,-7.7688459,110.3847906,0.005,-7.7688459,110.3847906,0.005
1788935524.9380438,0.0,0.0,0.0,True,True,3.2421561618465344,1.9950000000000037,-7.7688459,110.3847906,0.005,-7.7688459,110.3847906,0.005
1788935525.1381044,0.0,0.0,0.0,True,True,2.269509313292574,1.9950000000000019,-7.7688459,110.3847906,0.005,-7.7688459,110.3847906,0.005
1788935525.3519213,0.0,0.0,0.0,True,True,1.995,1.995000000000001,-7.7688459,110.3847906,0.005,-7.7688459,110.3847906,0.005
1788935525.5536623,0.001,0.001,0.0,True,True,4.112059563513361,1.9950000000000003,-7.7688459,110.3847906,0.006,-7.7688459,110.3847906,0.005
1788935525.7564232,0.001,0.001,0.0,True,True,5.878441694459353,1.995,-7.7688459,110.3847906,0.006,-7.7688459,110.3847906,0.005
1788935525.9581273,0.001,0.001,0.0,True,True,7.1149091861215465,1.9949999999999999,-7.7688459,110.3847906,0.006,-7.7688459,110.3847906,0.005
1788935526.160771,0.001,0.001,0.0,True,True,7.980436430285082,1.9949999999999999,-7.7688459,110.3847906,0.006,-7.7688459,110.3847906,0.005
1788935526.3627262,0.001,0.001,0.0,True,True,8.586305501199558,1.9949999999999999,-7.7688459,110.3847906,0.006,-7.7688459,110.3847906,0.005
1788935526.5631068,0.0,0.0,0.0,True,True,6.01041385083969,1.994,-7.7688459,110.3847906,0.006,-7.7688459,110.3847906,0.006
1788935526.7665505,0.0,0.0,0.0,True,True,4.207289695587782,1.994,-7.7688459,110.3847906,0.006,-7.7688459,110.3847906,0.006
1788935526.9815707,0.0,0.0,0.0,True,True,2.9451027869114474,1.994,-7.7688459,110.3847906,0.006,-7.7688459,110.3847906,0.006
1788935527.1850045,0.0,0.0,0.0,True,True,2.061571950838013,1.994,-7.7688459,110.3847906,0.006,-7.7688459,110.3847906,0.006
1788935527.3855333,0.0,0.0,0.0,True,True,1.994,1.994,-7.7688459,110.3847906,0.006,-7.7688459,110.3847906,0.006
1788935527.6008837,0.0,0.0,0.0,True,True,1.994,1.994,-7.7688459,110.3847906,0.006,-7.7688459,110.3847906,0.006
1788935527.8010728,0.0,0.0,0.0,True,True,1.994,1.994,-7.7688459,110.3847906,0.006,-7.7688459,110.3847906,0.006
1788935528.0162692,0.0,0.0,0.0,True,True,1.994,1.994,-7.7688459,110.3847906,0.006,-7.7688459,110.3847906,0.006
1788935528.218049,0.0,0.0,0.0,True,True,1.994,1.994,-7.7688459,110.3847906,0.006,-7.7688459,110.3847906,0.006
1788935528.429201,0.0,0.0,0.0,True,True,1.994,1.994,-7.7688459,110.3847906,0.006,-7.7688459,110.3847906,0.006
1788935528.6305292,0.0,0.0,0.0,True,True,1.994,1.994,-7.7688459,110.3847906,0.006,-7.7688459,110.3847906,0.006
1788935528.8451269,0.001,0.001,0.0,True,True,1.9949999999999999,2.8811544795623707,-7.7688459,110.3847906,0.005,-7.7688459,110.3847906,0.006
1788935529.047355,0.001,0.001,0.0,True,True,1.9949999999999999,5.01680813569366,-7.7688459,110.3847906,0.005,-7.7688459,110.3847906,0.006
1788935529.2621944,0.001,0.001,0.0,True,True,1.9949999999999999,6.511765694985561,-7.7688459,110.3847906,0.005,-7.7688459,110.3847906,0.006
1788935529.4771683,0.001,0.001,0.0,True,True,1.9949999999999999,7.558235986489892,-7.7688459,110.3847906,0.005,-7.7688459,110.3847906,0.006
1788935529.678129,0.0,0.0,0.0,True,True,1.995,5.290765190542924,-7.7688459,110.3847906,0.005,-7.7688459,110.3847906,0.005
1788935529.891442,0.0,0.0,0.0,True,True,1.995,3.7035356333800467,-7.7688459,110.3847906,0.005,-7.7688459,110.3847906,0.005
1788935530.1064496,0.0,0.0,0.0,True,True,1.995,2.5924749433660326,-7.7688459,110.3847906,0.005,-7.7688459,110.3847906,0.005
1788935530.3211992,0.0,0.0,0.0,True,True,1.995,1.995,-7.7688459,110.3847906,0.005,-7.7688459,110.3847906,0.005
1788935530.5220826,0.0,0.0,0.0,True,True,1.995,1.995,-7.7688459,110.3847906,0.005,-7.7688459,110.3847906,0.005
1788935530.737191,0.0,0.0,0.0,True,True,1.995,1.995,-7.7688459,110.3847906,0.005,-7.7688459,110.3847906,0.005
1788935530.9517012,0.0,0.0,0.0,True,True,1.995,1.995,-7.7688459,110.3847906,0.005,-7.7688459,110.3847906,0.005
1788935531.157497,0.001,0.001,0.0,True,True,1.996,3.435717263731529,-7.7688459,110.3847906,0.004,-7.7688459,110.3847906,0.005
1788935531.359023,0.001,0.001,0.0,True,True,1.996,5.40500208461207,-7.7688459,110.3847906,0.004,-7.7688459,110.3847906,0.005
1788935531.5603313,0.001,0.001,0.0,True,True,1.996,6.783501459228448,-7.7688459,110.3847906,0.004,-7.7688459,110.3847906,0.005
1788935531.763712,0.001,0.001,0.0,True,True,1.996,7.748451021459913,-7.7688459,110.3847906,0.004,-7.7688459,110.3847906,0.005
1788935531.9647453,0.001,0.001,0.0,True,True,1.996,8.423915715021938,-7.7688459,110.3847906,0.004,-7.7688459,110.3847906,0.005
1788935532.1691384,0.0,0.0,0.0,True,True,1.996,5.896741000515356,-7.7688459,110.3847906,0.004,-7.7688459,110.3847906,0.004
1788935532.3701057,0.0,0.0,0.0,True,True,1.996,4.127718700360749,-7.7688459,110.3847906,0.004,-7.7688459,110.3847906,0.004
1788935532.5720816,0.0,0.0,0.0,True,True,1.996,2.889403090252524,-7.7688459,110.3847906,0.004,-7.7688459,110.3847906,0.004
1788935532.7748342,0.001,0.001,0.0,True,True,1.9969999999999999,5.022582163176766,-7.7688459,110.3847906,0.003,-7.7688459,110.3847906,0.004
1788935532.9787197,0.001,0.001,0.0,True,True,1.9969999999999999,6.515807514223736,-7.7688459,110.3847906,0.003,-7.7688459,110.3847906,0.004
1788935533.1790295,0.001,0.001,0.0,True,True,1.9969999999999999,7.561065259956615,-7.7688459,110.3847906,0.003,-7.7688459,110.3847906,0.004
1788935533.3796828,0.001,0.001,0.0,True,True,1.9969999999999999,8.292745681969631,-7.7688459,110.3847906,0.003,-7.7688459,110.3847906,0.004
1788935533.581019,0.001,0.001,0.0,True,True,1.9969999999999999,8.804921977378742,-7.7688459,110.3847906,0.003,-7.7688459,110.3847906,0.004
1788935533.7824073,0.0,0.0,0.0,True,True,1.997,6.163445384165119,-7.7688459,110.3847906,0.003,-7.7688459,110.3847906,0.003
1788935533.9849536,0.0,0.0,0.0,True,True,1.997,4.3144117689155825,-7.7688459,110.3847906,0.003,-7.7688459,110.3847906,0.003
1788935534.1889138,0.0,0.0,0.0,True,True,1.997,3.0200882382409078,-7.7688459,110.3847906,0.003,-7.7688459,110.3847906,0.003
1788935534.3918493,0.001,0.001,0.0,True,True,1.998,5.114061766768636,-7.7688459,110.3847906,0.002,-7.7688459,110.3847906,0.003
1788935534.5942624,0.001,0.001,0.0,True,True,1.998,6.579843236738045,-7.7688459,110.3847906,0.002,-7.7688459,110.3847906,0.003
1788935534.8089323,0.001,0.001,0.0,True,True,1.998,7.6058902657166305,-7.7688459,110.3847906,0.002,-7.7688459,110.3847906,0.003
1788935535.0090861,0.001,0.001,0.0,True,True,1.998,8.324123186001641,-7.7688459,110.3847906,0.002,-7.7688459,110.3847906,0.003
1788935535.2239907,0.001,0.001,0.0,True,True,1.998,8.826886230201147,-7.7688459,110.3847906,0.002,-7.7688459,110.3847906,0.003
1788935535.4257162,0.0,0.0,0.0,True,True,1.998,6.178820361140803,-7.7688459,110.3847906,0.002,-7.7688459,110.3847906,0.002
1788935535.628171,0.0,0.0,0.0,True,True,1.998,4.325174252798561,-7.7688459,110.3847906,0.002,-7.7688459,110.3847906,0.002
1788935535.8300393,0.0,0.0,0.0,True,True,1.998,3.0276219769589927,-7.7688459,110.3847906,0.002,-7.7688459,110.3847906,0.002
1788935536.0301223,0.0,0.0,0.0,True,True,1.998,2.1193353838712947,-7.7688459,110.3847906,0.002,-7.7688459,110.3847906,0.002
1788935536.243077,0.0,0.0,0.0,True,True,1.998,1.998,-7.7688459,110.3847906,0.002,-7.7688459,110.3847906,0.002
1788935536.4460511,0.0,0.0,0.0,True,True,1.998,1.998,-7.7688459,110.3847906,0.002,-7.7688459,110.3847906,0.002
1788935536.6472158,0.0,0.0,0.0,True,True,1.998,1.998,-7.7688459,110.3847906,0.002,-7.7688459,110.3847906,0.002
1788935536.8488905,0.0,0.0,0.0,True,True,1.998,1.998,-7.7688459,110.3847906,0.002,-7.7688459,110.3847906,0.002
1788935537.0515103,0.0,0.0,0.0,True,True,1.998,1.998,-7.7688459,110.3847906,0.002,-7.7688459,110.3847906,0.002
1788935537.2520454,0.0,0.0,0.0,True,True,1.998,1.998,-7.7688459,110.3847906,0.002,-7.7688459,110.3847906,0.002
1788935537.4559283,0.0,0.0,0.0,True,True,1.998,1.998,-7.7688459,110.3847906,0.002,-7.7688459,110.3847906,0.002
1788935537.6579125,0.0,0.0,0.0,True,True,1.998,1.998,-7.7688459,110.3847906,0.002,-7.7688459,110.3847906,0.002
1788935537.8595026,0.001,0.001,0.0,True,True,1.9989999999999999,3.0855228271819364,-7.7688459,110.3847906,0.001,-7.7688459,110.3847906,0.002
1788935538.0739872,0.001,0.001,0.0,True,True,1.9989999999999999,5.159865979027355,-7.7688459,110.3847906,0.001,-7.7688459,110.3847906,0.002
1788935538.2770805,0.001,0.001,0.0,True,True,1.9989999999999999,6.611906185319148,-7.7688459,110.3847906,0.001,-7.7688459,110.3847906,0.002
1788935538.491876,0.001,0.001,0.0,True,True,1.9989999999999999,7.628334329723403,-7.7688459,110.3847906,0.001,-7.7688459,110.3847906,0.002
1788935538.7054975,0.0,0.0,0.0,True,True,1.999,5.339834030806382,-7.7688459,110.3847906,0.001,-7.7688459,110.3847906,0.001
1788935538.9200852,0.0,0.0,0.0,True,True,1.999,3.737883821564467,-7.7688459,110.3847906,0.001,-7.7688459,110.3847906,0.001
1788935539.1203864,0.0,0.0,0.0,True,True,1.999,2.616518675095127,-7.7688459,110.3847906,0.001,-7.7688459,110.3847906,0.001
1788935539.3222976,0.0,0.0,0.0,True,True,1.999,1.999,-7.7688459,110.3847906,0.001,-7.7688459,110.3847906,0.001
1788935539.5238898,0.0,0.0,0.0,True,True,1.999,1.999,-7.7688459,110.3847906,0.001,-7.7688459,110.3847906,0.001
1788935539.7263067,0.0,0.0,0.0,True,True,1.999,1.999,-7.7688459,110.3847906,0.001,-7.7688459,110.3847906,0.001
1788935550.6745272,0.0,0.0,0.0,True,True,1.999030030587187,1.999030030587187,-7.768846,110.3847907,0.001,-7.768846,110.3847907,0.001
1788935550.8890574,0.0,0.0,0.0,True,True,1.9990147150440916,1.9990147150440916,-7.768846,110.3847907,0.001,-7.768846,110.3847907,0.001
1788935551.0905578,0.0,0.0,0.0,True,True,1.9990072103851395,1.9990072103851395,-7.768846,110.3847907,0.001,-7.768846,110.3847907,0.001
1788935551.3031168,0.0,0.0,0.0,True,True,1.9990035330919682,1.9990035330919682,-7.768846,110.3847907,0.001,-7.768846,110.3847907,0.001
1788935551.5038335,0.0,0.0,0.0,True,True,1.9990017312158448,1.9990017312158448,-7.768846,110.3847907,0.001,-7.768846,110.3847907,0.001
1788935551.7064638,0.0,0.0,0.0,True,True,1.9990008482959514,1.9990008482959514,-7.768846,110.3847907,0.001,-7.768846,110.3847907,0.001
1788935551.9087942,0.0,0.0,0.0,True,True,1.9990004156650611,1.9990004156650611,-7.768846,110.3847907,0.001,-7.768846,110.3847907,0.001
1788935552.1242516,0.0,0.0,0.0,True,True,1.999000203675891,1.999000203675891,-7.768846,110.3847907,0.001,-7.768846,110.3847907,0.001
1788935552.3373988,0.0,0.0,0.0,True,True,1.9990000998011892,1.9990000998011892,-7.768846,110.3847907,0.001,-7.768846,110.3847907,0.001
1788935552.540819,0.0,0.0,0.0,True,True,1.9990000489025834,1.9990000489025834,-7.768846,110.3847907,0.001,-7.768846,110.3847907,0.001
1788935552.745543,0.0,0.0,0.0,True,True,1.999000023962266,1.999000023962266,-7.768846,110.3847907,0.001,-7.768846,110.3847907,0.001
1788935552.9478018,0.0,0.0,0.0,True,True,1.9990000117415105,1.9990000117415105,-7.768846,110.3847907,0.001,-7.768846,110.3847907,0.001
1788935553.1511102,0.0,0.0,0.0,True,True,1.9990000057533401,1.9990000057533401,-7.768846,110.3847907,0.001,-7.768846,110.3847907,0.001
1788935553.3534067,0.0,0.0,0.0,True,True,1.9990000028191368,1.9990000028191368,-7.768846,110.3847907,0.001,-7.768846,110.3847907,0.001
1788935553.5546696,0.0,0.0,0.0,True,True,1.9990000013813771,1.9990000013813771,-7.768846,110.3847907,0.001,-7.768846,110.3847907,0.001
1788935553.7547736,0.0,0.0,0.0,True,True,1.9990000006768749,1.9990000006768749,-7.768846,110.3847907,0.001,-7.768846,110.3847907,0.001
1788935553.9566822,0.0,0.0,0.0,True,True,1.9990000003316688,1.9990000003316688,-7.768846,110.3847907,0.001,-7.768846,110.3847907,0.001
1788935554.1569533,0.0,0.0,0.0,True,True,1.9990000001625179,1.9990000001625179,-7.768846,110.3847907,0.001,-7.768846,110.3847907,0.001
1788935554.3639035,0.0,0.0,0.0,True,True,1.9990000000796337,1.9990000000796337,-7.768846,110.3847907,0.001,-7.768846,110.3847907,0.001
1788935554.5646946,0.0,0.0,0.0,True,True,1.9990000000390207,1.9990000000390207,-7.768846,110.3847907,0.001,-7.768846,110.3847907,0.001
1788935554.7778974,0.0,0.0,0.0,True,True,1.9990000000191201,1.9990000000191201,-7.768846,110.3847907,0.001,-7.768846,110.3847907,0.001
1788935554.981373,0.0,0.0,0.0,True,True,1.999000000009369,1.999000000009369,-7.768846,110.3847907,0.001,-7.768846,110.3847907,0.001
1788935555.1839294,0.0,0.0,0.0,True,True,1.9990000000045909,1.9990000000045909,-7.768846,110.3847907,0.001,-7.768846,110.3847907,0.001
1788935555.3849332,0.0,0.0,0.0,True,True,1.9990000000022496,1.9990000000022496,-7.768846,110.3847907,0.001,-7.768846,110.3847907,0.001
1788935555.5867074,0.0,0.0,0.0,True,True,1.9990000000011023,1.9990000000011023,-7.768846,110.3847907,0.001,-7.768846,110.3847907,0.001
1788935555.7889404,0.0,0.0,0.0,True,True,1.9990000000005401,1.9990000000005401,-7.768846,110.3847907,0.001,-7.768846,110.3847907,0.001
1788935555.990814,0.0,0.0,0.0,True,True,1.9990000000002648,1.9990000000002648,-7.768846,110.3847907,0.001,-7.768846,110.3847907,0.001
1788935556.1910899,0.0,0.0,0.0,True,True,1.9990000000001298,1.9990000000001298,-7.768846,110.3847907,0.001,-7.768846,110.3847907,0.001
1788935556.3919091,0.0,0.0,0.0,True,True,1.9990000000000636,1.9990000000000636,-7.768846,110.3847907,0.001,-7.768846,110.3847907,0.001
1788935556.5926998,0.0,0.0,0.0,True,True,1.9990000000000312,1.9990000000000312,-7.768846,110.3847907,0.001,-7.768846,110.3847907,0.001
1788935556.7952654,0.0,0.0,0.0,True,True,1.9990000000000154,1.9990000000000154,-7.768846,110.3847907,0.001,-7.768846,110.3847907,0.001
1788935557.0099657,0.0,0.0,0.0,True,True,1.9990000000000077,1.9990000000000077,-7.768846,110.3847907,0.001,-7.768846,110.3847907,0.001
1788935557.2110994,0.0,0.0,0.0,True,True,1.9990000000000039,1.9990000000000039,-7.768846,110.3847907,0.001,-7.768846,110.3847907,0.001
1788935557.413374,0.0,0.0,0.0,True,True,1.9990000000000019,1.9990000000000019,-7.768846,110.3847907,0.001,-7.768846,110.3847907,0.001
1788935557.615417,0.0,0.0,0.0,True,True,1.999000000000001,1.999000000000001,-7.768846,110.3847907,0.001,-7.768846,110.3847907,0.001
1788935557.8160584,0.0,0.0,0.0,True,True,1.9990000000000006,1.9990000000000006,-7.768846,110.3847907,0.001,-7.768846,110.3847907,0.001
1788935558.0172682,0.0,0.0,0.0,True,True,1.9990000000000003,1.9990000000000003,-7.768846,110.3847907,0.001,-7.768846,110.3847907,0.001
1788935558.218504,0.0,0.0,0.0,True,True,1.9990000000000003,1.9990000000000003,-7.768846,110.3847907,0.001,-7.768846,110.3847907,0.001
1788935558.420224,0.0,0.0,0.0,True,True,1.999,1.999,-7.768846,110.3847907,0.001,-7.768846,110.3847907,0.001
1788935558.6235816,0.0,0.0,0.0,True,True,1.999,1.999,-7.768846,110.3847907,0.001,-7.768846,110.3847907,0.001
1788935558.8243182,0.0,0.0,0.0,True,True,1.999,1.999,-7.768846,110.3847907,0.001,-7.768846,110.3847907,0.001
1788935559.0346043,0.0,0.0,0.0,True,True,1.999,1.999,-7.768846,110.3847907,0.001,-7.768846,110.3847907,0.001
1788935559.235001,0.0,0.0,0.0,True,True,1.999,1.999,-7.768846,110.3847907,0.001,-7.768846,110.3847907,0.001
1788935559.4361677,0.0,0.0,0.0,True,True,1.999,1.999,-7.768846,110.3847907,0.001,-7.768846,110.3847907,0.001
1788935559.6509535,0.0,0.0,0.0,True,True,1.999,1.999,-7.768846,110.3847907,0.001,-7.768846,110.3847907,0.001
1788935559.8525991,0.0,0.0,0.0,True,True,1.999,1.999,-7.768846,110.3847907,0.001,-7.768846,110.3847907,0.001
1788935560.067372,0.0,0.0,0.0,True,True,1.999,1.999,-7.768846,110.3847907,0.001,-7.768846,110.3847907,0.001
1788935560.2692246,0.0,0.0,0.0,True,True,1.999,1.999,-7.768846,110.3847907,0.001,-7.768846,110.3847907,0.001
1788935560.483334,0.0,0.0,0.0,True,True,1.999,1.999,-7.768846,110.3847907,0.001,-7.768846,110.3847907,0.001
1788935560.686235,0.0,0.0,0.0,True,True,1.999,1.999,-7.768846,110.3847907,0.001,-7.768846,110.3847907,0.001
1788935560.9004507,0.0,0.0,0.0,True,True,1.999,1.999,-7.768846,110.3847907,0.001,-7.768846,110.3847907,0.001
1788935561.1014128,0.0,0.0,0.0,True,True,1.999,1.999,-7.768846,110.3847907,0.001,-7.768846,110.3847907,0.001
1788935561.3035061,0.0,0.0,0.0,True,True,1.999,1.999,-7.768846,110.3847907,0.001,-7.768846,110.3847907,0.001
1788935561.5083227,0.0,0.0,0.0,True,True,1.999,1.999,-7.768846,110.3847907,0.001,-7.768846,110.3847907,0.001
1788935561.7097995,0.0,0.0,0.0,True,True,1.999,1.999,-7.768846,110.3847907,0.001,-7.768846,110.3847907,0.001
1788935561.910764,0.0,0.0,0.0,True,True,1.999,1.999,-7.768846,110.3847907,0.001,-7.768846,110.3847907,0.001
1788935562.1122768,0.0,0.0,0.0,True,True,1.999,1.999,-7.768846,110.3847907,0.001,-7.768846,110.3847907,0.001
1788935562.3166215,0.0,0.0,0.0,True,True,1.999,1.999,-7.768846,110.3847907,0.001,-7.768846,110.3847907,0.001
1788935562.5175097,0.0,0.0,0.0,True,True,1.999,1.999,-7.768846,110.3847907,0.001,-7.768846,110.3847907,0.001
1788935562.719081,0.0,0.0,0.0,True,True,1.999,1.999,-7.768846,110.3847907,0.001,-7.768846,110.3847907,0.001
1788935562.919235,0.0,0.0,0.0,True,True,1.999,1.999,-7.768846,110.3847907,0.001,-7.768846,110.3847907,0.001
1788935563.1197622,0.0,0.0,0.0,True,True,1.999,1.999,-7.768846,110.3847907,0.001,-7.768846,110.3847907,0.001
1788935563.3213077,0.0,0.0,0.0,True,True,1.999,1.999,-7.768846,110.3847907,0.001,-7.768846,110.3847907,0.001
1788935563.5241833,0.0,0.0,0.0,True,True,1.999,1.999,-7.768846,110.3847907,0.001,-7.768846,110.3847907,0.001
1788935563.739664,0.0,0.0,0.0,True,True,1.999,1.999,-7.768846,110.3847907,0.001,-7.768846,110.3847907,0.001
1788935563.9547105,0.0,0.0,0.0,True,True,1.999,1.999,-7.768846,110.3847907,0.001,-7.768846,110.3847907,0.001
1788935564.1645963,0.0,0.0,0.0,True,True,1.999,1.999,-7.768846,110.3847907,0.001,-7.768846,110.3847907,0.001
1788935564.3678815,0.0,0.0,0.0,True,True,1.999,1.999,-7.768846,110.3847907,0.001,-7.768846,110.3847907,0.001
1788935564.5692291,0.0,0.0,0.0,True,True,1.999,1.999,-7.768846,110.3847907,0.001,-7.768846,110.3847907,0.001
1788935564.7705803,0.0,0.0,0.0,True,True,1.999,1.999,-7.768846,110.3847907,0.001,-7.768846,110.3847907,0.001
1788935564.9713929,0.0,0.0,0.0,True,True,1.999,1.999,-7.768846,110.3847907,0.001,-7.768846,110.3847907,0.001
1788935565.1723187,0.0,0.0,0.0,True,True,1.999,1.999,-7.768846,110.3847907,0.001,-7.768846,110.3847907,0.001
1788935565.3729682,0.0,0.0,0.0,True,True,1.999,1.999,-7.768846,110.3847907,0.001,-7.768846,110.3847907,0.001
1788935565.5746984,0.0,0.0,0.0,True,True,1.999,1.999,-7.768846,110.3847907,0.001,-7.768846,110.3847907,0.001
1788935565.7776399,0.0,0.0,0.0,True,True,1.999,1.999,-7.768846,110.3847907,0.001,-7.768846,110.3847907,0.001
1788935565.9790828,0.0,0.0,0.0,True,True,1.999,1.999,-7.768846,110.3847907,0.001,-7.768846,110.3847907,0.001
1788935566.1816292,0.0,0.0,0.0,True,True,1.999,1.999,-7.768846,110.3847907,0.001,-7.768846,110.3847907,0.001
1788935566.3822243,0.0,0.0,0.0,True,True,1.999,1.999,-7.768846,110.3847907,0.001,-7.768846,110.3847907,0.001
1788935566.5837939,0.0,0.0,0.0,True,True,1.999,1.999,-7.768846,110.3847907,0.001,-7.768846,110.3847907,0.001
1788935566.7856705,0.0,0.0,0.0,True,True,1.999,1.999,-7.768846,110.3847907,0.001,-7.768846,110.3847907,0.001
1788935566.9863317,0.0,0.0,0.0,True,True,1.999,1.999,-7.768846,110.3847907,0.001,-7.768846,110.3847907,0.001
1788935567.1864758,0.0,0.0,0.0,True,True,1.999,1.999,-7.768846,110.3847907,0.001,-7.768846,110.3847907,0.001
1788935567.389189,0.0,0.0,0.0,True,True,1.999,1.999,-7.768846,110.3847907,0.001,-7.768846,110.3847907,0.001
1788935567.590116,0.0,0.0,0.0,True,True,1.999,1.999,-7.768846,110.3847907,0.001,-7.768846,110.3847907,0.001
1788935567.791734,0.0,0.0,0.0,True,True,1.999,1.999,-7.768846,110.3847907,0.001,-7.768846,110.3847907,0.001
1788935567.994268,0.0,0.0,0.0,True,True,1.999,1.999,-7.768846,110.3847907,0.001,-7.768846,110.3847907,0.001
1788935568.1955073,0.0,0.0,0.0,True,True,1.999,1.999,-7.768846,110.3847907,0.001,-7.768846,110.3847907,0.001
1788935568.3962371,0.0,0.0,0.0,True,True,1.999,1.999,-7.768846,110.3847907,0.001,-7.768846,110.3847907,0.001
1788935568.6004956,0.0,0.0,0.0,True,True,1.999,1.999,-7.768846,110.3847907,0.001,-7.768846,110.3847907,0.001
1788935568.8153334,0.0,0.0,0.0,True,True,1.999,1.999,-7.768846,110.3847907,0.001,-7.768846,110.3847907,0.001
1788935569.0154955,0.0,0.0,0.0,True,True,1.999,1.999,-7.768846,110.3847907,0.001,-7.768846,110.3847907,0.001
1788935569.216544,0.0,0.0,0.0,True,True,1.999,1.999,-7.768846,110.3847907,0.001,-7.768846,110.3847907,0.001
1788935569.4187315,0.0,0.0,0.0,True,True,1.999,1.999,-7.768846,110.3847907,0.001,-7.768846,110.3847907,0.001
1788935569.6190312,0.0,0.0,0.0,True,True,1.999,1.999,-7.768846,110.3847907,0.001,-7.768846,110.3847907,0.001
1788935569.8204398,0.0,0.0,0.0,True,True,1.999,1.999,-7.768846,110.3847907,0.001,-7.768846,110.3847907,0.001
1788935570.0223222,0.0,0.0,0.0,True,True,1.999,1.999,-7.768846,110.3847907,0.001,-7.768846,110.3847907,0.001
1788935570.2238424,0.0,0.0,0.0,True,True,1.999,1.999,-7.768846,110.3847907,0.001,-7.768846,110.3847907,0.001
1788935570.425036,0.0,0.0,0.0,True,True,1.999,1.999,-7.768846,110.3847907,0.001,-7.768846,110.3847907,0.001
1788935570.6386755,0.0,0.0,0.0,True,True,1.999,1.999,-7.768846,110.3847907,0.001,-7.768846,110.3847907,0.001
1788935570.8520927,0.0,0.0,0.0,True,True,1.999,1.999,-7.768846,110.3847907,0.001,-7.768846,110.3847907,0.001
1788935571.0670764,0.0,0.0,0.0,True,True,1.999,1.999,-7.768846,110.3847907,0.001,-7.768846,110.3847907,0.001
1788935571.2699475,0.0,0.0,0.0,True,True,1.999,1.999,-7.768846,110.3847907,0.001,-7.768846,110.3847907,0.001
1788935571.470304,0.0,0.0,0.0,True,True,1.999,1.999,-7.768846,110.3847907,0.001,-7.768846,110.3847907,0.001
1788935571.684151,0.0,0.0,0.0,True,True,1.999,1.999,-7.768846,110.3847907,0.001,-7.768846,110.3847907,0.001
1788935571.8881147,0.0,0.0,0.0,True,True,1.999,1.999,-7.768846,110.3847907,0.001,-7.768846,110.3847907,0.001
1788935572.0882652,0.0,0.0,0.0,True,True,1.999,1.999,-7.768846,110.3847907,0.001,-7.768846,110.3847907,0.001
1788935572.2979553,0.0,0.0,0.0,True,True,1.999,1.999,-7.768846,110.3847907,0.001,-7.768846,110.3847907,0.001
1788935572.500395,0.0,0.0,0.0,True,True,1.999,1.999,-7.768846,110.3847907,0.001,-7.768846,110.3847907,0.001
1788935572.7036521,0.0,0.0,0.0,True,True,1.999,1.999,-7.768846,110.3847907,0.001,-7.768846,110.3847907,0.001
1788935572.9044666,0.0,0.0,0.0,True,True,1.999,1.999,-7.768846,110.3847907,0.001,-7.768846,110.3847907,0.001
1788935573.1112351,0.0,0.0,0.0,True,True,1.999,1.999,-7.768846,110.3847907,0.001,-7.768846,110.3847907,0.001
1788935573.3127441,0.0,0.0,0.0,True,True,1.999,1.999,-7.768846,110.3847907,0.001,-7.768846,110.3847907,0.001
1788935573.5151904,0.0,0.0,0.0,True,True,1.999,1.999,-7.768846,110.3847907,0.001,-7.768846,110.3847907,0.001
1788935573.7294405,0.0,0.0,0.0,True,True,1.999,1.999,-7.768846,110.3847907,0.001,-7.768846,110.3847907,0.001
1788935573.9448838,0.0,0.0,0.0,True,True,1.999,1.999,-7.768846,110.3847907,0.001,-7.768846,110.3847907,0.001
1788935574.148166,0.0,0.0,0.0,True,True,1.999,1.999,-7.768846,110.3847907,0.001,-7.768846,110.3847907,0.001
1788935574.3624272,0.0,0.0,0.0,True,True,1.999,1.999,-7.768846,110.3847907,0.001,-7.768846,110.3847907,0.001
1788935574.5646274,0.0,0.0,0.0,True,True,1.999,1.999,-7.768846,110.3847907,0.001,-7.768846,110.3847907,0.001
1788935574.7658682,0.0,0.0,0.0,True,True,1.999,1.999,-7.768846,110.3847907,0.001,-7.768846,110.3847907,0.001
1788935574.966872,0.0,0.0,0.0,True,True,1.999,1.999,-7.768846,110.3847907,0.001,-7.768846,110.3847907,0.001
1788935575.1676166,0.0,0.0,0.0,True,True,1.999,1.999,-7.768846,110.3847907,0.001,-7.768846,110.3847907,0.001
1788935575.3689795,0.0,0.0,0.0,True,True,1.999,1.999,-7.768846,110.3847907,0.001,-7.768846,110.3847907,0.001
1788935575.5728004,0.0,0.0,0.0,True,True,1.999,1.999,-7.768846,110.3847907,0.001,-7.768846,110.3847907,0.001
1788935575.7733345,0.0,0.0,0.0,True,True,1.999,1.999,-7.768846,110.3847907,0.001,-7.768846,110.3847907,0.001
1788935575.9749973,0.0,0.0,0.0,True,True,1.999,1.999,-7.768846,110.3847907,0.001,-7.768846,110.3847907,0.001
1788935576.1757739,0.0,0.0,0.0,True,True,1.999,1.999,-7.768846,110.3847907,0.001,-7.768846,110.3847907,0.001
1788935576.3789837,0.0,0.0,0.0,True,True,1.999,1.999,-7.768846,110.3847907,0.001,-7.768846,110.3847907,0.001
1788935576.5792446,0.0,0.0,0.0,True,True,1.999,1.999,-7.768846,110.3847907,0.001,-7.768846,110.3847907,0.001
1788935576.7813041,0.0,0.0,0.0,True,True,1.999,1.999,-7.768846,110.3847907,0.001,-7.768846,110.3847907,0.001
1788935576.9839702,0.0,0.0,0.0,True,True,1.999,1.999,-7.768846,110.3847907,0.001,-7.768846,110.3847907,0.001
1788935577.1989224,0.0,0.0,0.0,True,True,1.999,1.999,-7.768846,110.3847907,0.001,-7.768846,110.3847907,0.001
1788935577.400665,0.0,0.0,0.0,True,True,1.999,1.999,-7.768846,110.3847907,0.001,-7.768846,110.3847907,0.001
1788935577.6026194,0.0,0.0,0.0,True,True,1.999,1.999,-7.768846,110.3847907,0.001,-7.768846,110.3847907,0.001
1788935577.8175058,0.0,0.0,0.0,True,True,1.999,1.999,-7.768846,110.3847907,0.001,-7.768846,110.3847907,0.001
1788935578.0182154,0.0,0.0,0.0,True,True,1.999,1.999,-7.768846,110.3847907,0.001,-7.768846,110.3847907,0.001
1788935578.2187111,0.0,0.0,0.0,True,True,1.999,1.999,-7.768846,110.3847907,0.001,-7.768846,110.3847907,0.001
1788935578.4214346,0.0,0.0,0.0,True,True,1.999,1.999,-7.768846,110.3847907,0.001,-7.768846,110.3847907,0.001
1788935578.624621,0.0,0.0,0.0,True,True,1.999,1.999,-7.768846,110.3847907,0.001,-7.768846,110.3847907,0.001
1788935578.8267562,0.0,0.0,0.0,True,True,1.999,1.999,-7.768846,110.3847907,0.001,-7.768846,110.3847907,0.001
1788935579.0296335,0.0,0.0,0.0,True,True,1.999,1.999,-7.768846,110.3847907,0.001,-7.768846,110.3847907,0.001
1788935579.2299054,0.0,0.0,0.0,True,True,1.999,1.999,-7.768846,110.3847907,0.001,-7.768846,110.3847907,0.001
1788935579.4306128,0.0,0.0,0.0,True,True,1.999,1.999,-7.768846,110.3847907,0.001,-7.768846,110.3847907,0.001
1788935579.642213,0.0,0.0,0.0,True,True,1.999,1.999,-7.768846,110.3847907,0.001,-7.768846,110.3847907,0.001
1788935579.8437538,0.0,0.0,0.0,True,True,1.999,1.999,-7.768846,110.3847907,0.001,-7.768846,110.3847907,0.001
1788935580.045877,0.0,0.0,0.0,True,True,1.999,1.999,-7.768846,110.3847907,0.001,-7.768846,110.3847907,0.001
1788935580.2611108,0.0,0.0,0.0,True,True,1.999,1.999,-7.768846,110.3847907,0.001,-7.768846,110.3847907,0.001
1788935580.4638202,0.0,0.0,0.0,True,True,1.999,1.999,-7.768846,110.3847907,0.001,-7.768846,110.3847907,0.001
1788935580.667971,0.0,0.0,0.0,True,True,1.999,1.999,-7.768846,110.3847907,0.001,-7.768846,110.3847907,0.001
1788935580.871722,0.0,0.0,0.0,True,True,1.999,1.999,-7.768846,110.3847907,0.001,-7.768846,110.3847907,0.001
1788935581.0800126,0.0,0.0,0.0,True,True,1.999,1.999,-7.768846,110.3847907,0.001,-7.768846,110.3847907,0.001
1788935581.2801454,0.0,0.0,0.0,True,True,1.999,1.999,-7.768846,110.3847907,0.001,-7.768846,110.3847907,0.001
1788935581.4818583,0.0,0.0,0.0,True,True,1.999,1.999,-7.768846,110.3847907,0.001,-7.768846,110.3847907,0.001
1788935581.6890366,0.0,0.0,0.0,True,True,1.999,1.999,-7.768846,110.3847907,0.001,-7.768846,110.3847907,0.001
1788935581.8911026,0.0,0.0,0.0,True,True,1.999,1.999,-7.768846,110.3847907,0.001,-7.768846,110.3847907,0.001
1788935582.10028,0.0,0.0,0.0,True,True,1.999,1.999,-7.768846,110.3847907,0.001,-7.768846,110.3847907,0.001
1788935582.3094704,0.0,0.0,0.0,True,True,1.999,1.999,-7.768846,110.3847907,0.001,-7.768846,110.3847907,0.001
1788935582.5114408,0.0,0.0,0.0,True,True,1.999,1.999,-7.768846,110.3847907,0.001,-7.768846,110.3847907,0.001
1788935582.713732,0.0,0.0,0.0,True,True,1.999,1.999,-7.768846,110.3847907,0.001,-7.768846,110.3847907,0.001
1788935582.9181504,0.0,0.0,0.0,True,True,1.999,1.999,-7.768846,110.3847907,0.001,-7.768846,110.3847907,0.001
1788935583.1199658,0.0,0.0,0.0,True,True,1.999,1.999,-7.768846,110.3847907,0.001,-7.768846,110.3847907,0.001
1788935583.3313408,0.0,0.0,0.0,True,True,1.999,1.999,-7.768846,110.3847907,0.001,-7.768846,110.3847907,0.001
1788935583.5323808,0.0,0.0,0.0,True,True,1.999,1.999,-7.768846,110.3847907,0.001,-7.768846,110.3847907,0.001
1788935583.7391922,0.0,0.0,0.0,True,True,1.999,1.999,-7.768846,110.3847907,0.001,-7.768846,110.3847907,0.001
1788935583.9529524,0.0,0.0,0.0,True,True,1.999,1.999,-7.768846,110.3847907,0.001,-7.768846,110.3847907,0.001
1788935584.1578994,0.0,0.0,0.0,True,True,1.999,1.999,-7.768846,110.3847907,0.001,-7.768846,110.3847907,0.001
1788935584.3596795,0.0,0.0,0.0,True,True,1.999,1.999,-7.768846,110.3847907,0.001,-7.768846,110.3847907,0.001
1788935584.560582,0.0,0.0,0.0,True,True,1.999,1.999,-7.768846,110.3847907,0.001,-7.768846,110.3847907,0.001
1788935584.762451,0.0,0.0,0.0,True,True,1.999,1.999,-7.768846,110.3847907,0.001,-7.768846,110.3847907,0.001
1788935584.9637704,0.0,0.0,0.0,True,True,1.999,1.999,-7.768846,110.3847907,0.001,-7.768846,110.3847907,0.001
1788935585.165919,0.0,0.0,0.0,True,True,1.999,1.999,-7.768846,110.3847907,0.001,-7.768846,110.3847907,0.001
1788935585.3692324,0.0,0.0,0.0,True,True,1.999,1.999,-7.768846,110.3847907,0.001,-7.768846,110.3847907,0.001
1788935585.5704644,0.0,0.0,0.0,True,True,1.999,1.999,-7.768846,110.3847907,0.001,-7.768846,110.3847907,0.001
1788935585.7719936,0.0,0.0,0.0,True,True,1.999,1.999,-7.768846,110.3847907,0.001,-7.768846,110.3847907,0.001
1788935585.9871666,0.0,0.0,0.0,True,True,1.999,1.999,-7.768846,110.3847907,0.001,-7.768846,110.3847907,0.001
1788935586.1871443,0.0,0.0,0.0,True,True,1.999,1.999,-7.768846,110.3847907,0.001,-7.768846,110.3847907,0.001
1788935586.401545,0.0,0.0,0.0,True,True,1.999,1.999,-7.768846,110.3847907,0.001,-7.768846,110.3847907,0.001
1788935586.6162832,0.0,0.0,0.0,True,True,1.999,1.999,-7.768846,110.3847907,0.001,-7.768846,110.3847907,0.001
1788935586.8167045,0.0,0.0,0.0,True,True,1.999,1.999,-7.768846,110.3847907,0.001,-7.768846,110.3847907,0.001
1788935587.0166318,0.0,0.0,0.0,True,True,1.999,1.999,-7.768846,110.3847907,0.001,-7.768846,110.3847907,0.001
1788935587.2171073,0.0,0.0,0.0,True,True,1.999,1.999,-7.768846,110.3847907,0.001,-7.768846,110.3847907,0.001
1788935587.4187188,0.0,0.0,0.0,True,True,1.999,1.999,-7.768846,110.3847907,0.001,-7.768846,110.3847907,0.001
1788935587.619983,0.0,0.0,0.0,True,True,1.999,1.999,-7.768846,110.3847907,0.001,-7.768846,110.3847907,0.001
1788935587.8203046,0.0,0.0,0.0,True,True,1.999,1.999,-7.768846,110.3847907,0.001,-7.768846,110.3847907,0.001
1788935588.0223079,0.0,0.0,0.0,True,True,1.999,1.999,-7.768846,110.3847907,0.001,-7.768846,110.3847907,0.001
1788935588.2226634,0.0,0.0,0.0,True,True,1.999,1.999,-7.768846,110.3847907,0.001,-7.768846,110.3847907,0.001
1788935588.4235973,0.0,0.0,0.0,True,True,1.999,1.999,-7.768846,110.3847907,0.001,-7.768846,110.3847907,0.001
1788935588.6252148,0.0,0.0,0.0,True,True,1.999,1.999,-7.768846,110.3847907,0.001,-7.768846,110.3847907,0.001
1788935588.8261168,0.0,0.0,0.0,True,True,1.999,1.999,-7.768846,110.3847907,0.001,-7.768846,110.3847907,0.001
1788935589.0291395,0.0,0.0,0.0,True,True,1.999,1.999,-7.768846,110.3847907,0.001,-7.768846,110.3847907,0.001
1788935589.2322772,0.0,0.0,0.0,True,True,1.999,1.999,-7.768846,110.3847907,0.001,-7.768846,110.3847907,0.001
1788935589.4353526,0.0,0.0,0.0,True,True,1.999,1.999,-7.768846,110.3847907,0.001,-7.768846,110.3847907,0.001
1788935589.6365986,0.0,0.0,0.0,True,True,1.999,1.999,-7.768846,110.3847907,0.001,-7.768846,110.3847907,0.001
1788935589.8385217,0.0,0.0,0.0,True,True,1.999,1.999,-7.768846,110.3847907,0.001,-7.768846,110.3847907,0.001
1788935590.0394301,0.0,0.0,0.0,True,True,1.999,1.999,-7.768846,110.3847907,0.001,-7.768846,110.3847907,0.001
1788935590.2495308,0.0,0.0,0.0,True,True,1.999,1.999,-7.768846,110.3847907,0.001,-7.768846,110.3847907,0.001
1788935590.4498975,0.0,0.0,0.0,True,True,1.999,1.999,-7.768846,110.3847907,0.001,-7.768846,110.3847907,0.001
1788935590.6507356,0.0,0.0,0.0,True,True,1.999,1.999,-7.768846,110.3847907,0.001,-7.768846,110.3847907,0.001
1788935590.8520508,0.0,0.0,0.0,True,True,1.999,1.999,-7.768846,110.3847907,0.001,-7.768846,110.3847907,0.001
1788935591.0533202,0.0,0.0,0.0,True,True,1.999,1.999,-7.768846,110.3847907,0.001,-7.768846,110.3847907,0.001
1788935591.254622,0.0,0.0,0.0,True,True,1.999,1.999,-7.768846,110.3847907,0.001,-7.768846,110.3847907,0.001
1788935591.4579093,0.0,0.0,0.0,True,True,1.999,1.999,-7.768846,110.3847907,0.001,-7.768846,110.3847907,0.001
1788935591.6596487,0.0,0.0,0.0,True,True,1.999,1.999,-7.768846,110.3847907,0.001,-7.768846,110.3847907,0.001
1788935591.873451,0.0,0.0,0.0,True,True,1.999,1.999,-7.768846,110.3847907,0.001,-7.768846,110.3847907,0.001
1788935592.0754323,0.0,0.0,0.0,True,True,1.999,1.999,-7.768846,110.3847907,0.001,-7.768846,110.3847907,0.001
1788935592.2786753,0.0,0.0,0.0,True,True,1.999,1.999,-7.768846,110.3847907,0.001,-7.768846,110.3847907,0.001
1788935592.4922345,0.0,0.0,0.0,True,True,1.999,1.999,-7.768846,110.3847907,0.001,-7.768846,110.3847907,0.001
1788935592.7061038,0.0,0.0,0.0,True,True,1.999,1.999,-7.768846,110.3847907,0.001,-7.768846,110.3847907,0.001
1788935592.9064322,0.0,0.0,0.0,True,True,1.999,1.999,-7.768846,110.3847907,0.001,-7.768846,110.3847907,0.001
1788935593.109847,0.0,0.0,0.0,True,True,1.999,1.999,-7.768846,110.3847907,0.001,-7.768846,110.3847907,0.001
1788935593.3132825,0.0,0.0,0.0,True,True,1.999,1.999,-7.768846,110.3847907,0.001,-7.768846,110.3847907,0.001
1788935593.5138948,0.0,0.0,0.0,True,True,1.999,1.999,-7.768846,110.3847907,0.001,-7.768846,110.3847907,0.001
1788935593.715322,0.0,0.0,0.0,True,True,1.999,1.999,-7.768846,110.3847907,0.001,-7.768846,110.3847907,0.001
1788935593.9175057,0.0,0.0,0.0,True,True,1.999,1.999,-7.768846,110.3847907,0.001,-7.768846,110.3847907,0.001
1788935594.1175396,0.0,0.0,0.0,True,True,1.999,1.999,-7.768846,110.3847907,0.001,-7.768846,110.3847907,0.001
1788935594.3309991,0.0,0.0,0.0,True,True,1.999,1.999,-7.768846,110.3847907,0.001,-7.768846,110.3847907,0.001
1788935594.5345986,0.0,0.0,0.0,True,True,1.999,1.999,-7.768846,110.3847907,0.001,-7.768846,110.3847907,0.001
1788935594.7355542,0.0,0.0,0.0,True,True,1.999,1.999,-7.768846,110.3847907,0.001,-7.768846,110.3847907,0.001
1788935594.9389493,0.0,0.0,0.0,True,True,1.999,1.999,-7.768846,110.3847907,0.001,-7.768846,110.3847907,0.001
1788935595.1399207,0.0,0.0,0.0,True,True,1.999,1.999,-7.768846,110.3847907,0.001,-7.768846,110.3847907,0.001
1788935595.3406806,0.0,0.0,0.0,True,True,1.999,1.999,-7.768846,110.3847907,0.001,-7.768846,110.3847907,0.001
1788935595.5414267,0.0,0.0,0.0,True,True,1.999,1.999,-7.768846,110.3847907,0.001,-7.768846,110.3847907,0.001
1788935595.7440615,0.0,0.0,0.0,True,True,1.999,1.999,-7.768846,110.3847907,0.001,-7.768846,110.3847907,0.001
1788935595.9474885,0.0,0.0,0.0,True,True,1.999,1.999,-7.768846,110.3847907,0.001,-7.768846,110.3847907,0.001
1788935596.1477396,0.0,0.0,0.0,True,True,1.999,1.999,-7.768846,110.3847907,0.001,-7.768846,110.3847907,0.001
1788935596.3488953,0.0,0.0,0.0,True,True,1.999,1.999,-7.768846,110.3847907,0.001,-7.768846,110.3847907,0.001
1788935596.5511823,0.0,0.0,0.0,True,True,1.999,1.999,-7.768846,110.3847907,0.001,-7.768846,110.3847907,0.001
1788935596.763613,0.0,0.0,0.0,True,True,1.999,1.999,-7.768846,110.3847907,0.001,-7.768846,110.3847907,0.001
1788935596.9666605,0.0,0.0,0.0,True,True,1.999,1.999,-7.768846,110.3847907,0.001,-7.768846,110.3847907,0.001
1788935597.168877,0.0,0.0,0.0,True,True,1.999,1.999,-7.768846,110.3847907,0.001,-7.768846,110.3847907,0.001
1788935597.3697329,0.0,0.0,0.0,True,True,1.999,1.999,-7.768846,110.3847907,0.001,-7.768846,110.3847907,0.001
1788935597.5847743,0.0,0.0,0.0,True,True,1.999,1.999,-7.768846,110.3847907,0.001,-7.768846,110.3847907,0.001
1788935597.786256,0.0,0.0,0.0,True,True,1.999,1.999,-7.768846,110.3847907,0.001,-7.768846,110.3847907,0.001
1788935597.9883335,0.0,0.0,0.0,True,True,1.999,1.999,-7.768846,110.3847907,0.001,-7.768846,110.3847907,0.001
1788935598.1908123,0.0,0.0,0.0,True,True,1.999,1.999,-7.768846,110.3847907,0.001,-7.768846,110.3847907,0.001
1788935598.3935332,0.0,0.0,0.0,True,True,1.999,1.999,-7.768846,110.3847907,0.001,-7.768846,110.3847907,0.001
1788935598.6065943,0.0,0.0,0.0,True,True,1.999,1.999,-7.768846,110.3847907,0.001,-7.768846,110.3847907,0.001
1788935598.809425,0.0,0.0,0.0,True,True,1.999,1.999,-7.768846,110.3847907,0.001,-7.768846,110.3847907,0.001
1788935599.0107286,0.0,0.0,0.0,True,True,1.999,1.999,-7.768846,110.3847907,0.001,-7.768846,110.3847907,0.001
1788935599.2262526,0.0,0.0,0.0,True,True,1.999,1.999,-7.768846,110.3847907,0.001,-7.768846,110.3847907,0.001
1788935599.4292598,0.0,0.0,0.0,True,True,1.999,1.999,-7.768846,110.3847907,0.001,-7.768846,110.3847907,0.001
1788935599.6337636,0.0,0.0,0.0,True,True,1.999,1.999,-7.768846,110.3847907,0.001,-7.768846,110.3847907,0.001
1788935599.8409855,0.0,0.0,0.0,True,True,1.999,1.999,-7.768846,110.3847907,0.001,-7.768846,110.3847907,0.001
1788935600.0461452,0.0,0.0,0.0,True,True,1.999,1.999,-7.768846,110.3847907,0.001,-7.768846,110.3847907,0.001
1788935600.2526703,0.0,0.0,0.0,True,True,1.999,1.999,-7.768846,110.3847907,0.001,-7.768846,110.3847907,0.001
1788935600.4540992,0.0,0.0,0.0,True,True,1.999,1.999,-7.768846,110.3847907,0.001,-7.768846,110.3847907,0.001
1788935600.6560297,0.0,0.0,0.0,True,True,1.999,1.999,-7.768846,110.3847907,0.001,-7.768846,110.3847907,0.001
1788935600.8708658,0.0,0.0,0.0,True,True,1.999,1.999,-7.768846,110.3847907,0.001,-7.768846,110.3847907,0.001
1788935601.0709593,0.0,0.0,0.0,True,True,1.999,1.999,-7.768846,110.3847907,0.001,-7.768846,110.3847907,0.001
1788935601.2709794,0.0,0.0,0.0,True,True,1.999,1.999,-7.768846,110.3847907,0.001,-7.768846,110.3847907,0.001
1788935601.4799387,0.0,0.0,0.0,True,True,1.999,1.999,-7.768846,110.3847907,0.001,-7.768846,110.3847907,0.001
1788935601.6809278,0.0,0.0,0.0,True,True,1.999,1.999,-7.768846,110.3847907,0.001,-7.768846,110.3847907,0.001
1788935601.8811922,0.0,0.0,0.0,True,True,1.999,1.999,-7.768846,110.3847907,0.001,-7.768846,110.3847907,0.001
1788935602.090902,0.0,0.0,0.0,True,True,1.999,1.999,-7.768846,110.3847907,0.001,-7.768846,110.3847907,0.001
1788935602.3063214,0.0,0.0,0.0,True,True,1.999,1.999,-7.768846,110.3847907,0.001,-7.768846,110.3847907,0.001
1788935602.5064723,0.0,0.0,0.0,True,True,1.999,1.999,-7.768846,110.3847907,0.001,-7.768846,110.3847907,0.001
1788935602.7078822,0.0,0.0,0.0,True,True,1.999,1.999,-7.768846,110.3847907,0.001,-7.768846,110.3847907,0.001
1788935602.922724,0.0,0.0,0.0,True,True,1.999,1.999,-7.768846,110.3847907,0.001,-7.768846,110.3847907,0.001
1788935603.1313581,0.0,0.0,0.0,True,True,1.999,1.999,-7.768846,110.3847907,0.001,-7.768846,110.3847907,0.001
1788935603.3330116,0.0,0.0,0.0,True,True,1.999,1.999,-7.768846,110.3847907,0.001,-7.768846,110.3847907,0.001
1788935603.545991,0.0,0.0,0.0,True,True,1.999,1.999,-7.768846,110.3847907,0.001,-7.768846,110.3847907,0.001
1788935603.7466073,0.0,0.0,0.0,True,True,1.999,1.999,-7.768846,110.3847907,0.001,-7.768846,110.3847907,0.001
1788935603.949142,0.0,0.0,0.0,True,True,1.999,1.999,-7.768846,110.3847907,0.001,-7.768846,110.3847907,0.001
1788935604.1509411,0.0,0.0,0.0,True,True,1.999,1.999,-7.768846,110.3847907,0.001,-7.768846,110.3847907,0.001
1788935604.3533359,0.0,0.0,0.0,True,True,1.999,1.999,-7.768846,110.3847907,0.001,-7.768846,110.3847907,0.001
1788935604.5560527,0.0,0.0,0.0,True,True,1.999,1.999,-7.768846,110.3847907,0.001,-7.768846,110.3847907,0.001
1788935604.7565336,0.0,0.0,0.0,True,True,1.999,1.999,-7.768846,110.3847907,0.001,-7.768846,110.3847907,0.001
1788935604.956867,0.0,0.0,0.0,True,True,1.999,1.999,-7.768846,110.3847907,0.001,-7.768846,110.3847907,0.001
1788935605.165098,0.0,0.0,0.0,True,True,1.999,1.999,-7.768846,110.3847907,0.001,-7.768846,110.3847907,0.001
1788935605.3796427,0.0,0.0,0.0,True,True,1.999,1.999,-7.768846,110.3847907,0.001,-7.768846,110.3847907,0.001
1788935605.5813425,0.0,0.0,0.0,True,True,1.999,1.999,-7.768846,110.3847907,0.001,-7.768846,110.3847907,0.001
1788935605.7843077,0.0,0.0,0.0,True,True,1.999,1.999,-7.768846,110.3847907,0.001,-7.768846,110.3847907,0.001
1788935605.9960785,0.0,0.0,0.0,True,True,1.999,1.999,-7.768846,110.3847907,0.001,-7.768846,110.3847907,0.001
1788935606.2095845,0.0,0.0,0.0,True,True,1.999,1.999,-7.768846,110.3847907,0.001,-7.768846,110.3847907,0.001
1788935606.4245563,0.0,0.0,0.0,True,True,1.999,1.999,-7.768846,110.3847907,0.001,-7.768846,110.3847907,0.001
1788935606.6276047,0.0,0.0,0.0,True,True,1.999,1.999,-7.768846,110.3847907,0.001,-7.768846,110.3847907,0.001
1788935606.8278558,0.0,0.0,0.0,True,True,1.999,1.999,-7.768846,110.3847907,0.001,-7.768846,110.3847907,0.001
1788935607.029191,0.0,0.0,0.0,True,True,1.999,1.999,-7.768846,110.3847907,0.001,-7.768846,110.3847907,0.001
1788935607.2303326,0.0,0.0,0.0,True,True,1.999,1.999,-7.768846,110.3847907,0.001,-7.768846,110.3847907,0.001
1788935607.4311912,0.0,0.0,0.0,True,True,1.999,1.999,-7.768846,110.3847907,0.001,-7.768846,110.3847907,0.001
1788935607.6311865,0.0,0.0,0.0,True,True,1.999,1.999,-7.768846,110.3847907,0.001,-7.768846,110.3847907,0.001
1788935607.8314822,0.0,0.0,0.0,True,True,1.999,1.999,-7.768846,110.3847907,0.001,-7.768846,110.3847907,0.001
1788935608.0461643,0.0,0.0,0.0,True,True,1.999,1.999,-7.768846,110.3847907,0.001,-7.768846,110.3847907,0.001
1788935608.2593865,0.0,0.0,0.0,True,True,1.999,1.999,-7.768846,110.3847907,0.001,-7.768846,110.3847907,0.001
1788935608.472927,0.0,0.0,0.0,True,True,1.999,1.999,-7.768846,110.3847907,0.001,-7.768846,110.3847907,0.001
1788935608.6738262,0.0,0.0,0.0,True,True,1.999,1.999,-7.768846,110.3847907,0.001,-7.768846,110.3847907,0.001
1788935608.8753974,0.0,0.0,0.0,True,True,1.999,1.999,-7.768846,110.3847907,0.001,-7.768846,110.3847907,0.001
1788935609.076298,0.0,0.0,0.0,True,True,1.999,1.999,-7.768846,110.3847907,0.001,-7.768846,110.3847907,0.001
1788935609.2785358,0.0,0.0,0.0,True,True,1.999,1.999,-7.768846,110.3847907,0.001,-7.768846,110.3847907,0.001
1788935609.4932852,0.0,0.0,0.0,True,True,1.999,1.999,-7.768846,110.3847907,0.001,-7.768846,110.3847907,0.001
1788935609.6944897,0.0,0.0,0.0,True,True,1.999,1.999,-7.768846,110.3847907,0.001,-7.768846,110.3847907,0.001
1788935609.8970647,0.0,0.0,0.0,True,True,1.999,1.999,-7.768846,110.3847907,0.001,-7.768846,110.3847907,0.001
1788935610.0987136,0.0,0.0,0.0,True,True,1.999,1.999,-7.768846,110.3847907,0.001,-7.768846,110.3847907,0.001
1788935610.3114724,0.0,0.0,0.0,True,True,1.999,1.999,-7.768846,110.3847907,0.001,-7.768846,110.3847907,0.001
1788935610.5116904,0.0,0.0,0.0,True,True,1.999,1.999,-7.768846,110.3847907,0.001,-7.768846,110.3847907,0.001
1788935610.711957,0.0,0.0,0.0,True,True,1.999,1.999,-7.768846,110.3847907,0.001,-7.768846,110.3847907,0.001
1788935610.9226394,0.0,0.0,0.0,True,True,1.999,1.999,-7.768846,110.3847907,0.001,-7.768846,110.3847907,0.001
1788935611.1227098,0.0,0.0,0.0,True,True,1.999,1.999,-7.768846,110.3847907,0.001,-7.768846,110.3847907,0.001
1788935611.3320942,0.0,0.0,0.0,True,True,1.999,1.999,-7.768846,110.3847907,0.001,-7.768846,110.3847907,0.001
1788935611.547233,0.0,0.0,0.0,True,True,1.999,1.999,-7.768846,110.3847907,0.001,-7.768846,110.3847907,0.001
1788935611.7604475,0.0,0.0,0.0,True,True,1.999,1.999,-7.768846,110.3847907,0.001,-7.768846,110.3847907,0.001
1788935611.9740415,0.0,0.0,0.0,True,True,1.999,1.999,-7.768846,110.3847907,0.001,-7.768846,110.3847907,0.001
1788935612.1864505,0.0,0.0,0.0,True,True,1.999,1.999,-7.768846,110.3847907,0.001,-7.768846,110.3847907,0.001
1788935612.3990114,0.0,0.0,0.0,True,True,1.999,1.999,-7.768846,110.3847907,0.001,-7.768846,110.3847907,0.001
1788935612.5991166,0.0,0.0,0.0,True,True,1.999,1.999,-7.768846,110.3847907,0.001,-7.768846,110.3847907,0.001
1788935612.8006556,0.0,0.0,0.0,True,True,1.999,1.999,-7.768846,110.3847907,0.001,-7.768846,110.3847907,0.001
1788935613.0032628,0.0,0.0,0.0,True,True,1.999,1.999,-7.768846,110.3847907,0.001,-7.768846,110.3847907,0.001
1788935613.208754,0.0,0.0,0.0,True,True,1.999,1.999,-7.768846,110.3847907,0.001,-7.768846,110.3847907,0.001
1788935613.4226453,0.0,0.0,0.0,True,True,1.999,1.999,-7.768846,110.3847907,0.001,-7.768846,110.3847907,0.001
1788935613.6251392,0.0,0.0,0.0,True,True,1.999,1.999,-7.768846,110.3847907,0.001,-7.768846,110.3847907,0.001
1788935613.8270638,0.0,0.0,0.0,True,True,1.999,1.999,-7.768846,110.3847907,0.001,-7.768846,110.3847907,0.001
1788935614.0270865,0.0,0.0,0.0,True,True,1.999,1.999,-7.768846,110.3847907,0.001,-7.768846,110.3847907,0.001
1788935614.236314,0.0,0.0,0.0,True,True,1.999,1.999,-7.768846,110.3847907,0.001,-7.768846,110.3847907,0.001
1788935614.439305,0.0,0.0,0.0,True,True,1.999,1.999,-7.768846,110.3847907,0.001,-7.768846,110.3847907,0.001
1788935614.640052,0.0,0.0,0.0,True,True,1.999,1.999,-7.768846,110.3847907,0.001,-7.768846,110.3847907,0.001
1788935614.8415723,0.0,0.0,0.0,True,True,1.999,1.999,-7.768846,110.3847907,0.001,-7.768846,110.3847907,0.001
1788935615.0450163,0.0,0.0,0.0,True,True,1.999,1.999,-7.768846,110.3847907,0.001,-7.768846,110.3847907,0.001
1788935615.2453778,0.0,0.0,0.0,True,True,1.999,1.999,-7.768846,110.3847907,0.001,-7.768846,110.3847907,0.001
1788935615.446679,0.0,0.0,0.0,True,True,1.999,1.999,-7.768846,110.3847907,0.001,-7.768846,110.3847907,0.001
1788935615.650655,0.0,0.0,0.0,True,True,1.999,1.999,-7.768846,110.3847907,0.001,-7.768846,110.3847907,0.001
1788935615.853829,0.0,0.0,0.0,True,True,1.999,1.999,-7.768846,110.3847907,0.001,-7.768846,110.3847907,0.001
1788935616.0556557,0.0,0.0,0.0,True,True,1.999,1.999,-7.768846,110.3847907,0.001,-7.768846,110.3847907,0.001
1788935616.258933,0.0,0.0,0.0,True,True,1.999,1.999,-7.768846,110.3847907,0.001,-7.768846,110.3847907,0.001
1788935616.4614508,0.0,0.0,0.0,True,True,1.999,1.999,-7.768846,110.3847907,0.001,-7.768846,110.3847907,0.001
1788935616.6636808,0.0,0.0,0.0,True,True,1.999,1.999,-7.768846,110.3847907,0.001,-7.768846,110.3847907,0.001
1788935616.878624,0.0,0.0,0.0,True,True,1.999,1.999,-7.768846,110.3847907,0.001,-7.768846,110.3847907,0.001
1788935617.0804732,0.0,0.0,0.0,True,True,1.999,1.999,-7.768846,110.3847907,0.001,-7.768846,110.3847907,0.001
1788935617.2805367,0.0,0.0,0.0,True,True,1.999,1.999,-7.768846,110.3847907,0.001,-7.768846,110.3847907,0.001
1788935617.4942725,0.0,0.0,0.0,True,True,1.999,1.999,-7.768846,110.3847907,0.001,-7.768846,110.3847907,0.001
1788935617.708625,0.0,0.0,0.0,True,True,1.999,1.999,-7.768846,110.3847907,0.001,-7.768846,110.3847907,0.001
1788935617.9110007,0.0,0.0,0.0,True,True,1.999,1.999,-7.768846,110.3847907,0.001,-7.768846,110.3847907,0.001
1788935618.114797,0.0,0.0,0.0,True,True,1.999,1.999,-7.768846,110.3847907,0.001,-7.768846,110.3847907,0.001
1788935618.318057,0.0,0.0,0.0,True,True,1.999,1.999,-7.768846,110.3847907,0.001,-7.768846,110.3847907,0.001
1788935618.518048,0.0,0.0,0.0,True,True,1.999,1.999,-7.768846,110.3847907,0.001,-7.768846,110.3847907,0.001
1788935618.733751,0.0,0.0,0.0,True,True,1.999,1.999,-7.768846,110.3847907,0.001,-7.768846,110.3847907,0.001
1788935618.9346848,0.0,0.0,0.0,True,True,1.999,1.999,-7.768846,110.3847907,0.001,-7.768846,110.3847907,0.001
1788935619.1347494,0.0,0.0,0.0,True,True,1.999,1.999,-7.768846,110.3847907,0.001,-7.768846,110.3847907,0.001
1788935619.3359592,0.0,0.0,0.0,True,True,1.999,1.999,-7.768846,110.3847907,0.001,-7.768846,110.3847907,0.001
1788935619.5390444,0.0,0.0,0.0,True,True,1.999,1.999,-7.768846,110.3847907,0.001,-7.768846,110.3847907,0.001
1788935619.7401958,0.0,0.0,0.0,True,True,1.999,1.999,-7.768846,110.3847907,0.001,-7.768846,110.3847907,0.001
1788935619.9431942,0.0,0.0,0.0,True,True,1.999,1.999,-7.768846,110.3847907,0.001,-7.768846,110.3847907,0.001
1788935620.1466355,0.0,0.0,0.0,True,True,1.999,1.999,-7.768846,110.3847907,0.001,-7.768846,110.3847907,0.001
1788935620.3481965,0.0,0.0,0.0,True,True,1.999,1.999,-7.768846,110.3847907,0.001,-7.768846,110.3847907,0.001
1788935620.5520928,0.0,0.0,0.0,True,True,1.999,1.999,-7.768846,110.3847907,0.001,-7.768846,110.3847907,0.001
1788935620.7565408,0.0,0.0,0.0,True,True,1.999,1.999,-7.768846,110.3847907,0.001,-7.768846,110.3847907,0.001
1788935620.959553,0.0,0.0,0.0,True,True,1.999,1.999,-7.768846,110.3847907,0.001,-7.768846,110.3847907,0.001
1788935621.1614447,0.0,0.0,0.0,True,True,1.999,1.999,-7.768846,110.3847907,0.001,-7.768846,110.3847907,0.001
1788935621.3633666,0.0,0.0,0.0,True,True,1.999,1.999,-7.768846,110.3847907,0.001,-7.768846,110.3847907,0.001
1788935621.5668402,0.0,0.0,0.0,True,True,1.999,1.999,-7.768846,110.3847907,0.001,-7.768846,110.3847907,0.001
1788935621.769445,0.0,0.0,0.0,True,True,1.999,1.999,-7.768846,110.3847907,0.001,-7.768846,110.3847907,0.001
1788935621.9724731,0.0,0.0,0.0,True,True,1.999,1.999,-7.768846,110.3847907,0.001,-7.768846,110.3847907,0.001
1788935622.1763988,0.0,0.0,0.0,True,True,1.999,1.999,-7.768846,110.3847907,0.001,-7.768846,110.3847907,0.001
1788935622.3776958,0.0,0.0,0.0,True,True,1.999,1.999,-7.768846,110.3847907,0.001,-7.768846,110.3847907,0.001
1788935622.580291,0.0,0.0,0.0,True,True,1.999,1.999,-7.768846,110.3847907,0.001,-7.768846,110.3847907,0.001
1788935622.7826898,0.0,0.0,0.0,True,True,1.999,1.999,-7.768846,110.3847907,0.001,-7.768846,110.3847907,0.001
1788935622.9862323,0.0,0.0,0.0,True,True,1.999,1.999,-7.768846,110.3847907,0.001,-7.768846,110.3847907,0.001
1788935623.1890998,0.0,0.0,0.0,True,True,1.999,1.999,-7.768846,110.3847907,0.001,-7.768846,110.3847907,0.001
1788935623.3945541,0.0,0.0,0.0,True,True,1.999,1.999,-7.768846,110.3847907,0.001,-7.768846,110.3847907,0.001
1788935623.59487,0.0,0.0,0.0,True,True,1.999,1.999,-7.768846,110.3847907,0.001,-7.768846,110.3847907,0.001
1788935623.7973623,0.0,0.0,0.0,True,True,1.999,1.999,-7.768846,110.3847907,0.001,-7.768846,110.3847907,0.001
1788935624.000029,0.0,0.0,0.0,True,True,1.999,1.999,-7.768846,110.3847907,0.001,-7.768846,110.3847907,0.001
1788935624.2040935,0.0,0.0,0.0,True,True,1.999,1.999,-7.768846,110.3847907,0.001,-7.768846,110.3847907,0.001
1788935624.4070933,0.0,0.0,0.0,True,True,1.999,1.999,-7.768846,110.3847907,0.001,-7.768846,110.3847907,0.001
1788935624.6083007,0.0,0.0,0.0,True,True,1.999,1.999,-7.768846,110.3847907,0.001,-7.768846,110.3847907,0.001
1788935624.8098688,0.0,0.0,0.0,True,True,1.999,1.999,-7.768846,110.3847907,0.001,-7.768846,110.3847907,0.001
1788935625.01019,0.0,0.0,0.0,True,True,1.999,1.999,-7.768846,110.3847907,0.001,-7.768846,110.3847907,0.001
1788935625.2130585,0.0,0.0,0.0,True,True,1.999,1.999,-7.768846,110.3847907,0.001,-7.768846,110.3847907,0.001
1788935625.4136808,0.0,0.0,0.0,True,True,1.999,1.999,-7.768846,110.3847907,0.001,-7.768846,110.3847907,0.001
1788935625.6162448,0.0,0.0,0.0,True,True,1.999,1.999,-7.768846,110.3847907,0.001,-7.768846,110.3847907,0.001
1788935625.8185246,0.0,0.0,0.0,True,True,1.999,1.999,-7.768846,110.3847907,0.001,-7.768846,110.3847907,0.001
1788935626.0214486,0.0,0.0,0.0,True,True,1.999,1.999,-7.768846,110.3847907,0.001,-7.768846,110.3847907,0.001
1788935626.224165,0.0,0.0,0.0,True,True,1.999,1.999,-7.768846,110.3847907,0.001,-7.768846,110.3847907,0.001
1788935626.4395034,0.0,0.0,0.0,True,True,1.999,1.999,-7.768846,110.3847907,0.001,-7.768846,110.3847907,0.001
1788935626.6397905,0.0,0.0,0.0,True,True,1.999,1.999,-7.768846,110.3847907,0.001,-7.768846,110.3847907,0.001
1788935626.8398502,0.0,0.0,0.0,True,True,1.999,1.999,-7.768846,110.3847907,0.001,-7.768846,110.3847907,0.001
1788935627.0415568,0.0,0.0,0.0,True,True,1.999,1.999,-7.768846,110.3847907,0.001,-7.768846,110.3847907,0.001
1788935627.2441068,0.0,0.0,0.0,True,True,1.999,1.999,-7.768846,110.3847907,0.001,-7.768846,110.3847907,0.001
1788935627.4465816,0.0,0.0,0.0,True,True,1.999,1.999,-7.768846,110.3847907,0.001,-7.768846,110.3847907,0.001
1788935627.6473515,0.0,0.0,0.0,True,True,1.999,1.999,-7.768846,110.3847907,0.001,-7.768846,110.3847907,0.001
1788935627.85078,0.0,0.0,0.0,True,True,1.999,1.999,-7.768846,110.3847907,0.001,-7.768846,110.3847907,0.001
1788935628.0508952,0.0,0.0,0.0,True,True,1.999,1.999,-7.768846,110.3847907,0.001,-7.768846,110.3847907,0.001
1788935628.2537577,0.0,0.0,0.0,True,True,1.999,1.999,-7.768846,110.3847907,0.001,-7.768846,110.3847907,0.001
1788935628.4686346,0.0,0.0,0.0,True,True,1.999,1.999,-7.768846,110.3847907,0.001,-7.768846,110.3847907,0.001
1788935628.6697876,0.0,0.0,0.0,True,True,1.999,1.999,-7.768846,110.3847907,0.001,-7.768846,110.3847907,0.001
1788935628.8721535,0.0,0.0,0.0,True,True,1.999,1.999,-7.768846,110.3847907,0.001,-7.768846,110.3847907,0.001
1788935629.0734587,0.0,0.0,0.0,True,True,1.999,1.999,-7.768846,110.3847907,0.001,-7.768846,110.3847907,0.001
1788935629.2743897,0.0,0.0,0.0,True,True,1.999,1.999,-7.768846,110.3847907,0.001,-7.768846,110.3847907,0.001
1788935629.4763532,0.0,0.0,0.0,True,True,1.999,1.999,-7.768846,110.3847907,0.001,-7.768846,110.3847907,0.001
1788935629.683237,0.0,0.0,0.0,True,True,1.999,1.999,-7.768846,110.3847907,0.001,-7.768846,110.3847907,0.001
1788935629.8834012,0.0,0.0,0.0,True,True,1.999,1.999,-7.768846,110.3847907,0.001,-7.768846,110.3847907,0.001
1788935630.0851753,0.0,0.0,0.0,True,True,1.999,1.999,-7.768846,110.3847907,0.001,-7.768846,110.3847907,0.001
1788935630.2864685,0.0,0.0,0.0,True,True,1.999,1.999,-7.768846,110.3847907,0.001,-7.768846,110.3847907,0.001
1788935630.4866943,0.0,0.0,0.0,True,True,1.999,1.999,-7.768846,110.3847907,0.001,-7.768846,110.3847907,0.001
1788935630.6892328,0.0,0.0,0.0,True,True,1.999,1.999,-7.768846,110.3847907,0.001,-7.768846,110.3847907,0.001
1788935630.8897128,0.0,0.0,0.0,True,True,1.999,1.999,-7.768846,110.3847907,0.001,-7.768846,110.3847907,0.001
1788935631.0920317,0.0,0.0,0.0,True,True,1.999,1.999,-7.768846,110.3847907,0.001,-7.768846,110.3847907,0.001
1788935631.2926326,0.0,0.0,0.0,True,True,1.999,1.999,-7.768846,110.3847907,0.001,-7.768846,110.3847907,0.001
1788935631.4955494,0.0,0.0,0.0,True,True,1.999,1.999,-7.768846,110.3847907,0.001,-7.768846,110.3847907,0.001
1788935631.6980505,0.0,0.0,0.0,True,True,1.999,1.999,-7.768846,110.3847907,0.001,-7.768846,110.3847907,0.001
1788935631.9008372,0.0,0.0,0.0,True,True,1.999,1.999,-7.768846,110.3847907,0.001,-7.768846,110.3847907,0.001
1788935632.1013365,0.0,0.0,0.0,True,True,1.999,1.999,-7.768846,110.3847907,0.001,-7.768846,110.3847907,0.001
1788935632.3036864,0.0,0.0,0.0,True,True,1.999,1.999,-7.768846,110.3847907,0.001,-7.768846,110.3847907,0.001
1788935632.5070481,0.0,0.0,0.0,True,True,1.999,1.999,-7.768846,110.3847907,0.001,-7.768846,110.3847907,0.001
1788935632.7083855,0.0,0.0,0.0,True,True,1.999,1.999,-7.768846,110.3847907,0.001,-7.768846,110.3847907,0.001
1788935632.9095817,0.0,0.0,0.0,True,True,1.999,1.999,-7.768846,110.3847907,0.001,-7.768846,110.3847907,0.001
1788935633.1106865,0.0,0.0,0.0,True,True,1.999,1.999,-7.768846,110.3847907,0.001,-7.768846,110.3847907,0.001
1788935633.3129885,0.0,0.0,0.0,True,True,1.999,1.999,-7.768846,110.3847907,0.001,-7.768846,110.3847907,0.001
1788935633.5174851,0.0,0.0,0.0,True,True,1.999,1.999,-7.768846,110.3847907,0.001,-7.768846,110.3847907,0.001
1788935633.7178693,0.0,0.0,0.0,True,True,1.999,1.999,-7.768846,110.3847907,0.001,-7.768846,110.3847907,0.001
1788935633.918255,0.0,0.0,0.0,True,True,1.999,1.999,-7.768846,110.3847907,0.001,-7.768846,110.3847907,0.001
1788935634.1189456,0.0,0.0,0.0,True,True,1.999,1.999,-7.768846,110.3847907,0.001,-7.768846,110.3847907,0.001
1788935634.3203003,0.0,0.0,0.0,True,True,1.999,1.999,-7.768846,110.3847907,0.001,-7.768846,110.3847907,0.001
1788935634.521929,0.0,0.0,0.0,True,True,1.999,1.999,-7.768846,110.3847907,0.001,-7.768846,110.3847907,0.001
1788935634.7313292,0.0,0.0,0.0,True,True,1.999,1.999,-7.768846,110.3847907,0.001,-7.768846,110.3847907,0.001
1788935634.9316072,0.0,0.0,0.0,True,True,1.999,1.999,-7.768846,110.3847907,0.001,-7.768846,110.3847907,0.001
1788935635.1352837,0.0,0.0,0.0,True,True,1.999,1.999,-7.768846,110.3847907,0.001,-7.768846,110.3847907,0.001
1788935635.3500998,0.0,0.0,0.0,True,True,1.999,1.999,-7.768846,110.3847907,0.001,-7.768846,110.3847907,0.001
1788935635.5507128,0.0,0.0,0.0,True,True,1.999,1.999,-7.768846,110.3847907,0.001,-7.768846,110.3847907,0.001
1788935635.7650795,0.0,0.0,0.0,True,True,1.999,1.999,-7.768846,110.3847907,0.001,-7.768846,110.3847907,0.001
1788935635.9794858,0.0,0.0,0.0,True,True,1.999,1.999,-7.768846,110.3847907,0.001,-7.768846,110.3847907,0.001
1788935636.179662,0.0,0.0,0.0,True,True,1.999,1.999,-7.768846,110.3847907,0.001,-7.768846,110.3847907,0.001
1788935636.3840394,0.0,0.0,0.0,True,True,1.999,1.999,-7.768846,110.3847907,0.001,-7.768846,110.3847907,0.001
1788935636.5849943,0.0,0.0,0.0,True,True,1.999,1.999,-7.768846,110.3847907,0.001,-7.768846,110.3847907,0.001
1788935636.7865684,0.0,0.0,0.0,True,True,1.999,1.999,-7.768846,110.3847907,0.001,-7.768846,110.3847907,0.001
1788935637.001286,0.0,0.0,0.0,True,True,1.999,1.999,-7.768846,110.3847907,0.001,-7.768846,110.3847907,0.001
1788935637.2025936,0.0,0.0,0.0,True,True,1.999,1.999,-7.768846,110.3847907,0.001,-7.768846,110.3847907,0.001
1788935637.4040692,0.0,0.0,0.0,True,True,1.999,1.999,-7.768846,110.3847907,0.001,-7.768846,110.3847907,0.001
1788935637.614616,0.0,0.0,0.0,True,True,1.999,1.999,-7.768846,110.3847907,0.001,-7.768846,110.3847907,0.001
1788935637.81544,0.0,0.0,0.0,True,True,1.999,1.999,-7.768846,110.3847907,0.001,-7.768846,110.3847907,0.001
1788935638.0155277,0.0,0.0,0.0,True,True,1.999,1.999,-7.768846,110.3847907,0.001,-7.768846,110.3847907,0.001
1788935638.2161303,0.0,0.0,0.0,True,True,1.999,1.999,-7.768846,110.3847907,0.001,-7.768846,110.3847907,0.001
1788935638.4168837,0.0,0.0,0.0,True,True,1.999,1.999,-7.768846,110.3847907,0.001,-7.768846,110.3847907,0.001
1788935638.6175177,0.0,0.0,0.0,True,True,1.999,1.999,-7.768846,110.3847907,0.001,-7.768846,110.3847907,0.001
1788935638.8316743,0.0,0.0,0.0,True,True,1.999,1.999,-7.768846,110.3847907,0.001,-7.768846,110.3847907,0.001
1788935639.0338707,0.0,0.0,0.0,True,True,1.999,1.999,-7.768846,110.3847907,0.001,-7.768846,110.3847907,0.001
1788935639.248037,0.0,0.0,0.0,True,True,1.999,1.999,-7.768846,110.3847907,0.001,-7.768846,110.3847907,0.001
1788935639.450304,0.0,0.0,0.0,True,True,1.999,1.999,-7.768846,110.3847907,0.001,-7.768846,110.3847907,0.001
1788935639.6527343,0.0,0.0,0.0,True,True,1.999,1.999,-7.768846,110.3847907,0.001,-7.768846,110.3847907,0.001
1788935639.8551633,0.0,0.0,0.0,True,True,1.999,1.999,-7.768846,110.3847907,0.001,-7.768846,110.3847907,0.001
1788935640.0563846,0.0,0.0,0.0,True,True,1.999,1.999,-7.768846,110.3847907,0.001,-7.768846,110.3847907,0.001
1788935640.2579017,0.0,0.0,0.0,True,True,1.999,1.999,-7.768846,110.3847907,0.001,-7.768846,110.3847907,0.001
1788935640.4605267,0.0,0.0,0.0,True,True,1.999,1.999,-7.768846,110.3847907,0.001,-7.768846,110.3847907,0.001
1788935640.6611707,0.0,0.0,0.0,True,True,1.999,1.999,-7.768846,110.3847907,0.001,-7.768846,110.3847907,0.001
1788935640.863249,0.0,0.0,0.0,True,True,1.999,1.999,-7.768846,110.3847907,0.001,-7.768846,110.3847907,0.001
1788935641.0633206,0.0,0.0,0.0,True,True,1.999,1.999,-7.768846,110.3847907,0.001,-7.768846,110.3847907,0.001
1788935641.2638445,0.0,0.0,0.0,True,True,1.999,1.999,-7.768846,110.3847907,0.001,-7.768846,110.3847907,0.001
1788935641.465311,0.0,0.0,0.0,True,True,1.999,1.999,-7.768846,110.3847907,0.001,-7.768846,110.3847907,0.001
1788935641.6675222,0.0,0.0,0.0,True,True,1.999,1.999,-7.768846,110.3847907,0.001,-7.768846,110.3847907,0.001
1788935641.8683627,0.0,0.0,0.0,True,True,1.999,1.999,-7.768846,110.3847907,0.001,-7.768846,110.3847907,0.001
1788935642.0719113,0.0,0.0,0.0,True,True,1.999,1.999,-7.768846,110.3847907,0.001,-7.768846,110.3847907,0.001
1788935642.2752151,0.0,0.0,0.0,True,True,1.999,1.999,-7.768846,110.3847907,0.001,-7.768846,110.3847907,0.001
1788935642.4763532,0.0,0.0,0.0,True,True,1.999,1.999,-7.768846,110.3847907,0.001,-7.768846,110.3847907,0.001
1788935642.6813095,0.0,0.0,0.0,True,True,1.999,1.999,-7.768846,110.3847907,0.001,-7.768846,110.3847907,0.001
1788935642.8824332,0.0,0.0,0.0,True,True,1.999,1.999,-7.768846,110.3847907,0.001,-7.768846,110.3847907,0.001
1788935643.08376,0.0,0.0,0.0,True,True,1.999,1.999,-7.768846,110.3847907,0.001,-7.768846,110.3847907,0.001
1788935643.2850626,0.0,0.0,0.0,True,True,1.999,1.999,-7.768846,110.3847907,0.001,-7.768846,110.3847907,0.001
1788935643.4873364,0.0,0.0,0.0,True,True,1.999,1.999,-7.768846,110.3847907,0.001,-7.768846,110.3847907,0.001
1788935643.6901343,0.0,0.0,0.0,True,True,1.999,1.999,-7.768846,110.3847907,0.001,-7.768846,110.3847907,0.001
1788935643.8920388,0.0,0.0,0.0,True,True,1.999,1.999,-7.768846,110.3847907,0.001,-7.768846,110.3847907,0.001
1788935644.0938933,0.0,0.0,0.0,True,True,1.999,1.999,-7.768846,110.3847907,0.001,-7.768846,110.3847907,0.001
1788935644.3086007,0.0,0.0,0.0,True,True,1.999,1.999,-7.768846,110.3847907,0.001,-7.768846,110.3847907,0.001
1788935644.5104463,0.0,0.0,0.0,True,True,1.999,1.999,-7.768846,110.3847907,0.001,-7.768846,110.3847907,0.001
1788935644.7115393,0.0,0.0,0.0,True,True,1.999,1.999,-7.768846,110.3847907,0.001,-7.768846,110.3847907,0.001
1788935644.9116652,0.0,0.0,0.0,True,True,1.999,1.999,-7.768846,110.3847907,0.001,-7.768846,110.3847907,0.001
1788935645.1264307,0.0,0.0,0.0,True,True,1.999,1.999,-7.768846,110.3847907,0.001,-7.768846,110.3847907,0.001
1788935645.3280587,0.0,0.0,0.0,True,True,1.999,1.999,-7.768846,110.3847907,0.001,-7.768846,110.3847907,0.001
1788935645.529064,0.0,0.0,0.0,True,True,1.999,1.999,-7.768846,110.3847907,0.001,-7.768846,110.3847907,0.001
1788935645.729538,0.0,0.0,0.0,True,True,1.999,1.999,-7.768846,110.3847907,0.001,-7.768846,110.3847907,0.001
1788935645.930536,0.0,0.0,0.0,True,True,1.999,1.999,-7.768846,110.3847907,0.001,-7.768846,110.3847907,0.001
1788935646.1308653,0.0,0.0,0.0,True,True,1.999,1.999,-7.768846,110.3847907,0.001,-7.768846,110.3847907,0.001
1788935646.3310337,0.0,0.0,0.0,True,True,1.999,1.999,-7.768846,110.3847907,0.001,-7.768846,110.3847907,0.001
1788935646.5314188,0.0,0.0,0.0,True,True,1.999,1.999,-7.768846,110.3847907,0.001,-7.768846,110.3847907,0.001
1788935646.7463534,0.0,0.0,0.0,True,True,1.999,1.999,-7.768846,110.3847907,0.001,-7.768846,110.3847907,0.001
1788935646.9472656,0.0,0.0,0.0,True,True,1.999,1.999,-7.768846,110.3847907,0.001,-7.768846,110.3847907,0.001
1788935647.1576972,0.0,0.0,0.0,True,True,1.999,1.999,-7.768846,110.3847907,0.001,-7.768846,110.3847907,0.001
1788935647.3584292,0.0,0.0,0.0,True,True,1.999,1.999,-7.768846,110.3847907,0.001,-7.768846,110.3847907,0.001
1788935647.5600996,0.0,0.0,0.0,True,True,1.999,1.999,-7.768846,110.3847907,0.001,-7.768846,110.3847907,0.001
1788935647.7627084,0.0,0.0,0.0,True,True,1.999,1.999,-7.768846,110.3847907,0.001,-7.768846,110.3847907,0.001
1788935647.9642398,0.0,0.0,0.0,True,True,1.999,1.999,-7.768846,110.3847907,0.001,-7.768846,110.3847907,0.001
1788935648.179071,0.0,0.0,0.0,True,True,1.999,1.999,-7.768846,110.3847907,0.001,-7.768846,110.3847907,0.001
1788935648.3818204,0.0,0.0,0.0,True,True,1.999,1.999,-7.768846,110.3847907,0.001,-7.768846,110.3847907,0.001
1788935648.5949008,0.0,0.0,0.0,True,True,1.999,1.999,-7.768846,110.3847907,0.001,-7.768846,110.3847907,0.001
1788935648.8081162,0.0,0.0,0.0,True,True,1.999,1.999,-7.768846,110.3847907,0.001,-7.768846,110.3847907,0.001
1788935649.0088701,0.0,0.0,0.0,True,True,1.999,1.999,-7.768846,110.3847907,0.001,-7.768846,110.3847907,0.001
1788935649.211148,0.0,0.0,0.0,True,True,1.999,1.999,-7.768846,110.3847907,0.001,-7.768846,110.3847907,0.001
1788935649.4140604,0.0,0.0,0.0,True,True,1.999,1.999,-7.768846,110.3847907,0.001,-7.768846,110.3847907,0.001
1788935649.6161318,0.0,0.0,0.0,True,True,1.999,1.999,-7.768846,110.3847907,0.001,-7.768846,110.3847907,0.001
1788935649.819527,0.0,0.0,0.0,True,True,1.999,1.999,-7.768846,110.3847907,0.001,-7.768846,110.3847907,0.001
1788935650.0212584,0.0,0.0,0.0,True,True,1.999,1.999,-7.768846,110.3847907,0.001,-7.768846,110.3847907,0.001
1788935650.2240145,0.0,0.0,0.0,True,True,1.999,1.999,-7.768846,110.3847907,0.001,-7.768846,110.3847907,0.001
1788935650.4253478,0.0,0.0,0.0,True,True,1.999,1.999,-7.768846,110.3847907,0.001,-7.768846,110.3847907,0.001
1788935650.6269338,0.0,0.0,0.0,True,True,1.999,1.999,-7.768846,110.3847907,0.001,-7.768846,110.3847907,0.001
1788935650.830534,0.0,0.0,0.0,True,True,1.999,1.999,-7.768846,110.3847907,0.001,-7.768846,110.3847907,0.001
1788935651.0324965,0.0,0.0,0.0,True,True,1.999,1.999,-7.768846,110.3847907,0.001,-7.768846,110.3847907,0.001
1788935651.2350607,0.0,0.0,0.0,True,True,1.999,1.999,-7.768846,110.3847907,0.001,-7.768846,110.3847907,0.001
1788935651.4361053,0.0,0.0,0.0,True,True,1.999,1.999,-7.768846,110.3847907,0.001,-7.768846,110.3847907,0.001
1788935651.637591,0.0,0.0,0.0,True,True,1.999,1.999,-7.768846,110.3847907,0.001,-7.768846,110.3847907,0.001
1788935651.8388216,0.0,0.0,0.0,True,True,1.999,1.999,-7.768846,110.3847907,0.001,-7.768846,110.3847907,0.001
1788935652.0425696,0.0,0.0,0.0,True,True,1.999,1.999,-7.768846,110.3847907,0.001,-7.768846,110.3847907,0.001
1788935652.245275,0.0,0.0,0.0,True,True,1.999,1.999,-7.768846,110.3847907,0.001,-7.768846,110.3847907,0.001
1788935652.4469087,0.0,0.0,0.0,True,True,1.999,1.999,-7.768846,110.3847907,0.001,-7.768846,110.3847907,0.001
1788935652.6474414,0.0,0.0,0.0,True,True,1.999,1.999,-7.768846,110.3847907,0.001,-7.768846,110.3847907,0.001
1788935652.8499403,0.0,0.0,0.0,True,True,1.999,1.999,-7.768846,110.3847907,0.001,-7.768846,110.3847907,0.001
1788935653.0534601,0.0,0.0,0.0,True,True,1.999,1.999,-7.768846,110.3847907,0.001,-7.768846,110.3847907,0.001
1788935653.254399,0.0,0.0,0.0,True,True,1.999,1.999,-7.768846,110.3847907,0.001,-7.768846,110.3847907,0.001
1788935653.4547195,0.0,0.0,0.0,True,True,1.999,1.999,-7.768846,110.3847907,0.001,-7.768846,110.3847907,0.001
1788935653.656875,0.0,0.0,0.0,True,True,1.999,1.999,-7.768846,110.3847907,0.001,-7.768846,110.3847907,0.001
1788935653.8637066,0.0,0.0,0.0,True,True,1.999,1.999,-7.768846,110.3847907,0.001,-7.768846,110.3847907,0.001
1788935654.0650954,0.001,0.001,0.0,True,True,2.0,3.0,-7.768846,110.3847907,0,-7.768846,110.3847907,0.001
1788935654.2657857,0.001,0.001,0.0,True,True,2.0,5.1,-7.768846,110.3847907,0,-7.768846,110.3847907,0.001
1788935654.4798772,0.001,0.001,0.0,True,True,2.0,6.569999999999999,-7.768846,110.3847907,0,-7.768846,110.3847907,0.001
1788935654.680981,0.001,0.001,0.0,True,True,2.0,7.598999999999999,-7.768846,110.3847907,0,-7.768846,110.3847907,0.001
1788935654.882603,0.001,0.001,0.0,True,True,2.0,8.319299999999998,-7.768846,110.3847907,0,-7.768846,110.3847907,0.001
1788935655.083837,0.001,0.001,0.0,True,True,2.0,8.823509999999999,-7.768846,110.3847907,0,-7.768846,110.3847907,0.001
1788935655.28425,0.0,0.0,0.0,True,True,2.0,6.176456999999999,-7.768846,110.3847907,0,-7.768846,110.3847907,0
1788935655.4985921,0.0,0.0,0.0,True,True,2.0,4.323519899999999,-7.768846,110.3847907,0,-7.768846,110.3847907,0
1788935655.701116,0.0,0.0,0.0,True,True,2.0,3.0264639299999994,-7.768846,110.3847907,0,-7.768846,110.3847907,0
1788935655.9024894,0.0,0.0,0.0,True,True,2.0,2.1185247509999994,-7.768846,110.3847907,0,-7.768846,110.3847907,0
1788935656.1039236,0.001,0.001,0.0,True,True,1.999,2.0,-7.768846,110.3847907,0.001,-7.768846,110.3847907,0
1788935656.30856,0.001,0.001,0.0,True,True,4.06192287201,2.0,-7.768846,110.3847907,0.001,-7.768846,110.3847907,0
1788935656.510299,0.001,0.001,0.0,True,True,5.843346010407,2.0,-7.768846,110.3847907,0.001,-7.768846,110.3847907,0
1788935656.7251766,0.001,0.001,0.0,True,True,7.0903422072849,2.0,-7.768846,110.3847907,0.001,-7.768846,110.3847907,0
1788935656.9278934,0.001,0.001,0.0,True,True,7.963239545099429,2.0,-7.768846,110.3847907,0.001,-7.768846,110.3847907,0
1788935657.1296601,0.001,0.001,0.0,True,True,8.574267681569602,2.0,-7.768846,110.3847907,0.001,-7.768846,110.3847907,0
1788935657.342142,0.0,0.0,0.0,True,True,6.001987377098721,1.999,-7.768846,110.3847907,0.001,-7.768846,110.3847907,0.001
1788935657.5457225,0.0,0.0,0.0,True,True,4.201391163969104,1.999,-7.768846,110.3847907,0.001,-7.768846,110.3847907,0.001
1788935657.760593,0.0,0.0,0.0,True,True,2.940973814778373,1.999,-7.768846,110.3847907,0.001,-7.768846,110.3847907,0.001
1788935657.970804,0.0,0.0,0.0,True,True,2.058681670344861,1.999,-7.768846,110.3847907,0.001,-7.768846,110.3847907,0.001
1788935658.1710858,0.0,0.0,0.0,True,True,1.999,1.999,-7.768846,110.3847907,0.001,-7.768846,110.3847907,0.001
1788935658.3727257,0.0,0.0,0.0,True,True,1.999,1.999,-7.768846,110.3847907,0.001,-7.768846,110.3847907,0.001
1788935658.5737028,0.0,0.0,0.0,True,True,1.999,1.999,-7.768846,110.3847907,0.001,-7.768846,110.3847907,0.001
1788935658.774098,0.0,0.0,0.0,True,True,1.999,1.999,-7.768846,110.3847907,0.001,-7.768846,110.3847907,0.001
1788935658.9751647,0.0,0.0,0.0,True,True,1.999,1.999,-7.768846,110.3847907,0.001,-7.768846,110.3847907,0.001
1788935659.1777852,0.0,0.0,0.0,True,True,1.999,1.999,-7.768846,110.3847907,0.001,-7.768846,110.3847907,0.001
1788935659.3807826,0.0,0.0,0.0,True,True,1.999,1.999,-7.768846,110.3847907,0.001,-7.768846,110.3847907,0.001
1788935659.5842943,0.0,0.0,0.0,True,True,1.999,1.999,-7.768846,110.3847907,0.001,-7.768846,110.3847907,0.001
1788935659.7853255,0.0,0.0,0.0,True,True,1.999,1.999,-7.768846,110.3847907,0.001,-7.768846,110.3847907,0.001
1788935659.9856412,0.0,0.0,0.0,True,True,1.999,1.999,-7.768846,110.3847907,0.001,-7.768846,110.3847907,0.001
1788935660.1870434,0.0,0.0,0.0,True,True,1.999,1.999,-7.768846,110.3847907,0.001,-7.768846,110.3847907,0.001
1788935660.3875065,0.0,0.0,0.0,True,True,1.999,1.999,-7.768846,110.3847907,0.001,-7.768846,110.3847907,0.001
1788935660.6026886,0.0,0.0,0.0,True,True,1.999,1.999,-7.768846,110.3847907,0.001,-7.768846,110.3847907,0.001
1788935660.802908,0.0,0.0,0.0,True,True,1.999,1.999,-7.768846,110.3847907,0.001,-7.768846,110.3847907,0.001
1788935661.004038,0.0,0.0,0.0,True,True,1.999,1.999,-7.768846,110.3847907,0.001,-7.768846,110.3847907,0.001
1788935661.204758,0.0,0.0,0.0,True,True,1.999,1.999,-7.768846,110.3847907,0.001,-7.768846,110.3847907,0.001
1788935661.4063342,0.0,0.0,0.0,True,True,1.999,1.999,-7.768846,110.3847907,0.001,-7.768846,110.3847907,0.001
1788935661.6080694,0.0,0.0,0.0,True,True,1.999,1.999,-7.768846,110.3847907,0.001,-7.768846,110.3847907,0.001
1788935661.809952,0.0,0.0,0.0,True,True,1.999,1.999,-7.768846,110.3847907,0.001,-7.768846,110.3847907,0.001
1788935662.0123863,0.0,0.0,0.0,True,True,1.999,1.999,-7.768846,110.3847907,0.001,-7.768846,110.3847907,0.001
1788935662.2142487,0.0,0.0,0.0,True,True,1.999,1.999,-7.768846,110.3847907,0.001,-7.768846,110.3847907,0.001
1788935662.4161863,0.0,0.0,0.0,True,True,1.999,1.999,-7.768846,110.3847907,0.001,-7.768846,110.3847907,0.001
1788935662.6192288,0.0,0.0,0.0,True,True,1.999,1.999,-7.768846,110.3847907,0.001,-7.768846,110.3847907,0.001
1788935662.8207514,0.0,0.0,0.0,True,True,1.999,1.999,-7.768846,110.3847907,0.001,-7.768846,110.3847907,0.001
1788935663.0355232,0.0,0.0,0.0,True,True,1.999,1.999,-7.768846,110.3847907,0.001,-7.768846,110.3847907,0.001
1788935663.2501483,0.0,0.0,0.0,True,True,1.999,1.999,-7.768846,110.3847907,0.001,-7.768846,110.3847907,0.001
1788935663.4603002,0.0,0.0,0.0,True,True,1.999,1.999,-7.768846,110.3847907,0.001,-7.768846,110.3847907,0.001
1788935663.6716707,0.0,0.0,0.0,True,True,1.999,1.999,-7.768846,110.3847907,0.001,-7.768846,110.3847907,0.001
1788935663.8849983,0.0,0.0,0.0,True,True,1.999,1.999,-7.768846,110.3847907,0.001,-7.768846,110.3847907,0.001
1788935664.0868683,0.0,0.0,0.0,True,True,1.999,1.999,-7.768846,110.3847907,0.001,-7.768846,110.3847907,0.001
1788935664.2881267,0.0,0.0,0.0,True,True,1.999,1.999,-7.768846,110.3847907,0.001,-7.768846,110.3847907,0.001
1788935664.503576,0.0,0.0,0.0,True,True,1.999,1.999,-7.768846,110.3847907,0.001,-7.768846,110.3847907,0.001
1788935664.719005,0.0,0.0,0.0,True,True,1.999,1.999,-7.768846,110.3847907,0.001,-7.768846,110.3847907,0.001
1788935664.921833,0.0,0.0,0.0,True,True,1.999,1.999,-7.768846,110.3847907,0.001,-7.768846,110.3847907,0.001
1788935665.1233752,0.0,0.0,0.0,True,True,1.999,1.999,-7.768846,110.3847907,0.001,-7.768846,110.3847907,0.001
1788935665.338076,0.0,0.0,0.0,True,True,1.999,1.999,-7.768846,110.3847907,0.001,-7.768846,110.3847907,0.001
1788935665.5383828,0.0,0.0,0.0,True,True,1.999,1.999,-7.768846,110.3847907,0.001,-7.768846,110.3847907,0.001
1788935665.7499192,0.0,0.0,0.0,True,True,1.999,1.999,-7.768846,110.3847907,0.001,-7.768846,110.3847907,0.001
1788935665.9502704,0.0,0.0,0.0,True,True,1.999,1.999,-7.768846,110.3847907,0.001,-7.768846,110.3847907,0.001
1788935666.1543448,0.0,0.0,0.0,True,True,1.999,1.999,-7.768846,110.3847907,0.001,-7.768846,110.3847907,0.001
1788935666.3690617,0.0,0.0,0.0,True,True,1.999,1.999,-7.768846,110.3847907,0.001,-7.768846,110.3847907,0.001
1788935666.5699646,0.0,0.0,0.0,True,True,1.999,1.999,-7.768846,110.3847907,0.001,-7.768846,110.3847907,0.001
1788935666.7720704,0.0,0.0,0.0,True,True,1.999,1.999,-7.768846,110.3847907,0.001,-7.768846,110.3847907,0.001
1788935666.97262,0.0,0.0,0.0,True,True,1.999,1.999,-7.768846,110.3847907,0.001,-7.768846,110.3847907,0.001
1788935667.1870518,0.0,0.0,0.0,True,True,1.999,1.999,-7.768846,110.3847907,0.001,-7.768846,110.3847907,0.001
1788935667.3888404,0.0,0.0,0.0,True,True,1.999,1.999,-7.768846,110.3847907,0.001,-7.768846,110.3847907,0.001
1788935667.5913646,0.0,0.0,0.0,True,True,1.999,1.999,-7.768846,110.3847907,0.001,-7.768846,110.3847907,0.001
1788935667.7943013,0.0,0.0,0.0,True,True,1.999,1.999,-7.768846,110.3847907,0.001,-7.768846,110.3847907,0.001
1788935667.9966908,0.0,0.0,0.0,True,True,1.999,1.999,-7.768846,110.3847907,0.001,-7.768846,110.3847907,0.001
1788935668.1977546,0.0,0.0,0.0,True,True,1.999,1.999,-7.768846,110.3847907,0.001,-7.768846,110.3847907,0.001
1788935668.4124694,0.0,0.0,0.0,True,True,1.999,1.999,-7.768846,110.3847907,0.001,-7.768846,110.3847907,0.001
1788935668.613212,0.0,0.0,0.0,True,True,1.999,1.999,-7.768846,110.3847907,0.001,-7.768846,110.3847907,0.001
1788935668.8150325,0.0,0.0,0.0,True,True,1.999,1.999,-7.768846,110.3847907,0.001,-7.768846,110.3847907,0.001
1788935669.0152547,0.0,0.0,0.0,True,True,1.999,1.999,-7.768846,110.3847907,0.001,-7.768846,110.3847907,0.001
1788935669.2158766,0.0,0.0,0.0,True,True,1.999,1.999,-7.768846,110.3847907,0.001,-7.768846,110.3847907,0.001
1788935669.416734,0.0,0.0,0.0,True,True,1.999,1.999,-7.768846,110.3847907,0.001,-7.768846,110.3847907,0.001
1788935669.618744,0.0,0.0,0.0,True,True,1.999,1.999,-7.768846,110.3847907,0.001,-7.768846,110.3847907,0.001
1788935669.8208237,0.0,0.0,0.0,True,True,1.999,1.999,-7.768846,110.3847907,0.001,-7.768846,110.3847907,0.001
1788935670.0353231,0.0,0.0,0.0,True,True,1.999,1.999,-7.768846,110.3847907,0.001,-7.768846,110.3847907,0.001
1788935670.2367744,0.0,0.0,0.0,True,True,1.999,1.999,-7.768846,110.3847907,0.001,-7.768846,110.3847907,0.001
1788935670.4509315,0.0,0.0,0.0,True,True,1.999,1.999,-7.768846,110.3847907,0.001,-7.768846,110.3847907,0.001
1788935670.6523278,0.0,0.0,0.0,True,True,1.999,1.999,-7.768846,110.3847907,0.001,-7.768846,110.3847907,0.001
1788935670.8542714,0.0,0.0,0.0,True,True,1.999,1.999,-7.768846,110.3847907,0.001,-7.768846,110.3847907,0.001
1788935671.064287,0.0,0.0,0.0,True,True,1.999,1.999,-7.768846,110.3847907,0.001,-7.768846,110.3847907,0.001
1788935671.2790816,0.0,0.0,0.0,True,True,1.999,1.999,-7.768846,110.3847907,0.001,-7.768846,110.3847907,0.001
1788935671.4814215,0.001,0.001,0.0,True,True,2.0,2.999999999876956,-7.768846,110.3847907,0,-7.768846,110.3847907,0.001
1788935671.6843789,0.001,0.001,0.0,True,True,2.0,5.099999999913869,-7.768846,110.3847907,0,-7.768846,110.3847907,0.001
1788935671.8852901,0.001,0.001,0.0,True,True,2.0,6.569999999939709,-7.768846,110.3847907,0,-7.768846,110.3847907,0.001
1788935672.0890508,0.001,0.001,0.0,True,True,2.0,7.598999999957796,-7.768846,110.3847907,0,-7.768846,110.3847907,0.001
1788935672.2924268,0.001,0.001,0.0,True,True,2.0,8.319299999970458,-7.768846,110.3847907,0,-7.768846,110.3847907,0.001
1788935672.493761,0.0,0.0,0.0,True,True,2.0,5.82350999997932,-7.768846,110.3847907,0,-7.768846,110.3847907,0
1788935672.6950855,0.0,0.0,0.0,True,True,2.0,4.076456999985524,-7.768846,110.3847907,0,-7.768846,110.3847907,0
1788935672.8967397,0.0,0.0,0.0,True,True,2.0,2.8535198999898665,-7.768846,110.3847907,0,-7.768846,110.3847907,0
1788935673.0975988,0.0,0.0,0.0,True,True,2.0,2.0,-7.768846,110.3847907,0,-7.768846,110.3847907,0
1788935673.299333,0.0,0.0,0.0,True,True,2.0,2.0,-7.768846,110.3847907,0,-7.768846,110.3847907,0
1788935673.5002697,0.0,0.0,0.0,True,True,2.0,2.0,-7.768846,110.3847907,0,-7.768846,110.3847907,0
1788935673.7006326,0.0,0.0,0.0,True,True,2.0,2.0,-7.768846,110.3847907,0,-7.768846,110.3847907,0
1788935673.9023523,0.0,0.0,0.0,True,True,2.0,2.0,-7.768846,110.3847907,0,-7.768846,110.3847907,0
1788935674.1029696,0.0,0.0,0.0,True,True,2.0,2.0,-7.768846,110.3847907,0,-7.768846,110.3847907,0
1788935674.3042183,0.0,0.0,0.0,True,True,2.0,2.0,-7.768846,110.3847907,0,-7.768846,110.3847907,0
1788935674.5171611,0.0,0.0,0.0,True,True,2.0,2.0,-7.768846,110.3847907,0,-7.768846,110.3847907,0
1788935674.7191718,0.0,0.0,0.0,True,True,2.0,2.0,-7.768846,110.3847907,0,-7.768846,110.3847907,0
1788935674.9213302,0.0,0.0,0.0,True,True,2.0,2.0,-7.768846,110.3847907,0,-7.768846,110.3847907,0
1788935675.1354597,0.0,0.0,0.0,True,True,2.0,2.0,-7.768846,110.3847907,0,-7.768846,110.3847907,0
1788935675.3489692,0.0,0.0,0.0,True,True,2.0,2.0,-7.768846,110.3847907,0,-7.768846,110.3847907,0
1788935675.5516636,0.0,0.0,0.0,True,True,2.0,2.0,-7.768846,110.3847907,0,-7.768846,110.3847907,0
1788935675.7531428,0.0,0.0,0.0,True,True,2.0,2.0,-7.768846,110.3847907,0,-7.768846,110.3847907,0
1788935675.9598918,0.0,0.0,0.0,True,True,2.0,2.0,-7.768846,110.3847907,0,-7.768846,110.3847907,0
1788935676.1612883,0.0,0.0,0.0,True,True,2.0,2.0,-7.768846,110.3847907,0,-7.768846,110.3847907,0
1788935676.3617961,0.0,0.0,0.0,True,True,2.0,2.0,-7.768846,110.3847907,0,-7.768846,110.3847907,0
1788935676.5762336,0.001,0.001,0.0,True,True,2.9953532893929484,2.0,-7.768846,110.3847907,0.001,-7.768846,110.3847907,0
1788935676.7777488,0.001,0.001,0.0,True,True,5.096747302575064,2.0,-7.768846,110.3847907,0.001,-7.768846,110.3847907,0
1788935676.978999,0.001,0.001,0.0,True,True,6.567723111802545,2.0,-7.768846,110.3847907,0.001,-7.768846,110.3847907,0
1788935677.1804929,0.001,0.001,0.0,True,True,7.597406178261781,2.0,-7.768846,110.3847907,0.001,-7.768846,110.3847907,0
1788935677.3825874,0.001,0.001,0.0,True,True,8.318184324783246,2.0,-7.768846,110.3847907,0.001,-7.768846,110.3847907,0
1788935677.5846176,0.0,0.0,0.0,True,True,5.822729027348272,1.999,-7.768846,110.3847907,0.001,-7.768846,110.3847907,0.001
1788935677.7867513,0.0,0.0,0.0,True,True,4.07591031914379,1.999,-7.768846,110.3847907,0.001,-7.768846,110.3847907,0.001
1788935677.9885185,0.0,0.0,0.0,True,True,2.853137223400653,1.999,-7.768846,110.3847907,0.001,-7.768846,110.3847907,0.001
1788935678.1918347,0.0,0.0,0.0,True,True,1.999,1.999,-7.768846,110.3847907,0.001,-7.768846,110.3847907,0.001
1788935678.3930721,0.0,0.0,0.0,True,True,1.999,1.999,-7.768846,110.3847907,0.001,-7.768846,110.3847907,0.001
1788935678.5939915,0.0,0.0,0.0,True,True,1.999,1.999,-7.768846,110.3847907,0.001,-7.768846,110.3847907,0.001
1788935678.7956853,0.0,0.0,0.0,True,True,1.999,1.999,-7.768846,110.3847907,0.001,-7.768846,110.3847907,0.001
1788935678.9970746,0.0,0.0,0.0,True,True,1.999,1.999,-7.768846,110.3847907,0.001,-7.768846,110.3847907,0.001
1788935679.1987581,0.0,0.0,0.0,True,True,1.999,1.999,-7.768846,110.3847907,0.001,-7.768846,110.3847907,0.001
1788935679.401182,0.0,0.0,0.0,True,True,1.999,1.999,-7.768846,110.3847907,0.001,-7.768846,110.3847907,0.001
1788935679.616117,0.0,0.0,0.0,True,True,1.999,1.999,-7.768846,110.3847907,0.001,-7.768846,110.3847907,0.001
1788935679.8194387,0.0,0.0,0.0,True,True,1.999,1.999,-7.768846,110.3847907,0.001,-7.768846,110.3847907,0.001
1788935680.0200574,0.0,0.0,0.0,True,True,1.999,1.999,-7.768846,110.3847907,0.001,-7.768846,110.3847907,0.001
1788935680.221394,0.0,0.0,0.0,True,True,1.999,1.999,-7.768846,110.3847907,0.001,-7.768846,110.3847907,0.001
1788935680.422913,0.0,0.0,0.0,True,True,1.999,1.999,-7.768846,110.3847907,0.001,-7.768846,110.3847907,0.001
1788935680.6251636,0.0,0.0,0.0,True,True,1.999,1.999,-7.768846,110.3847907,0.001,-7.768846,110.3847907,0.001
1788935680.8269727,0.0,0.0,0.0,True,True,1.999,1.999,-7.768846,110.3847907,0.001,-7.768846,110.3847907,0.001
1788935681.0297108,0.0,0.0,0.0,True,True,1.999,1.999,-7.768846,110.3847907,0.001,-7.768846,110.3847907,0.001
1788935681.2314432,0.0,0.0,0.0,True,True,1.999,1.999,-7.768846,110.3847907,0.001,-7.768846,110.3847907,0.001
1788935681.4343128,0.0,0.0,0.0,True,True,1.999,1.999,-7.768846,110.3847907,0.001,-7.768846,110.3847907,0.001
1788935681.6354275,0.0,0.0,0.0,True,True,1.999,1.999,-7.768846,110.3847907,0.001,-7.768846,110.3847907,0.001
1788935681.8373353,0.0,0.0,0.0,True,True,1.999,1.999,-7.768846,110.3847907,0.001,-7.768846,110.3847907,0.001
1788935682.0403461,0.0,0.0,0.0,True,True,1.999,1.999,-7.768846,110.3847907,0.001,-7.768846,110.3847907,0.001
1788935682.2415583,0.0,0.0,0.0,True,True,1.999,1.999,-7.768846,110.3847907,0.001,-7.768846,110.3847907,0.001
1788935682.4429498,0.0,0.0,0.0,True,True,1.999,1.999,-7.768846,110.3847907,0.001,-7.768846,110.3847907,0.001
1788935682.6463902,0.0,0.0,0.0,True,True,1.999,1.999,-7.768846,110.3847907,0.001,-7.768846,110.3847907,0.001
1788935682.8480816,0.0,0.0,0.0,True,True,1.999,1.999,-7.768846,110.3847907,0.001,-7.768846,110.3847907,0.001
1788935683.0495193,0.0,0.0,0.0,True,True,1.999,1.999,-7.768846,110.3847907,0.001,-7.768846,110.3847907,0.001
1788935683.2526255,0.0,0.0,0.0,True,True,1.999,1.999,-7.768846,110.3847907,0.001,-7.768846,110.3847907,0.001
1788935683.4569874,0.0,0.0,0.0,True,True,1.999,1.999,-7.768846,110.3847907,0.001,-7.768846,110.3847907,0.001
1788935683.6600525,0.0,0.0,0.0,True,True,1.999,1.999,-7.768846,110.3847907,0.001,-7.768846,110.3847907,0.001
1788935683.8621905,0.0,0.0,0.0,True,True,1.999,1.999,-7.768846,110.3847907,0.001,-7.768846,110.3847907,0.001
1788935684.0647511,0.0,0.0,0.0,True,True,1.999,1.999,-7.768846,110.3847907,0.001,-7.768846,110.3847907,0.001
1788935684.2661998,0.0,0.0,0.0,True,True,1.999,1.999,-7.768846,110.3847907,0.001,-7.768846,110.3847907,0.001
1788935684.4688087,0.0,0.0,0.0,True,True,1.999,1.999,-7.768846,110.3847907,0.001,-7.768846,110.3847907,0.001
1788935684.6704087,0.0,0.0,0.0,True,True,1.999,1.999,-7.768846,110.3847907,0.001,-7.768846,110.3847907,0.001
1788935684.8717413,0.0,0.0,0.0,True,True,1.999,1.999,-7.768846,110.3847907,0.001,-7.768846,110.3847907,0.001
1788935685.0739014,0.0,0.0,0.0,True,True,1.999,1.999,-7.768846,110.3847907,0.001,-7.768846,110.3847907,0.001
1788935685.2746394,0.0,0.0,0.0,True,True,1.999,1.999,-7.768846,110.3847907,0.001,-7.768846,110.3847907,0.001
1788935685.4754093,0.0,0.0,0.0,True,True,1.999,1.999,-7.768846,110.3847907,0.001,-7.768846,110.3847907,0.001
1788935685.6769814,0.0,0.0,0.0,True,True,1.999,1.999,-7.768846,110.3847907,0.001,-7.768846,110.3847907,0.001
1788935685.878581,0.0,0.0,0.0,True,True,1.999,1.999,-7.768846,110.3847907,0.001,-7.768846,110.3847907,0.001
1788935686.0789669,0.0,0.0,0.0,True,True,1.999,1.999,-7.768846,110.3847907,0.001,-7.768846,110.3847907,0.001
1788935686.279685,0.0,0.0,0.0,True,True,1.999,1.999,-7.768846,110.3847907,0.001,-7.768846,110.3847907,0.001
1788935686.4948127,0.0,0.0,0.0,True,True,1.999,1.999,-7.768846,110.3847907,0.001,-7.768846,110.3847907,0.001
1788935686.6977983,0.0,0.0,0.0,True,True,1.999,1.999,-7.768846,110.3847907,0.001,-7.768846,110.3847907,0.001
1788935686.899402,0.0,0.0,0.0,True,True,1.999,1.999,-7.768846,110.3847907,0.001,-7.768846,110.3847907,0.001
1788935687.1102834,0.0,0.0,0.0,True,True,1.999,1.999,-7.768846,110.3847907,0.001,-7.768846,110.3847907,0.001
1788935687.324882,0.0,0.0,0.0,True,True,1.999,1.999,-7.768846,110.3847907,0.001,-7.768846,110.3847907,0.001
1788935687.527759,0.0,0.0,0.0,True,True,1.999,1.999,-7.768846,110.3847907,0.001,-7.768846,110.3847907,0.001
1788935687.7280846,0.0,0.0,0.0,True,True,1.999,1.999,-7.768846,110.3847907,0.001,-7.768846,110.3847907,0.001
1788935687.9297974,0.0,0.0,0.0,True,True,1.999,1.999,-7.768846,110.3847907,0.001,-7.768846,110.3847907,0.001
1788935688.1393886,0.0,0.0,0.0,True,True,1.999,1.999,-7.768846,110.3847907,0.001,-7.768846,110.3847907,0.001
1788935688.3406582,0.0,0.0,0.0,True,True,1.999,1.999,-7.768846,110.3847907,0.001,-7.768846,110.3847907,0.001
1788935688.5410435,0.0,0.0,0.0,True,True,1.999,1.999,-7.768846,110.3847907,0.001,-7.768846,110.3847907,0.001
1788935688.7423515,0.0,0.0,0.0,True,True,1.999,1.999,-7.768846,110.3847907,0.001,-7.768846,110.3847907,0.001
1788935688.9455912,0.0,0.0,0.0,True,True,1.999,1.999,-7.768846,110.3847907,0.001,-7.768846,110.3847907,0.001
1788935689.1486604,0.0,0.0,0.0,True,True,1.999,1.999,-7.768846,110.3847907,0.001,-7.768846,110.3847907,0.001
1788935689.3640804,0.0,0.0,0.0,True,True,1.999,1.999,-7.768846,110.3847907,0.001,-7.768846,110.3847907,0.001
1788935689.5649004,0.0,0.0,0.0,True,True,1.999,1.999,-7.768846,110.3847907,0.001,-7.768846,110.3847907,0.001
1788935689.7663558,0.0,0.0,0.0,True,True,1.999,1.999,-7.768846,110.3847907,0.001,-7.768846,110.3847907,0.001
1788935689.9682033,0.0,0.0,0.0,True,True,1.999,1.999,-7.768846,110.3847907,0.001,-7.768846,110.3847907,0.001
1788935690.1704085,0.0,0.0,0.0,True,True,1.999,1.999,-7.768846,110.3847907,0.001,-7.768846,110.3847907,0.001
1788935690.3715904,0.0,0.0,0.0,True,True,1.999,1.999,-7.768846,110.3847907,0.001,-7.768846,110.3847907,0.001
1788935690.5753863,0.0,0.0,0.0,True,True,1.999,1.999,-7.768846,110.3847907,0.001,-7.768846,110.3847907,0.001
1788935690.7780702,0.0,0.0,0.0,True,True,1.999,1.999,-7.768846,110.3847907,0.001,-7.768846,110.3847907,0.001
1788935690.9814858,0.0,0.0,0.0,True,True,1.999,1.999,-7.768846,110.3847907,0.001,-7.768846,110.3847907,0.001
1788935691.1949277,0.0,0.0,0.0,True,True,1.999,1.999,-7.768846,110.3847907,0.001,-7.768846,110.3847907,0.001
1788935691.3952656,0.0,0.0,0.0,True,True,1.999,1.999,-7.768846,110.3847907,0.001,-7.768846,110.3847907,0.001
1788935691.5964434,0.0,0.0,0.0,True,True,1.999,1.999,-7.768846,110.3847907,0.001,-7.768846,110.3847907,0.001
1788935691.8009796,0.0,0.0,0.0,True,True,1.999,1.999,-7.768846,110.3847907,0.001,-7.768846,110.3847907,0.001
1788935692.0015411,0.0,0.0,0.0,True,True,1.999,1.999,-7.768846,110.3847907,0.001,-7.768846,110.3847907,0.001
1788935692.2032204,0.0,0.0,0.0,True,True,1.999,1.999,-7.768846,110.3847907,0.001,-7.768846,110.3847907,0.001
1788935692.4067955,0.0,0.0,0.0,True,True,1.999,1.999,-7.768846,110.3847907,0.001,-7.768846,110.3847907,0.001
1788935692.6102781,0.0,0.0,0.0,True,True,1.999,1.999,-7.768846,110.3847907,0.001,-7.768846,110.3847907,0.001
1788935692.8122432,0.0,0.0,0.0,True,True,1.999,1.999,-7.768846,110.3847907,0.001,-7.768846,110.3847907,0.001
1788935693.0161927,0.0,0.0,0.0,True,True,1.999,1.999,-7.768846,110.3847907,0.001,-7.768846,110.3847907,0.001
1788935693.2193918,0.0,0.0,0.0,True,True,1.999,1.999,-7.768846,110.3847907,0.001,-7.768846,110.3847907,0.001
1788935693.4208663,0.0,0.0,0.0,True,True,1.999,1.999,-7.768846,110.3847907,0.001,-7.768846,110.3847907,0.001
1788935693.6229148,0.0,0.0,0.0,True,True,1.999,1.999,-7.768846,110.3847907,0.001,-7.768846,110.3847907,0.001
1788935693.8377693,0.0,0.0,0.0,True,True,1.999,1.999,-7.768846,110.3847907,0.001,-7.768846,110.3847907,0.001
1788935694.0393016,0.0,0.0,0.0,True,True,1.999,1.999,-7.768846,110.3847907,0.001,-7.768846,110.3847907,0.001
1788935694.2397308,0.0,0.0,0.0,True,True,1.999,1.999,-7.768846,110.3847907,0.001,-7.768846,110.3847907,0.001
1788935694.440828,0.0,0.0,0.0,True,True,1.999,1.999,-7.768846,110.3847907,0.001,-7.768846,110.3847907,0.001
1788935694.6431463,0.0,0.0,0.0,True,True,1.999,1.999,-7.768846,110.3847907,0.001,-7.768846,110.3847907,0.001
1788935694.8459606,0.0,0.0,0.0,True,True,1.999,1.999,-7.768846,110.3847907,0.001,-7.768846,110.3847907,0.001
1788935695.0465918,0.0,0.0,0.0,True,True,1.999,1.999,-7.768846,110.3847907,0.001,-7.768846,110.3847907,0.001
1788935695.247935,0.0,0.0,0.0,True,True,1.999,1.999,-7.768846,110.3847907,0.001,-7.768846,110.3847907,0.001
1788935695.4485588,0.0,0.0,0.0,True,True,1.999,1.999,-7.768846,110.3847907,0.001,-7.768846,110.3847907,0.001
1788935695.649376,0.0,0.0,0.0,True,True,1.999,1.999,-7.768846,110.3847907,0.001,-7.768846,110.3847907,0.001
1788935695.8512335,0.0,0.0,0.0,True,True,1.999,1.999,-7.768846,110.3847907,0.001,-7.768846,110.3847907,0.001
1788935696.0545037,0.0,0.0,0.0,True,True,1.999,1.999,-7.768846,110.3847907,0.001,-7.768846,110.3847907,0.001
1788935696.258269,0.0,0.0,0.0,True,True,1.999,1.999,-7.768846,110.3847907,0.001,-7.768846,110.3847907,0.001
1788935696.4616437,0.0,0.0,0.0,True,True,1.999,1.999,-7.768846,110.3847907,0.001,-7.768846,110.3847907,0.001
1788935696.6632838,0.0,0.0,0.0,True,True,1.999,1.999,-7.768846,110.3847907,0.001,-7.768846,110.3847907,0.001
1788935696.863911,0.0,0.0,0.0,True,True,1.999,1.999,-7.768846,110.3847907,0.001,-7.768846,110.3847907,0.001
1788935697.0787632,0.0,0.0,0.0,True,True,1.999,1.999,-7.768846,110.3847907,0.001,-7.768846,110.3847907,0.001
1788935697.2791705,0.0,0.0,0.0,True,True,1.999,1.999,-7.768846,110.3847907,0.001,-7.768846,110.3847907,0.001
1788935697.4799323,0.0,0.0,0.0,True,True,1.999,1.999,-7.768846,110.3847907,0.001,-7.768846,110.3847907,0.001
1788935697.6832056,0.0,0.0,0.0,True,True,1.999,1.999,-7.768846,110.3847907,0.001,-7.768846,110.3847907,0.001
1788935697.8846428,0.0,0.0,0.0,True,True,1.999,1.999,-7.768846,110.3847907,0.001,-7.768846,110.3847907,0.001
1788935698.0853922,0.0,0.0,0.0,True,True,1.999,1.999,-7.768846,110.3847907,0.001,-7.768846,110.3847907,0.001
1788935698.286623,0.0,0.0,0.0,True,True,1.999,1.999,-7.768846,110.3847907,0.001,-7.768846,110.3847907,0.001
1788935698.4870315,0.0,0.0,0.0,True,True,1.999,1.999,-7.768846,110.3847907,0.001,-7.768846,110.3847907,0.001
1788935698.6901145,0.0,0.0,0.0,True,True,1.999,1.999,-7.768846,110.3847907,0.001,-7.768846,110.3847907,0.001
1788935698.8929,0.0,0.0,0.0,True,True,1.999,1.999,-7.768846,110.3847907,0.001,-7.768846,110.3847907,0.001
1788935699.0949569,0.0,0.0,0.0,True,True,1.999,1.999,-7.768846,110.3847907,0.001,-7.768846,110.3847907,0.001
1788935699.2957,0.0,0.0,0.0,True,True,1.999,1.999,-7.768846,110.3847907,0.001,-7.768846,110.3847907,0.001
1788935699.4991634,0.0,0.0,0.0,True,True,1.999,1.999,-7.768846,110.3847907,0.001,-7.768846,110.3847907,0.001
1788935699.700481,0.0,0.0,0.0,True,True,1.999,1.999,-7.768846,110.3847907,0.001,-7.768846,110.3847907,0.001
1788935699.9037504,0.0,0.0,0.0,True,True,1.999,1.999,-7.768846,110.3847907,0.001,-7.768846,110.3847907,0.001
1788935700.1155362,0.0,0.0,0.0,True,True,1.999,1.999,-7.768846,110.3847907,0.001,-7.768846,110.3847907,0.001
1788935700.3171494,0.0,0.0,0.0,True,True,1.999,1.999,-7.768846,110.3847907,0.001,-7.768846,110.3847907,0.001
1788935700.5184796,0.0,0.0,0.0,True,True,1.999,1.999,-7.768846,110.3847907,0.001,-7.768846,110.3847907,0.001
1788935700.7187986,0.0,0.0,0.0,True,True,1.999,1.999,-7.768846,110.3847907,0.001,-7.768846,110.3847907,0.001
1788935700.9292295,0.0,0.0,0.0,True,True,1.999,1.999,-7.768846,110.3847907,0.001,-7.768846,110.3847907,0.001
1788935701.1321743,0.0,0.0,0.0,True,True,1.999,1.999,-7.768846,110.3847907,0.001,-7.768846,110.3847907,0.001
1788935701.3355947,0.0,0.0,0.0,True,True,1.999,1.999,-7.768846,110.3847907,0.001,-7.768846,110.3847907,0.001
1788935701.5468974,0.0,0.0,0.0,True,True,1.999,1.999,-7.768846,110.3847907,0.001,-7.768846,110.3847907,0.001
1788935701.7490313,0.0,0.0,0.0,True,True,1.999,1.999,-7.768846,110.3847907,0.001,-7.768846,110.3847907,0.001
1788935701.952953,0.0,0.0,0.0,True,True,1.999,1.999,-7.768846,110.3847907,0.001,-7.768846,110.3847907,0.001
1788935702.155859,0.0,0.0,0.0,True,True,1.999,1.999,-7.768846,110.3847907,0.001,-7.768846,110.3847907,0.001
1788935702.3588529,0.0,0.0,0.0,True,True,1.999,1.999,-7.768846,110.3847907,0.001,-7.768846,110.3847907,0.001
1788935702.562161,0.0,0.0,0.0,True,True,1.999,1.999,-7.768846,110.3847907,0.001,-7.768846,110.3847907,0.001
1788935702.776948,0.0,0.0,0.0,True,True,1.999,1.999,-7.768846,110.3847907,0.001,-7.768846,110.3847907,0.001
1788935702.979518,0.0,0.0,0.0,True,True,1.999,1.999,-7.768846,110.3847907,0.001,-7.768846,110.3847907,0.001
1788935703.180953,0.0,0.0,0.0,True,True,1.999,1.999,-7.768846,110.3847907,0.001,-7.768846,110.3847907,0.001
1788935703.3850257,0.0,0.0,0.0,True,True,1.999,1.999,-7.768846,110.3847907,0.001,-7.768846,110.3847907,0.001
1788935703.5866246,0.0,0.0,0.0,True,True,1.999,1.999,-7.768846,110.3847907,0.001,-7.768846,110.3847907,0.001
1788935703.7868938,0.0,0.0,0.0,True,True,1.999,1.999,-7.768846,110.3847907,0.001,-7.768846,110.3847907,0.001
1788935703.9895978,0.0,0.0,0.0,True,True,1.999,1.999,-7.768846,110.3847907,0.001,-7.768846,110.3847907,0.001
1788935704.1936066,0.0,0.0,0.0,True,True,1.999,1.999,-7.768846,110.3847907,0.001,-7.768846,110.3847907,0.001
1788935704.395893,0.0,0.0,0.0,True,True,1.999,1.999,-7.768846,110.3847907,0.001,-7.768846,110.3847907,0.001
1788935704.5968702,0.0,0.0,0.0,True,True,1.999,1.999,-7.768846,110.3847907,0.001,-7.768846,110.3847907,0.001
1788935704.8001668,0.0,0.0,0.0,True,True,1.999,1.999,-7.768846,110.3847907,0.001,-7.768846,110.3847907,0.001
1788935705.0010858,0.0,0.0,0.0,True,True,1.999,1.999,-7.768846,110.3847907,0.001,-7.768846,110.3847907,0.001
1788935705.2037866,0.0,0.0,0.0,True,True,1.999,1.999,-7.768846,110.3847907,0.001,-7.768846,110.3847907,0.001
1788935705.4054449,0.0,0.0,0.0,True,True,1.999,1.999,-7.768846,110.3847907,0.001,-7.768846,110.3847907,0.001
1788935705.6069796,0.0,0.0,0.0,True,True,1.999,1.999,-7.768846,110.3847907,0.001,-7.768846,110.3847907,0.001
1788935705.8199809,0.0,0.0,0.0,True,True,1.999,1.999,-7.768846,110.3847907,0.001,-7.768846,110.3847907,0.001
1788935706.0268705,0.0,0.0,0.0,True,True,1.999,1.999,-7.768846,110.3847907,0.001,-7.768846,110.3847907,0.001
1788935706.2414694,0.0,0.0,0.0,True,True,1.999,1.999,-7.768846,110.3847907,0.001,-7.768846,110.3847907,0.001
1788935706.4438968,0.0,0.0,0.0,True,True,1.999,1.999,-7.768846,110.3847907,0.001,-7.768846,110.3847907,0.001
1788935706.6465316,0.0,0.0,0.0,True,True,1.999,1.999,-7.768846,110.3847907,0.001,-7.768846,110.3847907,0.001
1788935706.8479288,0.0,0.0,0.0,True,True,1.999,1.999,-7.768846,110.3847907,0.001,-7.768846,110.3847907,0.001
1788935707.0495088,0.0,0.0,0.0,True,True,1.999,1.999,-7.768846,110.3847907,0.001,-7.768846,110.3847907,0.001
1788935707.2591553,0.0,0.0,0.0,True,True,1.999,1.999,-7.768846,110.3847907,0.001,-7.768846,110.3847907,0.001
1788935707.4618478,0.0,0.0,0.0,True,True,1.999,1.999,-7.768846,110.3847907,0.001,-7.768846,110.3847907,0.001
1788935707.665714,0.0,0.0,0.0,True,True,1.999,1.999,-7.768846,110.3847907,0.001,-7.768846,110.3847907,0.001
1788935707.873863,0.0,0.0,0.0,True,True,1.999,1.999,-7.768846,110.3847907,0.001,-7.768846,110.3847907,0.001
1788935708.0754173,0.0,0.0,0.0,True,True,1.999,1.999,-7.768846,110.3847907,0.001,-7.768846,110.3847907,0.001
1788935708.2897952,0.0,0.0,0.0,True,True,1.999,1.999,-7.768846,110.3847907,0.001,-7.768846,110.3847907,0.001
1788935708.491471,0.0,0.0,0.0,True,True,1.999,1.999,-7.768846,110.3847907,0.001,-7.768846,110.3847907,0.001
1788935708.6933503,0.0,0.0,0.0,True,True,1.999,1.999,-7.768846,110.3847907,0.001,-7.768846,110.3847907,0.001
1788935708.8936303,0.0,0.0,0.0,True,True,1.999,1.999,-7.768846,110.3847907,0.001,-7.768846,110.3847907,0.001
1788935709.0964434,0.0,0.0,0.0,True,True,1.999,1.999,-7.768846,110.3847907,0.001,-7.768846,110.3847907,0.001
1788935709.2976828,0.0,0.0,0.0,True,True,1.999,1.999,-7.768846,110.3847907,0.001,-7.768846,110.3847907,0.001
1788935709.4980137,0.0,0.0,0.0,True,True,1.999,1.999,-7.768846,110.3847907,0.001,-7.768846,110.3847907,0.001
1788935709.6990006,0.0,0.0,0.0,True,True,1.999,1.999,-7.768846,110.3847907,0.001,-7.768846,110.3847907,0.001
1788935709.9004762,0.0,0.0,0.0,True,True,1.999,1.999,-7.768846,110.3847907,0.001,-7.768846,110.3847907,0.001
1788935710.1011908,0.0,0.0,0.0,True,True,1.999,1.999,-7.768846,110.3847907,0.001,-7.768846,110.3847907,0.001
1788935710.3157954,0.0,0.0,0.0,True,True,1.999,1.999,-7.768846,110.3847907,0.001,-7.768846,110.3847907,0.001
1788935710.5191402,0.0,0.0,0.0,True,True,1.999,1.999,-7.768846,110.3847907,0.001,-7.768846,110.3847907,0.001
1788935710.733653,0.0,0.0,0.0,True,True,1.999,1.999,-7.768846,110.3847907,0.001,-7.768846,110.3847907,0.001
1788935710.9348621,0.0,0.0,0.0,True,True,1.999,1.999,-7.768846,110.3847907,0.001,-7.768846,110.3847907,0.001
1788935711.1377254,0.0,0.0,0.0,True,True,1.999,1.999,-7.768846,110.3847907,0.001,-7.768846,110.3847907,0.001
1788935711.3414989,0.0,0.0,0.0,True,True,1.999,1.999,-7.768846,110.3847907,0.001,-7.768846,110.3847907,0.001
1788935711.5434115,0.0,0.0,0.0,True,True,1.999,1.999,-7.768846,110.3847907,0.001,-7.768846,110.3847907,0.001
1788935711.7439919,0.0,0.0,0.0,True,True,1.999,1.999,-7.768846,110.3847907,0.001,-7.768846,110.3847907,0.001
1788935711.9451754,0.0,0.0,0.0,True,True,1.999,1.999,-7.768846,110.3847907,0.001,-7.768846,110.3847907,0.001
1788935712.1481278,0.0,0.0,0.0,True,True,1.999,1.999,-7.768846,110.3847907,0.001,-7.768846,110.3847907,0.001
1788935712.3491554,0.0,0.0,0.0,True,True,1.999,1.999,-7.768846,110.3847907,0.001,-7.768846,110.3847907,0.001
1788935712.5513434,0.0,0.0,0.0,True,True,1.999,1.999,-7.768846,110.3847907,0.001,-7.768846,110.3847907,0.001
1788935712.7523131,0.0,0.0,0.0,True,True,1.999,1.999,-7.768846,110.3847907,0.001,-7.768846,110.3847907,0.001
1788935712.95322,0.0,0.0,0.0,True,True,1.999,1.999,-7.768846,110.3847907,0.001,-7.768846,110.3847907,0.001
1788935713.1550102,0.0,0.0,0.0,True,True,1.999,1.999,-7.768846,110.3847907,0.001,-7.768846,110.3847907,0.001
1788935713.3701718,0.0,0.0,0.0,True,True,1.999,1.999,-7.768846,110.3847907,0.001,-7.768846,110.3847907,0.001
1788935713.5720866,0.0,0.0,0.0,True,True,1.999,1.999,-7.768846,110.3847907,0.001,-7.768846,110.3847907,0.001
1788935713.7746356,0.0,0.0,0.0,True,True,1.999,1.999,-7.768846,110.3847907,0.001,-7.768846,110.3847907,0.001
1788935713.976117,0.0,0.0,0.0,True,True,1.999,1.999,-7.768846,110.3847907,0.001,-7.768846,110.3847907,0.001
1788935714.1781604,0.0,0.0,0.0,True,True,1.999,1.999,-7.768846,110.3847907,0.001,-7.768846,110.3847907,0.001
1788935714.3791673,0.0,0.0,0.0,True,True,1.999,1.999,-7.768846,110.3847907,0.001,-7.768846,110.3847907,0.001
1788935714.5800967,0.0,0.0,0.0,True,True,1.999,1.999,-7.768846,110.3847907,0.001,-7.768846,110.3847907,0.001
1788935714.7813907,0.0,0.0,0.0,True,True,1.999,1.999,-7.768846,110.3847907,0.001,-7.768846,110.3847907,0.001
1788935714.9833865,0.0,0.0,0.0,True,True,1.999,1.999,-7.768846,110.3847907,0.001,-7.768846,110.3847907,0.001
1788935715.1855443,0.0,0.0,0.0,True,True,1.999,1.999,-7.768846,110.3847907,0.001,-7.768846,110.3847907,0.001
1788935715.386337,0.0,0.0,0.0,True,True,1.999,1.999,-7.768846,110.3847907,0.001,-7.768846,110.3847907,0.001
1788935715.5866482,0.0,0.0,0.0,True,True,1.999,1.999,-7.768846,110.3847907,0.001,-7.768846,110.3847907,0.001
1788935715.786768,0.0,0.0,0.0,True,True,1.999,1.999,-7.768846,110.3847907,0.001,-7.768846,110.3847907,0.001
1788935716.0008883,0.0,0.0,0.0,True,True,1.999,1.999,-7.768846,110.3847907,0.001,-7.768846,110.3847907,0.001
1788935716.2153425,0.0,0.0,0.0,True,True,1.999,1.999,-7.768846,110.3847907,0.001,-7.768846,110.3847907,0.001
1788935716.4289892,0.0,0.0,0.0,True,True,1.999,1.999,-7.768846,110.3847907,0.001,-7.768846,110.3847907,0.001
1788935716.6292837,0.0,0.0,0.0,True,True,1.999,1.999,-7.768846,110.3847907,0.001,-7.768846,110.3847907,0.001
1788935716.8311448,0.0,0.0,0.0,True,True,1.999,1.999,-7.768846,110.3847907,0.001,-7.768846,110.3847907,0.001
1788935717.035226,0.0,0.0,0.0,True,True,1.999,1.999,-7.768846,110.3847907,0.001,-7.768846,110.3847907,0.001
1788935717.237492,0.0,0.0,0.0,True,True,1.999,1.999,-7.768846,110.3847907,0.001,-7.768846,110.3847907,0.001
1788935717.4384303,0.0,0.0,0.0,True,True,1.999,1.999,-7.768846,110.3847907,0.001,-7.768846,110.3847907,0.001
1788935717.6392043,0.0,0.0,0.0,True,True,1.999,1.999,-7.768846,110.3847907,0.001,-7.768846,110.3847907,0.001
1788935717.840472,0.0,0.0,0.0,True,True,1.999,1.999,-7.768846,110.3847907,0.001,-7.768846,110.3847907,0.001
1788935718.0419116,0.0,0.0,0.0,True,True,1.999,1.999,-7.768846,110.3847907,0.001,-7.768846,110.3847907,0.001
1788935718.2434022,0.0,0.0,0.0,True,True,1.999,1.999,-7.768846,110.3847907,0.001,-7.768846,110.3847907,0.001
1788935718.4453042,0.0,0.0,0.0,True,True,1.999,1.999,-7.768846,110.3847907,0.001,-7.768846,110.3847907,0.001
1788935718.6480856,0.0,0.0,0.0,True,True,1.999,1.999,-7.768846,110.3847907,0.001,-7.768846,110.3847907,0.001
1788935718.848523,0.0,0.0,0.0,True,True,1.999,1.999,-7.768846,110.3847907,0.001,-7.768846,110.3847907,0.001
1788935719.0508795,0.0,0.0,0.0,True,True,1.999,1.999,-7.768846,110.3847907,0.001,-7.768846,110.3847907,0.001
1788935719.2655857,0.0,0.0,0.0,True,True,1.999,1.999,-7.768846,110.3847907,0.001,-7.768846,110.3847907,0.001
1788935719.4663744,0.0,0.0,0.0,True,True,1.999,1.999,-7.768846,110.3847907,0.001,-7.768846,110.3847907,0.001
1788935719.6681654,0.0,0.0,0.0,True,True,1.999,1.999,-7.768846,110.3847907,0.001,-7.768846,110.3847907,0.001
1788935719.8739245,0.0,0.0,0.0,True,True,1.999,1.999,-7.768846,110.3847907,0.001,-7.768846,110.3847907,0.001
1788935720.075971,0.0,0.0,0.0,True,True,1.999,1.999,-7.768846,110.3847907,0.001,-7.768846,110.3847907,0.001
1788935720.2768147,0.0,0.0,0.0,True,True,1.999,1.999,-7.768846,110.3847907,0.001,-7.768846,110.3847907,0.001
1788935720.4802744,0.0,0.0,0.0,True,True,1.999,1.999,-7.768846,110.3847907,0.001,-7.768846,110.3847907,0.001
1788935720.6869774,0.0,0.0,0.0,True,True,1.999,1.999,-7.768846,110.3847907,0.001,-7.768846,110.3847907,0.001
1788935720.8901203,0.0,0.0,0.0,True,True,1.999,1.999,-7.768846,110.3847907,0.001,-7.768846,110.3847907,0.001
1788935721.0904157,0.0,0.0,0.0,True,True,1.999,1.999,-7.768846,110.3847907,0.001,-7.768846,110.3847907,0.001
1788935721.2920475,0.0,0.0,0.0,True,True,1.999,1.999,-7.768846,110.3847907,0.001,-7.768846,110.3847907,0.001
1788935721.4933424,0.0,0.0,0.0,True,True,1.999,1.999,-7.768846,110.3847907,0.001,-7.768846,110.3847907,0.001
1788935721.6944234,0.0,0.0,0.0,True,True,1.999,1.999,-7.768846,110.3847907,0.001,-7.768846,110.3847907,0.001
1788935721.8962057,0.0,0.0,0.0,True,True,1.999,1.999,-7.768846,110.3847907,0.001,-7.768846,110.3847907,0.001
1788935722.097712,0.0,0.0,0.0,True,True,1.999,1.999,-7.768846,110.3847907,0.001,-7.768846,110.3847907,0.001
1788935722.2983775,0.0,0.0,0.0,True,True,1.999,1.999,-7.768846,110.3847907,0.001,-7.768846,110.3847907,0.001
1788935722.4994574,0.0,0.0,0.0,True,True,1.999,1.999,-7.768846,110.3847907,0.001,-7.768846,110.3847907,0.001
1788935722.7011104,0.0,0.0,0.0,True,True,1.999,1.999,-7.768846,110.3847907,0.001,-7.768846,110.3847907,0.001
1788935722.9029484,0.0,0.0,0.0,True,True,1.999,1.999,-7.768846,110.3847907,0.001,-7.768846,110.3847907,0.001
1788935723.1045358,0.0,0.0,0.0,True,True,1.999,1.999,-7.768846,110.3847907,0.001,-7.768846,110.3847907,0.001
1788935723.3047485,0.0,0.0,0.0,True,True,1.999,1.999,-7.768846,110.3847907,0.001,-7.768846,110.3847907,0.001
1788935723.5130558,0.0,0.0,0.0,True,True,1.999,1.999,-7.768846,110.3847907,0.001,-7.768846,110.3847907,0.001
1788935723.7134855,0.0,0.0,0.0,True,True,1.999,1.999,-7.768846,110.3847907,0.001,-7.768846,110.3847907,0.001
1788935723.9137533,0.0,0.0,0.0,True,True,1.999,1.999,-7.768846,110.3847907,0.001,-7.768846,110.3847907,0.001
1788935724.1170177,0.0,0.0,0.0,True,True,1.999,1.999,-7.768846,110.3847907,0.001,-7.768846,110.3847907,0.001
1788935724.3190854,0.0,0.0,0.0,True,True,1.999,1.999,-7.768846,110.3847907,0.001,-7.768846,110.3847907,0.001
1788935724.5204148,0.0,0.0,0.0,True,True,1.999,1.999,-7.768846,110.3847907,0.001,-7.768846,110.3847907,0.001
1788935724.7223287,0.0,0.0,0.0,True,True,1.999,1.999,-7.768846,110.3847907,0.001,-7.768846,110.3847907,0.001
1788935724.9243174,0.0,0.0,0.0,True,True,1.999,1.999,-7.768846,110.3847907,0.001,-7.768846,110.3847907,0.001
1788935725.1268532,0.0,0.0,0.0,True,True,1.999,1.999,-7.768846,110.3847907,0.001,-7.768846,110.3847907,0.001
1788935725.3288574,0.0,0.0,0.0,True,True,1.999,1.999,-7.768846,110.3847907,0.001,-7.768846,110.3847907,0.001
1788935725.5299597,0.0,0.0,0.0,True,True,1.999,1.999,-7.768846,110.3847907,0.001,-7.768846,110.3847907,0.001
1788935725.7304382,0.0,0.0,0.0,True,True,1.999,1.999,-7.768846,110.3847907,0.001,-7.768846,110.3847907,0.001
1788935725.9310555,0.0,0.0,0.0,True,True,1.999,1.999,-7.768846,110.3847907,0.001,-7.768846,110.3847907,0.001
1788935726.1318781,0.0,0.0,0.0,True,True,1.999,1.999,-7.768846,110.3847907,0.001,-7.768846,110.3847907,0.001
1788935726.3352993,0.0,0.0,0.0,True,True,1.999,1.999,-7.768846,110.3847907,0.001,-7.768846,110.3847907,0.001
1788935726.5368783,0.0,0.0,0.0,True,True,1.999,1.999,-7.768846,110.3847907,0.001,-7.768846,110.3847907,0.001
1788935726.7465003,0.0,0.0,0.0,True,True,1.999,1.999,-7.768846,110.3847907,0.001,-7.768846,110.3847907,0.001
1788935726.9467432,0.0,0.0,0.0,True,True,1.999,1.999,-7.768846,110.3847907,0.001,-7.768846,110.3847907,0.001
1788935727.1479423,0.0,0.0,0.0,True,True,1.999,1.999,-7.768846,110.3847907,0.001,-7.768846,110.3847907,0.001
1788935727.3493383,0.0,0.0,0.0,True,True,1.999,1.999,-7.768846,110.3847907,0.001,-7.768846,110.3847907,0.001
1788935727.551409,0.0,0.0,0.0,True,True,1.999,1.999,-7.768846,110.3847907,0.001,-7.768846,110.3847907,0.001
1788935727.7667804,0.0,0.0,0.0,True,True,1.999,1.999,-7.768846,110.3847907,0.001,-7.768846,110.3847907,0.001
1788935727.9679735,0.0,0.0,0.0,True,True,1.999,1.999,-7.768846,110.3847907,0.001,-7.768846,110.3847907,0.001
1788935728.1707199,0.0,0.0,0.0,True,True,1.999,1.999,-7.768846,110.3847907,0.001,-7.768846,110.3847907,0.001
1788935728.3741057,0.0,0.0,0.0,True,True,1.999,1.999,-7.768846,110.3847907,0.001,-7.768846,110.3847907,0.001
1788935728.575868,0.0,0.0,0.0,True,True,1.999,1.999,-7.768846,110.3847907,0.001,-7.768846,110.3847907,0.001
1788935728.7780879,0.0,0.0,0.0,True,True,1.999,1.999,-7.768846,110.3847907,0.001,-7.768846,110.3847907,0.001
1788935728.993504,0.0,0.0,0.0,True,True,1.999,1.999,-7.768846,110.3847907,0.001,-7.768846,110.3847907,0.001
1788935729.1958416,0.0,0.0,0.0,True,True,1.999,1.999,-7.768846,110.3847907,0.001,-7.768846,110.3847907,0.001
1788935729.4034731,0.0,0.0,0.0,True,True,1.999,1.999,-7.768846,110.3847907,0.001,-7.768846,110.3847907,0.001
1788935729.6046476,0.0,0.0,0.0,True,True,1.999,1.999,-7.768846,110.3847907,0.001,-7.768846,110.3847907,0.001
1788935729.8051252,0.0,0.0,0.0,True,True,1.999,1.999,-7.768846,110.3847907,0.001,-7.768846,110.3847907,0.001
1788935730.0135748,0.0,0.0,0.0,True,True,1.999,1.999,-7.768846,110.3847907,0.001,-7.768846,110.3847907,0.001
1788935730.2157402,0.0,0.0,0.0,True,True,1.999,1.999,-7.768846,110.3847907,0.001,-7.768846,110.3847907,0.001
1788935730.419146,0.0,0.0,0.0,True,True,1.999,1.999,-7.768846,110.3847907,0.001,-7.768846,110.3847907,0.001
1788935730.6202538,0.0,0.0,0.0,True,True,1.999,1.999,-7.768846,110.3847907,0.001,-7.768846,110.3847907,0.001
1788935730.8207972,0.0,0.0,0.0,True,True,1.999,1.999,-7.768846,110.3847907,0.001,-7.768846,110.3847907,0.001
1788935731.0221636,0.0,0.0,0.0,True,True,1.999,1.999,-7.768846,110.3847907,0.001,-7.768846,110.3847907,0.001
1788935731.2225957,0.0,0.0,0.0,True,True,1.999,1.999,-7.768846,110.3847907,0.001,-7.768846,110.3847907,0.001
1788935731.426298,0.0,0.0,0.0,True,True,1.999,1.999,-7.768846,110.3847907,0.001,-7.768846,110.3847907,0.001
1788935731.6415644,0.0,0.0,0.0,True,True,1.999,1.999,-7.768846,110.3847907,0.001,-7.768846,110.3847907,0.001
1788935731.8422208,0.001,0.001,0.0,True,True,2.0,3.0,-7.768846,110.3847907,0,-7.768846,110.3847907,0.001
1788935732.0442488,0.001,0.001,0.0,True,True,2.0,5.1,-7.768846,110.3847907,0,-7.768846,110.3847907,0.001
1788935732.2467403,0.001,0.001,0.0,True,True,2.0,6.569999999999999,-7.768846,110.3847907,0,-7.768846,110.3847907,0.001
1788935732.4506474,0.001,0.001,0.0,True,True,2.0,7.598999999999999,-7.768846,110.3847907,0,-7.768846,110.3847907,0.001
1788935732.65199,0.0,0.0,0.0,True,True,2.0,5.319299999999999,-7.768846,110.3847907,0,-7.768846,110.3847907,0
1788935732.854235,0.001,0.001,0.0,True,True,1.999,2.0,-7.768846,110.3847907,0.001,-7.768846,110.3847907,0
1788935733.055055,0.001,0.001,0.0,True,True,2.4935430000000007,2.0,-7.768846,110.3847907,0.001,-7.768846,110.3847907,0
1788935733.270558,0.001,0.001,0.0,True,True,4.7454801,2.0,-7.768846,110.3847907,0.001,-7.768846,110.3847907,0
1788935733.4853919,0.001,0.001,0.0,True,True,6.32183607,2.0,-7.768846,110.3847907,0.001,-7.768846,110.3847907,0
1788935733.6879895,0.0,0.0,0.0,True,True,4.425285249,1.999,-7.768846,110.3847907,0.001,-7.768846,110.3847907,0.001
1788935733.9015014,0.0,0.0,0.0,True,True,3.0976996743,1.999,-7.768846,110.3847907,0.001,-7.768846,110.3847907,0.001
1788935734.1021051,0.0,0.0,0.0,True,True,2.16838977201,1.999,-7.768846,110.3847907,0.001,-7.768846,110.3847907,0.001
1788935734.3026733,0.0,0.0,0.0,True,True,1.999,1.999,-7.768846,110.3847907,0.001,-7.768846,110.3847907,0.001
1788935734.5032713,0.0,0.0,0.0,True,True,1.999,1.999,-7.768846,110.3847907,0.001,-7.768846,110.3847907,0.001
1788935734.704186,0.0,0.0,0.0,True,True,1.999,1.999,-7.768846,110.3847907,0.001,-7.768846,110.3847907,0.001
1788935734.9174576,0.0,0.0,0.0,True,True,1.999,1.999,-7.768846,110.3847907,0.001,-7.768846,110.3847907,0.001
1788935735.1191552,0.0,0.0,0.0,True,True,1.999,1.999,-7.768846,110.3847907,0.001,-7.768846,110.3847907,0.001
1788935735.321009,0.0,0.0,0.0,True,True,1.999,1.999,-7.768846,110.3847907,0.001,-7.768846,110.3847907,0.001
1788935735.5318215,0.0,0.0,0.0,True,True,1.999,1.999,-7.768846,110.3847907,0.001,-7.768846,110.3847907,0.001
1788935735.7321794,0.0,0.0,0.0,True,True,1.999,1.999,-7.768846,110.3847907,0.001,-7.768846,110.3847907,0.001
1788935735.9443843,0.0,0.0,0.0,True,True,1.999,1.999,-7.768846,110.3847907,0.001,-7.768846,110.3847907,0.001
1788935736.1533086,0.0,0.0,0.0,True,True,1.999,1.999,-7.768846,110.3847907,0.001,-7.768846,110.3847907,0.001
1788935736.354493,0.0,0.0,0.0,True,True,1.999,1.999,-7.768846,110.3847907,0.001,-7.768846,110.3847907,0.001
1788935736.5566273,0.0,0.0,0.0,True,True,1.999,1.999,-7.768846,110.3847907,0.001,-7.768846,110.3847907,0.001
1788935736.7571378,0.0,0.0,0.0,True,True,1.999,1.999,-7.768846,110.3847907,0.001,-7.768846,110.3847907,0.001
1788935736.9608836,0.0,0.0,0.0,True,True,1.999,1.999,-7.768846,110.3847907,0.001,-7.768846,110.3847907,0.001
1788935737.1619954,0.0,0.0,0.0,True,True,1.999,1.999,-7.768846,110.3847907,0.001,-7.768846,110.3847907,0.001
1788935737.3691168,0.0,0.0,0.0,True,True,1.999,1.999,-7.768846,110.3847907,0.001,-7.768846,110.3847907,0.001
1788935737.5720103,0.0,0.0,0.0,True,True,1.999,1.999,-7.768846,110.3847907,0.001,-7.768846,110.3847907,0.001
1788935737.7854156,0.0,0.0,0.0,True,True,1.999,1.999,-7.768846,110.3847907,0.001,-7.768846,110.3847907,0.001
1788935737.9870257,0.0,0.0,0.0,True,True,1.999,1.999,-7.768846,110.3847907,0.001,-7.768846,110.3847907,0.001
1788935738.2009423,0.0,0.0,0.0,True,True,1.999,1.999,-7.768846,110.3847907,0.001,-7.768846,110.3847907,0.001
1788935738.404039,0.0,0.0,0.0,True,True,1.999,1.999,-7.768846,110.3847907,0.001,-7.768846,110.3847907,0.001
1788935738.6042612,0.0,0.0,0.0,True,True,1.999,1.999,-7.768846,110.3847907,0.001,-7.768846,110.3847907,0.001
1788935738.8063166,0.0,0.0,0.0,True,True,1.999,1.999,-7.768846,110.3847907,0.001,-7.768846,110.3847907,0.001
1788935739.0102584,0.0,0.0,0.0,True,True,1.999,1.999,-7.768846,110.3847907,0.001,-7.768846,110.3847907,0.001
1788935739.212096,0.0,0.0,0.0,True,True,1.999,1.999,-7.768846,110.3847907,0.001,-7.768846,110.3847907,0.001
1788935739.4136815,0.0,0.0,0.0,True,True,1.999,1.999,-7.768846,110.3847907,0.001,-7.768846,110.3847907,0.001
1788935739.615717,0.0,0.0,0.0,True,True,1.999,1.999,-7.768846,110.3847907,0.001,-7.768846,110.3847907,0.001
1788935739.816804,0.0,0.0,0.0,True,True,1.999,1.999,-7.768846,110.3847907,0.001,-7.768846,110.3847907,0.001
1788935740.0314822,0.0,0.0,0.0,True,True,1.999,1.999,-7.768846,110.3847907,0.001,-7.768846,110.3847907,0.001
1788935740.246471,0.0,0.0,0.0,True,True,1.999,1.999,-7.768846,110.3847907,0.001,-7.768846,110.3847907,0.001
1788935740.4495246,0.0,0.0,0.0,True,True,1.999,1.999,-7.768846,110.3847907,0.001,-7.768846,110.3847907,0.001
1788935740.652384,0.0,0.0,0.0,True,True,1.999,1.999,-7.768846,110.3847907,0.001,-7.768846,110.3847907,0.001
1788935740.8648453,0.0,0.0,0.0,True,True,1.999,1.999,-7.768846,110.3847907,0.001,-7.768846,110.3847907,0.001
1788935741.0651913,0.0,0.0,0.0,True,True,1.999,1.999,-7.768846,110.3847907,0.001,-7.768846,110.3847907,0.001
1788935741.2675166,0.0,0.0,0.0,True,True,1.999,1.999,-7.768846,110.3847907,0.001,-7.768846,110.3847907,0.001
1788935741.481746,0.0,0.0,0.0,True,True,1.999,1.999,-7.768846,110.3847907,0.001,-7.768846,110.3847907,0.001
1788935741.6830168,0.0,0.0,0.0,True,True,1.999,1.999,-7.768846,110.3847907,0.001,-7.768846,110.3847907,0.001
1788935741.884594,0.0,0.0,0.0,True,True,1.999,1.999,-7.768846,110.3847907,0.001,-7.768846,110.3847907,0.001
1788935742.0851672,0.0,0.0,0.0,True,True,1.999,1.999,-7.768846,110.3847907,0.001,-7.768846,110.3847907,0.001
1788935742.288353,0.0,0.0,0.0,True,True,1.999,1.999,-7.768846,110.3847907,0.001,-7.768846,110.3847907,0.001
1788935742.5037918,0.0,0.0,0.0,True,True,1.999,1.999,-7.768846,110.3847907,0.001,-7.768846,110.3847907,0.001
1788935742.7048247,0.0,0.0,0.0,True,True,1.999,1.999,-7.768846,110.3847907,0.001,-7.768846,110.3847907,0.001
1788935742.9050877,0.0,0.0,0.0,True,True,1.999,1.999,-7.768846,110.3847907,0.001,-7.768846,110.3847907,0.001
1788935743.106846,0.0,0.0,0.0,True,True,1.999,1.999,-7.768846,110.3847907,0.001,-7.768846,110.3847907,0.001
1788935743.307986,0.0,0.0,0.0,True,True,1.999,1.999,-7.768846,110.3847907,0.001,-7.768846,110.3847907,0.001
1788935743.5095987,0.0,0.0,0.0,True,True,1.999,1.999,-7.768846,110.3847907,0.001,-7.768846,110.3847907,0.001
1788935743.710441,0.0,0.0,0.0,True,True,1.999,1.999,-7.768846,110.3847907,0.001,-7.768846,110.3847907,0.001
1788935743.9236708,0.0,0.0,0.0,True,True,1.999,1.999,-7.768846,110.3847907,0.001,-7.768846,110.3847907,0.001
1788935744.1384435,0.0,0.0,0.0,True,True,1.999,1.999,-7.768846,110.3847907,0.001,-7.768846,110.3847907,0.001
1788935744.3389847,0.0,0.0,0.0,True,True,1.999,1.999,-7.768846,110.3847907,0.001,-7.768846,110.3847907,0.001
1788935744.5410101,0.0,0.0,0.0,True,True,1.999,1.999,-7.768846,110.3847907,0.001,-7.768846,110.3847907,0.001
1788935744.7426617,0.0,0.0,0.0,True,True,1.999,1.999,-7.768846,110.3847907,0.001,-7.768846,110.3847907,0.001
1788935744.9569902,0.0,0.0,0.0,True,True,1.999,1.999,-7.768846,110.3847907,0.001,-7.768846,110.3847907,0.001
1788935745.1573613,0.0,0.0,0.0,True,True,1.999,1.999,-7.768846,110.3847907,0.001,-7.768846,110.3847907,0.001
1788935745.361168,0.0,0.0,0.0,True,True,1.999,1.999,-7.768846,110.3847907,0.001,-7.768846,110.3847907,0.001
1788935745.5627027,0.0,0.0,0.0,True,True,1.999,1.999,-7.768846,110.3847907,0.001,-7.768846,110.3847907,0.001
1788935745.7649446,0.0,0.0,0.0,True,True,1.999,1.999,-7.768846,110.3847907,0.001,-7.768846,110.3847907,0.001
1788935745.9657845,0.0,0.0,0.0,True,True,1.999,1.999,-7.768846,110.3847907,0.001,-7.768846,110.3847907,0.001
1788935746.1667356,0.0,0.0,0.0,True,True,1.999,1.999,-7.768846,110.3847907,0.001,-7.768846,110.3847907,0.001
1788935746.3704727,0.0,0.0,0.0,True,True,1.999,1.999,-7.768846,110.3847907,0.001,-7.768846,110.3847907,0.001
1788935746.5711508,0.0,0.0,0.0,True,True,1.999,1.999,-7.768846,110.3847907,0.001,-7.768846,110.3847907,0.001
1788935746.773522,0.0,0.0,0.0,True,True,1.999,1.999,-7.768846,110.3847907,0.001,-7.768846,110.3847907,0.001
1788935746.9762688,0.0,0.0,0.0,True,True,1.999,1.999,-7.768846,110.3847907,0.001,-7.768846,110.3847907,0.001
1788935747.1773572,0.0,0.0,0.0,True,True,1.999,1.999,-7.768846,110.3847907,0.001,-7.768846,110.3847907,0.001
1788935747.3794026,0.0,0.0,0.0,True,True,1.999,1.999,-7.768846,110.3847907,0.001,-7.768846,110.3847907,0.001
1788935747.5808587,0.0,0.0,0.0,True,True,1.999,1.999,-7.768846,110.3847907,0.001,-7.768846,110.3847907,0.001
1788935747.7828548,0.0,0.0,0.0,True,True,1.999,1.999,-7.768846,110.3847907,0.001,-7.768846,110.3847907,0.001
1788935747.9850452,0.0,0.0,0.0,True,True,1.999,1.999,-7.768846,110.3847907,0.001,-7.768846,110.3847907,0.001
1788935748.1858187,0.0,0.0,0.0,True,True,1.999,1.999,-7.768846,110.3847907,0.001,-7.768846,110.3847907,0.001
1788935748.3860915,0.0,0.0,0.0,True,True,1.999,1.999,-7.768846,110.3847907,0.001,-7.768846,110.3847907,0.001
1788935748.5878372,0.0,0.0,0.0,True,True,1.999,1.999,-7.768846,110.3847907,0.001,-7.768846,110.3847907,0.001
1788935748.7907178,0.0,0.0,0.0,True,True,1.999,1.999,-7.768846,110.3847907,0.001,-7.768846,110.3847907,0.001
1788935748.9918323,0.0,0.0,0.0,True,True,1.999,1.999,-7.768846,110.3847907,0.001,-7.768846,110.3847907,0.001
1788935749.1935747,0.0,0.0,0.0,True,True,1.999,1.999,-7.768846,110.3847907,0.001,-7.768846,110.3847907,0.001
1788935749.3973987,0.0,0.0,0.0,True,True,1.999,1.999,-7.768846,110.3847907,0.001,-7.768846,110.3847907,0.001
1788935749.599626,0.0,0.0,0.0,True,True,1.999,1.999,-7.768846,110.3847907,0.001,-7.768846,110.3847907,0.001
1788935749.802565,0.0,0.0,0.0,True,True,1.999,1.999,-7.768846,110.3847907,0.001,-7.768846,110.3847907,0.001
1788935750.0052228,0.0,0.0,0.0,True,True,1.999,1.999,-7.768846,110.3847907,0.001,-7.768846,110.3847907,0.001
1788935750.2054024,0.0,0.0,0.0,True,True,1.999,1.999,-7.768846,110.3847907,0.001,-7.768846,110.3847907,0.001
1788935750.4097433,0.0,0.0,0.0,True,True,1.999,1.999,-7.768846,110.3847907,0.001,-7.768846,110.3847907,0.001
1788935750.610445,0.0,0.0,0.0,True,True,1.999,1.999,-7.768846,110.3847907,0.001,-7.768846,110.3847907,0.001
1788935750.8120713,0.0,0.0,0.0,True,True,1.999,1.999,-7.768846,110.3847907,0.001,-7.768846,110.3847907,0.001
1788935751.0152736,0.0,0.0,0.0,True,True,1.999,1.999,-7.768846,110.3847907,0.001,-7.768846,110.3847907,0.001
1788935751.2155662,0.0,0.0,0.0,True,True,1.999,1.999,-7.768846,110.3847907,0.001,-7.768846,110.3847907,0.001
1788935751.4172642,0.0,0.0,0.0,True,True,1.999,1.999,-7.768846,110.3847907,0.001,-7.768846,110.3847907,0.001
1788935751.6189504,0.0,0.0,0.0,True,True,1.999,1.999,-7.768846,110.3847907,0.001,-7.768846,110.3847907,0.001
1788935751.8206437,0.0,0.0,0.0,True,True,1.999,1.999,-7.768846,110.3847907,0.001,-7.768846,110.3847907,0.001
1788935752.0210176,0.0,0.0,0.0,True,True,1.999,1.999,-7.768846,110.3847907,0.001,-7.768846,110.3847907,0.001
1788935752.2225342,0.0,0.0,0.0,True,True,1.999,1.999,-7.768846,110.3847907,0.001,-7.768846,110.3847907,0.001
1788935752.4260013,0.0,0.0,0.0,True,True,1.999,1.999,-7.768846,110.3847907,0.001,-7.768846,110.3847907,0.001
1788935752.6301105,0.0,0.0,0.0,True,True,1.999,1.999,-7.768846,110.3847907,0.001,-7.768846,110.3847907,0.001
1788935752.8328009,0.0,0.0,0.0,True,True,1.999,1.999,-7.768846,110.3847907,0.001,-7.768846,110.3847907,0.001
1788935753.0336518,0.0,0.0,0.0,True,True,1.999,1.999,-7.768846,110.3847907,0.001,-7.768846,110.3847907,0.001
1788935753.2354074,0.0,0.0,0.0,True,True,1.999,1.999,-7.768846,110.3847907,0.001,-7.768846,110.3847907,0.001
1788935753.4386423,0.0,0.0,0.0,True,True,1.999,1.999,-7.768846,110.3847907,0.001,-7.768846,110.3847907,0.001
1788935753.6391144,0.0,0.0,0.0,True,True,1.999,1.999,-7.768846,110.3847907,0.001,-7.768846,110.3847907,0.001
1788935753.8397455,0.0,0.0,0.0,True,True,1.999,1.999,-7.768846,110.3847907,0.001,-7.768846,110.3847907,0.001
1788935754.0407958,0.0,0.0,0.0,True,True,1.999,1.999,-7.768846,110.3847907,0.001,-7.768846,110.3847907,0.001
1788935754.2421522,0.0,0.0,0.0,True,True,1.999,1.999,-7.768846,110.3847907,0.001,-7.768846,110.3847907,0.001
1788935754.443739,0.0,0.0,0.0,True,True,1.999,1.999,-7.768846,110.3847907,0.001,-7.768846,110.3847907,0.001
1788935754.6461964,0.0,0.0,0.0,True,True,1.999,1.999,-7.768846,110.3847907,0.001,-7.768846,110.3847907,0.001
1788935754.8491225,0.0,0.0,0.0,True,True,1.999,1.999,-7.768846,110.3847907,0.001,-7.768846,110.3847907,0.001
1788935755.049545,0.0,0.0,0.0,True,True,1.999,1.999,-7.768846,110.3847907,0.001,-7.768846,110.3847907,0.001
1788935755.2503648,0.0,0.0,0.0,True,True,1.999,1.999,-7.768846,110.3847907,0.001,-7.768846,110.3847907,0.001
1788935755.4532712,0.0,0.0,0.0,True,True,1.999,1.999,-7.768846,110.3847907,0.001,-7.768846,110.3847907,0.001
1788935755.6538355,0.0,0.0,0.0,True,True,1.999,1.999,-7.768846,110.3847907,0.001,-7.768846,110.3847907,0.001
1788935755.8544042,0.0,0.0,0.0,True,True,1.999,1.999,-7.768846,110.3847907,0.001,-7.768846,110.3847907,0.001
1788935756.057245,0.0,0.0,0.0,True,True,1.999,1.999,-7.768846,110.3847907,0.001,-7.768846,110.3847907,0.001
1788935756.2589583,0.0,0.0,0.0,True,True,1.999,1.999,-7.768846,110.3847907,0.001,-7.768846,110.3847907,0.001
1788935756.4592512,0.0,0.0,0.0,True,True,1.999,1.999,-7.768846,110.3847907,0.001,-7.768846,110.3847907,0.001
1788935756.6616101,0.0,0.0,0.0,True,True,1.999,1.999,-7.768846,110.3847907,0.001,-7.768846,110.3847907,0.001
1788935756.8633592,0.0,0.0,0.0,True,True,1.999,1.999,-7.768846,110.3847907,0.001,-7.768846,110.3847907,0.001
1788935757.0667315,0.0,0.0,0.0,True,True,1.999,1.999,-7.768846,110.3847907,0.001,-7.768846,110.3847907,0.001
1788935757.270396,0.0,0.0,0.0,True,True,1.999,1.999,-7.768846,110.3847907,0.001,-7.768846,110.3847907,0.001
1788935757.4710402,0.0,0.0,0.0,True,True,1.999,1.999,-7.768846,110.3847907,0.001,-7.768846,110.3847907,0.001
1788935757.6751635,0.0,0.0,0.0,True,True,1.999,1.999,-7.768846,110.3847907,0.001,-7.768846,110.3847907,0.001
1788935757.876807,0.0,0.0,0.0,True,True,1.999,1.999,-7.768846,110.3847907,0.001,-7.768846,110.3847907,0.001
1788935758.0776508,0.0,0.0,0.0,True,True,1.999,1.999,-7.768846,110.3847907,0.001,-7.768846,110.3847907,0.001
1788935758.281152,0.0,0.0,0.0,True,True,1.999,1.999,-7.768846,110.3847907,0.001,-7.768846,110.3847907,0.001
1788935758.4850621,0.0,0.0,0.0,True,True,1.999,1.999,-7.768846,110.3847907,0.001,-7.768846,110.3847907,0.001
1788935758.687169,0.0,0.0,0.0,True,True,1.999,1.999,-7.768846,110.3847907,0.001,-7.768846,110.3847907,0.001
1788935758.9010398,0.0,0.0,0.0,True,True,1.999,1.999,-7.768846,110.3847907,0.001,-7.768846,110.3847907,0.001
1788935759.1163146,0.0,0.0,0.0,True,True,1.999,1.999,-7.768846,110.3847907,0.001,-7.768846,110.3847907,0.001
1788935759.3165944,0.0,0.0,0.0,True,True,1.999,1.999,-7.768846,110.3847907,0.001,-7.768846,110.3847907,0.001
1788935759.5168796,0.0,0.0,0.0,True,True,1.999,1.999,-7.768846,110.3847907,0.001,-7.768846,110.3847907,0.001
1788935759.718879,0.0,0.0,0.0,True,True,1.999,1.999,-7.768846,110.3847907,0.001,-7.768846,110.3847907,0.001
1788935759.922921,0.0,0.0,0.0,True,True,1.999,1.999,-7.768846,110.3847907,0.001,-7.768846,110.3847907,0.001
1788935760.13823,0.0,0.0,0.0,True,True,1.999,1.999,-7.768846,110.3847907,0.001,-7.768846,110.3847907,0.001
1788935760.3389692,0.0,0.0,0.0,True,True,1.999,1.999,-7.768846,110.3847907,0.001,-7.768846,110.3847907,0.001
1788935760.539967,0.0,0.0,0.0,True,True,1.999,1.999,-7.768846,110.3847907,0.001,-7.768846,110.3847907,0.001
1788935760.7428548,0.0,0.0,0.0,True,True,1.999,1.999,-7.768846,110.3847907,0.001,-7.768846,110.3847907,0.001
1788935760.943872,0.0,0.0,0.0,True,True,1.999,1.999,-7.768846,110.3847907,0.001,-7.768846,110.3847907,0.001
1788935761.1458523,0.0,0.0,0.0,True,True,1.999,1.999,-7.768846,110.3847907,0.001,-7.768846,110.3847907,0.001
1788935761.3484976,0.001,0.001,0.0,True,True,2.0,3.0,-7.768846,110.3847907,0,-7.768846,110.3847907,0.001
1788935761.5493133,0.001,0.001,0.0,True,True,2.0,5.1,-7.768846,110.3847907,0,-7.768846,110.3847907,0.001
1788935761.7524254,0.001,0.001,0.0,True,True,2.0,6.569999999999999,-7.768846,110.3847907,0,-7.768846,110.3847907,0.001
1788935761.9545293,0.001,0.001,0.0,True,True,2.0,7.598999999999999,-7.768846,110.3847907,0,-7.768846,110.3847907,0.001
1788935762.155895,0.0,0.0,0.0,True,True,1.999,5.319299999999999,-7.768846,110.3847907,0.001,-7.768846,110.3847907,0.001
1788935762.3565288,0.001,0.001,0.0,True,True,2.0,6.723509999999999,-7.768846,110.3847907,0,-7.768846,110.3847907,0.001
1788935762.5573385,0.0,0.0,0.0,True,True,2.0,4.7064569999999994,-7.768846,110.3847907,0,-7.768846,110.3847907,0
1788935762.758152,0.0,0.0,0.0,True,True,2.0,3.2945198999999996,-7.768846,110.3847907,0,-7.768846,110.3847907,0
1788935762.9596334,0.0,0.0,0.0,True,True,2.0,2.3061639299999994,-7.768846,110.3847907,0,-7.768846,110.3847907,0
1788935763.1628828,0.0,0.0,0.0,True,True,2.0,2.0,-7.768846,110.3847907,0,-7.768846,110.3847907,0
1788935763.366253,0.0,0.0,0.0,True,True,2.0,2.0,-7.768846,110.3847907,0,-7.768846,110.3847907,0
1788935763.5688677,0.0,0.0,0.0,True,True,2.0,2.0,-7.768846,110.3847907,0,-7.768846,110.3847907,0
1788935763.770598,0.0,0.0,0.0,True,True,2.0,2.0,-7.768846,110.3847907,0,-7.768846,110.3847907,0
1788935763.9853334,0.001,0.001,0.0,True,True,2.6124030282849002,2.0,-7.768846,110.3847907,0.001,-7.768846,110.3847907,0
1788935764.1879833,0.001,0.001,0.0,True,True,4.82868211979943,2.0,-7.768846,110.3847907,0.001,-7.768846,110.3847907,0
1788935764.3923488,0.001,0.001,0.0,True,True,6.3800774838596,2.0,-7.768846,110.3847907,0.001,-7.768846,110.3847907,0
1788935764.5933685,0.001,0.001,0.0,True,True,7.46605423870172,2.0,-7.768846,110.3847907,0.001,-7.768846,110.3847907,0
1788935764.797287,0.0,0.0,0.0,True,True,5.226237967091204,1.999,-7.768846,110.3847907,0.001,-7.768846,110.3847907,0.001
1788935765.0006843,0.0,0.0,0.0,True,True,3.6583665769638425,1.999,-7.768846,110.3847907,0.001,-7.768846,110.3847907,0.001
1788935765.2018814,0.0,0.0,0.0,True,True,2.5608566038746896,1.999,-7.768846,110.3847907,0.001,-7.768846,110.3847907,0.001
1788935765.4043374,0.0,0.0,0.0,True,True,1.999,1.999,-7.768846,110.3847907,0.001,-7.768846,110.3847907,0.001
1788935765.6046565,0.0,0.0,0.0,True,True,1.999,1.999,-7.768846,110.3847907,0.001,-7.768846,110.3847907,0.001
1788935765.8050344,0.0,0.0,0.0,True,True,1.999,1.999,-7.768846,110.3847907,0.001,-7.768846,110.3847907,0.001
1788935766.0179257,0.0,0.0,0.0,True,True,1.999,1.999,-7.768846,110.3847907,0.001,-7.768846,110.3847907,0.001
1788935766.218209,0.0,0.0,0.0,True,True,1.999,1.999,-7.768846,110.3847907,0.001,-7.768846,110.3847907,0.001
1788935766.419197,0.0,0.0,0.0,True,True,1.999,1.999,-7.768846,110.3847907,0.001,-7.768846,110.3847907,0.001
1788935766.6197736,0.0,0.0,0.0,True,True,1.999,1.999,-7.768846,110.3847907,0.001,-7.768846,110.3847907,0.001
1788935766.8214967,0.0,0.0,0.0,True,True,1.999,1.999,-7.768846,110.3847907,0.001,-7.768846,110.3847907,0.001
1788935767.0357878,0.0,0.0,0.0,True,True,1.999,1.999,-7.768846,110.3847907,0.001,-7.768846,110.3847907,0.001
1788935767.2362332,0.0,0.0,0.0,True,True,1.999,1.999,-7.768846,110.3847907,0.001,-7.768846,110.3847907,0.001
1788935767.4370627,0.0,0.0,0.0,True,True,1.999,1.999,-7.768846,110.3847907,0.001,-7.768846,110.3847907,0.001
1788935767.6385157,0.0,0.0,0.0,True,True,1.999,1.999,-7.768846,110.3847907,0.001,-7.768846,110.3847907,0.001
1788935767.84005,0.0,0.0,0.0,True,True,1.999,1.999,-7.768846,110.3847907,0.001,-7.768846,110.3847907,0.001
1788935768.0416934,0.0,0.0,0.0,True,True,1.999,1.999,-7.768846,110.3847907,0.001,-7.768846,110.3847907,0.001
1788935768.2437692,0.0,0.0,0.0,True,True,1.999,1.999,-7.768846,110.3847907,0.001,-7.768846,110.3847907,0.001
1788935768.4464517,0.0,0.0,0.0,True,True,1.999,1.999,-7.768846,110.3847907,0.001,-7.768846,110.3847907,0.001
1788935768.6471682,0.0,0.0,0.0,True,True,1.999,1.999,-7.768846,110.3847907,0.001,-7.768846,110.3847907,0.001
1788935768.8487678,0.0,0.0,0.0,True,True,1.999,1.999,-7.768846,110.3847907,0.001,-7.768846,110.3847907,0.001
1788935769.0506186,0.0,0.0,0.0,True,True,1.999,1.999,-7.768846,110.3847907,0.001,-7.768846,110.3847907,0.001
1788935769.2531698,0.0,0.0,0.0,True,True,1.999,1.999,-7.768846,110.3847907,0.001,-7.768846,110.3847907,0.001
1788935769.4564562,0.0,0.0,0.0,True,True,1.999,1.999,-7.768846,110.3847907,0.001,-7.768846,110.3847907,0.001
1788935769.6567702,0.0,0.0,0.0,True,True,1.999,1.999,-7.768846,110.3847907,0.001,-7.768846,110.3847907,0.001
1788935769.8575168,0.0,0.0,0.0,True,True,1.999,1.999,-7.768846,110.3847907,0.001,-7.768846,110.3847907,0.001
1788935770.058147,0.0,0.0,0.0,True,True,1.999,1.999,-7.768846,110.3847907,0.001,-7.768846,110.3847907,0.001
1788935770.2598639,0.0,0.0,0.0,True,True,1.999,1.999,-7.768846,110.3847907,0.001,-7.768846,110.3847907,0.001
1788935770.4618738,0.0,0.0,0.0,True,True,1.999,1.999,-7.768846,110.3847907,0.001,-7.768846,110.3847907,0.001
1788935770.6638126,0.0,0.0,0.0,True,True,1.999,1.999,-7.768846,110.3847907,0.001,-7.768846,110.3847907,0.001
1788935770.864309,0.0,0.0,0.0,True,True,1.999,1.999,-7.768846,110.3847907,0.001,-7.768846,110.3847907,0.001
1788935771.079063,0.0,0.0,0.0,True,True,1.999,1.999,-7.768846,110.3847907,0.001,-7.768846,110.3847907,0.001
1788935771.2812557,0.0,0.0,0.0,True,True,1.999,1.999,-7.768846,110.3847907,0.001,-7.768846,110.3847907,0.001
1788935771.4832256,0.0,0.0,0.0,True,True,1.999,1.999,-7.768846,110.3847907,0.001,-7.768846,110.3847907,0.001
1788935771.6857722,0.0,0.0,0.0,True,True,1.999,1.999,-7.768846,110.3847907,0.001,-7.768846,110.3847907,0.001
1788935771.8862526,0.0,0.0,0.0,True,True,1.999,1.999,-7.768846,110.3847907,0.001,-7.768846,110.3847907,0.001
1788935772.087769,0.0,0.0,0.0,True,True,1.999,1.999,-7.768846,110.3847907,0.001,-7.768846,110.3847907,0.001
1788935772.2911494,0.0,0.0,0.0,True,True,1.999,1.999,-7.768846,110.3847907,0.001,-7.768846,110.3847907,0.001
1788935772.4945295,0.0,0.0,0.0,True,True,1.999,1.999,-7.768846,110.3847907,0.001,-7.768846,110.3847907,0.001
1788935772.6949847,0.0,0.0,0.0,True,True,1.999,1.999,-7.768846,110.3847907,0.001,-7.768846,110.3847907,0.001
1788935772.8956618,0.0,0.0,0.0,True,True,1.999,1.999,-7.768846,110.3847907,0.001,-7.768846,110.3847907,0.001
1788935773.0960093,0.0,0.0,0.0,True,True,1.999,1.999,-7.768846,110.3847907,0.001,-7.768846,110.3847907,0.001
1788935773.2972832,0.0,0.0,0.0,True,True,1.999,1.999,-7.768846,110.3847907,0.001,-7.768846,110.3847907,0.001
1788935773.4992027,0.0,0.0,0.0,True,True,1.999,1.999,-7.768846,110.3847907,0.001,-7.768846,110.3847907,0.001
1788935773.702732,0.0,0.0,0.0,True,True,1.999,1.999,-7.768846,110.3847907,0.001,-7.768846,110.3847907,0.001
1788935773.9039495,0.0,0.0,0.0,True,True,1.999,1.999,-7.768846,110.3847907,0.001,-7.768846,110.3847907,0.001
1788935774.1076796,0.0,0.0,0.0,True,True,1.999,1.999,-7.768846,110.3847907,0.001,-7.768846,110.3847907,0.001
1788935774.3103852,0.0,0.0,0.0,True,True,1.999,1.999,-7.768846,110.3847907,0.001,-7.768846,110.3847907,0.001
1788935774.5133972,0.0,0.0,0.0,True,True,1.999,1.999,-7.768846,110.3847907,0.001,-7.768846,110.3847907,0.001
1788935774.7156193,0.0,0.0,0.0,True,True,1.999,1.999,-7.768846,110.3847907,0.001,-7.768846,110.3847907,0.001
1788935774.9187055,0.0,0.0,0.0,True,True,1.999,1.999,-7.768846,110.3847907,0.001,-7.768846,110.3847907,0.001
1788935775.1278694,0.0,0.0,0.0,True,True,1.999,1.999,-7.768846,110.3847907,0.001,-7.768846,110.3847907,0.001
1788935775.3302102,0.0,0.0,0.0,True,True,1.999,1.999,-7.768846,110.3847907,0.001,-7.768846,110.3847907,0.001
1788935775.5317383,0.0,0.0,0.0,True,True,1.999,1.999,-7.768846,110.3847907,0.001,-7.768846,110.3847907,0.001
1788935775.7459133,0.0,0.0,0.0,True,True,1.999,1.999,-7.768846,110.3847907,0.001,-7.768846,110.3847907,0.001
1788935775.9609425,0.0,0.0,0.0,True,True,1.999,1.999,-7.768846,110.3847907,0.001,-7.768846,110.3847907,0.001
1788935776.1628313,0.0,0.0,0.0,True,True,1.999,1.999,-7.768846,110.3847907,0.001,-7.768846,110.3847907,0.001
1788935776.3638666,0.0,0.0,0.0,True,True,1.999,1.999,-7.768846,110.3847907,0.001,-7.768846,110.3847907,0.001
1788935776.5663462,0.0,0.0,0.0,True,True,1.999,1.999,-7.768846,110.3847907,0.001,-7.768846,110.3847907,0.001
1788935776.7672846,0.0,0.0,0.0,True,True,1.999,1.999,-7.768846,110.3847907,0.001,-7.768846,110.3847907,0.001
1788935776.968286,0.0,0.0,0.0,True,True,1.999,1.999,-7.768846,110.3847907,0.001,-7.768846,110.3847907,0.001
1788935777.1828427,0.0,0.0,0.0,True,True,1.999,1.999,-7.768846,110.3847907,0.001,-7.768846,110.3847907,0.001
1788935777.3859231,0.0,0.0,0.0,True,True,1.999,1.999,-7.768846,110.3847907,0.001,-7.768846,110.3847907,0.001
1788935777.5955653,0.0,0.0,0.0,True,True,1.999,1.999,-7.768846,110.3847907,0.001,-7.768846,110.3847907,0.001
1788935777.7958694,0.0,0.0,0.0,True,True,1.999,1.999,-7.768846,110.3847907,0.001,-7.768846,110.3847907,0.001
1788935777.9978166,0.0,0.0,0.0,True,True,1.999,1.999,-7.768846,110.3847907,0.001,-7.768846,110.3847907,0.001
1788935778.1992905,0.0,0.0,0.0,True,True,1.999,1.999,-7.768846,110.3847907,0.001,-7.768846,110.3847907,0.001
1788935778.4002411,0.0,0.0,0.0,True,True,1.999,1.999,-7.768846,110.3847907,0.001,-7.768846,110.3847907,0.001
1788935778.6005416,0.0,0.0,0.0,True,True,1.999,1.999,-7.768846,110.3847907,0.001,-7.768846,110.3847907,0.001
1788935778.8043969,0.0,0.0,0.0,True,True,1.999,1.999,-7.768846,110.3847907,0.001,-7.768846,110.3847907,0.001
1788935779.0195208,0.0,0.0,0.0,True,True,1.999,1.999,-7.768846,110.3847907,0.001,-7.768846,110.3847907,0.001
1788935779.221177,0.0,0.0,0.0,True,True,1.999,1.999,-7.768846,110.3847907,0.001,-7.768846,110.3847907,0.001
1788935779.424019,0.0,0.0,0.0,True,True,1.999,1.999,-7.768846,110.3847907,0.001,-7.768846,110.3847907,0.001
1788935779.6354523,0.0,0.0,0.0,True,True,1.999,1.999,-7.768846,110.3847907,0.001,-7.768846,110.3847907,0.001
1788935779.837498,0.0,0.0,0.0,True,True,1.999,1.999,-7.768846,110.3847907,0.001,-7.768846,110.3847907,0.001
1788935780.0390859,0.0,0.0,0.0,True,True,1.999,1.999,-7.768846,110.3847907,0.001,-7.768846,110.3847907,0.001
1788935780.2398756,0.0,0.0,0.0,True,True,1.999,1.999,-7.768846,110.3847907,0.001,-7.768846,110.3847907,0.001
1788935780.4431832,0.0,0.0,0.0,True,True,1.999,1.999,-7.768846,110.3847907,0.001,-7.768846,110.3847907,0.001
1788935780.6485832,0.0,0.0,0.0,True,True,1.999,1.999,-7.768846,110.3847907,0.001,-7.768846,110.3847907,0.001
1788935780.8525321,0.0,0.0,0.0,True,True,1.999,1.999,-7.768846,110.3847907,0.001,-7.768846,110.3847907,0.001
1788935781.054809,0.0,0.0,0.0,True,True,1.999,1.999,-7.768846,110.3847907,0.001,-7.768846,110.3847907,0.001
1788935781.2561014,0.0,0.0,0.0,True,True,1.999,1.999,-7.768846,110.3847907,0.001,-7.768846,110.3847907,0.001
1788935781.456917,0.0,0.0,0.0,True,True,1.999,1.999,-7.768846,110.3847907,0.001,-7.768846,110.3847907,0.001
1788935781.661139,0.0,0.0,0.0,True,True,1.999,1.999,-7.768846,110.3847907,0.001,-7.768846,110.3847907,0.001
1788935781.863339,0.0,0.0,0.0,True,True,1.999,1.999,-7.768846,110.3847907,0.001,-7.768846,110.3847907,0.001
1788935782.0662286,0.0,0.0,0.0,True,True,1.999,1.999,-7.768846,110.3847907,0.001,-7.768846,110.3847907,0.001
1788935782.2684834,0.0,0.0,0.0,True,True,1.999,1.999,-7.768846,110.3847907,0.001,-7.768846,110.3847907,0.001
1788935782.4835005,0.0,0.0,0.0,True,True,1.999,1.999,-7.768846,110.3847907,0.001,-7.768846,110.3847907,0.001
1788935782.6841593,0.0,0.0,0.0,True,True,1.999,1.999,-7.768846,110.3847907,0.001,-7.768846,110.3847907,0.001
1788935782.8858852,0.0,0.0,0.0,True,True,1.999,1.999,-7.768846,110.3847907,0.001,-7.768846,110.3847907,0.001
1788935783.0881565,0.0,0.0,0.0,True,True,1.999,1.999,-7.768846,110.3847907,0.001,-7.768846,110.3847907,0.001
1788935783.2887104,0.0,0.0,0.0,True,True,1.999,1.999,-7.768846,110.3847907,0.001,-7.768846,110.3847907,0.001
1788935783.489888,0.0,0.0,0.0,True,True,1.999,1.999,-7.768846,110.3847907,0.001,-7.768846,110.3847907,0.001
1788935783.6932297,0.0,0.0,0.0,True,True,1.999,1.999,-7.768846,110.3847907,0.001,-7.768846,110.3847907,0.001
1788935783.895631,0.0,0.0,0.0,True,True,1.999,1.999,-7.768846,110.3847907,0.001,-7.768846,110.3847907,0.001
1788935784.0984335,0.0,0.0,0.0,True,True,1.999,1.999,-7.768846,110.3847907,0.001,-7.768846,110.3847907,0.001
1788935784.303339,0.0,0.0,0.0,True,True,1.999,1.999,-7.768846,110.3847907,0.001,-7.768846,110.3847907,0.001
1788935784.5149393,0.0,0.0,0.0,True,True,1.999,1.999,-7.768846,110.3847907,0.001,-7.768846,110.3847907,0.001
1788935784.7171772,0.0,0.0,0.0,True,True,1.999,1.999,-7.768846,110.3847907,0.001,-7.768846,110.3847907,0.001
1788935784.9189138,0.0,0.0,0.0,True,True,1.999,1.999,-7.768846,110.3847907,0.001,-7.768846,110.3847907,0.001
1788935785.1211736,0.0,0.0,0.0,True,True,1.999,1.999,-7.768846,110.3847907,0.001,-7.768846,110.3847907,0.001
1788935785.3239715,0.0,0.0,0.0,True,True,1.999,1.999,-7.768846,110.3847907,0.001,-7.768846,110.3847907,0.001
1788935785.526276,0.0,0.0,0.0,True,True,1.999,1.999,-7.768846,110.3847907,0.001,-7.768846,110.3847907,0.001
1788935785.731022,0.0,0.0,0.0,True,True,1.999,1.999,-7.768846,110.3847907,0.001,-7.768846,110.3847907,0.001
1788935785.9337194,0.0,0.0,0.0,True,True,1.999,1.999,-7.768846,110.3847907,0.001,-7.768846,110.3847907,0.001
1788935786.1358569,0.0,0.0,0.0,True,True,1.999,1.999,-7.768846,110.3847907,0.001,-7.768846,110.3847907,0.001
1788935786.3391962,0.0,0.0,0.0,True,True,1.999,1.999,-7.768846,110.3847907,0.001,-7.768846,110.3847907,0.001
1788935786.5407734,0.0,0.0,0.0,True,True,1.999,1.999,-7.768846,110.3847907,0.001,-7.768846,110.3847907,0.001
1788935786.742259,0.0,0.0,0.0,True,True,1.999,1.999,-7.768846,110.3847907,0.001,-7.768846,110.3847907,0.001
1788935786.9453368,0.0,0.0,0.0,True,True,1.999,1.999,-7.768846,110.3847907,0.001,-7.768846,110.3847907,0.001
1788935787.1493053,0.0,0.0,0.0,True,True,1.999,1.999,-7.768846,110.3847907,0.001,-7.768846,110.3847907,0.001
1788935787.3614738,0.0,0.0,0.0,True,True,1.999,1.999,-7.768846,110.3847907,0.001,-7.768846,110.3847907,0.001
1788935787.56493,0.0,0.0,0.0,True,True,1.999,1.999,-7.768846,110.3847907,0.001,-7.768846,110.3847907,0.001
1788935787.7682261,0.0,0.0,0.0,True,True,1.999,1.999,-7.768846,110.3847907,0.001,-7.768846,110.3847907,0.001
1788935787.9691827,0.0,0.0,0.0,True,True,1.999,1.999,-7.768846,110.3847907,0.001,-7.768846,110.3847907,0.001
1788935788.173587,0.0,0.0,0.0,True,True,1.999,1.999,-7.768846,110.3847907,0.001,-7.768846,110.3847907,0.001
1788935788.3760397,0.0,0.0,0.0,True,True,1.999,1.999,-7.768846,110.3847907,0.001,-7.768846,110.3847907,0.001
1788935788.5771573,0.0,0.0,0.0,True,True,1.999,1.999,-7.768846,110.3847907,0.001,-7.768846,110.3847907,0.001
1788935788.7832127,0.0,0.0,0.0,True,True,1.999,1.999,-7.768846,110.3847907,0.001,-7.768846,110.3847907,0.001
1788935788.9850054,0.0,0.0,0.0,True,True,1.999,1.999,-7.768846,110.3847907,0.001,-7.768846,110.3847907,0.001
1788935789.1922758,0.0,0.0,0.0,True,True,1.999,1.999,-7.768846,110.3847907,0.001,-7.768846,110.3847907,0.001
1788935789.4073954,0.0,0.0,0.0,True,True,1.999,1.999,-7.768846,110.3847907,0.001,-7.768846,110.3847907,0.001
1788935789.6080873,0.0,0.0,0.0,True,True,1.999,1.999,-7.768846,110.3847907,0.001,-7.768846,110.3847907,0.001
1788935789.8100348,0.0,0.0,0.0,True,True,1.999,1.999,-7.768846,110.3847907,0.001,-7.768846,110.3847907,0.001
1788935790.0134172,0.0,0.0,0.0,True,True,1.999,1.999,-7.768846,110.3847907,0.001,-7.768846,110.3847907,0.001
1788935790.2170491,0.0,0.0,0.0,True,True,1.999,1.999,-7.768846,110.3847907,0.001,-7.768846,110.3847907,0.001
1788935790.4189503,0.0,0.0,0.0,True,True,1.999,1.999,-7.768846,110.3847907,0.001,-7.768846,110.3847907,0.001
1788935790.6210685,0.0,0.0,0.0,True,True,1.999,1.999,-7.768846,110.3847907,0.001,-7.768846,110.3847907,0.001
1788935790.8240361,0.0,0.0,0.0,True,True,1.999,1.999,-7.768846,110.3847907,0.001,-7.768846,110.3847907,0.001
1788935791.0258248,0.0,0.0,0.0,True,True,1.999,1.999,-7.768846,110.3847907,0.001,-7.768846,110.3847907,0.001
1788935791.2266963,0.0,0.0,0.0,True,True,1.999,1.999,-7.768846,110.3847907,0.001,-7.768846,110.3847907,0.001
1788935791.4304407,0.0,0.0,0.0,True,True,1.999,1.999,-7.768846,110.3847907,0.001,-7.768846,110.3847907,0.001
1788935791.632041,0.0,0.0,0.0,True,True,1.999,1.999,-7.768846,110.3847907,0.001,-7.768846,110.3847907,0.001
1788935791.8329618,0.0,0.0,0.0,True,True,1.999,1.999,-7.768846,110.3847907,0.001,-7.768846,110.3847907,0.001
1788935792.0357127,0.0,0.0,0.0,True,True,1.999,1.999,-7.768846,110.3847907,0.001,-7.768846,110.3847907,0.001
1788935792.2392676,0.0,0.0,0.0,True,True,1.999,1.999,-7.768846,110.3847907,0.001,-7.768846,110.3847907,0.001
1788935792.442704,0.0,0.0,0.0,True,True,1.999,1.999,-7.768846,110.3847907,0.001,-7.768846,110.3847907,0.001
1788935792.6577477,0.0,0.0,0.0,True,True,1.999,1.999,-7.768846,110.3847907,0.001,-7.768846,110.3847907,0.001
1788935792.8583431,0.0,0.0,0.0,True,True,1.999,1.999,-7.768846,110.3847907,0.001,-7.768846,110.3847907,0.001
1788935793.0589097,0.0,0.0,0.0,True,True,1.999,1.999,-7.768846,110.3847907,0.001,-7.768846,110.3847907,0.001
1788935793.2742078,0.0,0.0,0.0,True,True,1.999,1.999,-7.768846,110.3847907,0.001,-7.768846,110.3847907,0.001
1788935793.475225,0.0,0.0,0.0,True,True,1.999,1.999,-7.768846,110.3847907,0.001,-7.768846,110.3847907,0.001
1788935793.6756463,0.0,0.0,0.0,True,True,1.999,1.999,-7.768846,110.3847907,0.001,-7.768846,110.3847907,0.001
1788935793.878413,0.0,0.0,0.0,True,True,1.999,1.999,-7.768846,110.3847907,0.001,-7.768846,110.3847907,0.001
1788935794.080703,0.0,0.0,0.0,True,True,1.999,1.999,-7.768846,110.3847907,0.001,-7.768846,110.3847907,0.001
1788935794.2816863,0.0,0.0,0.0,True,True,1.999,1.999,-7.768846,110.3847907,0.001,-7.768846,110.3847907,0.001
1788935794.4846466,0.0,0.0,0.0,True,True,1.999,1.999,-7.768846,110.3847907,0.001,-7.768846,110.3847907,0.001
1788935794.687566,0.0,0.0,0.0,True,True,1.999,1.999,-7.768846,110.3847907,0.001,-7.768846,110.3847907,0.001
1788935794.8916812,0.0,0.0,0.0,True,True,1.999,1.999,-7.768846,110.3847907,0.001,-7.768846,110.3847907,0.001
1788935795.092713,0.0,0.0,0.0,True,True,1.999,1.999,-7.768846,110.3847907,0.001,-7.768846,110.3847907,0.001
1788935795.307528,0.0,0.0,0.0,True,True,1.999,1.999,-7.768846,110.3847907,0.001,-7.768846,110.3847907,0.001
1788935795.5105956,0.0,0.0,0.0,True,True,1.999,1.999,-7.768846,110.3847907,0.001,-7.768846,110.3847907,0.001
1788935795.7137418,0.0,0.0,0.0,True,True,1.999,1.999,-7.768846,110.3847907,0.001,-7.768846,110.3847907,0.001
1788935795.9145858,0.0,0.0,0.0,True,True,1.999,1.999,-7.768846,110.3847907,0.001,-7.768846,110.3847907,0.001
1788935796.1289773,0.0,0.0,0.0,True,True,1.999,1.999,-7.768846,110.3847907,0.001,-7.768846,110.3847907,0.001
1788935796.3414917,0.0,0.0,0.0,True,True,1.999,1.999,-7.768846,110.3847907,0.001,-7.768846,110.3847907,0.001
1788935796.5434954,0.0,0.0,0.0,True,True,1.999,1.999,-7.768846,110.3847907,0.001,-7.768846,110.3847907,0.001
1788935796.744583,0.0,0.0,0.0,True,True,1.999,1.999,-7.768846,110.3847907,0.001,-7.768846,110.3847907,0.001
1788935796.9457805,0.0,0.0,0.0,True,True,1.999,1.999,-7.768846,110.3847907,0.001,-7.768846,110.3847907,0.001
1788935797.1512363,0.0,0.0,0.0,True,True,1.999,1.999,-7.768846,110.3847907,0.001,-7.768846,110.3847907,0.001
1788935797.3526406,0.0,0.0,0.0,True,True,1.999,1.999,-7.768846,110.3847907,0.001,-7.768846,110.3847907,0.001
1788935797.554531,0.0,0.0,0.0,True,True,1.999,1.999,-7.768846,110.3847907,0.001,-7.768846,110.3847907,0.001
1788935797.7554476,0.0,0.0,0.0,True,True,1.999,1.999,-7.768846,110.3847907,0.001,-7.768846,110.3847907,0.001
1788935797.9571455,0.0,0.0,0.0,True,True,1.999,1.999,-7.768846,110.3847907,0.001,-7.768846,110.3847907,0.001
1788935798.159552,0.0,0.0,0.0,True,True,1.999,1.999,-7.768846,110.3847907,0.001,-7.768846,110.3847907,0.001
1788935798.3612468,0.0,0.0,0.0,True,True,1.999,1.999,-7.768846,110.3847907,0.001,-7.768846,110.3847907,0.001
1788935798.5634532,0.0,0.0,0.0,True,True,1.999,1.999,-7.768846,110.3847907,0.001,-7.768846,110.3847907,0.001
1788935798.7664058,0.0,0.0,0.0,True,True,1.999,1.999,-7.768846,110.3847907,0.001,-7.768846,110.3847907,0.001
1788935798.9682662,0.0,0.0,0.0,True,True,1.999,1.999,-7.768846,110.3847907,0.001,-7.768846,110.3847907,0.001
1788935799.169323,0.0,0.0,0.0,True,True,1.999,1.999,-7.768846,110.3847907,0.001,-7.768846,110.3847907,0.001
1788935799.3713167,0.0,0.0,0.0,True,True,1.999,1.999,-7.768846,110.3847907,0.001,-7.768846,110.3847907,0.001
1788935799.5752244,0.0,0.0,0.0,True,True,1.999,1.999,-7.768846,110.3847907,0.001,-7.768846,110.3847907,0.001
1788935799.7770069,0.0,0.0,0.0,True,True,1.999,1.999,-7.768846,110.3847907,0.001,-7.768846,110.3847907,0.001
1788935799.991638,0.0,0.0,0.0,True,True,1.999,1.999,-7.768846,110.3847907,0.001,-7.768846,110.3847907,0.001
1788935800.192537,0.0,0.0,0.0,True,True,1.999,1.999,-7.768846,110.3847907,0.001,-7.768846,110.3847907,0.001
1788935800.395015,0.0,0.0,0.0,True,True,1.999,1.999,-7.768846,110.3847907,0.001,-7.768846,110.3847907,0.001
1788935800.606753,0.0,0.0,0.0,True,True,1.999,1.999,-7.768846,110.3847907,0.001,-7.768846,110.3847907,0.001
1788935800.8093457,0.0,0.0,0.0,True,True,1.999,1.999,-7.768846,110.3847907,0.001,-7.768846,110.3847907,0.001
1788935801.0148156,0.0,0.0,0.0,True,True,1.999,1.999,-7.768846,110.3847907,0.001,-7.768846,110.3847907,0.001
1788935801.2165015,0.0,0.0,0.0,True,True,1.999,1.999,-7.768846,110.3847907,0.001,-7.768846,110.3847907,0.001
1788935801.4185114,0.0,0.0,0.0,True,True,1.999,1.999,-7.768846,110.3847907,0.001,-7.768846,110.3847907,0.001
1788935801.621843,0.0,0.0,0.0,True,True,1.999,1.999,-7.768846,110.3847907,0.001,-7.768846,110.3847907,0.001
1788935801.8367908,0.0,0.0,0.0,True,True,1.999,1.999,-7.768846,110.3847907,0.001,-7.768846,110.3847907,0.001
1788935802.03815,0.0,0.0,0.0,True,True,1.999,1.999,-7.768846,110.3847907,0.001,-7.768846,110.3847907,0.001
1788935802.2400217,0.0,0.0,0.0,True,True,1.999,1.999,-7.768846,110.3847907,0.001,-7.768846,110.3847907,0.001
1788935802.4443085,0.0,0.0,0.0,True,True,1.999,1.999,-7.768846,110.3847907,0.001,-7.768846,110.3847907,0.001
1788935802.6451004,0.0,0.0,0.0,True,True,1.999,1.999,-7.768846,110.3847907,0.001,-7.768846,110.3847907,0.001
1788935802.8472912,0.0,0.0,0.0,True,True,1.999,1.999,-7.768846,110.3847907,0.001,-7.768846,110.3847907,0.001
1788935803.0492678,0.0,0.0,0.0,True,True,1.999,1.999,-7.768846,110.3847907,0.001,-7.768846,110.3847907,0.001
1788935803.251621,0.0,0.0,0.0,True,True,1.999,1.999,-7.768846,110.3847907,0.001,-7.768846,110.3847907,0.001
1788935803.4522889,0.0,0.0,0.0,True,True,1.999,1.999,-7.768846,110.3847907,0.001,-7.768846,110.3847907,0.001
1788935803.6572607,0.0,0.0,0.0,True,True,1.999,1.999,-7.768846,110.3847907,0.001,-7.768846,110.3847907,0.001
1788935803.8589244,0.0,0.0,0.0,True,True,1.999,1.999,-7.768846,110.3847907,0.001,-7.768846,110.3847907,0.001
1788935804.0618181,0.0,0.0,0.0,True,True,1.999,1.999,-7.768846,110.3847907,0.001,-7.768846,110.3847907,0.001
1788935804.265042,0.0,0.0,0.0,True,True,1.999,1.999,-7.768846,110.3847907,0.001,-7.768846,110.3847907,0.001
1788935804.466446,0.0,0.0,0.0,True,True,1.999,1.999,-7.768846,110.3847907,0.001,-7.768846,110.3847907,0.001
1788935804.6679292,0.0,0.0,0.0,True,True,1.999,1.999,-7.768846,110.3847907,0.001,-7.768846,110.3847907,0.001
1788935804.8708117,0.001,0.001,0.0,True,True,2.0,3.0,-7.768846,110.3847907,0,-7.768846,110.3847907,0.001
1788935805.0728714,0.0,0.0,0.0,True,True,1.999,2.0999999999999996,-7.768846,110.3847907,0.001,-7.768846,110.3847907,0.001
1788935805.2748992,0.0,0.0,0.0,True,True,1.999,1.999,-7.768846,110.3847907,0.001,-7.768846,110.3847907,0.001
1788935805.4889605,0.0,0.0,0.0,True,True,1.999,1.999,-7.768846,110.3847907,0.001,-7.768846,110.3847907,0.001
1788935805.6935685,0.001,0.001,0.0,True,True,2.2797,2.0,-7.768846,110.3847907,0.001,-7.768846,110.3847907,0
1788935805.8951092,0.001,0.001,0.0,True,True,4.59579,2.0,-7.768846,110.3847907,0.001,-7.768846,110.3847907,0
1788935806.109533,0.001,0.001,0.0,True,True,6.217053,2.0,-7.768846,110.3847907,0.001,-7.768846,110.3847907,0
1788935806.3109314,0.0,0.0,0.0,True,True,4.3519371,1.999,-7.768846,110.3847907,0.001,-7.768846,110.3847907,0.001
1788935806.5264978,0.0,0.0,0.0,True,True,3.0463559699999996,1.999,-7.768846,110.3847907,0.001,-7.768846,110.3847907,0.001
1788935806.7278821,0.0,0.0,0.0,True,True,2.1324491789999995,1.999,-7.768846,110.3847907,0.001,-7.768846,110.3847907,0.001
1788935806.9299235,0.0,0.0,0.0,True,True,1.999,1.999,-7.768846,110.3847907,0.001,-7.768846,110.3847907,0.001
1788935807.1309,0.0,0.0,0.0,True,True,1.999,1.999,-7.768846,110.3847907,0.001,-7.768846,110.3847907,0.001
1788935807.3333828,0.001,0.001,0.0,True,True,2.0,2.2685699316030004,-7.768846,110.3847907,0,-7.768846,110.3847907,0.001
1788935807.5357409,0.001,0.001,0.0,True,True,2.0,4.5879989521221,-7.768846,110.3847907,0,-7.768846,110.3847907,0.001
1788935807.736172,0.001,0.001,0.0,True,True,2.0,6.21159926648547,-7.768846,110.3847907,0,-7.768846,110.3847907,0.001
1788935807.9365602,0.001,0.001,0.0,True,True,2.0,7.3481194865398285,-7.768846,110.3847907,0,-7.768846,110.3847907,0.001
1788935808.1382658,0.001,0.001,0.0,True,True,2.0,8.14368364057788,-7.768846,110.3847907,0,-7.768846,110.3847907,0.001
1788935808.3396041,0.001,0.001,0.0,True,True,2.0,8.700578548404515,-7.768846,110.3847907,0,-7.768846,110.3847907,0.001
1788935808.5411596,0.0,0.0,0.0,True,True,2.0,6.09040498388316,-7.768846,110.3847907,0,-7.768846,110.3847907,0
1788935808.7558618,0.0,0.0,0.0,True,True,2.0,4.263283488718212,-7.768846,110.3847907,0,-7.768846,110.3847907,0
1788935808.9586816,0.0,0.0,0.0,True,True,2.0,2.984298442102748,-7.768846,110.3847907,0,-7.768846,110.3847907,0
1788935809.1603265,0.0,0.0,0.0,True,True,2.0,2.0890089094719237,-7.768846,110.3847907,0,-7.768846,110.3847907,0
1788935809.3637168,0.0,0.0,0.0,True,True,2.0,2.0,-7.768846,110.3847907,0,-7.768846,110.3847907,0
1788935809.5657632,0.0,0.0,0.0,True,True,2.0,2.0,-7.768846,110.3847907,0,-7.768846,110.3847907,0
1788935809.768379,0.0,0.0,0.0,True,True,2.0,2.0,-7.768846,110.3847907,0,-7.768846,110.3847907,0
1788935809.9692473,0.0,0.0,0.0,True,True,2.0,2.0,-7.768846,110.3847907,0,-7.768846,110.3847907,0
1788935810.1726003,0.0,0.0,0.0,True,True,2.0,2.0,-7.768846,110.3847907,0,-7.768846,110.3847907,0
1788935810.3778675,0.0,0.0,0.0,True,True,2.0,2.0,-7.768846,110.3847907,0,-7.768846,110.3847907,0
1788935810.5810635,0.0,0.0,0.0,True,True,2.0,2.0,-7.768846,110.3847907,0,-7.768846,110.3847907,0
1788935810.7841737,0.0,0.0,0.0,True,True,2.0,2.0,-7.768846,110.3847907,0,-7.768846,110.3847907,0
1788935810.987633,0.0,0.0,0.0,True,True,2.0,2.0,-7.768846,110.3847907,0,-7.768846,110.3847907,0
1788935811.188793,0.001,0.001,0.0,True,True,2.9409906688133702,2.0,-7.768846,110.3847907,0.001,-7.768846,110.3847907,0
1788935811.3924854,0.001,0.001,0.0,True,True,5.058693468169359,2.0,-7.768846,110.3847907,0.001,-7.768846,110.3847907,0
1788935811.5960264,0.001,0.001,0.0,True,True,6.541085427718551,2.0,-7.768846,110.3847907,0.001,-7.768846,110.3847907,0
1788935811.797394,0.001,0.001,0.0,True,True,7.578759799402985,2.0,-7.768846,110.3847907,0.001,-7.768846,110.3847907,0
1788935811.9994407,0.001,0.001,0.0,True,True,8.30513185958209,2.0,-7.768846,110.3847907,0.001,-7.768846,110.3847907,0
1788935812.2027695,0.0,0.0,0.0,True,True,5.813592301707462,1.999,-7.768846,110.3847907,0.001,-7.768846,110.3847907,0.001
1788935812.40619,0.0,0.0,0.0,True,True,4.069514611195223,1.999,-7.768846,110.3847907,0.001,-7.768846,110.3847907,0.001
1788935812.6072922,0.0,0.0,0.0,True,True,2.848660227836656,1.999,-7.768846,110.3847907,0.001,-7.768846,110.3847907,0.001
1788935812.8090606,0.0,0.0,0.0,True,True,1.999,1.999,-7.768846,110.3847907,0.001,-7.768846,110.3847907,0.001
1788935813.0114012,0.0,0.0,0.0,True,True,1.999,1.999,-7.768846,110.3847907,0.001,-7.768846,110.3847907,0.001
1788935813.212139,0.01565333565698492,0.01565333565698492,0.0,True,True,6.3346356708732925,6.328694577935915,-7.7688459,110.3847906,0.001,-7.768846,110.3847907,0.001
1788935813.4128244,0.01565333565698492,0.01565333565698492,0.0,True,True,10.401563852333975,10.401871083400605,-7.7688459,110.3847906,0.001,-7.768846,110.3847907,0.001
1788935813.6163516,0.01565333565698492,0.01565333565698492,0.0,True,True,13.29649313243567,13.301352436235653,-7.7688459,110.3847906,0.001,-7.768846,110.3847907,0.001
1788935813.8193166,0.01565333565698492,0.01565333565698492,0.0,True,True,15.33262725089662,15.340694442928974,-7.7688459,110.3847906,0.001,-7.768846,110.3847907,0.001
1788935814.0234356,0.0,0.0,0.0,True,True,10.827363258583294,10.822192043642934,-7.7688459,110.3847906,0.001,-7.7688459,110.3847906,0.001
1788935814.2250888,0.0,0.0,0.0,True,True,7.71242764149697,7.708870372398883,-7.7688459,110.3847906,0.001,-7.7688459,110.3847906,0.001
1788935814.4264011,0.0,0.0,0.0,True,True,5.584256008763386,5.5818486986875735,-7.7688459,110.3847906,0.001,-7.7688459,110.3847906,0.001
1788935814.6301904,0.0,0.0,0.0,True,True,4.161499602786344,4.159916779043743,-7.7688459,110.3847906,0.001,-7.7688459,110.3847906,0.001
1788935814.832728,0.0,0.0,0.0,True,True,3.2440436483739763,3.243048756679298,-7.7688459,110.3847906,0.001,-7.7688459,110.3847906,0.001
1788935815.035496,0.0,0.0,0.0,True,True,2.6822811027840117,2.681691532730336,-7.7688459,110.3847906,0.001,-7.7688459,110.3847906,0.001
1788935815.2383366,0.0,0.0,0.0,True,True,2.3586712674793375,2.3583427557485392,-7.7688459,110.3847906,0.001,-7.7688459,110.3847906,0.001
1788935815.440234,0.0,0.0,0.0,True,True,2.182657161016353,2.1824832144279807,-7.7688459,110.3847906,0.001,-7.7688459,110.3847906,0.001
1788935815.6431413,0.0,0.0,0.0,True,True,2.091008543369114,2.0909195754063203,-7.7688459,110.3847906,0.001,-7.7688459,110.3847906,0.001
1788935815.8458426,0.0,0.0,0.0,True,True,2.0446016010305983,2.0445570177181414,-7.7688459,110.3847906,0.001,-7.7688459,110.3847906,0.001
1788935816.0475404,0.0,0.0,0.0,True,True,2.021473325670926,2.0214512300234317,-7.7688459,110.3847906,0.001,-7.7688459,110.3847906,0.001
1788935816.2482007,0.0,0.0,0.0,True,True,2.010043325188675,2.010032436785036,-7.7688459,110.3847906,0.001,-7.7688459,110.3847906,0.001
1788935816.4511662,0.0,0.0,0.0,True,True,2.0044188317007046,2.0044134814191197,-7.7688459,110.3847906,0.001,-7.7688459,110.3847906,0.001
1788935816.651587,0.0,0.0,0.0,True,True,2.0016570605149737,2.001654435261594,-7.7688459,110.3847906,0.001,-7.7688459,110.3847906,0.001
1788935816.8526778,0.0,0.0,0.0,True,True,2.0003024006573678,2.0003011134124735,-7.7688459,110.3847906,0.001,-7.7688459,110.3847906,0.001
1788935817.0531476,0.0,0.0,0.0,True,True,1.9996382823143435,1.9996376513549647,-7.7688459,110.3847906,0.001,-7.7688459,110.3847906,0.001
1788935817.260492,0.0,0.0,0.0,True,True,1.9993127837953617,1.9993124745749564,-7.7688459,110.3847906,0.001,-7.7688459,110.3847906,0.001
1788935817.4622376,0.0,0.0,0.0,True,True,1.9991532701744765,1.9991531186443943,-7.7688459,110.3847906,0.001,-7.7688459,110.3847906,0.001
1788935817.6639557,0.0,0.0,0.0,True,True,1.9990751038538195,1.9990750296011772,-7.7688459,110.3847906,0.001,-7.7688459,110.3847906,0.001
1788935817.8648577,0.0,0.0,0.0,True,True,1.9990368012409372,1.9990367648564458,-7.7688459,110.3847906,0.001,-7.7688459,110.3847906,0.001
1788935818.0668657,0.0,0.0,0.0,True,True,1.9990180326927127,1.9990180148641445,-7.7688459,110.3847906,0.001,-7.7688459,110.3847906,0.001
1788935818.267853,0.0,0.0,0.0,True,True,1.9990088360397549,1.9990088273037163,-7.7688459,110.3847906,0.001,-7.7688459,110.3847906,0.001
1788935818.4702005,0.0,0.0,0.0,True,True,1.99900432966436,1.9990043253836915,-7.7688459,110.3847906,0.001,-7.7688459,110.3847906,0.001
1788935818.6856778,0.0,0.0,0.0,True,True,1.9990021215367084,1.9990021194391783,-7.7688459,110.3847906,0.001,-7.7688459,110.3847906,0.001
1788935818.8865745,0.0,0.0,0.0,True,True,1.9990010395532685,1.9990010385254782,-7.7688459,110.3847906,0.001,-7.7688459,110.3847906,0.001
1788935819.0904176,0.0,0.0,0.0,True,True,1.9990005093811691,1.9990005088775518,-7.7688459,110.3847906,0.001,-7.7688459,110.3847906,0.001
1788935819.292474,0.0,0.0,0.0,True,True,1.9990002495967893,1.9990002493500165,-7.7688459,110.3847906,0.001,-7.7688459,110.3847906,0.001
1788935819.4931762,0.0,0.0,0.0,True,True,1.9990001223024307,1.9990001221815121,-7.7688459,110.3847906,0.001,-7.7688459,110.3847906,0.001
1788935819.6959121,0.0,0.0,0.0,True,True,1.999000059928192,1.999000059868942,-7.7688459,110.3847906,0.001,-7.7688459,110.3847906,0.001
1788935819.898119,0.0,0.0,0.0,True,True,1.9990000293648145,1.9990000293357817,-7.7688459,110.3847906,0.001,-7.7688459,110.3847906,0.001
1788935820.1126804,0.0,0.0,0.0,True,True,1.9990000143887592,1.9990000143745332,-7.7688459,110.3847906,0.001,-7.7688459,110.3847906,0.001
1788935820.3167994,0.0,0.0,0.0,True,True,1.999000007050492,1.9990000070435214,-7.7688459,110.3847906,0.001,-7.7688459,110.3847906,0.001
1788935820.5226362,0.0,0.0,0.0,True,True,1.9990000034547413,1.9990000034513256,-7.7688459,110.3847906,0.001,-7.7688459,110.3847906,0.001
1788935820.726666,0.0,0.0,0.0,True,True,1.9990000016928233,1.9990000016911496,-7.7688459,110.3847906,0.001,-7.7688459,110.3847906,0.001
1788935820.930931,0.0,0.0,0.0,True,True,1.9990000008294835,1.9990000008286635,-7.7688459,110.3847906,0.001,-7.7688459,110.3847906,0.001
1788935821.1352546,0.0,0.0,0.0,True,True,1.999000000406447,1.999000000406045,-7.7688459,110.3847906,0.001,-7.7688459,110.3847906,0.001
1788935821.3359892,0.0,0.0,0.0,True,True,1.999000000199159,1.9990000001989623,-7.7688459,110.3847906,0.001,-7.7688459,110.3847906,0.001
1788935821.537993,0.0,0.0,0.0,True,True,1.999000000097588,1.9990000000974915,-7.7688459,110.3847906,0.001,-7.7688459,110.3847906,0.001
1788935821.7401276,0.0,0.0,0.0,True,True,1.999000000047818,1.999000000047771,-7.7688459,110.3847906,0.001,-7.7688459,110.3847906,0.001
1788935821.942596,0.0,0.0,0.0,True,True,1.999000000023431,1.9990000000234078,-7.7688459,110.3847906,0.001,-7.7688459,110.3847906,0.001
1788935822.1447377,0.0,0.0,0.0,True,True,1.9990000000114814,1.9990000000114698,-7.7688459,110.3847906,0.001,-7.7688459,110.3847906,0.001
1788935822.3466094,0.0,0.0,0.0,True,True,1.9990000000056258,1.9990000000056203,-7.7688459,110.3847906,0.001,-7.7688459,110.3847906,0.001
1788935822.5480404,0.0,0.0,0.0,True,True,1.9990000000027568,1.999000000002754,-7.7688459,110.3847906,0.001,-7.7688459,110.3847906,0.001
1788935822.750352,0.0,0.0,0.0,True,True,1.9990000000013508,1.9990000000013495,-7.7688459,110.3847906,0.001,-7.7688459,110.3847906,0.001
1788935822.9547822,0.0,0.0,0.0,True,True,1.999000000000662,1.9990000000006614,-7.7688459,110.3847906,0.001,-7.7688459,110.3847906,0.001
1788935823.1553063,0.0,0.0,0.0,True,True,1.9990000000003245,1.999000000000324,-7.7688459,110.3847906,0.001,-7.7688459,110.3847906,0.001
1788935823.3588297,0.0,0.0,0.0,True,True,1.999000000000159,1.9990000000001589,-7.7688459,110.3847906,0.001,-7.7688459,110.3847906,0.001
1788935823.5708334,0.0,0.0,0.0,True,True,1.999000000000078,1.9990000000000778,-7.7688459,110.3847906,0.001,-7.7688459,110.3847906,0.001
1788935823.7745738,0.0,0.0,0.0,True,True,1.9990000000000383,1.9990000000000383,-7.7688459,110.3847906,0.001,-7.7688459,110.3847906,0.001
1788935823.9893432,0.0,0.0,0.0,True,True,1.9990000000000188,1.9990000000000188,-7.7688459,110.3847906,0.001,-7.7688459,110.3847906,0.001
1788935824.2007515,0.0,0.0,0.0,True,True,1.9990000000000092,1.9990000000000092,-7.7688459,110.3847906,0.001,-7.7688459,110.3847906,0.001
1788935824.4044044,0.0,0.0,0.0,True,True,1.9990000000000046,1.9990000000000046,-7.7688459,110.3847906,0.001,-7.7688459,110.3847906,0.001
1788935824.6164508,0.0,0.0,0.0,True,True,1.9990000000000023,1.9990000000000023,-7.7688459,110.3847906,0.001,-7.7688459,110.3847906,0.001
1788935824.8186913,0.0,0.0,0.0,True,True,1.9990000000000012,1.9990000000000012,-7.7688459,110.3847906,0.001,-7.7688459,110.3847906,0.001
1788935825.032953,0.0,0.0,0.0,True,True,1.9990000000000008,1.9990000000000008,-7.7688459,110.3847906,0.001,-7.7688459,110.3847906,0.001
1788935825.236233,0.0,0.0,0.0,True,True,1.9990000000000003,1.9990000000000003,-7.7688459,110.3847906,0.001,-7.7688459,110.3847906,0.001
1788935825.439214,0.0,0.0,0.0,True,True,1.9990000000000003,1.9990000000000003,-7.7688459,110.3847906,0.001,-7.7688459,110.3847906,0.001
1788935825.6398141,0.0,0.0,0.0,True,True,1.9990000000000003,1.9990000000000003,-7.7688459,110.3847906,0.001,-7.7688459,110.3847906,0.001
1788935825.843096,0.0,0.0,0.0,True,True,1.999,1.999,-7.7688459,110.3847906,0.001,-7.7688459,110.3847906,0.001
1788935826.0434566,0.0,0.0,0.0,True,True,1.999,1.999,-7.7688459,110.3847906,0.001,-7.7688459,110.3847906,0.001
1788935826.2457037,0.0,0.0,0.0,True,True,1.999,1.999,-7.7688459,110.3847906,0.001,-7.7688459,110.3847906,0.001
1788935826.4492624,0.0,0.0,0.0,True,True,1.999,1.999,-7.7688459,110.3847906,0.001,-7.7688459,110.3847906,0.001
1788935826.652346,0.0,0.0,0.0,True,True,1.999,1.999,-7.7688459,110.3847906,0.001,-7.7688459,110.3847906,0.001
1788935826.8543315,0.0,0.0,0.0,True,True,1.999,1.999,-7.7688459,110.3847906,0.001,-7.7688459,110.3847906,0.001
1788935827.058278,0.0,0.0,0.0,True,True,1.999,1.999,-7.7688459,110.3847906,0.001,-7.7688459,110.3847906,0.001
1788935827.2608325,0.0,0.0,0.0,True,True,1.999,1.999,-7.7688459,110.3847906,0.001,-7.7688459,110.3847906,0.001
1788935827.4636068,0.0,0.0,0.0,True,True,1.999,1.999,-7.7688459,110.3847906,0.001,-7.7688459,110.3847906,0.001
1788935827.666301,0.0,0.0,0.0,True,True,1.999,1.999,-7.7688459,110.3847906,0.001,-7.7688459,110.3847906,0.001
1788935827.8694139,0.0,0.0,0.0,True,True,1.999,1.999,-7.7688459,110.3847906,0.001,-7.7688459,110.3847906,0.001
1788935828.071138,0.0,0.0,0.0,True,True,1.999,1.999,-7.7688459,110.3847906,0.001,-7.7688459,110.3847906,0.001
1788935828.2719443,0.0,0.0,0.0,True,True,1.999,1.999,-7.7688459,110.3847906,0.001,-7.7688459,110.3847906,0.001
1788935828.473158,0.0,0.0,0.0,True,True,1.999,1.999,-7.7688459,110.3847906,0.001,-7.7688459,110.3847906,0.001
1788935828.67579,0.0,0.0,0.0,True,True,1.999,1.999,-7.7688459,110.3847906,0.001,-7.7688459,110.3847906,0.001
1788935828.8912196,0.0,0.0,0.0,True,True,1.999,1.999,-7.7688459,110.3847906,0.001,-7.7688459,110.3847906,0.001
1788935829.0944066,0.0,0.0,0.0,True,True,1.999,1.999,-7.7688459,110.3847906,0.001,-7.7688459,110.3847906,0.001
1788935829.2959263,0.0,0.0,0.0,True,True,1.999,1.999,-7.7688459,110.3847906,0.001,-7.7688459,110.3847906,0.001
1788935829.4983048,0.0,0.0,0.0,True,True,1.999,1.999,-7.7688459,110.3847906,0.001,-7.7688459,110.3847906,0.001
1788935829.7024076,0.0,0.0,0.0,True,True,1.999,1.999,-7.7688459,110.3847906,0.001,-7.7688459,110.3847906,0.001
1788935829.9042034,0.0,0.0,0.0,True,True,1.999,1.999,-7.7688459,110.3847906,0.001,-7.7688459,110.3847906,0.001
1788935830.1059794,0.0,0.0,0.0,True,True,1.999,1.999,-7.7688459,110.3847906,0.001,-7.7688459,110.3847906,0.001
1788935830.307158,0.0,0.0,0.0,True,True,1.999,1.999,-7.7688459,110.3847906,0.001,-7.7688459,110.3847906,0.001
1788935830.5216866,0.0,0.0,0.0,True,True,1.999,1.999,-7.7688459,110.3847906,0.001,-7.7688459,110.3847906,0.001
1788935830.7254162,0.0,0.0,0.0,True,True,1.999,1.999,-7.7688459,110.3847906,0.001,-7.7688459,110.3847906,0.001
1788935830.9276123,0.0,0.0,0.0,True,True,1.999,1.999,-7.7688459,110.3847906,0.001,-7.7688459,110.3847906,0.001
1788935831.132857,0.0,0.0,0.0,True,True,1.999,1.999,-7.7688459,110.3847906,0.001,-7.7688459,110.3847906,0.001
1788935831.3338687,0.0,0.0,0.0,True,True,1.999,1.999,-7.7688459,110.3847906,0.001,-7.7688459,110.3847906,0.001
1788935831.535036,0.0,0.0,0.0,True,True,1.999,1.999,-7.7688459,110.3847906,0.001,-7.7688459,110.3847906,0.001
1788935831.7367918,0.0,0.0,0.0,True,True,1.999,1.999,-7.7688459,110.3847906,0.001,-7.7688459,110.3847906,0.001
1788935831.937374,0.0,0.0,0.0,True,True,1.999,1.999,-7.7688459,110.3847906,0.001,-7.7688459,110.3847906,0.001
1788935832.138862,0.0,0.0,0.0,True,True,1.999,1.999,-7.7688459,110.3847906,0.001,-7.7688459,110.3847906,0.001
1788935832.349202,0.0,0.0,0.0,True,True,1.999,1.999,-7.7688459,110.3847906,0.001,-7.7688459,110.3847906,0.001
1788935832.550117,0.0,0.0,0.0,True,True,1.999,1.999,-7.7688459,110.3847906,0.001,-7.7688459,110.3847906,0.001
1788935832.7518523,0.0,0.0,0.0,True,True,1.999,1.999,-7.7688459,110.3847906,0.001,-7.7688459,110.3847906,0.001
1788935832.953576,0.0,0.0,0.0,True,True,1.999,1.999,-7.7688459,110.3847906,0.001,-7.7688459,110.3847906,0.001
1788935833.1539078,0.0,0.0,0.0,True,True,1.999,1.999,-7.7688459,110.3847906,0.001,-7.7688459,110.3847906,0.001
1788935833.3683538,0.0,0.0,0.0,True,True,1.999,1.999,-7.7688459,110.3847906,0.001,-7.7688459,110.3847906,0.001
1788935833.5690596,0.0,0.0,0.0,True,True,1.999,1.999,-7.7688459,110.3847906,0.001,-7.7688459,110.3847906,0.001
1788935833.7705848,0.0,0.0,0.0,True,True,1.999,1.999,-7.7688459,110.3847906,0.001,-7.7688459,110.3847906,0.001
1788935833.9732022,0.0,0.0,0.0,True,True,1.999,1.999,-7.7688459,110.3847906,0.001,-7.7688459,110.3847906,0.001
1788935834.1775162,0.0,0.0,0.0,True,True,1.999,1.999,-7.7688459,110.3847906,0.001,-7.7688459,110.3847906,0.001
1788935834.3803048,0.0,0.0,0.0,True,True,1.999,1.999,-7.7688459,110.3847906,0.001,-7.7688459,110.3847906,0.001
1788935834.5963333,0.0,0.0,0.0,True,True,1.999,1.999,-7.7688459,110.3847906,0.001,-7.7688459,110.3847906,0.001
1788935834.8089533,0.0,0.0,0.0,True,True,1.999,1.999,-7.7688459,110.3847906,0.001,-7.7688459,110.3847906,0.001
1788935835.0118139,0.0,0.0,0.0,True,True,1.999,1.999,-7.7688459,110.3847906,0.001,-7.7688459,110.3847906,0.001
1788935835.2154083,0.0,0.0,0.0,True,True,1.999,1.999,-7.7688459,110.3847906,0.001,-7.7688459,110.3847906,0.001
1788935835.4170291,0.0,0.0,0.0,True,True,1.999,1.999,-7.7688459,110.3847906,0.001,-7.7688459,110.3847906,0.001
1788935835.6199977,0.0,0.0,0.0,True,True,1.999,1.999,-7.7688459,110.3847906,0.001,-7.7688459,110.3847906,0.001
1788935835.8295674,0.0,0.0,0.0,True,True,1.999,1.999,-7.7688459,110.3847906,0.001,-7.7688459,110.3847906,0.001
1788935836.0329537,0.0,0.0,0.0,True,True,1.999,1.999,-7.7688459,110.3847906,0.001,-7.7688459,110.3847906,0.001
1788935836.2340114,0.0,0.0,0.0,True,True,1.999,1.999,-7.7688459,110.3847906,0.001,-7.7688459,110.3847906,0.001
1788935836.4415562,0.0,0.0,0.0,True,True,1.999,1.999,-7.7688459,110.3847906,0.001,-7.7688459,110.3847906,0.001
1788935836.6438122,0.0,0.0,0.0,True,True,1.999,1.999,-7.7688459,110.3847906,0.001,-7.7688459,110.3847906,0.001
1788935836.8496265,0.0,0.0,0.0,True,True,1.999,1.999,-7.7688459,110.3847906,0.001,-7.7688459,110.3847906,0.001
1788935837.0525904,0.0,0.0,0.0,True,True,1.999,1.999,-7.7688459,110.3847906,0.001,-7.7688459,110.3847906,0.001
1788935837.2560158,0.0,0.0,0.0,True,True,1.999,1.999,-7.7688459,110.3847906,0.001,-7.7688459,110.3847906,0.001
1788935837.470492,0.0,0.0,0.0,True,True,1.999,1.999,-7.7688459,110.3847906,0.001,-7.7688459,110.3847906,0.001
1788935837.67397,0.0,0.0,0.0,True,True,1.999,1.999,-7.7688459,110.3847906,0.001,-7.7688459,110.3847906,0.001
1788935837.8771496,0.0,0.0,0.0,True,True,1.999,1.999,-7.7688459,110.3847906,0.001,-7.7688459,110.3847906,0.001
1788935838.0787556,0.0,0.0,0.0,True,True,1.999,1.999,-7.7688459,110.3847906,0.001,-7.7688459,110.3847906,0.001
1788935838.2799263,0.0,0.0,0.0,True,True,1.999,1.999,-7.7688459,110.3847906,0.001,-7.7688459,110.3847906,0.001
1788935838.480497,0.015653336690656536,0.015653336690656536,0.0,True,True,6.3390918961028975,6.324239163725547,-7.7688458,110.3847905,0.001,-7.7688459,110.3847906,0.001
1788935838.683493,0.015653336690656536,0.015653336690656536,0.0,True,True,2.6899815984500712,2.7004810754819064,-7.7688459,110.3847906,0.001,-7.7688458,110.3847905,0.001
1788935838.8862574,0.015653336690656536,0.015653336690656536,0.0,True,True,7.530179347133771,7.545272193612228,-7.7688459,110.3847906,0.001,-7.7688458,110.3847905,0.001
1788935839.0994837,0.01111949259687748,0.01111949259687748,0.0,True,True,4.749257833205164,4.743645872707877,-7.7688458,110.3847906,0.001,-7.7688459,110.3847906,0.001
1788935839.3020897,0.01111949259687748,0.01111949259687748,0.0,True,True,8.325287100854379,8.315025114041065,-7.7688458,110.3847906,0.001,-7.7688459,110.3847906,0.001
1788935839.5059178,0.011017433184183335,0.011017433184183335,0.0,True,True,7.148246555895937,7.124943778346461,-7.7688458,110.3847905,0.001,-7.7688458,110.3847906,0.001
1788935839.7210555,0.0,0.0,0.0,True,True,5.2034316209305835,5.183331464318524,-7.7688458,110.3847905,0.001,-7.7688458,110.3847905,0.001
1788935839.9215882,0.0,0.0,0.0,True,True,3.9121674070153407,3.899070888533223,-7.7688458,110.3847905,0.001,-7.7688458,110.3847905,0.001
1788935840.125166,0.0,0.0,0.0,True,True,3.0882740943853144,3.080147702459341,-7.7688458,110.3847905,0.001,-7.7688458,110.3847905,0.001
1788935840.3264978,0.015653336690656536,0.015653336690656536,0.0,True,True,7.901532058941978,7.900317856253293,-7.7688458,110.3847905,0.001,-7.7688459,110.3847906,0.001
1788935840.5285575,0.0,0.0,0.0,True,True,5.712330773026523,5.701247749766223,-7.7688458,110.3847905,0.001,-7.7688458,110.3847905,0.001
1788935840.7314122,0.0,0.0,0.0,True,True,4.245823207768811,4.238517571399824,-7.7688458,110.3847905,0.001,-7.7688458,110.3847905,0.001
1788935840.9352503,0.0,0.0,0.0,True,True,3.2971499387649685,3.2925409336106792,-7.7688458,110.3847905,0.001,-7.7688458,110.3847905,0.001
1788935841.1504333,0.0,0.0,0.0,True,True,2.713825232427825,2.7110819153533376,-7.7688458,110.3847905,0.001,-7.7688458,110.3847905,0.001
1788935841.35125,0.0,0.0,0.0,True,True,2.376286121694808,2.3747512363109533,-7.7688458,110.3847905,0.001,-7.7688458,110.3847905,0.001
1788935841.554367,0.0,0.0,0.0,True,True,2.191999319972085,2.1911841074717104,-7.7688458,110.3847905,0.001,-7.7688458,110.3847905,0.001
1788935841.7565267,0.0,0.0,0.0,True,True,2.0957915948852026,2.0953738397932558,-7.7688458,110.3847905,0.001,-7.7688458,110.3847905,0.001
1788935841.9570181,0.0,0.0,0.0,True,True,2.046999826698531,2.046790257686426,-7.7688458,110.3847905,0.001,-7.7688458,110.3847905,0.001
1788935842.1602921,0.0,0.0,0.0,True,True,2.0226622487075963,2.0225583269439804,-7.7688458,110.3847905,0.001,-7.7688458,110.3847905,0.001
1788935842.3606868,0.0,0.0,0.0,True,True,2.0106292971231587,2.0105780713730845,-7.7688458,110.3847905,0.001,-7.7688458,110.3847905,0.001
1788935842.5634077,0.0,0.0,0.0,True,True,2.0047067849240405,2.0046816103142895,-7.7688458,110.3847905,0.001,-7.7688458,110.3847905,0.001
1788935842.7648776,0.0,0.0,0.0,True,True,2.0017983574338944,2.001786003992141,-7.7688458,110.3847905,0.001,-7.7688458,110.3847905,0.001
1788935842.968397,0.0,0.0,0.0,True,True,2.000371684281266,2.0003656267871692,-7.7688458,110.3847905,0.001,-7.7688458,110.3847905,0.001
1788935843.171894,0.0,0.0,0.0,True,True,1.9996722428649132,1.9996692736568955,-7.7688458,110.3847905,0.001,-7.7688458,110.3847905,0.001
1788935843.373002,0.0,0.0,0.0,True,True,1.9993294272463835,1.9993279720855388,-7.7688458,110.3847905,0.001,-7.7688458,110.3847905,0.001
1788935843.5749578,0.0,0.0,0.0,True,True,1.9991614261335033,1.9991607130449018,-7.7688458,110.3847905,0.001,-7.7688458,110.3847905,0.001
1788935843.7786922,0.0,0.0,0.0,True,True,1.999079100434165,1.9990787510063925,-7.7688458,110.3847905,0.001,-7.7688458,110.3847905,0.001
1788935843.9826033,0.0,0.0,0.0,True,True,1.9990387596038275,1.9990385883807713,-7.7688458,110.3847905,0.001,-7.7688458,110.3847905,0.001
1788935844.1863396,0.0,0.0,0.0,True,True,1.999018992299778,1.9990189083996528,-7.7688458,110.3847905,0.001,-7.7688458,110.3847905,0.001
1788935844.3882782,0.0,0.0,0.0,True,True,1.9990093062494376,1.9990092651381777,-7.7688458,110.3847905,0.001,-7.7688458,110.3847905,0.001
1788935844.5899653,0.0,0.0,0.0,True,True,1.999004560067638,1.9990045399230727,-7.7688458,110.3847905,0.001,-7.7688458,110.3847905,0.001
1788935844.792618,0.0,0.0,0.0,True,True,1.9990022344344425,1.999002224563594,-7.7688458,110.3847905,0.001,-7.7688458,110.3847905,0.001
1788935844.9940968,0.0,0.0,0.0,True,True,1.9990010948731889,1.9990010900364705,-7.7688458,110.3847905,0.001,-7.7688458,110.3847905,0.001
1788935845.195924,0.0,0.0,0.0,True,True,1.9990005364879377,1.9990005341179449,-7.7688458,110.3847905,0.001,-7.7688458,110.3847905,0.001
1788935845.4014144,0.0,0.0,0.0,True,True,1.9990002628791075,1.9990002617178109,-7.7688458,110.3847905,0.001,-7.7688458,110.3847905,0.001
1788935845.602527,0.0,0.0,0.0,True,True,1.999000128810767,1.9990001282417316,-7.7688458,110.3847905,0.001,-7.7688458,110.3847905,0.001
1788935845.8047543,0.0,0.0,0.0,True,True,1.999000063117277,1.9990000628384497,-7.7688458,110.3847905,0.001,-7.7688458,110.3847905,0.001
1788935846.0085585,0.0,0.0,0.0,True,True,1.999000030927466,1.9990000307908407,-7.7688458,110.3847905,0.001,-7.7688458,110.3847905,0.001
1788935846.2103677,0.0,0.0,0.0,True,True,1.9990000151544585,1.999000015087512,-7.7688458,110.3847905,0.001,-7.7688458,110.3847905,0.001
1788935846.4107618,0.0,0.0,0.0,True,True,1.9990000074256848,1.9990000073928809,-7.7688458,110.3847905,0.001,-7.7688458,110.3847905,0.001
1788935846.6254337,0.0,0.0,0.0,True,True,1.9990000036385858,1.9990000036225117,-7.7688458,110.3847905,0.001,-7.7688458,110.3847905,0.001
1788935846.8266008,0.0,0.0,0.0,True,True,1.999000001782907,1.999000001775031,-7.7688458,110.3847905,0.001,-7.7688458,110.3847905,0.001
1788935847.029081,0.0,0.0,0.0,True,True,1.9990000008736244,1.9990000008697653,-7.7688458,110.3847905,0.001,-7.7688458,110.3847905,0.001
1788935847.231409,0.0,0.0,0.0,True,True,1.9990000004280761,1.999000000426185,-7.7688458,110.3847905,0.001,-7.7688458,110.3847905,0.001
1788935847.4319224,0.0,0.0,0.0,True,True,1.9990000002097572,1.9990000002088306,-7.7688458,110.3847905,0.001,-7.7688458,110.3847905,0.001
1788935847.6344926,0.0,0.0,0.0,True,True,1.9990000001027812,1.9990000001023271,-7.7688458,110.3847905,0.001,-7.7688458,110.3847905,0.001
1788935847.849002,0.0,0.0,0.0,True,True,1.999000000050363,1.9990000000501404,-7.7688458,110.3847905,0.001,-7.7688458,110.3847905,0.001
1788935848.0513253,0.0,0.0,0.0,True,True,1.999000000024678,1.999000000024569,-7.7688458,110.3847905,0.001,-7.7688458,110.3847905,0.001
1788935848.2550561,0.0,0.0,0.0,True,True,1.9990000000120922,1.9990000000120387,-7.7688458,110.3847905,0.001,-7.7688458,110.3847905,0.001
1788935848.4584222,0.0,0.0,0.0,True,True,1.9990000000059251,1.999000000005899,-7.7688458,110.3847905,0.001,-7.7688458,110.3847905,0.001
1788935848.6607103,0.0,0.0,0.0,True,True,1.9990000000029036,1.9990000000028907,-7.7688458,110.3847905,0.001,-7.7688458,110.3847905,0.001
1788935848.8631215,0.0,0.0,0.0,True,True,1.9990000000014227,1.9990000000014165,-7.7688458,110.3847905,0.001,-7.7688458,110.3847905,0.001
1788935849.0647814,0.0,0.0,0.0,True,True,1.9990000000006973,1.9990000000006942,-7.7688458,110.3847905,0.001,-7.7688458,110.3847905,0.001
1788935849.2665477,0.0,0.0,0.0,True,True,1.9990000000003416,1.99900000000034,-7.7688458,110.3847905,0.001,-7.7688458,110.3847905,0.001
1788935849.4701192,0.0,0.0,0.0,True,True,1.9990000000001675,1.9990000000001669,-7.7688458,110.3847905,0.001,-7.7688458,110.3847905,0.001
1788935849.6718705,0.0,0.0,0.0,True,True,1.999000000000082,1.9990000000000818,-7.7688458,110.3847905,0.001,-7.7688458,110.3847905,0.001
1788935849.8741853,0.0,0.0,0.0,True,True,1.9990000000000403,1.99900000000004,-7.7688458,110.3847905,0.001,-7.7688458,110.3847905,0.001
1788935850.0773268,0.0,0.0,0.0,True,True,1.9990000000000199,1.9990000000000197,-7.7688458,110.3847905,0.001,-7.7688458,110.3847905,0.001
1788935850.2795036,0.0,0.0,0.0,True,True,1.9990000000000099,1.9990000000000097,-7.7688458,110.3847905,0.001,-7.7688458,110.3847905,0.001
1788935850.4819756,0.0,0.0,0.0,True,True,1.999000000000005,1.9990000000000048,-7.7688458,110.3847905,0.001,-7.7688458,110.3847905,0.001
1788935850.6833694,0.0,0.0,0.0,True,True,1.9990000000000026,1.9990000000000026,-7.7688458,110.3847905,0.001,-7.7688458,110.3847905,0.001
1788935850.8859901,0.0,0.0,0.0,True,True,1.9990000000000012,1.9990000000000012,-7.7688458,110.3847905,0.001,-7.7688458,110.3847905,0.001
1788935851.0870492,0.0,0.0,0.0,True,True,1.9990000000000008,1.9990000000000008,-7.7688458,110.3847905,0.001,-7.7688458,110.3847905,0.001
1788935851.2896688,0.0,0.0,0.0,True,True,1.9990000000000003,1.9990000000000003,-7.7688458,110.3847905,0.001,-7.7688458,110.3847905,0.001
1788935851.490039,0.0,0.0,0.0,True,True,1.9990000000000003,1.9990000000000003,-7.7688458,110.3847905,0.001,-7.7688458,110.3847905,0.001
1788935851.6919162,0.0,0.0,0.0,True,True,1.9990000000000003,1.9990000000000003,-7.7688458,110.3847905,0.001,-7.7688458,110.3847905,0.001
1788935851.893485,0.0,0.0,0.0,True,True,1.999,1.999,-7.7688458,110.3847905,0.001,-7.7688458,110.3847905,0.001
1788935852.0946982,0.0,0.0,0.0,True,True,1.999,1.999,-7.7688458,110.3847905,0.001,-7.7688458,110.3847905,0.001
1788935852.296303,0.0,0.0,0.0,True,True,1.999,1.999,-7.7688458,110.3847905,0.001,-7.7688458,110.3847905,0.001
1788935852.499292,0.0,0.0,0.0,True,True,1.999,1.999,-7.7688458,110.3847905,0.001,-7.7688458,110.3847905,0.001
1788935852.701651,0.0,0.0,0.0,True,True,1.999,1.999,-7.7688458,110.3847905,0.001,-7.7688458,110.3847905,0.001
1788935852.9058607,0.0,0.0,0.0,True,True,1.999,1.999,-7.7688458,110.3847905,0.001,-7.7688458,110.3847905,0.001
1788935853.1089828,0.0,0.0,0.0,True,True,1.999,1.999,-7.7688458,110.3847905,0.001,-7.7688458,110.3847905,0.001
1788935853.3129256,0.0,0.0,0.0,True,True,1.999,1.999,-7.7688458,110.3847905,0.001,-7.7688458,110.3847905,0.001
1788935853.5159736,0.0,0.0,0.0,True,True,1.999,1.999,-7.7688458,110.3847905,0.001,-7.7688458,110.3847905,0.001
1788935853.7182899,0.0,0.0,0.0,True,True,1.999,1.999,-7.7688458,110.3847905,0.001,-7.7688458,110.3847905,0.001
1788935853.919809,0.0,0.0,0.0,True,True,1.999,1.999,-7.7688458,110.3847905,0.001,-7.7688458,110.3847905,0.001
1788935854.1211627,0.0,0.0,0.0,True,True,1.999,1.999,-7.7688458,110.3847905,0.001,-7.7688458,110.3847905,0.001
1788935854.3363533,0.0,0.0,0.0,True,True,1.999,1.999,-7.7688458,110.3847905,0.001,-7.7688458,110.3847905,0.001
1788935854.539333,0.0,0.0,0.0,True,True,1.999,1.999,-7.7688458,110.3847905,0.001,-7.7688458,110.3847905,0.001
1788935854.7406867,0.0,0.0,0.0,True,True,1.999,1.999,-7.7688458,110.3847905,0.001,-7.7688458,110.3847905,0.001
1788935854.941793,0.0,0.0,0.0,True,True,1.999,1.999,-7.7688458,110.3847905,0.001,-7.7688458,110.3847905,0.001
1788935855.1572788,0.0,0.0,0.0,True,True,1.999,1.999,-7.7688458,110.3847905,0.001,-7.7688458,110.3847905,0.001
1788935855.3595493,0.0,0.0,0.0,True,True,1.999,1.999,-7.7688458,110.3847905,0.001,-7.7688458,110.3847905,0.001
1788935855.5607529,0.0,0.0,0.0,True,True,1.999,1.999,-7.7688458,110.3847905,0.001,-7.7688458,110.3847905,0.001
1788935855.7631028,0.0,0.0,0.0,True,True,1.999,1.999,-7.7688458,110.3847905,0.001,-7.7688458,110.3847905,0.001
1788935855.9658697,0.0,0.0,0.0,True,True,1.999,1.999,-7.7688458,110.3847905,0.001,-7.7688458,110.3847905,0.001
1788935856.166446,0.0,0.0,0.0,True,True,1.999,1.999,-7.7688458,110.3847905,0.001,-7.7688458,110.3847905,0.001
1788935856.3701353,0.0,0.0,0.0,True,True,1.999,1.999,-7.7688458,110.3847905,0.001,-7.7688458,110.3847905,0.001
1788935856.5854006,0.0,0.0,0.0,True,True,1.999,1.999,-7.7688458,110.3847905,0.001,-7.7688458,110.3847905,0.001
1788935856.7889547,0.0,0.0,0.0,True,True,1.999,1.999,-7.7688458,110.3847905,0.001,-7.7688458,110.3847905,0.001
1788935856.999972,0.0,0.0,0.0,True,True,1.999,1.999,-7.7688458,110.3847905,0.001,-7.7688458,110.3847905,0.001
1788935857.2008631,0.0,0.0,0.0,True,True,1.999,1.999,-7.7688458,110.3847905,0.001,-7.7688458,110.3847905,0.001
1788935857.4037626,0.0,0.0,0.0,True,True,1.999,1.999,-7.7688458,110.3847905,0.001,-7.7688458,110.3847905,0.001
1788935857.6067553,0.0,0.0,0.0,True,True,1.999,1.999,-7.7688458,110.3847905,0.001,-7.7688458,110.3847905,0.001
1788935857.8075724,0.0,0.0,0.0,True,True,1.999,1.999,-7.7688458,110.3847905,0.001,-7.7688458,110.3847905,0.001
1788935858.0113347,0.0,0.0,0.0,True,True,1.999,1.999,-7.7688458,110.3847905,0.001,-7.7688458,110.3847905,0.001
1788935858.226062,0.0,0.0,0.0,True,True,1.999,1.999,-7.7688458,110.3847905,0.001,-7.7688458,110.3847905,0.001
1788935858.4264772,0.0,0.0,0.0,True,True,1.999,1.999,-7.7688458,110.3847905,0.001,-7.7688458,110.3847905,0.001
1788935858.6293619,0.0,0.0,0.0,True,True,1.999,1.999,-7.7688458,110.3847905,0.001,-7.7688458,110.3847905,0.001
1788935858.8328469,0.0,0.0,0.0,True,True,1.999,1.999,-7.7688458,110.3847905,0.001,-7.7688458,110.3847905,0.001
1788935859.0331185,0.0,0.0,0.0,True,True,1.999,1.999,-7.7688458,110.3847905,0.001,-7.7688458,110.3847905,0.001
1788935859.2334971,0.0,0.0,0.0,True,True,1.999,1.999,-7.7688458,110.3847905,0.001,-7.7688458,110.3847905,0.001
1788935859.448522,0.0,0.0,0.0,True,True,1.999,1.999,-7.7688458,110.3847905,0.001,-7.7688458,110.3847905,0.001
1788935859.6496308,0.0,0.0,0.0,True,True,1.999,1.999,-7.7688458,110.3847905,0.001,-7.7688458,110.3847905,0.001
1788935859.850094,0.0,0.0,0.0,True,True,1.999,1.999,-7.7688458,110.3847905,0.001,-7.7688458,110.3847905,0.001
1788935860.0532079,0.0,0.0,0.0,True,True,1.999,1.999,-7.7688458,110.3847905,0.001,-7.7688458,110.3847905,0.001
1788935860.2542152,0.0,0.0,0.0,True,True,1.999,1.999,-7.7688458,110.3847905,0.001,-7.7688458,110.3847905,0.001
1788935860.4546201,0.0,0.0,0.0,True,True,1.999,1.999,-7.7688458,110.3847905,0.001,-7.7688458,110.3847905,0.001
1788935860.655709,0.0,0.0,0.0,True,True,1.999,1.999,-7.7688458,110.3847905,0.001,-7.7688458,110.3847905,0.001
1788935860.859199,0.0,0.0,0.0,True,True,1.999,1.999,-7.7688458,110.3847905,0.001,-7.7688458,110.3847905,0.001
1788935861.0694764,0.0,0.0,0.0,True,True,1.999,1.999,-7.7688458,110.3847905,0.001,-7.7688458,110.3847905,0.001
1788935861.2707076,0.0,0.0,0.0,True,True,1.999,1.999,-7.7688458,110.3847905,0.001,-7.7688458,110.3847905,0.001
1788935861.4715426,0.0,0.0,0.0,True,True,1.999,1.999,-7.7688458,110.3847905,0.001,-7.7688458,110.3847905,0.001
1788935861.6745484,0.0,0.0,0.0,True,True,1.999,1.999,-7.7688458,110.3847905,0.001,-7.7688458,110.3847905,0.001
1788935861.8770688,0.0,0.0,0.0,True,True,1.999,1.999,-7.7688458,110.3847905,0.001,-7.7688458,110.3847905,0.001
1788935862.077948,0.0,0.0,0.0,True,True,1.999,1.999,-7.7688458,110.3847905,0.001,-7.7688458,110.3847905,0.001
1788935862.2815726,0.0,0.0,0.0,True,True,1.999,1.999,-7.7688458,110.3847905,0.001,-7.7688458,110.3847905,0.001
1788935862.4854186,0.0,0.0,0.0,True,True,1.999,1.999,-7.7688458,110.3847905,0.001,-7.7688458,110.3847905,0.001
1788935862.7002296,0.0,0.0,0.0,True,True,1.999,1.999,-7.7688458,110.3847905,0.001,-7.7688458,110.3847905,0.001
1788935862.9007714,0.0,0.0,0.0,True,True,1.999,1.999,-7.7688458,110.3847905,0.001,-7.7688458,110.3847905,0.001
1788935863.102016,0.0,0.0,0.0,True,True,1.999,1.999,-7.7688458,110.3847905,0.001,-7.7688458,110.3847905,0.001
1788935863.3055732,0.0,0.0,0.0,True,True,1.999,1.999,-7.7688458,110.3847905,0.001,-7.7688458,110.3847905,0.001
1788935863.5171468,0.0,0.0,0.0,True,True,1.999,1.999,-7.7688458,110.3847905,0.001,-7.7688458,110.3847905,0.001
1788935863.7188003,0.0,0.0,0.0,True,True,1.999,1.999,-7.7688458,110.3847905,0.001,-7.7688458,110.3847905,0.001
1788935863.9190722,0.0,0.0,0.0,True,True,1.999,1.999,-7.7688458,110.3847905,0.001,-7.7688458,110.3847905,0.001
1788935864.119499,0.0,0.0,0.0,True,True,1.999,1.999,-7.7688458,110.3847905,0.001,-7.7688458,110.3847905,0.001
1788935864.3221278,0.0,0.0,0.0,True,True,1.999,1.999,-7.7688458,110.3847905,0.001,-7.7688458,110.3847905,0.001
1788935864.535579,0.0,0.0,0.0,True,True,1.999,1.999,-7.7688458,110.3847905,0.001,-7.7688458,110.3847905,0.001
1788935864.7392263,0.0,0.0,0.0,True,True,1.999,1.999,-7.7688458,110.3847905,0.001,-7.7688458,110.3847905,0.001
1788935864.9416733,0.0,0.0,0.0,True,True,1.999,1.999,-7.7688458,110.3847905,0.001,-7.7688458,110.3847905,0.001
1788935865.142559,0.0,0.0,0.0,True,True,1.999,1.999,-7.7688458,110.3847905,0.001,-7.7688458,110.3847905,0.001
1788935865.3432314,0.0,0.0,0.0,True,True,1.999,1.999,-7.7688458,110.3847905,0.001,-7.7688458,110.3847905,0.001
1788935865.5443294,0.0,0.0,0.0,True,True,1.999,1.999,-7.7688458,110.3847905,0.001,-7.7688458,110.3847905,0.001
1788935865.745756,0.0,0.0,0.0,True,True,1.999,1.999,-7.7688458,110.3847905,0.001,-7.7688458,110.3847905,0.001
1788935865.9493508,0.0,0.0,0.0,True,True,1.999,1.999,-7.7688458,110.3847905,0.001,-7.7688458,110.3847905,0.001
1788935866.150715,0.0,0.0,0.0,True,True,1.999,1.999,-7.7688458,110.3847905,0.001,-7.7688458,110.3847905,0.001
1788935866.3541431,0.0,0.0,0.0,True,True,1.999,1.999,-7.7688458,110.3847905,0.001,-7.7688458,110.3847905,0.001
1788935866.5544274,0.0,0.0,0.0,True,True,1.999,1.999,-7.7688458,110.3847905,0.001,-7.7688458,110.3847905,0.001
1788935866.7555351,0.0,0.0,0.0,True,True,1.999,1.999,-7.7688458,110.3847905,0.001,-7.7688458,110.3847905,0.001
1788935866.9580622,0.0,0.0,0.0,True,True,1.999,1.999,-7.7688458,110.3847905,0.001,-7.7688458,110.3847905,0.001
1788935867.160814,0.0,0.0,0.0,True,True,1.999,1.999,-7.7688458,110.3847905,0.001,-7.7688458,110.3847905,0.001
1788935867.3613856,0.0,0.0,0.0,True,True,1.999,1.999,-7.7688458,110.3847905,0.001,-7.7688458,110.3847905,0.001
1788935867.5619497,0.0,0.0,0.0,True,True,1.999,1.999,-7.7688458,110.3847905,0.001,-7.7688458,110.3847905,0.001
1788935867.7766323,0.0,0.0,0.0,True,True,1.999,1.999,-7.7688458,110.3847905,0.001,-7.7688458,110.3847905,0.001
1788935867.9780796,0.0,0.0,0.0,True,True,1.999,1.999,-7.7688458,110.3847905,0.001,-7.7688458,110.3847905,0.001
1788935868.1934454,0.0,0.0,0.0,True,True,1.999,1.999,-7.7688458,110.3847905,0.001,-7.7688458,110.3847905,0.001
1788935868.3963158,0.0,0.0,0.0,True,True,1.999,1.999,-7.7688458,110.3847905,0.001,-7.7688458,110.3847905,0.001
1788935868.5985456,0.0,0.0,0.0,True,True,1.999,1.999,-7.7688458,110.3847905,0.001,-7.7688458,110.3847905,0.001
1788935868.7991734,0.0,0.0,0.0,True,True,1.999,1.999,-7.7688458,110.3847905,0.001,-7.7688458,110.3847905,0.001
1788935869.009687,0.0,0.0,0.0,True,True,1.999,1.999,-7.7688458,110.3847905,0.001,-7.7688458,110.3847905,0.001
1788935869.2206693,0.0,0.0,0.0,True,True,1.999,1.999,-7.7688458,110.3847905,0.001,-7.7688458,110.3847905,0.001
1788935869.4349582,0.0,0.0,0.0,True,True,1.999,1.999,-7.7688458,110.3847905,0.001,-7.7688458,110.3847905,0.001
1788935869.6418724,0.0,0.0,0.0,True,True,1.999,1.999,-7.7688458,110.3847905,0.001,-7.7688458,110.3847905,0.001
1788935869.8428533,0.0,0.0,0.0,True,True,1.999,1.999,-7.7688458,110.3847905,0.001,-7.7688458,110.3847905,0.001
1788935870.0453908,0.0,0.0,0.0,True,True,1.999,1.999,-7.7688458,110.3847905,0.001,-7.7688458,110.3847905,0.001
1788935870.2602327,0.0,0.0,0.0,True,True,1.999,1.999,-7.7688458,110.3847905,0.001,-7.7688458,110.3847905,0.001
1788935870.4611523,0.0,0.0,0.0,True,True,1.999,1.999,-7.7688458,110.3847905,0.001,-7.7688458,110.3847905,0.001
1788935870.6616666,0.0,0.0,0.0,True,True,1.999,1.999,-7.7688458,110.3847905,0.001,-7.7688458,110.3847905,0.001
1788935870.876725,0.0,0.0,0.0,True,True,1.999,1.999,-7.7688458,110.3847905,0.001,-7.7688458,110.3847905,0.001
1788935871.0769675,0.0,0.0,0.0,True,True,1.999,1.999,-7.7688458,110.3847905,0.001,-7.7688458,110.3847905,0.001
1788935871.2804186,0.0,0.0,0.0,True,True,1.999,1.999,-7.7688458,110.3847905,0.001,-7.7688458,110.3847905,0.001
1788935871.4838862,0.0,0.0,0.0,True,True,1.999,1.999,-7.7688458,110.3847905,0.001,-7.7688458,110.3847905,0.001
1788935871.684543,0.0,0.0,0.0,True,True,1.999,1.999,-7.7688458,110.3847905,0.001,-7.7688458,110.3847905,0.001
1788935871.8854616,0.0,0.0,0.0,True,True,1.999,1.999,-7.7688458,110.3847905,0.001,-7.7688458,110.3847905,0.001
1788935872.0910385,0.0,0.0,0.0,True,True,1.999,1.999,-7.7688458,110.3847905,0.001,-7.7688458,110.3847905,0.001
1788935872.2937431,0.0,0.0,0.0,True,True,1.999,1.999,-7.7688458,110.3847905,0.001,-7.7688458,110.3847905,0.001
1788935872.4954286,0.0,0.0,0.0,True,True,1.999,1.999,-7.7688458,110.3847905,0.001,-7.7688458,110.3847905,0.001
1788935872.6974933,0.0,0.0,0.0,True,True,1.999,1.999,-7.7688458,110.3847905,0.001,-7.7688458,110.3847905,0.001
1788935872.9008818,0.0,0.0,0.0,True,True,1.999,1.999,-7.7688458,110.3847905,0.001,-7.7688458,110.3847905,0.001
1788935873.1110268,0.0,0.0,0.0,True,True,1.999,1.999,-7.7688458,110.3847905,0.001,-7.7688458,110.3847905,0.001
1788935873.313793,0.0,0.0,0.0,True,True,1.999,1.999,-7.7688458,110.3847905,0.001,-7.7688458,110.3847905,0.001
1788935873.5278842,0.0,0.0,0.0,True,True,1.999,1.999,-7.7688458,110.3847905,0.001,-7.7688458,110.3847905,0.001
1788935873.7302208,0.0,0.0,0.0,True,True,1.999,1.999,-7.7688458,110.3847905,0.001,-7.7688458,110.3847905,0.001
1788935873.9319162,0.0,0.0,0.0,True,True,1.999,1.999,-7.7688458,110.3847905,0.001,-7.7688458,110.3847905,0.001
1788935874.1333215,0.0,0.0,0.0,True,True,1.999,1.999,-7.7688458,110.3847905,0.001,-7.7688458,110.3847905,0.001
1788935874.33579,0.0,0.0,0.0,True,True,1.999,1.999,-7.7688458,110.3847905,0.001,-7.7688458,110.3847905,0.001
1788935874.539446,0.0,0.0,0.0,True,True,1.999,1.999,-7.7688458,110.3847905,0.001,-7.7688458,110.3847905,0.001
1788935874.7399905,0.0,0.0,0.0,True,True,1.999,1.999,-7.7688458,110.3847905,0.001,-7.7688458,110.3847905,0.001
1788935874.9437644,0.0,0.0,0.0,True,True,1.999,1.999,-7.7688458,110.3847905,0.001,-7.7688458,110.3847905,0.001
1788935875.1443448,0.0,0.0,0.0,True,True,1.999,1.999,-7.7688458,110.3847905,0.001,-7.7688458,110.3847905,0.001
1788935875.346411,0.0,0.0,0.0,True,True,1.999,1.999,-7.7688458,110.3847905,0.001,-7.7688458,110.3847905,0.001
1788935875.5498376,0.0,0.0,0.0,True,True,1.999,1.999,-7.7688458,110.3847905,0.001,-7.7688458,110.3847905,0.001
1788935875.765198,0.0,0.0,0.0,True,True,1.999,1.999,-7.7688458,110.3847905,0.001,-7.7688458,110.3847905,0.001
1788935875.9741678,0.0,0.0,0.0,True,True,1.999,1.999,-7.7688458,110.3847905,0.001,-7.7688458,110.3847905,0.001
1788935876.1755726,0.0,0.0,0.0,True,True,1.999,1.999,-7.7688458,110.3847905,0.001,-7.7688458,110.3847905,0.001
1788935876.3907526,0.0,0.0,0.0,True,True,1.999,1.999,-7.7688458,110.3847905,0.001,-7.7688458,110.3847905,0.001
1788935876.5910378,0.0,0.0,0.0,True,True,1.999,1.999,-7.7688458,110.3847905,0.001,-7.7688458,110.3847905,0.001
1788935876.793224,0.0,0.0,0.0,True,True,1.999,1.999,-7.7688458,110.3847905,0.001,-7.7688458,110.3847905,0.001
1788935877.0027013,0.0,0.0,0.0,True,True,1.999,1.999,-7.7688458,110.3847905,0.001,-7.7688458,110.3847905,0.001
1788935877.2049727,0.0,0.0,0.0,True,True,1.999,1.999,-7.7688458,110.3847905,0.001,-7.7688458,110.3847905,0.001
1788935877.4167829,0.0,0.0,0.0,True,True,1.999,1.999,-7.7688458,110.3847905,0.001,-7.7688458,110.3847905,0.001
1788935877.6200857,0.0,0.0,0.0,True,True,1.999,1.999,-7.7688458,110.3847905,0.001,-7.7688458,110.3847905,0.001
1788935877.8214786,0.0,0.0,0.0,True,True,1.999,1.999,-7.7688458,110.3847905,0.001,-7.7688458,110.3847905,0.001
1788935878.0232391,0.0,0.0,0.0,True,True,1.999,1.999,-7.7688458,110.3847905,0.001,-7.7688458,110.3847905,0.001
1788935878.2245483,0.0,0.0,0.0,True,True,1.999,1.999,-7.7688458,110.3847905,0.001,-7.7688458,110.3847905,0.001
1788935878.4254968,0.0,0.0,0.0,True,True,1.999,1.999,-7.7688458,110.3847905,0.001,-7.7688458,110.3847905,0.001
1788935878.627234,0.0,0.0,0.0,True,True,1.999,1.999,-7.7688458,110.3847905,0.001,-7.7688458,110.3847905,0.001
1788935878.8309162,0.0,0.0,0.0,True,True,1.999,1.999,-7.7688458,110.3847905,0.001,-7.7688458,110.3847905,0.001
1788935879.0326028,0.0,0.0,0.0,True,True,1.999,1.999,-7.7688458,110.3847905,0.001,-7.7688458,110.3847905,0.001
1788935879.2474973,0.0,0.0,0.0,True,True,1.999,1.999,-7.7688458,110.3847905,0.001,-7.7688458,110.3847905,0.001
1788935879.4496717,0.0,0.0,0.0,True,True,1.999,1.999,-7.7688458,110.3847905,0.001,-7.7688458,110.3847905,0.001
1788935879.6512554,0.0,0.0,0.0,True,True,1.999,1.999,-7.7688458,110.3847905,0.001,-7.7688458,110.3847905,0.001
1788935879.866652,0.0,0.0,0.0,True,True,1.999,1.999,-7.7688458,110.3847905,0.001,-7.7688458,110.3847905,0.001
1788935880.0691514,0.0,0.0,0.0,True,True,1.999,1.999,-7.7688458,110.3847905,0.001,-7.7688458,110.3847905,0.001
1788935880.2774162,0.0,0.0,0.0,True,True,1.999,1.999,-7.7688458,110.3847905,0.001,-7.7688458,110.3847905,0.001
1788935880.4785182,0.0,0.0,0.0,True,True,1.999,1.999,-7.7688458,110.3847905,0.001,-7.7688458,110.3847905,0.001
1788935880.693571,0.0,0.0,0.0,True,True,1.999,1.999,-7.7688458,110.3847905,0.001,-7.7688458,110.3847905,0.001
1788935880.8969617,0.0,0.0,0.0,True,True,1.999,1.999,-7.7688458,110.3847905,0.001,-7.7688458,110.3847905,0.001
1788935881.1125345,0.0,0.0,0.0,True,True,1.999,1.999,-7.7688458,110.3847905,0.001,-7.7688458,110.3847905,0.001
1788935881.3145487,0.0,0.0,0.0,True,True,1.999,1.999,-7.7688458,110.3847905,0.001,-7.7688458,110.3847905,0.001
1788935881.5161567,0.0,0.0,0.0,True,True,1.999,1.999,-7.7688458,110.3847905,0.001,-7.7688458,110.3847905,0.001
1788935881.7318418,0.0,0.0,0.0,True,True,1.999,1.999,-7.7688458,110.3847905,0.001,-7.7688458,110.3847905,0.001
1788935881.9328723,0.001,0.001,0.0,True,True,2.0,3.0,-7.7688458,110.3847905,0,-7.7688458,110.3847905,0.001
1788935882.135706,0.001,0.001,0.0,True,True,2.0,5.1,-7.7688458,110.3847905,0,-7.7688458,110.3847905,0.001
1788935882.3374934,0.001,0.001,0.0,True,True,2.0,6.569999999999999,-7.7688458,110.3847905,0,-7.7688458,110.3847905,0.001
1788935882.5384862,0.001,0.001,0.0,True,True,2.0,7.598999999999999,-7.7688458,110.3847905,0,-7.7688458,110.3847905,0.001
1788935882.742058,0.0,0.0,0.0,True,True,2.0,5.319299999999999,-7.7688458,110.3847905,0,-7.7688458,110.3847905,0
1788935882.9446144,0.0,0.0,0.0,True,True,2.0,3.723509999999999,-7.7688458,110.3847905,0,-7.7688458,110.3847905,0
1788935883.146151,0.0,0.0,0.0,True,True,2.0,2.6064569999999994,-7.7688458,110.3847905,0,-7.7688458,110.3847905,0
1788935883.3476253,0.0,0.0,0.0,True,True,2.0,2.0,-7.7688458,110.3847905,0,-7.7688458,110.3847905,0
1788935883.5485597,0.0,0.0,0.0,True,True,2.0,2.0,-7.7688458,110.3847905,0,-7.7688458,110.3847905,0
1788935883.7516925,0.0,0.0,0.0,True,True,2.0,2.0,-7.7688458,110.3847905,0,-7.7688458,110.3847905,0
1788935883.953452,0.0,0.0,0.0,True,True,2.0,2.0,-7.7688458,110.3847905,0,-7.7688458,110.3847905,0
1788935884.1549666,0.0,0.0,0.0,True,True,2.0,2.0,-7.7688458,110.3847905,0,-7.7688458,110.3847905,0
1788935884.3557248,0.0,0.0,0.0,True,True,2.0,2.0,-7.7688458,110.3847905,0,-7.7688458,110.3847905,0
1788935884.5581074,0.0,0.0,0.0,True,True,2.0,2.0,-7.7688458,110.3847905,0,-7.7688458,110.3847905,0
1788935884.7614696,0.0,0.0,0.0,True,True,2.0,2.0,-7.7688458,110.3847905,0,-7.7688458,110.3847905,0
1788935884.9695995,0.0,0.0,0.0,True,True,2.0,2.0,-7.7688458,110.3847905,0,-7.7688458,110.3847905,0
1788935885.170089,0.0,0.0,0.0,True,True,2.0,2.0,-7.7688458,110.3847905,0,-7.7688458,110.3847905,0
1788935885.3703094,0.0,0.0,0.0,True,True,2.0,2.0,-7.7688458,110.3847905,0,-7.7688458,110.3847905,0
1788935885.570556,0.0,0.0,0.0,True,True,2.0,2.0,-7.7688458,110.3847905,0,-7.7688458,110.3847905,0
1788935885.7805252,0.0,0.0,0.0,True,True,2.0,2.0,-7.7688458,110.3847905,0,-7.7688458,110.3847905,0
1788935885.9834614,0.0,0.0,0.0,True,True,2.0,2.0,-7.7688458,110.3847905,0,-7.7688458,110.3847905,0
1788935886.1863747,0.0,0.0,0.0,True,True,2.0,2.0,-7.7688458,110.3847905,0,-7.7688458,110.3847905,0
1788935886.4015899,0.001,0.001,0.0,True,True,2.991337979548635,2.0,-7.7688458,110.3847905,0.001,-7.7688458,110.3847905,0
1788935886.6025515,0.001,0.001,0.0,True,True,5.093936585684045,2.0,-7.7688458,110.3847905,0.001,-7.7688458,110.3847905,0
1788935886.8060145,0.001,0.001,0.0,True,True,6.565755609978831,2.0,-7.7688458,110.3847905,0.001,-7.7688458,110.3847905,0
1788935887.00677,0.001,0.001,0.0,True,True,7.5960289269851815,2.0,-7.7688458,110.3847905,0.001,-7.7688458,110.3847905,0
1788935887.2085917,0.0,0.0,0.0,True,True,5.317220248889627,1.999,-7.7688458,110.3847905,0.001,-7.7688458,110.3847905,0.001
1788935887.4104612,0.0,0.0,0.0,True,True,3.7220541742227384,1.999,-7.7688458,110.3847905,0.001,-7.7688458,110.3847905,0.001
1788935887.6113632,0.0,0.0,0.0,True,True,2.6054379219559167,1.999,-7.7688458,110.3847905,0.001,-7.7688458,110.3847905,0.001
1788935887.8115418,0.0,0.0,0.0,True,True,1.999,1.999,-7.7688458,110.3847905,0.001,-7.7688458,110.3847905,0.001
1788935888.0262291,0.0,0.0,0.0,True,True,1.999,1.999,-7.7688458,110.3847905,0.001,-7.7688458,110.3847905,0.001
1788935888.2280226,0.0,0.0,0.0,True,True,1.999,1.999,-7.7688458,110.3847905,0.001,-7.7688458,110.3847905,0.001
1788935888.431488,0.0,0.0,0.0,True,True,1.999,1.999,-7.7688458,110.3847905,0.001,-7.7688458,110.3847905,0.001
1788935888.6324325,0.0,0.0,0.0,True,True,1.999,1.999,-7.7688458,110.3847905,0.001,-7.7688458,110.3847905,0.001
1788935888.834362,0.0,0.0,0.0,True,True,1.999,1.999,-7.7688458,110.3847905,0.001,-7.7688458,110.3847905,0.001
1788935889.0500157,0.0,0.0,0.0,True,True,1.999,1.999,-7.7688458,110.3847905,0.001,-7.7688458,110.3847905,0.001
1788935889.250885,0.0,0.0,0.0,True,True,1.999,1.999,-7.7688458,110.3847905,0.001,-7.7688458,110.3847905,0.001
1788935889.465657,0.0,0.0,0.0,True,True,1.999,1.999,-7.7688458,110.3847905,0.001,-7.7688458,110.3847905,0.001
1788935889.6666586,0.0,0.0,0.0,True,True,1.999,1.999,-7.7688458,110.3847905,0.001,-7.7688458,110.3847905,0.001
1788935889.869216,0.0,0.0,0.0,True,True,1.999,1.999,-7.7688458,110.3847905,0.001,-7.7688458,110.3847905,0.001
1788935890.071001,0.0,0.0,0.0,True,True,1.999,1.999,-7.7688458,110.3847905,0.001,-7.7688458,110.3847905,0.001
1788935890.272655,0.0,0.0,0.0,True,True,1.999,1.999,-7.7688458,110.3847905,0.001,-7.7688458,110.3847905,0.001
1788935890.4744427,0.0,0.0,0.0,True,True,1.999,1.999,-7.7688458,110.3847905,0.001,-7.7688458,110.3847905,0.001
1788935890.675839,0.0,0.0,0.0,True,True,1.999,1.999,-7.7688458,110.3847905,0.001,-7.7688458,110.3847905,0.001
1788935890.8765755,0.0,0.0,0.0,True,True,1.999,1.999,-7.7688458,110.3847905,0.001,-7.7688458,110.3847905,0.001
1788935891.0871456,0.0,0.0,0.0,True,True,1.999,1.999,-7.7688458,110.3847905,0.001,-7.7688458,110.3847905,0.001
1788935891.3015997,0.0,0.0,0.0,True,True,1.999,1.999,-7.7688458,110.3847905,0.001,-7.7688458,110.3847905,0.001
1788935891.5035062,0.0,0.0,0.0,True,True,1.999,1.999,-7.7688458,110.3847905,0.001,-7.7688458,110.3847905,0.001
1788935891.7046635,0.0,0.0,0.0,True,True,1.999,1.999,-7.7688458,110.3847905,0.001,-7.7688458,110.3847905,0.001
1788935891.9066405,0.0,0.0,0.0,True,True,1.999,1.999,-7.7688458,110.3847905,0.001,-7.7688458,110.3847905,0.001
1788935892.1091282,0.0,0.0,0.0,True,True,1.999,1.999,-7.7688458,110.3847905,0.001,-7.7688458,110.3847905,0.001
1788935892.3096013,0.0,0.0,0.0,True,True,1.999,1.999,-7.7688458,110.3847905,0.001,-7.7688458,110.3847905,0.001
1788935892.5105717,0.0,0.0,0.0,True,True,1.999,1.999,-7.7688458,110.3847905,0.001,-7.7688458,110.3847905,0.001
1788935892.712084,0.0,0.0,0.0,True,True,1.999,1.999,-7.7688458,110.3847905,0.001,-7.7688458,110.3847905,0.001
1788935892.9145157,0.0,0.0,0.0,True,True,1.999,1.999,-7.7688458,110.3847905,0.001,-7.7688458,110.3847905,0.001
1788935893.128636,0.0,0.0,0.0,True,True,1.999,1.999,-7.7688458,110.3847905,0.001,-7.7688458,110.3847905,0.001
1788935893.3299592,0.0,0.0,0.0,True,True,1.999,1.999,-7.7688458,110.3847905,0.001,-7.7688458,110.3847905,0.001
1788935893.5309947,0.0,0.0,0.0,True,True,1.999,1.999,-7.7688458,110.3847905,0.001,-7.7688458,110.3847905,0.001
1788935893.744459,0.0,0.0,0.0,True,True,1.999,1.999,-7.7688458,110.3847905,0.001,-7.7688458,110.3847905,0.001
1788935893.9488525,0.0,0.0,0.0,True,True,1.999,1.999,-7.7688458,110.3847905,0.001,-7.7688458,110.3847905,0.001
1788935894.1509717,0.0,0.0,0.0,True,True,1.999,1.999,-7.7688458,110.3847905,0.001,-7.7688458,110.3847905,0.001
1788935894.3654573,0.0,0.0,0.0,True,True,1.999,1.999,-7.7688458,110.3847905,0.001,-7.7688458,110.3847905,0.001
1788935894.5661643,0.0,0.0,0.0,True,True,1.999,1.999,-7.7688458,110.3847905,0.001,-7.7688458,110.3847905,0.001
1788935894.7687173,0.0,0.0,0.0,True,True,1.999,1.999,-7.7688458,110.3847905,0.001,-7.7688458,110.3847905,0.001
1788935894.9820573,0.0,0.0,0.0,True,True,1.999,1.999,-7.7688458,110.3847905,0.001,-7.7688458,110.3847905,0.001
1788935895.1912394,0.0,0.0,0.0,True,True,1.999,1.999,-7.7688458,110.3847905,0.001,-7.7688458,110.3847905,0.001
1788935895.3942792,0.0,0.0,0.0,True,True,1.999,1.999,-7.7688458,110.3847905,0.001,-7.7688458,110.3847905,0.001
1788935895.6062589,0.0,0.0,0.0,True,True,1.999,1.999,-7.7688458,110.3847905,0.001,-7.7688458,110.3847905,0.001
1788935895.8181674,0.0,0.0,0.0,True,True,1.999,1.999,-7.7688458,110.3847905,0.001,-7.7688458,110.3847905,0.001
1788935896.0252264,0.0,0.0,0.0,True,True,1.999,1.999,-7.7688458,110.3847905,0.001,-7.7688458,110.3847905,0.001
1788935896.2257261,0.0,0.0,0.0,True,True,1.999,1.999,-7.7688458,110.3847905,0.001,-7.7688458,110.3847905,0.001
1788935896.427143,0.0,0.0,0.0,True,True,1.999,1.999,-7.7688458,110.3847905,0.001,-7.7688458,110.3847905,0.001
1788935896.633393,0.0,0.0,0.0,True,True,1.999,1.999,-7.7688458,110.3847905,0.001,-7.7688458,110.3847905,0.001
1788935896.8368304,0.0,0.0,0.0,True,True,1.999,1.999,-7.7688458,110.3847905,0.001,-7.7688458,110.3847905,0.001
1788935897.0377994,0.0,0.0,0.0,True,True,1.999,1.999,-7.7688458,110.3847905,0.001,-7.7688458,110.3847905,0.001
1788935897.2402203,0.0,0.0,0.0,True,True,1.999,1.999,-7.7688458,110.3847905,0.001,-7.7688458,110.3847905,0.001
1788935897.4415386,0.0,0.0,0.0,True,True,1.999,1.999,-7.7688458,110.3847905,0.001,-7.7688458,110.3847905,0.001
1788935897.6421285,0.0,0.0,0.0,True,True,1.999,1.999,-7.7688458,110.3847905,0.001,-7.7688458,110.3847905,0.001
1788935897.855926,0.0,0.0,0.0,True,True,1.999,1.999,-7.7688458,110.3847905,0.001,-7.7688458,110.3847905,0.001
1788935898.0657835,0.0,0.0,0.0,True,True,1.999,1.999,-7.7688458,110.3847905,0.001,-7.7688458,110.3847905,0.001
1788935898.2674966,0.0,0.0,0.0,True,True,1.999,1.999,-7.7688458,110.3847905,0.001,-7.7688458,110.3847905,0.001
1788935898.471237,0.0,0.0,0.0,True,True,1.999,1.999,-7.7688458,110.3847905,0.001,-7.7688458,110.3847905,0.001
1788935898.6722636,0.0,0.0,0.0,True,True,1.999,1.999,-7.7688458,110.3847905,0.001,-7.7688458,110.3847905,0.001
1788935898.8733506,0.0,0.0,0.0,True,True,1.999,1.999,-7.7688458,110.3847905,0.001,-7.7688458,110.3847905,0.001
1788935899.0740032,0.0,0.0,0.0,True,True,1.999,1.999,-7.7688458,110.3847905,0.001,-7.7688458,110.3847905,0.001
1788935899.2821531,0.0,0.0,0.0,True,True,1.999,1.999,-7.7688458,110.3847905,0.001,-7.7688458,110.3847905,0.001
1788935899.495936,0.0,0.0,0.0,True,True,1.999,1.999,-7.7688458,110.3847905,0.001,-7.7688458,110.3847905,0.001
1788935899.6994672,0.0,0.0,0.0,True,True,1.999,1.999,-7.7688458,110.3847905,0.001,-7.7688458,110.3847905,0.001
1788935899.900928,0.0,0.0,0.0,True,True,1.999,1.999,-7.7688458,110.3847905,0.001,-7.7688458,110.3847905,0.001
1788935900.1089163,0.0,0.0,0.0,True,True,1.999,1.999,-7.7688458,110.3847905,0.001,-7.7688458,110.3847905,0.001
1788935900.3092968,0.0,0.0,0.0,True,True,1.999,1.999,-7.7688458,110.3847905,0.001,-7.7688458,110.3847905,0.001
1788935900.5111158,0.0,0.0,0.0,True,True,1.999,1.999,-7.7688458,110.3847905,0.001,-7.7688458,110.3847905,0.001
1788935900.712199,0.0,0.0,0.0,True,True,1.999,1.999,-7.7688458,110.3847905,0.001,-7.7688458,110.3847905,0.001
1788935900.9157093,0.0,0.0,0.0,True,True,1.999,1.999,-7.7688458,110.3847905,0.001,-7.7688458,110.3847905,0.001
1788935901.117357,0.0,0.0,0.0,True,True,1.999,1.999,-7.7688458,110.3847905,0.001,-7.7688458,110.3847905,0.001
1788935901.3204024,0.0,0.0,0.0,True,True,1.999,1.999,-7.7688458,110.3847905,0.001,-7.7688458,110.3847905,0.001
1788935901.5239499,0.0,0.0,0.0,True,True,1.999,1.999,-7.7688458,110.3847905,0.001,-7.7688458,110.3847905,0.001
1788935901.7269335,0.0,0.0,0.0,True,True,1.999,1.999,-7.7688458,110.3847905,0.001,-7.7688458,110.3847905,0.001
1788935901.939242,0.0,0.0,0.0,True,True,1.999,1.999,-7.7688458,110.3847905,0.001,-7.7688458,110.3847905,0.001
1788935902.1420956,0.0,0.0,0.0,True,True,1.999,1.999,-7.7688458,110.3847905,0.001,-7.7688458,110.3847905,0.001
1788935902.344177,0.0,0.0,0.0,True,True,1.999,1.999,-7.7688458,110.3847905,0.001,-7.7688458,110.3847905,0.001
1788935902.548641,0.0,0.0,0.0,True,True,1.999,1.999,-7.7688458,110.3847905,0.001,-7.7688458,110.3847905,0.001
1788935902.7495363,0.0,0.0,0.0,True,True,1.999,1.999,-7.7688458,110.3847905,0.001,-7.7688458,110.3847905,0.001
1788935902.9518352,0.0,0.0,0.0,True,True,1.999,1.999,-7.7688458,110.3847905,0.001,-7.7688458,110.3847905,0.001
1788935903.1528218,0.0,0.0,0.0,True,True,1.999,1.999,-7.7688458,110.3847905,0.001,-7.7688458,110.3847905,0.001
1788935903.3560224,0.0,0.0,0.0,True,True,1.999,1.999,-7.7688458,110.3847905,0.001,-7.7688458,110.3847905,0.001
1788935903.5579362,0.0,0.0,0.0,True,True,1.999,1.999,-7.7688458,110.3847905,0.001,-7.7688458,110.3847905,0.001
1788935903.7718444,0.0,0.0,0.0,True,True,1.999,1.999,-7.7688458,110.3847905,0.001,-7.7688458,110.3847905,0.001
1788935903.9737642,0.0,0.0,0.0,True,True,1.999,1.999,-7.7688458,110.3847905,0.001,-7.7688458,110.3847905,0.001
1788935904.174048,0.0,0.0,0.0,True,True,1.999,1.999,-7.7688458,110.3847905,0.001,-7.7688458,110.3847905,0.001
1788935904.374309,0.0,0.0,0.0,True,True,1.999,1.999,-7.7688458,110.3847905,0.001,-7.7688458,110.3847905,0.001
1788935904.5880196,0.0,0.0,0.0,True,True,1.999,1.999,-7.7688458,110.3847905,0.001,-7.7688458,110.3847905,0.001
1788935904.7885818,0.0,0.0,0.0,True,True,1.999,1.999,-7.7688458,110.3847905,0.001,-7.7688458,110.3847905,0.001
1788935904.9889054,0.0,0.0,0.0,True,True,1.999,1.999,-7.7688458,110.3847905,0.001,-7.7688458,110.3847905,0.001
1788935905.2035985,0.0,0.0,0.0,True,True,1.999,1.999,-7.7688458,110.3847905,0.001,-7.7688458,110.3847905,0.001
1788935905.4069805,0.0,0.0,0.0,True,True,1.999,1.999,-7.7688458,110.3847905,0.001,-7.7688458,110.3847905,0.001
1788935905.6112688,0.0,0.0,0.0,True,True,1.999,1.999,-7.7688458,110.3847905,0.001,-7.7688458,110.3847905,0.001
1788935905.8113885,0.0,0.0,0.0,True,True,1.999,1.999,-7.7688458,110.3847905,0.001,-7.7688458,110.3847905,0.001
1788935906.011509,0.0,0.0,0.0,True,True,1.999,1.999,-7.7688458,110.3847905,0.001,-7.7688458,110.3847905,0.001
1788935906.2134068,0.0,0.0,0.0,True,True,1.999,1.999,-7.7688458,110.3847905,0.001,-7.7688458,110.3847905,0.001
1788935906.423327,0.0,0.0,0.0,True,True,1.999,1.999,-7.7688458,110.3847905,0.001,-7.7688458,110.3847905,0.001
1788935906.6238184,0.0,0.0,0.0,True,True,1.999,1.999,-7.7688458,110.3847905,0.001,-7.7688458,110.3847905,0.001
1788935906.838118,0.0,0.0,0.0,True,True,1.999,1.999,-7.7688458,110.3847905,0.001,-7.7688458,110.3847905,0.001
1788935907.0420408,0.0,0.0,0.0,True,True,1.999,1.999,-7.7688458,110.3847905,0.001,-7.7688458,110.3847905,0.001
1788935907.2426243,0.0,0.0,0.0,True,True,1.999,1.999,-7.7688458,110.3847905,0.001,-7.7688458,110.3847905,0.001
1788935907.4428685,0.0,0.0,0.0,True,True,1.999,1.999,-7.7688458,110.3847905,0.001,-7.7688458,110.3847905,0.001
1788935907.645102,0.0,0.0,0.0,True,True,1.999,1.999,-7.7688458,110.3847905,0.001,-7.7688458,110.3847905,0.001
1788935907.8479443,0.0,0.0,0.0,True,True,1.999,1.999,-7.7688458,110.3847905,0.001,-7.7688458,110.3847905,0.001
1788935908.0498602,0.0,0.0,0.0,True,True,1.999,1.999,-7.7688458,110.3847905,0.001,-7.7688458,110.3847905,0.001
1788935908.2647293,0.0,0.0,0.0,True,True,1.999,1.999,-7.7688458,110.3847905,0.001,-7.7688458,110.3847905,0.001
1788935908.4671311,0.0,0.0,0.0,True,True,1.999,1.999,-7.7688458,110.3847905,0.001,-7.7688458,110.3847905,0.001
1788935908.6681943,0.0,0.0,0.0,True,True,1.999,1.999,-7.7688458,110.3847905,0.001,-7.7688458,110.3847905,0.001
1788935908.869333,0.0,0.0,0.0,True,True,1.999,1.999,-7.7688458,110.3847905,0.001,-7.7688458,110.3847905,0.001
1788935909.0797029,0.0,0.0,0.0,True,True,1.999,1.999,-7.7688458,110.3847905,0.001,-7.7688458,110.3847905,0.001
1788935909.2810419,0.0,0.0,0.0,True,True,1.999,1.999,-7.7688458,110.3847905,0.001,-7.7688458,110.3847905,0.001
1788935909.4821477,0.0,0.0,0.0,True,True,1.999,1.999,-7.7688458,110.3847905,0.001,-7.7688458,110.3847905,0.001
1788935909.6857615,0.0,0.0,0.0,True,True,1.999,1.999,-7.7688458,110.3847905,0.001,-7.7688458,110.3847905,0.001
1788935909.8868306,0.0,0.0,0.0,True,True,1.999,1.999,-7.7688458,110.3847905,0.001,-7.7688458,110.3847905,0.001
1788935910.0981479,0.0,0.0,0.0,True,True,1.999,1.999,-7.7688458,110.3847905,0.001,-7.7688458,110.3847905,0.001
1788935910.298911,0.0,0.0,0.0,True,True,1.999,1.999,-7.7688458,110.3847905,0.001,-7.7688458,110.3847905,0.001
1788935910.501073,0.0,0.0,0.0,True,True,1.999,1.999,-7.7688458,110.3847905,0.001,-7.7688458,110.3847905,0.001
1788935910.7024696,0.0,0.0,0.0,True,True,1.999,1.999,-7.7688458,110.3847905,0.001,-7.7688458,110.3847905,0.001
1788935910.906015,0.0,0.0,0.0,True,True,1.999,1.999,-7.7688458,110.3847905,0.001,-7.7688458,110.3847905,0.001
1788935911.106377,0.001,0.001,0.0,True,True,2.0,3.0,-7.7688458,110.3847905,0,-7.7688458,110.3847905,0.001
1788935911.3074427,0.001,0.001,0.0,True,True,2.0,5.1,-7.7688458,110.3847905,0,-7.7688458,110.3847905,0.001
1788935911.5077739,0.001,0.001,0.0,True,True,2.0,6.569999999999999,-7.7688458,110.3847905,0,-7.7688458,110.3847905,0.001
1788935911.708763,0.001,0.001,0.0,True,True,2.0,7.598999999999999,-7.7688458,110.3847905,0,-7.7688458,110.3847905,0.001
1788935911.9223301,0.001,0.001,0.0,True,True,2.0,8.319299999999998,-7.7688458,110.3847905,0,-7.7688458,110.3847905,0.001
1788935912.124795,0.0,0.0,0.0,True,True,2.0,5.823509999999999,-7.7688458,110.3847905,0,-7.7688458,110.3847905,0
1788935912.3285224,0.0,0.0,0.0,True,True,2.0,4.076456999999999,-7.7688458,110.3847905,0,-7.7688458,110.3847905,0
1788935912.5430086,0.0,0.0,0.0,True,True,2.0,2.853519899999999,-7.7688458,110.3847905,0,-7.7688458,110.3847905,0
1788935912.7584577,0.0,0.0,0.0,True,True,2.0,2.0,-7.7688458,110.3847905,0,-7.7688458,110.3847905,0
1788935912.9593146,0.0,0.0,0.0,True,True,2.0,2.0,-7.7688458,110.3847905,0,-7.7688458,110.3847905,0
1788935913.1624432,0.0,0.0,0.0,True,True,2.0,2.0,-7.7688458,110.3847905,0,-7.7688458,110.3847905,0
1788935913.3649106,0.0,0.0,0.0,True,True,2.0,2.0,-7.7688458,110.3847905,0,-7.7688458,110.3847905,0
1788935913.5673687,0.0,0.0,0.0,True,True,2.0,2.0,-7.7688458,110.3847905,0,-7.7688458,110.3847905,0
1788935913.7692738,0.0,0.0,0.0,True,True,2.0,2.0,-7.7688458,110.3847905,0,-7.7688458,110.3847905,0
1788935913.9805179,0.0,0.0,0.0,True,True,2.0,2.0,-7.7688458,110.3847905,0,-7.7688458,110.3847905,0
1788935914.1848843,0.001,0.001,0.0,True,True,2.8355002562696012,2.0,-7.7688458,110.3847905,0.001,-7.7688458,110.3847905,0
1788935914.388143,0.001,0.001,0.0,True,True,4.9848501793887205,2.0,-7.7688458,110.3847905,0.001,-7.7688458,110.3847905,0
1788935914.5962846,0.001,0.001,0.0,True,True,6.489395125572104,2.0,-7.7688458,110.3847905,0.001,-7.7688458,110.3847905,0
1788935914.7999182,0.001,0.001,0.0,True,True,7.542576587900473,2.0,-7.7688458,110.3847905,0.001,-7.7688458,110.3847905,0
1788935915.0016372,0.001,0.001,0.0,True,True,8.27980361153033,2.0,-7.7688458,110.3847905,0.001,-7.7688458,110.3847905,0
1788935915.2056487,0.0,0.0,0.0,True,True,5.795862528071231,1.999,-7.7688458,110.3847905,0.001,-7.7688458,110.3847905,0.001
1788935915.4068244,0.0,0.0,0.0,True,True,4.057103769649862,1.999,-7.7688458,110.3847905,0.001,-7.7688458,110.3847905,0.001
1788935915.6096258,0.0,0.0,0.0,True,True,2.839972638754903,1.999,-7.7688458,110.3847905,0.001,-7.7688458,110.3847905,0.001
1788935915.8101795,0.0,0.0,0.0,True,True,1.999,1.999,-7.7688458,110.3847905,0.001,-7.7688458,110.3847905,0.001
1788935916.0106323,0.0,0.0,0.0,True,True,1.999,1.999,-7.7688458,110.3847905,0.001,-7.7688458,110.3847905,0.001
1788935916.2225819,0.0,0.0,0.0,True,True,1.999,1.999,-7.7688458,110.3847905,0.001,-7.7688458,110.3847905,0.001
1788935916.4230814,0.0,0.0,0.0,True,True,1.999,1.999,-7.7688458,110.3847905,0.001,-7.7688458,110.3847905,0.001
1788935916.624978,0.0,0.0,0.0,True,True,1.999,1.999,-7.7688458,110.3847905,0.001,-7.7688458,110.3847905,0.001
1788935916.8256528,0.0,0.0,0.0,True,True,1.999,1.999,-7.7688458,110.3847905,0.001,-7.7688458,110.3847905,0.001
1788935917.0346286,0.0,0.0,0.0,True,True,1.999,1.999,-7.7688458,110.3847905,0.001,-7.7688458,110.3847905,0.001
1788935917.2395654,0.0,0.0,0.0,True,True,1.999,1.999,-7.7688458,110.3847905,0.001,-7.7688458,110.3847905,0.001
1788935917.4455705,0.0,0.0,0.0,True,True,1.999,1.999,-7.7688458,110.3847905,0.001,-7.7688458,110.3847905,0.001
1788935917.648941,0.0,0.0,0.0,True,True,1.999,1.999,-7.7688458,110.3847905,0.001,-7.7688458,110.3847905,0.001
1788935917.8543718,0.0,0.0,0.0,True,True,1.999,1.999,-7.7688458,110.3847905,0.001,-7.7688458,110.3847905,0.001
1788935918.056822,0.0,0.0,0.0,True,True,1.999,1.999,-7.7688458,110.3847905,0.001,-7.7688458,110.3847905,0.001
1788935918.266926,0.0,0.0,0.0,True,True,1.999,1.999,-7.7688458,110.3847905,0.001,-7.7688458,110.3847905,0.001
1788935918.473782,0.0,0.0,0.0,True,True,1.999,1.999,-7.7688458,110.3847905,0.001,-7.7688458,110.3847905,0.001
1788935918.678013,0.0,0.0,0.0,True,True,1.999,1.999,-7.7688458,110.3847905,0.001,-7.7688458,110.3847905,0.001
1788935918.8813567,0.0,0.0,0.0,True,True,1.999,1.999,-7.7688458,110.3847905,0.001,-7.7688458,110.3847905,0.001
1788935919.0817447,0.0,0.0,0.0,True,True,1.999,1.999,-7.7688458,110.3847905,0.001,-7.7688458,110.3847905,0.001
1788935919.28232,0.0,0.0,0.0,True,True,1.999,1.999,-7.7688458,110.3847905,0.001,-7.7688458,110.3847905,0.001
1788935919.490494,0.0,0.0,0.0,True,True,1.999,1.999,-7.7688458,110.3847905,0.001,-7.7688458,110.3847905,0.001
1788935919.69765,0.0,0.0,0.0,True,True,1.999,1.999,-7.7688458,110.3847905,0.001,-7.7688458,110.3847905,0.001
1788935919.9004207,0.0,0.0,0.0,True,True,1.999,1.999,-7.7688458,110.3847905,0.001,-7.7688458,110.3847905,0.001
1788935920.108437,0.0,0.0,0.0,True,True,1.999,1.999,-7.7688458,110.3847905,0.001,-7.7688458,110.3847905,0.001
1788935920.3225727,0.0,0.0,0.0,True,True,1.999,1.999,-7.7688458,110.3847905,0.001,-7.7688458,110.3847905,0.001
1788935920.534497,0.0,0.0,0.0,True,True,1.999,1.999,-7.7688458,110.3847905,0.001,-7.7688458,110.3847905,0.001
1788935920.7379496,0.0,0.0,0.0,True,True,1.999,1.999,-7.7688458,110.3847905,0.001,-7.7688458,110.3847905,0.001
1788935920.9473302,0.0,0.0,0.0,True,True,1.999,1.999,-7.7688458,110.3847905,0.001,-7.7688458,110.3847905,0.001
1788935921.1553934,0.0,0.0,0.0,True,True,1.999,1.999,-7.7688458,110.3847905,0.001,-7.7688458,110.3847905,0.001
1788935921.3577478,0.0,0.0,0.0,True,True,1.999,1.999,-7.7688458,110.3847905,0.001,-7.7688458,110.3847905,0.001
1788935921.5615535,0.0,0.0,0.0,True,True,1.999,1.999,-7.7688458,110.3847905,0.001,-7.7688458,110.3847905,0.001
1788935921.7694492,0.0,0.0,0.0,True,True,1.999,1.999,-7.7688458,110.3847905,0.001,-7.7688458,110.3847905,0.001
1788935921.9702284,0.0,0.0,0.0,True,True,1.999,1.999,-7.7688458,110.3847905,0.001,-7.7688458,110.3847905,0.001
1788935922.1738217,0.0,0.0,0.0,True,True,1.999,1.999,-7.7688458,110.3847905,0.001,-7.7688458,110.3847905,0.001
1788935922.378052,0.0,0.0,0.0,True,True,1.999,1.999,-7.7688458,110.3847905,0.001,-7.7688458,110.3847905,0.001
1788935922.5782814,0.0,0.0,0.0,True,True,1.999,1.999,-7.7688458,110.3847905,0.001,-7.7688458,110.3847905,0.001
1788935922.781054,0.0,0.0,0.0,True,True,1.999,1.999,-7.7688458,110.3847905,0.001,-7.7688458,110.3847905,0.001
1788935922.9824355,0.0,0.0,0.0,True,True,1.999,1.999,-7.7688458,110.3847905,0.001,-7.7688458,110.3847905,0.001
1788935923.1866763,0.0,0.0,0.0,True,True,1.999,1.999,-7.7688458,110.3847905,0.001,-7.7688458,110.3847905,0.001
1788935923.387428,0.0,0.0,0.0,True,True,1.999,1.999,-7.7688458,110.3847905,0.001,-7.7688458,110.3847905,0.001
1788935923.5973256,0.0,0.0,0.0,True,True,1.999,1.999,-7.7688458,110.3847905,0.001,-7.7688458,110.3847905,0.001
1788935923.8012185,0.0,0.0,0.0,True,True,1.999,1.999,-7.7688458,110.3847905,0.001,-7.7688458,110.3847905,0.001
1788935924.0051541,0.0,0.0,0.0,True,True,1.999,1.999,-7.7688458,110.3847905,0.001,-7.7688458,110.3847905,0.001
1788935924.211675,0.0,0.0,0.0,True,True,1.999,1.999,-7.7688458,110.3847905,0.001,-7.7688458,110.3847905,0.001
1788935924.413229,0.0,0.0,0.0,True,True,1.999,1.999,-7.7688458,110.3847905,0.001,-7.7688458,110.3847905,0.001
1788935924.6173067,0.0,0.0,0.0,True,True,1.999,1.999,-7.7688458,110.3847905,0.001,-7.7688458,110.3847905,0.001
1788935924.825862,0.0,0.0,0.0,True,True,1.999,1.999,-7.7688458,110.3847905,0.001,-7.7688458,110.3847905,0.001
1788935925.030657,0.0,0.0,0.0,True,True,1.999,1.999,-7.7688458,110.3847905,0.001,-7.7688458,110.3847905,0.001
1788935925.233023,0.0,0.0,0.0,True,True,1.999,1.999,-7.7688458,110.3847905,0.001,-7.7688458,110.3847905,0.001
1788935925.4448736,0.0,0.0,0.0,True,True,1.999,1.999,-7.7688458,110.3847905,0.001,-7.7688458,110.3847905,0.001
1788935925.65041,0.0,0.0,0.0,True,True,1.999,1.999,-7.7688458,110.3847905,0.001,-7.7688458,110.3847905,0.001
1788935925.8521981,0.0,0.0,0.0,True,True,1.999,1.999,-7.7688458,110.3847905,0.001,-7.7688458,110.3847905,0.001
1788935926.0525768,0.0,0.0,0.0,True,True,1.999,1.999,-7.7688458,110.3847905,0.001,-7.7688458,110.3847905,0.001
1788935926.2580209,0.0,0.0,0.0,True,True,1.999,1.999,-7.7688458,110.3847905,0.001,-7.7688458,110.3847905,0.001
1788935926.4652627,0.0,0.0,0.0,True,True,1.999,1.999,-7.7688458,110.3847905,0.001,-7.7688458,110.3847905,0.001
1788935926.6688147,0.0,0.0,0.0,True,True,1.999,1.999,-7.7688458,110.3847905,0.001,-7.7688458,110.3847905,0.001
1788935926.872193,0.0,0.0,0.0,True,True,1.999,1.999,-7.7688458,110.3847905,0.001,-7.7688458,110.3847905,0.001
1788935927.075419,0.0,0.0,0.0,True,True,1.999,1.999,-7.7688458,110.3847905,0.001,-7.7688458,110.3847905,0.001
1788935927.277174,0.0,0.0,0.0,True,True,1.999,1.999,-7.7688458,110.3847905,0.001,-7.7688458,110.3847905,0.001
1788935927.478605,0.001,0.001,0.0,True,True,2.0,2.9999999970555753,-7.7688458,110.3847905,0,-7.7688458,110.3847905,0.001
1788935927.681552,0.001,0.001,0.0,True,True,2.0,5.099999997938903,-7.7688458,110.3847905,0,-7.7688458,110.3847905,0.001
1788935927.8863769,0.001,0.001,0.0,True,True,2.0,6.569999998557232,-7.7688458,110.3847905,0,-7.7688458,110.3847905,0.001
1788935928.0866477,0.001,0.001,0.0,True,True,2.0,7.598999998990062,-7.7688458,110.3847905,0,-7.7688458,110.3847905,0.001
1788935928.3007004,0.001,0.001,0.0,True,True,2.0,8.319299999293044,-7.7688458,110.3847905,0,-7.7688458,110.3847905,0.001
1788935928.5024378,0.0,0.0,0.0,True,True,2.0,5.823509999505131,-7.7688458,110.3847905,0,-7.7688458,110.3847905,0
1788935928.7058265,0.0,0.0,0.0,True,True,2.0,4.076456999653591,-7.7688458,110.3847905,0,-7.7688458,110.3847905,0
1788935928.9078815,0.0,0.0,0.0,True,True,2.0,2.8535198997575137,-7.7688458,110.3847905,0,-7.7688458,110.3847905,0
1788935929.1105165,0.0,0.0,0.0,True,True,2.0,2.0,-7.7688458,110.3847905,0,-7.7688458,110.3847905,0
1788935929.31374,0.0,0.0,0.0,True,True,2.0,2.0,-7.7688458,110.3847905,0,-7.7688458,110.3847905,0
1788935929.5217535,0.0,0.0,0.0,True,True,2.0,2.0,-7.7688458,110.3847905,0,-7.7688458,110.3847905,0
1788935929.7234402,0.0,0.0,0.0,True,True,2.0,2.0,-7.7688458,110.3847905,0,-7.7688458,110.3847905,0
1788935929.9252243,0.0,0.0,0.0,True,True,2.0,2.0,-7.7688458,110.3847905,0,-7.7688458,110.3847905,0
1788935930.1271408,0.0,0.0,0.0,True,True,2.0,2.0,-7.7688458,110.3847905,0,-7.7688458,110.3847905,0
1788935930.3298848,0.0,0.0,0.0,True,True,2.0,2.0,-7.7688458,110.3847905,0,-7.7688458,110.3847905,0
1788935930.5363607,0.0,0.0,0.0,True,True,2.0,2.0,-7.7688458,110.3847905,0,-7.7688458,110.3847905,0
1788935930.7457695,0.0,0.0,0.0,True,True,2.0,2.0,-7.7688458,110.3847905,0,-7.7688458,110.3847905,0
1788935930.9536781,0.0,0.0,0.0,True,True,2.0,2.0,-7.7688458,110.3847905,0,-7.7688458,110.3847905,0
1788935931.158887,0.001,0.001,0.0,True,True,2.9435765879052678,2.0,-7.7688458,110.3847905,0.001,-7.7688458,110.3847905,0
1788935931.3631647,0.001,0.001,0.0,True,True,5.060503611533687,2.0,-7.7688458,110.3847905,0.001,-7.7688458,110.3847905,0
1788935931.5652225,0.001,0.001,0.0,True,True,6.542352528073581,2.0,-7.7688458,110.3847905,0.001,-7.7688458,110.3847905,0
1788935931.7731717,0.001,0.001,0.0,True,True,7.579646769651506,2.0,-7.7688458,110.3847905,0.001,-7.7688458,110.3847905,0
1788935931.977891,0.001,0.001,0.0,True,True,8.305752738756055,2.0,-7.7688458,110.3847905,0.001,-7.7688458,110.3847905,0
1788935932.1832051,0.0,0.0,0.0,True,True,5.8140269171292385,1.999,-7.7688458,110.3847905,0.001,-7.7688458,110.3847905,0.001
1788935932.3849623,0.0,0.0,0.0,True,True,4.069818841990466,1.999,-7.7688458,110.3847905,0.001,-7.7688458,110.3847905,0.001
1788935932.5931897,0.0,0.0,0.0,True,True,2.848873189393326,1.999,-7.7688458,110.3847905,0.001,-7.7688458,110.3847905,0.001
1788935932.8047523,0.0,0.0,0.0,True,True,1.999,1.999,-7.7688458,110.3847905,0.001,-7.7688458,110.3847905,0.001
1788935933.00922,0.0,0.0,0.0,True,True,1.999,1.999,-7.7688458,110.3847905,0.001,-7.7688458,110.3847905,0.001
1788935933.2102304,0.0,0.0,0.0,True,True,1.999,1.999,-7.7688458,110.3847905,0.001,-7.7688458,110.3847905,0.001
1788935933.4157116,0.0,0.0,0.0,True,True,1.999,1.999,-7.7688458,110.3847905,0.001,-7.7688458,110.3847905,0.001
1788935933.6166017,0.0,0.0,0.0,True,True,1.999,1.999,-7.7688458,110.3847905,0.001,-7.7688458,110.3847905,0.001
1788935933.8256164,0.0,0.0,0.0,True,True,1.999,1.999,-7.7688458,110.3847905,0.001,-7.7688458,110.3847905,0.001
1788935934.0269706,0.0,0.0,0.0,True,True,1.999,1.999,-7.7688458,110.3847905,0.001,-7.7688458,110.3847905,0.001
1788935934.2290215,0.0,0.0,0.0,True,True,1.999,1.999,-7.7688458,110.3847905,0.001,-7.7688458,110.3847905,0.001
1788935934.4314785,0.0,0.0,0.0,True,True,1.999,1.999,-7.7688458,110.3847905,0.001,-7.7688458,110.3847905,0.001
1788935934.6334078,0.0,0.0,0.0,True,True,1.999,1.999,-7.7688458,110.3847905,0.001,-7.7688458,110.3847905,0.001
1788935934.8349326,0.0,0.0,0.0,True,True,1.999,1.999,-7.7688458,110.3847905,0.001,-7.7688458,110.3847905,0.001
1788935935.0366223,0.0,0.0,0.0,True,True,1.999,1.999,-7.7688458,110.3847905,0.001,-7.7688458,110.3847905,0.001
1788935935.23704,0.0,0.0,0.0,True,True,1.999,1.999,-7.7688458,110.3847905,0.001,-7.7688458,110.3847905,0.001
1788935935.4503698,0.0,0.0,0.0,True,True,1.999,1.999,-7.7688458,110.3847905,0.001,-7.7688458,110.3847905,0.001
1788935935.6520014,0.0,0.0,0.0,True,True,1.999,1.999,-7.7688458,110.3847905,0.001,-7.7688458,110.3847905,0.001
1788935935.8664322,0.0,0.0,0.0,True,True,1.999,1.999,-7.7688458,110.3847905,0.001,-7.7688458,110.3847905,0.001
1788935936.0674305,0.0,0.0,0.0,True,True,1.999,1.999,-7.7688458,110.3847905,0.001,-7.7688458,110.3847905,0.001
1788935936.273977,0.0,0.0,0.0,True,True,1.999,1.999,-7.7688458,110.3847905,0.001,-7.7688458,110.3847905,0.001
1788935936.4818726,0.0,0.0,0.0,True,True,1.999,1.999,-7.7688458,110.3847905,0.001,-7.7688458,110.3847905,0.001
1788935936.6833463,0.0,0.0,0.0,True,True,1.999,1.999,-7.7688458,110.3847905,0.001,-7.7688458,110.3847905,0.001
1788935936.888207,0.0,0.0,0.0,True,True,1.999,1.999,-7.7688458,110.3847905,0.001,-7.7688458,110.3847905,0.001
1788935937.0978482,0.0,0.0,0.0,True,True,1.999,1.999,-7.7688458,110.3847905,0.001,-7.7688458,110.3847905,0.001
1788935937.302307,0.0,0.0,0.0,True,True,1.999,1.999,-7.7688458,110.3847905,0.001,-7.7688458,110.3847905,0.001
1788935937.502861,0.0,0.0,0.0,True,True,1.999,1.999,-7.7688458,110.3847905,0.001,-7.7688458,110.3847905,0.001
1788935937.7042494,0.0,0.0,0.0,True,True,1.999,1.999,-7.7688458,110.3847905,0.001,-7.7688458,110.3847905,0.001
1788935937.9127698,0.0,0.0,0.0,True,True,1.999,1.999,-7.7688458,110.3847905,0.001,-7.7688458,110.3847905,0.001
1788935938.1234014,0.0,0.0,0.0,True,True,1.999,1.999,-7.7688458,110.3847905,0.001,-7.7688458,110.3847905,0.001
1788935938.3238142,0.0,0.0,0.0,True,True,1.999,1.999,-7.7688458,110.3847905,0.001,-7.7688458,110.3847905,0.001
1788935938.524123,0.0,0.0,0.0,True,True,1.999,1.999,-7.7688458,110.3847905,0.001,-7.7688458,110.3847905,0.001
1788935938.7322314,0.0,0.0,0.0,True,True,1.999,1.999,-7.7688458,110.3847905,0.001,-7.7688458,110.3847905,0.001
1788935938.9419131,0.0,0.0,0.0,True,True,1.999,1.999,-7.7688458,110.3847905,0.001,-7.7688458,110.3847905,0.001
1788935939.1488652,0.0,0.0,0.0,True,True,1.999,1.999,-7.7688458,110.3847905,0.001,-7.7688458,110.3847905,0.001
