timestamp,d_ij,d_cpa,t_cpa,uav3_avoid,uav4_avoid,uav3_offset,uav4_offset,uav3_lat,uav3_lon,uav3_alt,uav4_lat,uav4_lon,uav4_alt
1788427423.8538153,0.0,0.0,0.0,True,True,1.999,1.999,-7.768846,110.3847907,0.001,-7.768846,110.3847907,0.001
1788427424.0633903,0.0,0.0,0.0,True,True,1.999,1.999,-7.768846,110.3847907,0.001,-7.768846,110.3847907,0.001
1788427424.2669716,0.0,0.0,0.0,True,True,1.999,1.999,-7.768846,110.3847907,0.001,-7.768846,110.3847907,0.001
1788427424.4682443,0.0,0.0,0.0,True,True,1.999,1.999,-7.768846,110.3847907,0.001,-7.768846,110.3847907,0.001
1788427424.6757352,0.0,0.0,0.0,True,True,1.999,1.999,-7.768846,110.3847907,0.001,-7.768846,110.3847907,0.001
1788427424.8871195,0.0,0.0,0.0,True,True,1.999,1.999,-7.768846,110.3847907,0.001,-7.768846,110.3847907,0.001
1788427425.092543,0.0,0.0,0.0,True,True,1.999,1.999,-7.768846,110.3847907,0.001,-7.768846,110.3847907,0.001
1788427425.2927794,0.0,0.0,0.0,True,True,1.999,1.999,-7.768846,110.3847907,0.001,-7.768846,110.3847907,0.001
1788427425.4932203,0.0,0.0,0.0,True,True,1.999,1.999,-7.768846,110.3847907,0.001,-7.768846,110.3847907,0.001
1788427425.6971085,0.0,0.0,0.0,True,True,1.999,1.999,-7.768846,110.3847907,0.001,-7.768846,110.3847907,0.001
1788427425.8985605,0.0,0.0,0.0,True,True,1.999,1.999,-7.768846,110.3847907,0.001,-7.768846,110.3847907,0.001
1788427426.0998745,0.0,0.0,0.0,True,True,1.999,1.999,-7.768846,110.3847907,0.001,-7.768846,110.3847907,0.001
1788427426.3010416,0.023,0.023,0.0,True,True,3.0,1.999,-7.768846,110.3847907,0.024,-7.768846,110.3847907,0.001
1788427426.50535,0.077,0.077,0.0,True,True,5.1,1.9969999999999999,-7.768846,110.3847907,0.08,-7.768846,110.3847907,0.003
1788427426.7241952,0.046,0.046,0.0,True,True,6.569999999999999,1.966,-7.768846,110.3847907,0.08,-7.768846,110.3847907,0.034
1788427426.9326234,0.10400000000000001,0.10400000000000001,0.0,True,True,7.598999999999999,1.903,-7.768846,110.3847907,0.201,-7.768846,110.3847907,0.097
1788427427.1344767,0.22999999999999998,0.22999999999999998,0.0,True,True,8.319299999999998,1.74,-7.768846,110.3847907,0.49,-7.768846,110.3847907,0.26
1788427427.338155,0.22454626898969002,0.22454626898969002,0.0,True,True,10.67025438872476,6.172018227452021,-7.7688459,110.3847906,0.777,-7.768846,110.3847907,0.553
1788427427.5441256,0.5572199089382847,0.5572199089382847,0.0,True,True,11.880885761018794,10.302126430985014,-7.7688459,110.3847906,1.11,-7.768846,110.3847907,0.553
1788427427.7446725,0.6619999999999999,0.6619999999999999,0.0,True,True,10.803114743837805,7.232815841703699,-7.7688459,110.3847906,1.507,-7.7688459,110.3847906,0.845
1788427427.9541192,0.31499999999999995,0.31499999999999995,0.0,True,True,10.284228448579778,5.062891268830489,-7.7688459,110.3847906,1.507,-7.7688459,110.3847906,1.192
1788427428.1553035,0.3640000000000001,0.3640000000000001,0.0,True,True,10.056349852181109,3.521052535819367,-7.7688459,110.3847906,1.967,-7.7688459,110.3847906,1.603
1788427428.3564534,0.40814872759070325,0.40814872759070325,0.0,True,True,12.274800832299917,7.917609234050402,-7.7688459,110.3847905,2.487,-7.7688459,110.3847906,2.079
1788427428.5585198,0.9571280096985726,0.9571280096985726,0.0,True,True,11.284758105083652,6.242666760612615,-7.7688458,110.3847905,3.036,-7.7688459,110.3847906,2.079
1788427428.7590737,0.9239999999999999,1.1102230246251565e-16,3.186206896551724,True,True,10.621586088140559,4.413284170454948,-7.7688458,110.3847905,3.544,-7.7688458,110.3847905,2.62
1788427428.973564,0.3820000000000001,5.551115123125783e-17,2.010526315789475,True,True,10.289505855963313,3.271949848775532,-7.7688458,110.3847905,3.544,-7.7688458,110.3847905,3.162
1788427429.1898353,0.33199999999999985,0.0,1.4434782608695647,True,True,10.128838649211271,2.7043031982975005,-7.7688458,110.3847905,3.984,-7.7688458,110.3847905,3.652
1788427429.398894,0.27500000000000036,0.0,1.1458333333333348,True,True,10.05342503247738,2.553988718901832,-7.7688458,110.3847905,4.343,-7.7688458,110.3847905,4.068
1788427429.5995462,0.2140000000000004,0.0,0.8916666666666684,True,True,10.019250749661506,2.6257006387583743,-7.7688458,110.3847905,4.621,-7.7688458,110.3847905,4.407
1788427429.8011127,0.4189999999999996,0.011614270501978293,0.8209373799462153,True,True,10.004555668323095,2.5165392652895973,-7.7688458,110.3847905,4.826,-7.7688458,110.3847905,4.407
1788427430.00136,0.2940000000000005,0.008842355206065345,0.6249660786974229,True,True,9.998813046955616,2.7180559648643565,-7.7688458,110.3847905,4.963,-7.7688458,110.3847905,4.669
1788427430.217232,0.10400000000000009,1.3877787807814457e-17,0.5200000000000004,True,True,9.997024216772044,2.8815572077933846,-7.7688458,110.3847905,4.963,-7.7688458,110.3847905,4.859
1788427430.426371,0.052999999999999936,6.938893903907228e-18,0.27894736842105233,True,True,9.996865954468483,2.9946129234802856,-7.7688458,110.3847905,5.037,-7.7688458,110.3847905,4.984
1788427430.6341634,0.0039999999999995595,0.0,0.023529411764703287,True,True,9.997291245152255,3.0510992732329805,-7.7688458,110.3847905,5.05,-7.7688458,110.3847905,5.046
1788427430.842917,0.025000000000000355,0.025000000000000355,0.0,True,True,3.9987346806457444,3.0514972521387245,-7.7688458,110.3847905,5.024,-7.7688458,110.3847905,5.049
1788427431.058051,0.05400000000000027,0.05400000000000027,0.0,True,True,0.21572113137187293,0.21962443026524472,-7.7688458,110.3847905,4.995,-7.7688458,110.3847905,5.049
1788427431.259186,0.04600000000000026,6.938893903907228e-18,0.6571428571428609,True,True,2.9754747771601804,3.1419232180304726,-7.7688458,110.3847905,4.975,-7.7688458,110.3847905,5.021
1788427431.4607286,0.018000000000000682,3.469446951953614e-18,0.450000000000017,True,True,2.9752326502751085,5.199111118943514,-7.7688458,110.3847905,4.975,-7.7688458,110.3847905,4.993
1788427431.6693656,0.009999999999999787,0.0,0.24999999999999467,True,True,2.9651143853819355,6.639323263031528,-7.7688458,110.3847905,4.965,-7.7688458,110.3847905,4.975
1788427431.8703399,0.0029999999999992255,0.0,0.29999999999992255,True,True,2.964056068298213,7.647508122311788,-7.7688458,110.3847905,4.964,-7.7688458,110.3847905,4.967
1788427432.0708125,0.0009999999999994458,0.0009999999999994458,0.0,True,True,2.3532705946379835,2.3532807933076416,-7.7688458,110.3847905,4.967,-7.7688458,110.3847905,4.966
1788427432.273481,0.006000000000000227,0.006000000000000227,0.0,True,True,1.3527643033657373,1.3527729967501487,-7.7688458,110.3847905,4.972,-7.7688458,110.3847905,4.966
1788427432.4747798,0.0030000000000001137,0.0030000000000001137,0.0,True,True,3.9469193183207425,2.969008526198768,-7.7688458,110.3847905,4.972,-7.7688458,110.3847905,4.969
1788427432.6827524,0.0030000000000001137,0.0,0.3000000000000114,True,True,5.762841717677909,2.9740041708165244,-7.7688458,110.3847905,4.977,-7.7688458,110.3847905,4.974
1788427432.8845637,0.001000000000000334,0.001000000000000334,0.0,True,True,7.0339887060508675,2.9780020409557646,-7.7688458,110.3847905,4.979,-7.7688458,110.3847905,4.978
1788427433.086109,0.0,0.0,0.0,True,True,4.9237920942356075,2.9790009997327935,-7.7688458,110.3847905,4.979,-7.7688458,110.3847905,4.979
1788427433.2871885,0.001000000000000334,0.001000000000000334,0.0,True,True,6.446654313783592,2.9790004898691107,-7.7688458,110.3847905,4.98,-7.7688458,110.3847905,4.979
1788427433.4903364,0.0,0.0,0.0,True,True,4.512658019648515,2.980000239955326,-7.7688458,110.3847905,4.98,-7.7688458,110.3847905,4.98
1788427433.6968198,0.0,0.0,0.0,True,True,3.1588606137539594,2.9810001175386693,-7.7688458,110.3847905,4.981,-7.7688458,110.3847905,4.981
1788427433.9068058,0.0019999999999997797,0.0019999999999997797,0.0,True,True,0.788797798452443,0.7887978479992126,-7.7688458,110.3847905,4.982,-7.7688458,110.3847905,4.984
1788427434.1135414,0.022057542879349825,0.022057542879349825,0.0,True,True,6.701379143487589,6.972986691396445,-7.7688458,110.3847903,4.984,-7.7688458,110.3847905,4.985
1788427434.3139718,0.05619820679165567,0.05619820679165567,0.0,True,True,10.451371436204884,10.45139563518038,-7.7688459,110.3847899,4.987,-7.7688458,110.3847904,4.987
1788427434.517083,0.13954769451392868,0.13954769451392868,0.0,True,True,13.096745463031342,13.096760640732082,-7.7688462,110.3847892,4.991,-7.7688458,110.3847904,4.987
1788427434.7181308,0.09092379473886968,0.09092379473886968,0.0,True,True,15.613208095683513,15.415570376930182,-7.7688462,110.3847892,4.991,-7.768846,110.38479,4.989
1788427434.92156,0.1395226111113092,0.1395226111113092,0.0,True,True,17.526219131430565,16.835708939246953,-7.7688467,110.384788,4.996,-7.7688463,110.3847892,4.993
1788427435.1414893,0.1988870889459941,0.1988870889459941,0.0,True,True,18.927234942720553,17.83834460958993,-7.7688474,110.3847863,5.004,-7.7688468,110.384788,4.999
1788427435.3428361,0.27906851413070694,0.27906851413070694,0.0,True,True,19.93897226047279,18.55189427729912,-7.7688483,110.3847839,5.014,-7.7688475,110.3847863,5.007
1788427435.5483236,0.6394081733445877,0.6394081733445877,0.0,True,True,20.0,18.459768347893725,-7.7688496,110.3847809,5.026,-7.7688475,110.3847863,5.007
1788427435.748464,0.8136750423087447,0.8136750423087447,0.0,True,True,20.0,18.574536473765747,-7.7688511,110.3847771,5.041,-7.7688485,110.384784,5.017
1788427435.9538321,0.46392972000499894,0.46392972000499894,0.0,True,True,20.0,18.445502472091377,-7.7688511,110.3847771,5.041,-7.7688498,110.3847811,5.03
1788427436.162193,0.568563246521563,0.568563246521563,0.0,True,True,19.999999999999996,18.356678884644435,-7.7688531,110.3847724,5.058,-7.7688515,110.3847773,5.045
1788427436.3633726,0.687204690168816,0.687204690168816,0.0,True,True,20.0,18.296270869728012,-7.7688555,110.3847668,5.08,-7.7688535,110.3847727,5.064
1788427436.5634232,0.8127415743102088,0.8127415743102088,0.0,True,True,20.0,18.630304879470735,-7.7688583,110.3847601,5.106,-7.768856,110.3847671,5.087
1788427436.771026,1.7525302618923817,1.7525302618923817,0.0,True,True,18.016222687980854,19.343027196718793,-7.7688615,110.3847522,5.137,-7.768856,110.3847671,5.087
1788427436.976801,0.9454869955029623,0.9454869955029623,0.0,True,True,18.595241164430686,19.519907244357388,-7.7688615,110.3847522,5.137,-7.768859,110.3847604,5.115
1788427437.183125,1.0785449083383216,1.0785449083383216,0.0,True,True,18.99064036108344,19.73151297349828,-7.7688651,110.3847432,5.172,-7.7688624,110.3847526,5.148
1788427437.3843124,1.2224495897310663,1.2224495897310663,0.0,True,True,19.270206331358747,19.911812180284645,-7.7688691,110.3847331,5.211,-7.7688662,110.3847438,5.185
1788427437.585661,1.380063314165749,1.380063314165749,0.0,True,True,19.47256822675642,20.0,-7.7688736,110.3847218,5.253,-7.7688704,110.3847339,5.225
1788427437.7909582,2.8256226470098764,2.8256226470098764,0.0,True,True,14.471873837322555,15.916277526016982,-7.7688785,110.3847096,5.298,-7.7688704,110.3847339,5.225
1788427437.9912157,1.5135631510213021,1.5135631510213021,0.0,True,True,15.871336043428755,17.12509157758596,-7.7688785,110.3847096,5.298,-7.7688751,110.3847229,5.27
1788427438.1972156,1.6578598882792743,1.6578598882792743,0.0,True,True,15.45966260560187,17.97693768367321,-7.7688839,110.3846962,5.347,-7.7688803,110.3847108,5.318
1788427438.3986764,1.788964043848433,1.788964043848433,0.0,True,True,14.268155954456205,18.576609140991586,-7.7688897,110.3846817,5.399,-7.768886,110.3846975,5.369
1788427438.6002436,1.9071270890506438,1.9071270890506438,0.0,True,True,12.820321616588886,18.998127737251448,-7.768896,110.3846663,5.456,-7.7688923,110.3846832,5.424
1788427438.8080466,3.847821640460861,3.847821640460861,0.0,True,True,9.295047022114687,13.985861029882994,-7.7689027,110.3846499,5.515,-7.7688923,110.3846832,5.424
1788427439.0082853,4.047078219823539,4.047078219823539,0.0,True,True,6.78028466629176,10.37651894722793,-7.7689098,110.3846326,5.577,-7.7688991,110.3846677,5.484
1788427439.2111347,2.0948748819225305,2.0948748819225305,0.0,True,True,6.866936420701785,11.809036206871124,-7.7689098,110.3846326,5.577,-7.7689064,110.3846513,5.547
1788427439.4194086,2.190563260994687,2.190563260994687,0.0,True,True,6.656031916365352,12.230238599322629,-7.7689172,110.3846147,5.64,-7.7689139,110.3846343,5.611
1788427439.6206577,2.273995815572029,2.273995815572029,0.0,True,True,6.307357949500204,12.094178276266243,-7.7689248,110.3845962,5.705,-7.7689217,110.3846166,5.678
1788427439.8229644,2.3564874536724503,2.3564874536724503,0.0,True,True,5.891520008290153,11.630756306563992,-7.7689326,110.3845772,5.772,-7.7689298,110.3845984,5.747
1788427440.0230966,4.618897124316267,4.618897124316267,0.0,True,True,4.30381737499689,8.526509845385256,-7.7689405,110.3845579,5.84,-7.7689298,110.3845984,5.747
1788427440.2340622,2.3947824812378324,2.3947824812378324,0.0,True,True,4.417085904834324,8.97902244461557,-7.7689405,110.3845579,5.84,-7.7689381,110.3845795,5.818
1788427440.439861,2.4680316806325746,2.4680316806325746,0.0,True,True,4.37191534362493,9.028805136746437,-7.7689486,110.3845382,5.909,-7.7689465,110.3845605,5.89
1788427440.642421,2.5301073319379648,2.5301073319379648,0.0,True,True,4.24563870399232,8.860661086914442,-7.7689567,110.3845182,5.979,-7.768955,110.3845411,5.964
1788427440.8496745,2.5485453979016084,2.5485453979016084,0.0,True,True,4.130720766986565,8.686038126824688,-7.7689648,110.3844983,6.049,-7.7689636,110.3845214,6.038
1788427441.0620883,4.873621983905524,4.873621983905524,0.0,True,True,3.0425205174069516,6.403726818775088,-7.768973,110.3844782,6.119,-7.7689636,110.3845214,6.038
1788427441.266142,4.868207723935413,4.868207723935413,0.0,True,True,2.2816507644031674,4.808002684192651,-7.7689811,110.384458,6.188,-7.7689724,110.3845013,6.114
1788427441.4721208,2.589119822199367,2.589119822199367,0.0,True,True,2.6986387845016373,5.726361758331621,-7.7689811,110.384458,6.188,-7.768981,110.3844815,6.189
1788427441.676759,2.622364930947658,2.622364930947658,0.0,True,True,2.949428311505037,6.280943052208247,-7.7689894,110.3844377,6.258,-7.7689897,110.3844615,6.263
1788427441.8814332,2.6677163796473105,2.6677163796473105,0.0,True,True,3.070518680541547,6.552357113818738,-7.7689976,110.3844174,6.327,-7.7689984,110.3844416,6.336
1788427442.0860748,2.71417058006187,2.71417058006187,0.0,True,True,3.1030320200913373,6.630332607140129,-7.7690059,110.384397,6.397,-7.7690072,110.3844216,6.41
1788427442.2874734,5.00802299414586,5.00802299414586,0.0,True,True,2.3096939495993927,4.935994037728274,-7.7690142,110.3843767,6.468,-7.7690072,110.3844216,6.41
1788427442.4912233,2.73889994837141,2.73889994837141,0.0,True,True,2.5439663999884137,5.442080663427015,-7.7690142,110.3843767,6.468,-7.7690159,110.3844015,6.484
1788427442.6927283,2.787219845059719,2.787219845059719,0.0,True,True,2.6592542041101055,5.69195128110978,-7.7690225,110.3843563,6.539,-7.7690247,110.3843815,6.559
1788427442.8985162,2.8145962441975145,2.8145962441975145,0.0,True,True,2.713781337714754,5.810759358683006,-7.7690308,110.384336,6.61,-7.7690335,110.3843614,6.635
1788427443.1090062,2.844389142854239,2.844389142854239,0.0,True,True,2.724422415208767,5.834929288246975,-7.7690391,110.3843155,6.681,-7.7690424,110.3843411,6.711
1788427443.3171473,5.132658069656597,5.132658069656597,0.0,True,True,2.03354572815043,4.355405386894393,-7.7690475,110.3842948,6.752,-7.7690424,110.3843411,6.711
1788427443.5239267,5.148700227289668,5.148700227289668,0.0,True,True,1.5492201254687386,3.31821527848625,-7.7690559,110.3842742,6.823,-7.7690513,110.3843207,6.787
1788427443.732328,2.9261577582703553,2.9261577582703553,0.0,True,True,1.838308397870714,3.938169501886344,-7.7690559,110.3842742,6.823,-7.7690602,110.3843004,6.862
1788427443.9395466,2.9771946093975084,2.9771946093975084,0.0,True,True,2.002320112413663,4.289949903452101,-7.7690644,110.3842535,6.894,-7.7690691,110.3842801,6.938
1788427444.1497552,3.0004897524930927,3.0004897524930927,0.0,True,True,2.1001338830694536,4.499776711008026,-7.7690728,110.3842329,6.965,-7.7690781,110.3842596,7.013
1788427444.3497715,3.052714210527446,3.052714210527446,0.0,True,True,2.1323866810300873,4.569045785972523,-7.7690813,110.3842122,7.036,-7.769087,110.3842393,7.089
1788427444.5579083,5.286557354826897,5.286557354826897,0.0,True,True,1.6069241575468562,3.4431590842943405,-7.7690898,110.3841914,7.108,-7.769087,110.3842393,7.089
1788427444.758226,5.305043470441613,5.305043470441613,0.0,True,True,1.2385438737672698,2.653846312209114,-7.7690982,110.3841707,7.179,-7.769096,110.3842188,7.165
1788427444.9608822,3.134002060079096,3.134002060079096,0.0,True,True,1.4757726811703165,3.1622491048023083,-7.7690982,110.3841707,7.179,-7.769105,110.3841983,7.24
1788427445.1688216,3.1508437696883567,3.1508437696883567,0.0,True,True,1.6324964090362675,3.498123232849206,-7.7691067,110.38415,7.251,-7.7691141,110.3841776,7.316
1788427445.378346,3.190177174686459,3.190177174686459,0.0,True,True,1.7197752988819741,3.685175172863139,-7.7691152,110.3841291,7.323,-7.7691232,110.3841569,7.393
1788427445.5788136,3.2272937180185277,3.2272937180185277,0.0,True,True,1.7606345875153806,3.77274851579076,-7.7691237,110.3841083,7.394,-7.7691322,110.3841363,7.469
1788427445.784545,5.387521541983389,5.387521541983389,0.0,True,True,1.3393367107920098,2.8699789934679747,-7.7691322,110.3840874,7.466,-7.7691322,110.3841363,7.469
1788427445.9887815,3.2755526325392563,3.2755526325392563,0.0,True,True,1.4688284817115866,3.147470138357758,-7.7691322,110.3840874,7.466,-7.7691412,110.3841157,7.545
1788427446.1970246,3.3243742882874625,3.3243742882874625,0.0,True,True,1.5357837883996588,3.2909517993027437,-7.7691407,110.3840666,7.538,-7.7691502,110.3840952,7.621
1788427446.4069843,3.3670308438735153,3.3670308438735153,0.0,True,True,1.5628809238346701,3.3490212332312868,-7.7691492,110.3840457,7.61,-7.7691593,110.3840745,7.697
1788427446.6137223,3.423609241887623,3.423609241887623,0.0,True,True,1.5572395012846372,3.336935325389601,-7.7691577,110.3840249,7.682,-7.7691682,110.3840541,7.773
1788427446.8231988,5.51323183540355,5.51323183540355,0.0,True,True,1.1888360214364055,2.547501168545967,-7.7691662,110.3840041,7.754,-7.7691682,110.3840541,7.773
1788427447.0275702,5.53777613226488,5.53777613226488,0.0,True,True,0.9303980535671575,1.993706850185936,-7.7691747,110.3839833,7.826,-7.7691772,110.3840335,7.849
1788427447.2316208,3.5043298239275855,3.5043298239275855,0.0,True,True,1.0807299033138165,2.31584756729514,-7.7691747,110.3839833,7.826,-7.7691862,110.3840129,7.926
1788427447.4398093,3.5438210278715534,3.5438210278715534,0.0,True,True,1.1716588234814724,2.510695951798411,-7.7691832,110.3839624,7.898,-7.7691954,110.3839921,8.004
1788427447.6420302,3.5959818902703833,3.5959818902703833,0.0,True,True,1.2170675425007211,2.608000823725181,-7.7691917,110.3839415,7.97,-7.7692044,110.3839715,8.081
1788427447.8488646,3.648550545942873,3.648550545942873,0.0,True,True,1.2313439001189903,2.6385933435444993,-7.7692002,110.3839206,8.042,-7.7692134,110.3839509,8.158
1788427448.0591629,5.654271339941862,5.654271339941862,0.0,True,True,0.952786539847962,2.0416849225030993,-7.7692087,110.3838998,8.115,-7.7692134,110.3839509,8.158
1788427448.2591703,5.6937319471426004,5.6937319471426004,0.0,True,True,0.756690116866676,1.6214784504352784,-7.7692172,110.3838789,8.187,-7.7692225,110.3839303,8.234
1788427448.466389,3.7495248320653336,3.7495248320653336,0.0,True,True,0.8767729166953865,1.8787988555831479,-7.7692172,110.3838789,8.187,-7.7692315,110.3839097,8.312
1788427448.6690931,3.7933660290477698,3.7933660290477698,0.0,True,True,0.9490722573169765,2.0337260933690824,-7.7692257,110.3838582,8.26,-7.7692405,110.3838892,8.388
1788427448.8777907,3.8524761637632916,3.8524761637632916,0.0,True,True,0.9840064132921867,2.1085850527318515,-7.7692341,110.3838374,8.333,-7.7692495,110.3838687,8.465
1788427449.092788,3.887483258635483,3.887483258635483,0.0,True,True,0.9996016768147583,2.142003511322841,-7.7692426,110.3838167,8.405,-7.7692585,110.3838481,8.542
1788427449.2949204,5.820929758736641,5.820929758736641,0.0,True,True,0.7822705014562388,1.6762938729053283,-7.7692511,110.3837958,8.477,-7.7692585,110.3838481,8.542
1788427449.4953737,5.8508891484754075,5.8508891484754075,0.0,True,True,0.6296658989511259,1.3492840269730089,-7.7692596,110.3837749,8.55,-7.7692675,110.3838274,8.62
1788427449.696762,3.964312402745243,3.964312402745243,0.0,True,True,0.7318391288231143,1.5682266762217945,-7.7692596,110.3837749,8.55,-7.7692766,110.3838065,8.697
1788427449.8981607,4.025566559949553,4.025566559949553,0.0,True,True,0.7903060472966401,1.6935129391238786,-7.7692681,110.383754,8.623,-7.7692857,110.3837859,8.775
1788427450.0996833,4.085815387780463,4.085815387780463,0.0,True,True,0.818827112900128,1.7546295143210253,-7.7692767,110.3837329,8.696,-7.7692947,110.3837652,8.851
1788427450.3016746,5.965159925888404,5.965159925888404,0.0,True,True,0.6494158330229176,1.3916053468591614,-7.7692853,110.3837119,8.768,-7.7692947,110.3837652,8.851
1788427450.5022511,6.009757410358674,6.009757410358674,0.0,True,True,0.5298995250145091,1.1354989752412707,-7.7692938,110.3836909,8.841,-7.7693038,110.3837445,8.929
1788427450.7035131,4.204306996295164,4.204306996295164,0.0,True,True,0.6126507877550461,1.3128231119671219,-7.7692938,110.3836909,8.841,-7.7693129,110.3837238,9.005
1788427450.9165318,4.261198748420686,4.261198748420686,0.0,True,True,0.6611506222235491,1.416751330167765,-7.7693024,110.3836699,8.914,-7.769322,110.3837031,9.083
1788427451.1203277,4.3182753806090135,4.3182753806090135,0.0,True,True,0.6857551467969364,1.4694753123893913,-7.7693109,110.3836489,8.987,-7.769331,110.3836824,9.16
1788427451.3205707,4.356911267157174,4.356911267157174,0.0,True,True,0.6968608269997036,1.4932731992147847,-7.7693195,110.3836279,9.059,-7.7693401,110.3836615,9.238
1788427451.523687,6.165052132162332,6.165052132162332,0.0,True,True,0.556246464701617,1.1919567089872474,-7.769328,110.3836069,9.132,-7.7693401,110.3836615,9.238
1788427451.7244673,4.4078142639007964,4.4078142639007964,0.0,True,True,0.5980404533294231,1.281515256394843,-7.769328,110.3836069,9.132,-7.7693493,110.3836406,9.316
1788427451.925956,4.465791626934534,4.465791626934534,0.0,True,True,0.6190455781390127,1.3265262383620655,-7.7693366,110.3835859,9.205,-7.7693584,110.3836199,9.393
1788427452.1271417,4.523996815076577,4.523996815076577,0.0,True,True,0.6257731666951191,1.3409424997114103,-7.7693451,110.3835649,9.278,-7.7693674,110.3835992,9.471
1788427452.3297956,4.582381096950895,4.582381096950895,0.0,True,True,0.6228452483736078,1.3346683891304127,-7.7693537,110.3835439,9.35,-7.7693765,110.3835785,9.548
1788427452.5394986,6.319268877817929,6.319268877817929,0.0,True,True,0.49904226453761447,1.0693762809758594,-7.7693622,110.383523,9.423,-7.7693765,110.3835785,9.548
1788427452.7398267,4.628895484633416,4.628895484633416,0.0,True,True,0.528027384243317,1.1314872518299468,-7.7693622,110.383523,9.423,-7.7693856,110.3835577,9.625
1788427452.9465237,4.696767347519881,4.696767347519881,0.0,True,True,0.5403861127253518,1.1579702414718962,-7.7693707,110.3835021,9.496,-7.7693946,110.3835372,9.702
1788427453.151822,4.755736757344435,4.755736757344435,0.0,True,True,0.5424464021654206,1.1623851474404754,-7.7693792,110.3834812,9.568,-7.7694036,110.3835166,9.779
1788427453.3701959,4.814813262764029,4.814813262764029,0.0,True,True,0.5375829770973592,1.1519635223121638,-7.7693877,110.3834603,9.641,-7.7694126,110.383496,9.856
1788427453.5718055,4.85375513243502,4.85375513243502,0.0,True,True,0.5301682899820104,1.1360749070771223,-7.7693963,110.3834393,9.714,-7.7694218,110.383475,9.935
1788427453.7734964,6.517754067018643,6.517754067018643,0.0,True,True,0.42812220397088185,0.9174047227748119,-7.7694048,110.3834184,9.787,-7.7694218,110.383475,9.935
1788427453.9750078,4.904378086754785,4.904378086754785,0.0,True,True,0.4483268202763675,0.9607003291500636,-7.7694048,110.3834184,9.787,-7.7694308,110.3834543,10.012
1788427454.1850708,4.9707111060461004,4.9707111060461004,0.0,True,True,0.4563276360982939,0.9778449344870281,-7.7694133,110.3833974,9.86,-7.7694399,110.3834336,10.09
1788427454.39102,5.019656086606566,5.019656086606566,0.0,True,True,0.4575696507892011,0.9805063945418783,-7.7694218,110.3833766,9.933,-7.769449,110.3834129,10.167
1788427454.592097,5.0709929266463565,5.0709929266463565,0.0,True,True,0.4540446733670937,0.9729528714964921,-7.7694303,110.3833557,10.006,-7.769458,110.3833922,10.244
1788427454.7944717,6.673164109940307,6.673164109940307,0.0,True,True,0.3706535321852231,0.7942575689650743,-7.7694389,110.3833348,10.078,-7.769458,110.3833922,10.244
1788427454.9942813,6.726077892978887,6.726077892978887,0.0,True,True,0.3116146843763998,0.6677457522327519,-7.7694474,110.3833138,10.15,-7.7694671,110.3833715,10.322
1788427455.1973715,5.189879678910767,5.189879678910767,0.0,True,True,0.34172981917825807,0.7322781839518183,-7.7694474,110.3833138,10.15,-7.7694762,110.3833508,10.399
1788427455.405699,5.233162215887765,5.233162215887765,0.0,True,True,0.35986915250206386,0.7711481839319181,-7.7694559,110.3832929,10.223,-7.7694852,110.38333,10.476
1788427455.6064403,5.292290618782289,5.292290618782289,0.0,True,True,0.3684168793587101,0.7894647414822157,-7.7694645,110.3832719,10.296,-7.7694944,110.3833092,10.554
1788427455.8096726,6.852261158116155,6.852261158116155,0.0,True,True,0.3065972525506017,0.6569941126078893,-7.769473,110.3832509,10.369,-7.7694944,110.3833092,10.554
1788427456.0103052,6.871874894692737,6.871874894692737,0.0,True,True,0.2634600258922325,0.5645571983400997,-7.7694816,110.3832299,10.442,-7.7695035,110.3832882,10.631
1788427456.2107036,5.395698693936152,5.395698693936152,0.0,True,True,0.29331807176879493,0.6285387252185841,-7.7694816,110.3832299,10.442,-7.7695126,110.3832675,10.708
1788427456.4193249,5.46531763982169,5.46531763982169,0.0,True,True,0.31021323786971,0.6647426525777733,-7.7694902,110.3832088,10.515,-7.7695217,110.3832468,10.786
1788427456.6230502,5.526508277827711,5.526508277827711,0.0,True,True,0.3184898500499854,0.6824782501069911,-7.7694987,110.3831878,10.588,-7.7695307,110.3832261,10.863
1788427456.8236115,5.587780382126236,5.587780382126236,0.0,True,True,0.32080656975637806,0.6874426494778705,-7.7695073,110.3831669,10.661,-7.7695398,110.3832055,10.94
1788427457.0240645,7.090952850793077,7.090952850793077,0.0,True,True,0.2680305352410367,0.574351146945017,-7.7695158,110.3831459,10.734,-7.7695398,110.3832055,10.94
1788427457.232238,5.649131304420947,5.649131304420947,0.0,True,True,0.28194535115780106,0.6041686096238178,-7.7695158,110.3831459,10.734,-7.7695488,110.3831848,11.017
1788427457.4399395,5.7095511859934645,5.7095511859934645,0.0,True,True,0.28859211743111496,0.6184116802095043,-7.7695243,110.383125,10.806,-7.7695579,110.3831641,11.094
1788427457.6415837,5.7545520356118205,5.7545520356118205,0.0,True,True,0.2910023111292466,0.6235763809912233,-7.7695329,110.383104,10.88,-7.769567,110.3831432,11.172
1788427457.8498626,5.822847567515846,5.822847567515846,0.0,True,True,0.2893722738199276,0.6200834438998312,-7.7695414,110.3830829,10.953,-7.7695762,110.3831223,11.251
1788427458.051287,7.267777465905507,7.267777465905507,0.0,True,True,0.24260512222377603,0.5198681190509388,-7.76955,110.3830619,11.026,-7.7695762,110.3831223,11.251
1788427458.2523508,7.326149288847188,7.326149288847188,0.0,True,True,0.20928936083878405,0.44847720179738665,-7.7695586,110.3830409,11.099,-7.7695852,110.3831017,11.329
1788427458.453181,5.948136237215633,5.948136237215633,0.0,True,True,0.22610847255723746,0.48451815547978894,-7.7695586,110.3830409,11.099,-7.7695942,110.3830811,11.406
1788427458.65674,6.009985493213854,6.009985493213854,0.0,True,True,0.23545397376436542,0.5045442294950655,-7.7695671,110.38302,11.172,-7.7696032,110.3830605,11.483
1788427458.863055,6.078744709184044,6.078744709184044,0.0,True,True,0.23926435037024404,0.5127093222219496,-7.7695755,110.3829991,11.245,-7.7696123,110.3830398,11.561
1788427459.0651777,7.474739534841332,7.474739534841332,0.0,True,True,0.20418783117907613,0.43754535252659044,-7.769584,110.3829783,11.318,-7.7696123,110.3830398,11.561
1788427459.2659943,7.538291493445071,7.538291493445071,0.0,True,True,0.17899526472437322,0.383561281552227,-7.7695925,110.3829574,11.391,-7.7696213,110.3830193,11.638
1788427459.4672844,6.194812194211346,6.194812194211346,0.0,True,True,0.19494290873514997,0.4177348044324633,-7.7695925,110.3829574,11.391,-7.7696303,110.3829986,11.715
1788427459.675673,6.256579250090828,6.256579250090828,0.0,True,True,0.20411349460718198,0.43738605987253176,-7.769601,110.3829365,11.463,-7.7696394,110.3829779,11.792
1788427459.8772137,6.294647061824544,6.294647061824544,0.0,True,True,0.20929002533524943,0.4484786257183907,-7.7696096,110.3829155,11.536,-7.7696486,110.3829568,11.871
1788427460.0785651,6.356891341761468,6.356891341761468,0.0,True,True,0.2108621052302304,0.4518473683504931,-7.7696181,110.3828945,11.609,-7.7696577,110.382936,11.949
1788427460.2869565,7.70507832595304,7.70507832595304,0.0,True,True,0.18075455798702203,0.3873311956864753,-7.7696267,110.3828735,11.683,-7.7696577,110.382936,11.949
1788427460.4899108,6.419359038261739,6.419359038261739,0.0,True,True,0.1887569872150667,0.4044792583180003,-7.7696267,110.3828735,11.683,-7.7696668,110.3829153,12.026
1788427460.6943047,6.489727906236367,6.489727906236367,0.0,True,True,0.1922553581456837,0.41197576745503667,-7.7696352,110.3828525,11.756,-7.7696759,110.3828946,12.104
1788427460.8985403,6.536666742649096,6.536666742649096,0.0,True,True,0.1933350002158804,0.4142892861768868,-7.7696438,110.3828316,11.829,-7.769685,110.3828738,12.181
1788427461.0994751,6.60730687978934,6.60730687978934,0.0,True,True,0.1920774481889213,0.4115945318334033,-7.7696523,110.3828106,11.901,-7.769694,110.3828532,12.259
1788427461.3013914,7.920022807476633,7.920022807476633,0.0,True,True,0.16464134684357234,0.3528028860933691,-7.7696609,110.3827896,11.974,-7.769694,110.3828532,12.259
1788427461.5025208,6.669984363164468,6.669984363164468,0.0,True,True,0.17017047001182656,0.36465100716819915,-7.7696609,110.3827896,11.974,-7.7697031,110.3828325,12.335
1788427461.7071147,6.7251151392435755,6.7251151392435755,0.0,True,True,0.17262127959412482,0.36990274198741074,-7.7696694,110.3827687,12.046,-7.7697122,110.3828117,12.412
1788427461.9117265,6.7725661562954915,6.7725661562954915,0.0,True,True,0.17313835135845212,0.3710107529109683,-7.769678,110.3827477,12.118,-7.7697213,110.3827908,12.489
1788427462.1131058,6.820106667883834,6.820106667883834,0.0,True,True,0.17232228156015458,0.36926203191461704,-7.7696866,110.3827267,12.192,-7.7697304,110.3827699,12.567
1788427462.3153427,8.09494168435151,8.09494168435151,0.0,True,True,0.1487155095485866,0.31867609188982826,-7.7696951,110.3827057,12.265,-7.7697304,110.3827699,12.567
1788427462.5162063,8.151032817391824,8.151032817391824,0.0,True,True,0.13185289883742607,0.28254192608019824,-7.7697037,110.3826846,12.338,-7.7697395,110.3827491,12.645
1788427462.7172222,6.9618348128592205,6.9618348128592205,0.0,True,True,0.13984373751987553,0.2996651518283047,-7.7697037,110.3826846,12.338,-7.7697486,110.3827285,12.722
1788427462.920221,7.024960692698474,7.024960692698474,0.0,True,True,0.14416735763363256,0.3089300520720698,-7.7697122,110.3826636,12.411,-7.7697576,110.3827078,12.8
1788427463.1221077,7.080446437137818,7.080446437137818,0.0,True,True,0.1460578925323518,0.31298119828361054,-7.7697208,110.3826427,12.484,-7.7697667,110.3826871,12.877
1788427463.3937194,7.143650767143241,7.143650767143241,0.0,True,True,0.14609863930691716,0.31306851280053705,-7.7697293,110.3826218,12.557,-7.7697757,110.3826665,12.955
1788427463.5972972,7.214879328187047,7.214879328187047,0.0,True,True,0.14471988299022687,0.3101140349790574,-7.7697377,110.382601,12.63,-7.7697847,110.382646,13.032
1788427463.8036346,8.425546476248282,8.425546476248282,0.0,True,True,0.12589980086104688,0.2697852875593863,-7.7697462,110.3825802,12.703,-7.7697847,110.382646,13.032
1788427464.004018,8.47680712037935,8.47680712037935,0.0,True,True,0.11247320054859898,0.24101400117556893,-7.7697548,110.3825592,12.776,-7.7697937,110.3826253,13.11
1788427464.2172987,7.326996628172206,7.326996628172206,0.0,True,True,0.11886584183150645,0.2547125182103709,-7.7697548,110.3825592,12.776,-7.7698029,110.3826045,13.188
1788427464.4186995,7.382903904122856,7.382903904122856,0.0,True,True,0.12244727674335946,0.262387021592913,-7.7697633,110.3825383,12.849,-7.7698119,110.3825838,13.266
1788427464.6269557,7.461898955385606,7.461898955385606,0.0,True,True,0.12363701068189989,0.26493645146121425,-7.7697718,110.3825172,12.922,-7.769821,110.3825631,13.343
1788427464.8304331,7.517794248848065,7.517794248848065,0.0,True,True,0.12355930165887119,0.2647699321261528,-7.7697803,110.3824963,12.996,-7.76983,110.3825424,13.42
1788427465.0313818,8.69836432470869,8.69836432470869,0.0,True,True,0.10862146768916148,0.23276028790534595,-7.7697889,110.3824753,13.068,-7.76983,110.3825424,13.42
1788427465.2391691,7.573920180965498,7.573920180965498,0.0,True,True,0.11207956104387684,0.2401704879511645,-7.7697889,110.3824753,13.068,-7.7698391,110.3825216,13.498
1788427465.4466076,7.636665865431941,7.636665865431941,0.0,True,True,0.11356622229372927,0.2433561906294195,-7.7697975,110.3824543,13.141,-7.7698481,110.382501,13.576
1788427465.6569328,7.7082879995928835,7.7082879995928835,0.0,True,True,0.11354500442361792,0.24331072376489557,-7.769806,110.3824333,13.215,-7.7698572,110.3824803,13.653
1788427465.8700342,7.7653360420919055,7.7653360420919055,0.0,True,True,0.11270685709101845,0.24151469376646817,-7.7698145,110.3824124,13.287,-7.7698663,110.3824595,13.73
1788427466.0702171,7.815293435916988,7.815293435916988,0.0,True,True,0.11141696623469016,0.2387506419314792,-7.7698231,110.3823913,13.36,-7.7698755,110.3824384,13.809
1788427466.2735195,8.952897568196505,8.952897568196505,0.0,True,True,0.09803004665300505,0.21006438568501132,-7.7698317,110.3823703,13.433,-7.7698755,110.3824384,13.809
1788427466.482363,7.8716307641822505,7.8716307641822505,0.0,True,True,0.10031829722664871,0.2149677797713901,-7.7698317,110.3823703,13.433,-7.7698846,110.3824176,13.886
1788427466.6897953,7.935355440020192,7.935355440020192,0.0,True,True,0.10110279755851866,0.21664885191111166,-7.7698403,110.3823492,13.506,-7.7698937,110.3823968,13.964
1788427466.8912983,8.000118763917703,8.000118763917703,0.0,True,True,0.10083166500786038,19.999999999999993,-7.7698488,110.3823283,13.579,-7.7699028,110.3823761,14.041
1788427467.0928044,8.063902744908033,8.063902744908033,0.0,True,True,0.09985652194187689,20.00000000000001,-7.7698574,110.3823073,13.652,-7.7699119,110.3823554,14.119
1788427467.2937624,9.180212223712818,9.180212223712818,0.0,True,True,19.999999999999975,19.999999999999982,-7.7698659,110.3822863,13.725,-7.7699119,110.3823554,14.119
1788427467.4970982,8.127645954293266,8.127645954293266,0.0,True,True,20.0,20.000000000000018,-7.7698659,110.3822863,13.725,-7.7699209,110.3823347,14.196
1788427467.6975927,8.207057706086253,8.207057706086253,0.0,True,True,20.0,19.999999999999993,-7.7698744,110.3822653,13.797,-7.76993,110.3823141,14.273
1788427467.9073763,8.26484170372514,8.26484170372514,0.0,True,True,20.000000000000014,20.00000000000002,-7.7698829,110.3822444,13.87,-7.7699391,110.3822933,14.35
1788427468.1141493,8.321556862795841,8.321556862795841,0.0,True,True,20.000000000000018,20.000000000000007,-7.7698915,110.3822235,13.943,-7.7699482,110.3822726,14.428
1788427468.315915,9.409719906664998,9.409719906664998,0.0,True,True,20.00000000000002,20.000000000000004,-7.7699,110.3822025,14.016,-7.7699482,110.3822726,14.428
1788427468.5174892,9.441761336412085,9.441761336412085,0.0,True,True,19.999999999999982,19.99999999999998,-7.7699086,110.3821815,14.089,-7.7699573,110.3822516,14.507
1788427468.732633,8.436473109191812,8.436473109191812,0.0,True,True,20.00000000000003,19.999999999999986,-7.7699086,110.3821815,14.089,-7.7699664,110.3822309,14.584
1788427468.9466212,8.5075524704032,8.5075524704032,0.0,True,True,19.999999999999993,20.000000000000018,-7.7699171,110.3821605,14.162,-7.7699754,110.3822103,14.662
1788427469.1550472,8.564384102138975,8.564384102138975,0.0,True,True,19.999999999999993,20.0,-7.7699256,110.3821396,14.235,-7.7699844,110.3821896,14.739
1788427469.360928,8.621257811926812,8.621257811926812,0.0,True,True,19.999999999999982,20.00000000000001,-7.7699341,110.3821188,14.308,-7.7699934,110.382169,14.816
1788427469.5651314,9.658484142333583,9.658484142333583,0.0,True,True,20.000000000000007,20.000000000000018,-7.7699426,110.382098,14.381,-7.7699934,110.382169,14.816
1788427469.7719135,9.722207077198277,9.722207077198277,0.0,True,True,19.999999999999968,20.0,-7.769951,110.3820772,14.454,-7.7700025,110.3821484,14.894
1788427469.9883769,8.759350158012246,8.759350158012246,0.0,True,True,20.0,19.999999999999993,-7.769951,110.3820772,14.454,-7.7700115,110.3821279,14.972
1788427470.2029622,8.802417328641322,8.802417328641322,0.0,True,True,20.000000000000004,19.999999999999975,-7.7699595,110.3820564,14.527,-7.7700205,110.3821071,15.05
1788427470.405229,8.868143763768881,8.868143763768881,0.0,True,True,19.99999999999999,19.999999999999986,-7.7699681,110.3820354,14.6,-7.7700297,110.3820863,15.128
1788427470.6062877,8.93388242498438,8.93388242498438,0.0,True,True,19.999999999999993,19.99999999999999,-7.7699766,110.3820144,14.673,-7.7700388,110.3820655,15.205
1788427470.8090358,9.941421914994574,9.941421914994574,0.0,True,True,19.999999999999986,19.999999999999996,-7.7699852,110.3819934,14.747,-7.7700388,110.3820655,15.205
1788427471.0097537,10.00353497931022,10.00353497931022,0.0,True,True,20.000000000000018,19.999999999999993,-7.7699938,110.3819723,14.82,-7.7700478,110.3820448,15.283
1788427471.2171543,9.060434572979572,9.060434572979572,0.0,True,True,19.999999999999993,19.999999999999975,-7.7699938,110.3819723,14.82,-7.7700569,110.3820241,15.36
1788427471.4191544,9.119339912183863,9.119339912183863,0.0,True,True,19.999999999999986,19.999999999999993,-7.7700023,110.3819513,14.893,-7.770066,110.3820032,15.437
1788427471.6199198,9.181759936755494,9.181759936755494,0.0,True,True,20.000000000000018,19.99999999999998,-7.7700109,110.3819303,14.966,-7.770075,110.3819826,15.514
1788427471.8341565,9.252873698081505,9.252873698081505,0.0,True,True,19.999999999999996,20.00000000000001,-7.7700195,110.3819092,15.039,-7.7700841,110.3819619,15.592
1788427472.036708,10.241886198070599,10.241886198070599,0.0,True,True,20.00000000000001,20.000000000000018,-7.770028,110.3818883,15.112,-7.7700841,110.3819619,15.592
1788427472.2396173,9.31193948911362,9.31193948911362,0.0,True,True,20.00000000000002,20.0,-7.770028,110.3818883,15.112,-7.7700932,110.3819411,15.67
1788427472.4400468,9.37112359595666,9.37112359595666,0.0,True,True,19.999999999999986,19.999999999999982,-7.7700366,110.3818672,15.185,-7.7701024,110.3819201,15.748
1788427472.640591,9.437249621030512,9.437249621030512,0.0,True,True,19.999999999999993,20.00000000000001,-7.7700451,110.3818462,15.258,-7.7701115,110.3818993,15.826
1788427472.8423529,9.50154115558219,9.50154115558219,0.0,True,True,20.000000000000007,20.00000000000001,-7.7700537,110.3818252,15.331,-7.7701206,110.3818786,15.904
1788427473.0458121,10.469438339010747,10.469438339010747,0.0,True,True,19.99999999999999,19.999999999999982,-7.7700622,110.3818042,15.404,-7.7701206,110.3818786,15.904
1788427473.2457914,9.572598241962138,9.572598241962138,0.0,True,True,20.00000000000003,19.99999999999998,-7.7700622,110.3818042,15.404,-7.7701296,110.381858,15.981
1788427473.4598608,9.623224143823494,9.623224143823494,0.0,True,True,20.0,19.999999999999982,-7.7700708,110.3817833,15.477,-7.7701387,110.3818372,16.058
1788427473.6685266,9.694341145147863,9.694341145147863,0.0,True,True,20.000000000000007,19.999999999999996,-7.7700793,110.3817623,15.55,-7.7701477,110.3818166,16.136
1788427473.8701375,9.75866293453646,9.75866293453646,0.0,True,True,19.99999999999998,19.99999999999998,-7.7700878,110.3817414,15.622,-7.7701567,110.381796,16.213
1788427474.0705705,9.831729836631256,9.831729836631256,0.0,True,True,19.999999999999993,19.999999999999975,-7.7700963,110.3817205,15.695,-7.7701658,110.3817754,16.291
1788427474.273632,10.764420709092468,10.764420709092468,0.0,True,True,20.0,20.000000000000004,-7.7701049,110.3816996,15.768,-7.7701658,110.3817754,16.291
1788427474.488368,9.880555238259584,9.880555238259584,0.0,True,True,19.999999999999975,20.000000000000025,-7.7701049,110.3816996,15.768,-7.7701748,110.3817547,16.369
1788427474.690167,9.948935664030572,9.948935664030572,0.0,True,True,20.000000000000014,20.00000000000002,-7.7701134,110.3816786,15.841,-7.770184,110.3817338,16.447
1788427474.892499,10.008670651185366,10.008670651185366,0.0,True,True,19.999999999999996,20.00000000000002,-7.7701219,110.3816577,15.914,-7.7701931,110.381713,16.525
1788427475.0991483,10.06632035905154,10.06632035905154,0.0,True,True,19.99999999999999,19.999999999999996,-7.7701304,110.3816368,15.988,-7.7702021,110.3816923,16.603
1788427475.300476,10.978642540152274,10.978642540152274,0.0,True,True,19.999999999999996,20.000000000000025,-7.7701389,110.3816159,16.061,-7.7702021,110.3816923,16.603
1788427475.5006685,11.038502331575472,11.038502331575472,0.0,True,True,20.000000000000025,19.99999999999999,-7.7701474,110.381595,16.134,-7.7702112,110.3816716,16.68
1788427475.7042034,10.190529751090535,10.190529751090535,0.0,True,True,20.000000000000014,20.0,-7.7701474,110.381595,16.134,-7.7702202,110.3816509,16.757
1788427475.911483,10.248390994733688,10.248390994733688,0.0,True,True,20.000000000000014,19.99999999999998,-7.770156,110.381574,16.206,-7.7702293,110.3816301,16.835
1788427476.1266367,10.315010879610181,10.315010879610181,0.0,True,True,20.00000000000001,20.000000000000007,-7.7701645,110.3815531,16.279,-7.7702384,110.3816094,16.912
1788427476.3271651,10.372932740794756,10.372932740794756,0.0,True,True,19.99999999999997,20.000000000000018,-7.7701731,110.3815321,16.351,-7.7702475,110.3815886,16.99
1788427476.5297093,11.2659113920299,11.2659113920299,0.0,True,True,19.99999999999998,20.000000000000032,-7.7701816,110.3815111,16.425,-7.7702475,110.3815886,16.99
1788427476.7315269,10.435362247311527,10.435362247311527,0.0,True,True,20.000000000000014,20.000000000000007,-7.7701816,110.3815111,16.425,-7.7702567,110.3815676,17.068
1788427476.9390352,10.499756300408352,10.499756300408352,0.0,True,True,20.000000000000007,20.000000000000025,-7.7701902,110.3814901,16.499,-7.7702658,110.3815469,17.145
1788427477.1476939,10.561881607949017,10.561881607949017,0.0,True,True,19.999999999999993,19.999999999999993,-7.7701988,110.381469,16.572,-7.7702748,110.3815262,17.222
1788427477.350135,10.628680241012326,10.628680241012326,0.0,True,True,19.999999999999975,20.0,-7.7702073,110.3814481,16.645,-7.7702839,110.3815055,17.299
1788427477.5576735,11.501617592210454,11.501617592210454,0.0,True,True,20.000000000000007,20.000000000000004,-7.7702158,110.3814271,16.718,-7.7702839,110.3815055,17.299
1788427477.759307,11.55505440858674,11.55505440858674,0.0,True,True,19.99999999999997,19.999999999999982,-7.7702244,110.3814061,16.791,-7.770293,110.3814847,17.377
1788427477.9667013,10.764230194071452,10.764230194071452,0.0,True,True,20.000000000000025,20.000000000000025,-7.7702244,110.3814061,16.791,-7.770302,110.3814642,17.454
1788427478.1763873,10.828762634480464,10.828762634480464,0.0,True,True,19.999999999999993,19.999999999999993,-7.7702329,110.3813851,16.864,-7.770311,110.3814435,17.532
1788427478.3775368,10.889165928790472,10.889165928790472,0.0,True,True,19.999999999999982,19.999999999999986,-7.7702414,110.3813642,16.936,-7.7703201,110.3814227,17.609
1788427478.578676,10.943163372336068,10.943163372336068,0.0,True,True,20.000000000000004,20.000000000000018,-7.77025,110.3813432,17.01,-7.7703293,110.3814017,17.688
1788427478.7936003,11.792410453829662,11.792410453829662,0.0,True,True,20.000000000000025,19.999999999999993,-7.7702585,110.3813222,17.083,-7.7703293,110.3814017,17.688
1788427479.0024586,11.023188348198431,11.023188348198431,0.0,True,True,20.00000000000002,20.000000000000014,-7.7702585,110.3813222,17.083,-7.7703384,110.3813811,17.766
1788427479.2031708,11.09179065568179,11.09179065568179,0.0,True,True,19.99999999999998,20.000000000000014,-7.7702671,110.3813011,17.156,-7.7703474,110.3813605,17.844
1788427479.4136305,11.156236004899,11.156236004899,0.0,True,True,20.0,19.999999999999986,-7.7702756,110.3812802,17.23,-7.7703564,110.3813399,17.921
1788427479.6200101,11.214259650114641,11.214259650114641,0.0,True,True,19.999999999999996,19.999999999999982,-7.7702841,110.3812594,17.303,-7.7703654,110.3813193,17.998
1788427479.8207083,11.27236538598258,11.27236538598258,0.0,True,True,20.0,19.99999999999999,-7.7702926,110.3812385,17.376,-7.7703744,110.3812986,18.076
1788427480.023818,12.102254753838917,12.102254753838917,0.0,True,True,19.999999999999996,19.999999999999982,-7.7703011,110.3812176,17.449,-7.7703744,110.3812986,18.076
1788427480.2313797,11.345870037292686,11.345870037292686,0.0,True,True,19.999999999999996,20.000000000000014,-7.7703011,110.3812176,17.449,-7.7703835,110.381278,18.153
1788427480.4421089,11.397627446567913,11.397627446567913,0.0,True,True,19.999999999999993,19.999999999999993,-7.7703096,110.3811968,17.521,-7.7703925,110.3812573,18.231
1788427480.646871,11.45838043351254,11.45838043351254,0.0,True,True,19.999999999999986,20.00000000000001,-7.7703182,110.3811758,17.594,-7.7704017,110.3812364,18.309
1788427480.8493037,11.512819396448284,11.512819396448284,0.0,True,True,20.00000000000002,20.00000000000003,-7.7703267,110.3811548,17.667,-7.7704108,110.3812154,18.387
1788427481.060398,12.317489058492002,12.317489058492002,0.0,True,True,19.999999999999996,20.0,-7.7703353,110.3811338,17.741,-7.7704108,110.3812154,18.387
1788427481.2609782,12.387374998651374,12.387374998651374,0.0,True,True,19.99999999999997,19.999999999999982,-7.7703438,110.3811128,17.814,-7.7704199,110.3811947,18.465
1788427481.4676862,11.651019821970134,11.651019821970134,0.0,True,True,19.999999999999982,20.000000000000007,-7.7703438,110.3811128,17.814,-7.770429,110.381174,18.542
1788427481.6753724,11.715669290597532,11.715669290597532,0.0,True,True,20.00000000000002,19.99999999999998,-7.7703524,110.3810918,17.887,-7.7704381,110.3811533,18.62
1788427481.8776155,11.77121301707953,11.77121301707953,0.0,True,True,20.000000000000018,19.999999999999982,-7.770361,110.3810708,17.96,-7.7704471,110.3811326,18.697
1788427482.0852203,11.838552482117835,11.838552482117835,0.0,True,True,19.999999999999982,20.000000000000014,-7.7703695,110.3810498,18.033,-7.7704562,110.3811118,18.775
1788427482.2937675,12.628497253715421,12.628497253715421,0.0,True,True,19.999999999999982,19.999999999999996,-7.770378,110.3810289,18.105,-7.7704562,110.3811118,18.775
1788427482.502546,11.905865117358394,11.905865117358394,0.0,True,True,19.999999999999996,20.000000000000025,-7.770378,110.3810289,18.105,-7.7704653,110.3810911,18.851
1788427482.7120261,11.964263115179843,11.964263115179843,0.0,True,True,20.000000000000007,20.000000000000007,-7.7703866,110.3810079,18.177,-7.7704744,110.3810703,18.929
1788427482.9193559,12.019080244325854,12.019080244325854,0.0,True,True,20.00000000000002,19.999999999999996,-7.7703952,110.3809869,18.25,-7.7704836,110.3810493,19.007
1788427483.120163,12.0865162258404,12.0865162258404,0.0,True,True,20.000000000000007,20.00000000000001,-7.7704037,110.3809659,18.323,-7.7704927,110.3810285,19.084
1788427483.3213847,12.160260798801708,12.160260798801708,0.0,True,True,19.999999999999996,19.999999999999996,-7.7704122,110.3809449,18.397,-7.7705018,110.3810078,19.162
1788427483.5228605,12.924591729466757,12.924591729466757,0.0,True,True,19.999999999999982,20.00000000000001,-7.7704208,110.3809239,18.47,-7.7705018,110.3810078,19.162
1788427483.7260468,12.215789792524633,12.215789792524633,0.0,True,True,19.999999999999975,19.999999999999993,-7.7704208,110.3809239,18.47,-7.7705108,110.3809871,19.239
1788427483.9324927,12.289605622372832,12.289605622372832,0.0,True,True,19.999999999999986,19.999999999999993,-7.7704293,110.3809029,18.543,-7.7705199,110.3809664,19.317
1788427484.1423254,12.354249115098174,12.354249115098174,0.0,True,True,20.0,20.00000000000001,-7.7704378,110.380882,18.616,-7.7705289,110.3809458,19.394
1788427484.3492815,12.41883134795818,12.41883134795818,0.0,True,True,20.000000000000007,20.000000000000007,-7.7704463,110.3808612,18.69,-7.7705379,110.3809253,19.471
1788427484.5577455,13.167333907534747,13.167333907534747,0.0,True,True,20.000000000000004,19.99999999999998,-7.7704548,110.3808404,18.762,-7.7705379,110.3809253,19.471
1788427484.7601035,13.23792783829744,13.23792783829744,0.0,True,True,20.0,19.99999999999998,-7.7704633,110.3808194,18.835,-7.7705469,110.3809047,19.549
1788427484.973852,12.538772017344309,12.538772017344309,0.0,True,True,19.999999999999993,20.000000000000025,-7.7704633,110.3808194,18.835,-7.770556,110.3808838,19.628
1788427485.17718,12.60635500475603,12.60635500475603,0.0,True,True,20.000000000000014,20.000000000000018,-7.7704718,110.3807985,18.908,-7.7705651,110.3808631,19.705
1788427485.3779452,12.66809676148864,12.66809676148864,0.0,True,True,19.99999999999997,19.99999999999998,-7.7704804,110.3807775,18.982,-7.7705741,110.3808425,19.783
1788427485.5857518,12.729848285198608,12.729848285198608,0.0,True,True,20.000000000000007,19.99999999999997,-7.770489,110.3807565,19.055,-7.7705831,110.3808219,19.86
1788427485.7937033,13.473520666705436,13.473520666705436,0.0,True,True,19.99999999999998,19.999999999999986,-7.7704975,110.3807356,19.128,-7.7705831,110.3808219,19.86
1788427485.9945393,12.79749047442563,12.79749047442563,0.0,True,True,20.000000000000004,19.999999999999993,-7.7704975,110.3807356,19.128,-7.7705922,110.3808012,19.938
1788427486.205224,12.862157784832132,12.862157784832132,0.0,True,True,20.0,20.0,-7.7705061,110.3807146,19.201,-7.7706013,110.3807805,20.015
1788427486.4190698,12.926826461947407,12.926826461947407,0.0,True,True,19.999999999999982,19.999999999999986,-7.7705146,110.3806936,19.274,-7.7706103,110.3807598,20.092
1788427486.627221,12.988311902574857,12.988311902574857,0.0,True,True,20.000000000000014,20.00000000000002,-7.7705231,110.3806726,19.347,-7.7706194,110.3807389,20.17
1788427486.8282924,13.056039314444382,13.056039314444382,0.0,True,True,20.0,20.000000000000004,-7.7705317,110.3806516,19.42,-7.7706286,110.3807181,20.248
1788427487.0421402,13.780671836004224,13.780671836004224,0.0,True,True,20.00000000000001,20.000000000000004,-7.7705403,110.3806306,19.493,-7.7706286,110.3807181,20.248
1788427487.2520573,13.105316511243801,13.105316511243801,0.0,True,True,20.000000000000007,19.99999999999999,-7.7705403,110.3806306,19.493,-7.7706378,110.380697,20.326
1788427487.4560287,13.173140380833491,13.173140380833491,0.0,True,True,20.00000000000002,20.0,-7.7705488,110.3806096,19.566,-7.7706469,110.3806762,20.404
1788427487.662455,13.234841494277466,13.234841494277466,0.0,True,True,19.999999999999993,19.999999999999986,-7.7705574,110.3805885,19.639,-7.7706559,110.3806555,20.482
1788427487.863695,13.308810846546404,13.308810846546404,0.0,True,True,20.00000000000002,20.000000000000014,-7.7705659,110.3805675,19.711,-7.770665,110.3806348,20.559
1788427488.0715766,14.018140170314231,14.018140170314231,0.0,True,True,19.999999999999986,20.00000000000001,-7.7705745,110.3805465,19.784,-7.770665,110.3806348,20.559
1788427488.2729034,14.089210754835127,14.089210754835127,0.0,True,True,19.999999999999986,19.99999999999999,-7.770583,110.3805255,19.857,-7.7706741,110.3806141,20.636
1788427488.4753726,13.447493137629634,13.447493137629634,0.0,True,True,20.00000000000002,19.999999999999993,-7.770583,110.3805255,19.857,-7.7706832,110.3805934,20.714
1788427488.676757,13.506076323031841,13.506076323031841,0.0,True,True,20.000000000000018,19.999999999999993,-7.7705915,110.3805046,19.93,-7.7706922,110.3805727,20.791
1788427488.8779643,13.558626488073763,13.558626488073763,0.0,True,True,19.99999999999997,19.99999999999999,-7.7706001,110.3804837,20.003,-7.7707013,110.3805519,20.869
1788427489.0808792,13.620451370314715,13.620451370314715,0.0,True,True,19.99999999999998,20.000000000000007,-7.7706086,110.3804627,20.076,-7.7707104,110.380531,20.947
1788427489.2867408,14.320032829603885,14.320032829603885,0.0,True,True,19.999999999999993,19.99999999999999,-7.7706171,110.3804417,20.149,-7.7707104,110.380531,20.947
1788427489.494747,13.694481465071005,13.694481465071005,0.0,True,True,20.000000000000014,19.999999999999993,-7.7706171,110.3804417,20.149,-7.7707195,110.3805103,21.025
1788427489.6967115,13.74388106559067,13.74388106559067,0.0,True,True,20.000000000000004,19.999999999999993,-7.7706257,110.3804208,20.222,-7.7707285,110.3804896,21.102
1788427489.9053967,13.823994891060165,13.823994891060165,0.0,True,True,20.000000000000018,20.00000000000001,-7.7706342,110.3803998,20.295,-7.7707376,110.380469,21.18
1788427490.1061435,13.885907869220496,13.885907869220496,0.0,True,True,20.000000000000014,20.0,-7.7706427,110.380379,20.368,-7.7707467,110.3804483,21.258
1788427490.3086226,14.559249109596612,14.559249109596612,0.0,True,True,19.999999999999986,19.999999999999986,-7.7706512,110.3803582,20.441,-7.7707467,110.3804483,21.258
1788427490.509802,14.621961673859401,14.621961673859401,0.0,True,True,20.00000000000001,19.999999999999996,-7.7706597,110.3803373,20.514,-7.7707556,110.3804278,21.335
1788427490.7176855,14.006174936890204,14.006174936890204,0.0,True,True,19.999999999999982,19.999999999999993,-7.7706597,110.3803373,20.514,-7.7707646,110.3804072,21.413
1788427490.91871,14.077351940377334,14.077351940377334,0.0,True,True,19.99999999999998,20.0,-7.7706681,110.3803166,20.587,-7.7707737,110.3803866,21.49
1788427491.1198432,14.130163719892078,14.130163719892078,0.0,True,True,20.00000000000002,19.999999999999993,-7.7706767,110.3802956,20.66,-7.7707828,110.3803657,21.569
1788427491.3233356,14.192173459876468,14.192173459876468,0.0,True,True,20.000000000000014,19.99999999999999,-7.7706852,110.3802747,20.733,-7.7707919,110.3803449,21.646
1788427491.5242932,14.861833835596096,14.861833835596096,0.0,True,True,19.999999999999975,20.0,-7.7706938,110.3802536,20.807,-7.7707919,110.3803449,21.646
1788427491.7257807,14.26292731476007,14.26292731476007,0.0,True,True,20.0,20.000000000000007,-7.7706938,110.3802536,20.807,-7.770801,110.3803242,21.724
1788427491.926484,14.327674616821811,14.327674616821811,0.0,True,True,20.000000000000004,20.000000000000014,-7.7707024,110.3802326,20.88,-7.7708101,110.3803035,21.801
1788427492.1274447,14.395720997907114,14.395720997907114,0.0,True,True,19.999999999999982,20.000000000000007,-7.7707109,110.3802116,20.953,-7.7708192,110.3802827,21.878
1788427492.3290586,14.457170734932987,14.457170734932987,0.0,True,True,19.999999999999996,20.00000000000001,-7.7707195,110.3801905,21.026,-7.7708282,110.380262,21.955
1788427492.543528,15.115598992322909,15.115598992322909,0.0,True,True,20.0,19.999999999999996,-7.7707281,110.3801695,21.099,-7.7708282,110.380262,21.955
1788427492.7545066,14.521983817600322,14.521983817600322,0.0,True,True,20.00000000000002,20.000000000000014,-7.7707281,110.3801695,21.099,-7.7708373,110.3802413,22.033
1788427492.9630284,14.586861841004106,14.586861841004106,0.0,True,True,19.99999999999998,20.0,-7.7707366,110.3801485,21.171,-7.7708463,110.3802206,22.111
1788427493.1693144,14.639691663758537,14.639691663758537,0.0,True,True,19.99999999999999,20.000000000000004,-7.7707452,110.3801275,21.244,-7.7708554,110.3801997,22.189
1788427493.37089,14.717092394654623,14.717092394654623,0.0,True,True,20.00000000000002,20.000000000000014,-7.7707537,110.3801064,21.318,-7.7708646,110.3801788,22.267
1788427493.5716116,14.769986377784392,14.769986377784392,0.0,True,True,20.00000000000002,20.0,-7.7707623,110.3800855,21.391,-7.7708737,110.380158,22.345
1788427493.7736945,15.428461864340766,15.428461864340766,0.0,True,True,20.0,19.999999999999986,-7.7707708,110.3800644,21.464,-7.7708737,110.380158,22.345
1788427493.9740305,14.855992535129477,14.855992535129477,0.0,True,True,19.999999999999993,19.999999999999996,-7.7707708,110.3800644,21.464,-7.7708828,110.3801374,22.422
1788427494.176021,14.899573053380765,14.899573053380765,0.0,True,True,20.0,20.000000000000004,-7.7707794,110.3800435,21.537,-7.7708918,110.3801166,22.5
1788427494.378029,14.973664239156049,14.973664239156049,0.0,True,True,20.000000000000004,19.99999999999999,-7.7707879,110.3800226,21.61,-7.7709009,110.380096,22.577
1788427494.5921001,15.038491712675416,15.038491712675416,0.0,True,True,19.99999999999999,19.999999999999986,-7.7707964,110.3800016,21.683,-7.7709099,110.3800753,22.655
1788427494.7985196,15.67647964402109,15.67647964402109,0.0,True,True,19.99999999999999,19.999999999999996,-7.7708049,110.3799807,21.756,-7.7709099,110.3800753,22.655
1788427494.9998393,15.74015338624027,15.74015338624027,0.0,True,True,19.999999999999993,19.999999999999996,-7.7708135,110.3799598,21.828,-7.770919,110.3800547,22.732
1788427495.203637,15.162204825712472,15.162204825712472,0.0,True,True,20.0,20.00000000000001,-7.7708135,110.3799598,21.828,-7.770928,110.380034,22.81
1788427495.4189992,15.233863864659265,15.233863864659265,0.0,True,True,20.0,20.000000000000004,-7.770822,110.3799388,21.901,-7.7709372,110.3800131,22.888
1788427495.6206408,15.292717612911604,15.292717612911604,0.0,True,True,19.99999999999999,20.000000000000014,-7.7708305,110.3799179,21.975,-7.7709462,110.3799924,22.966
1788427495.8227634,15.918658552165674,15.918658552165674,0.0,True,True,20.000000000000007,19.999999999999996,-7.770839,110.379897,22.048,-7.7709462,110.3799924,22.966
1788427496.0245905,15.983477978194802,15.983477978194802,0.0,True,True,20.0,19.999999999999993,-7.7708475,110.3798761,22.121,-7.7709553,110.3799717,23.044
1788427496.2262607,15.419879396802143,15.419879396802143,0.0,True,True,20.000000000000007,20.0,-7.7708475,110.3798761,22.121,-7.7709643,110.379951,23.121
1788427496.427114,15.48231534357602,15.48231534357602,0.0,True,True,20.0,20.000000000000018,-7.770856,110.3798552,22.194,-7.7709734,110.3799302,23.199
1788427496.6279485,15.537718306635247,15.537718306635247,0.0,True,True,20.000000000000004,20.0,-7.7708646,110.3798343,22.267,-7.7709824,110.3799096,23.276
1788427496.8296647,15.611871912257806,15.611871912257806,0.0,True,True,20.000000000000004,20.00000000000001,-7.7708731,110.3798133,22.34,-7.7709915,110.3798889,23.353
1788427497.0363452,16.225174204277764,16.225174204277764,0.0,True,True,20.000000000000007,20.0,-7.7708816,110.3797924,22.412,-7.7709915,110.3798889,23.353
1788427497.251609,15.674358714894824,15.674358714894824,0.0,True,True,20.000000000000007,19.999999999999996,-7.7708816,110.3797924,22.412,-7.7710006,110.3798681,23.43
1788427497.4531965,15.736889549360694,15.736889549360694,0.0,True,True,20.000000000000007,19.999999999999982,-7.7708902,110.3797713,22.485,-7.7710098,110.3798471,23.508
1788427497.668045,15.805297829793158,15.805297829793158,0.0,True,True,20.000000000000004,20.00000000000001,-7.7708987,110.3797503,22.558,-7.7710189,110.3798263,23.586
1788427497.870287,15.870018648824422,15.870018648824422,0.0,True,True,19.99999999999999,19.999999999999993,-7.7709073,110.3797293,22.632,-7.771028,110.3798056,23.663
1788427498.071701,16.46843001985945,16.46843001985945,0.0,True,True,20.000000000000004,20.00000000000001,-7.7709159,110.3797083,22.705,-7.771028,110.3798056,23.663
1788427498.2718754,16.532321129137838,16.532321129137838,0.0,True,True,19.999999999999993,20.0,-7.7709244,110.3796873,22.778,-7.771037,110.3797849,23.741
1788427498.4745464,15.999655708264635,15.999655708264635,0.0,True,True,19.99999999999999,20.0,-7.7709244,110.3796873,22.778,-7.7710461,110.3797642,23.818
1788427498.6749132,16.060812064221906,16.060812064221906,0.0,True,True,20.00000000000001,19.99999999999999,-7.770933,110.3796663,22.852,-7.7710551,110.3797436,23.895
1788427498.883548,16.1351283851998,16.1351283851998,0.0,True,True,19.999999999999993,20.000000000000007,-7.7709415,110.3796453,22.924,-7.7710642,110.3797229,23.973
1788427499.0846946,16.203552368540866,16.203552368540866,0.0,True,True,20.000000000000004,19.999999999999996,-7.77095,110.3796244,22.997,-7.7710733,110.3797022,24.051
1788427499.2900784,16.78914783404316,16.78914783404316,0.0,True,True,19.999999999999996,20.00000000000001,-7.7709586,110.3796035,23.07,-7.7710733,110.3797022,24.051
1788427499.4905188,16.25094711004467,16.25094711004467,0.0,True,True,19.999999999999993,20.00000000000001,-7.7709586,110.3796035,23.07,-7.7710824,110.3796813,24.129
1788427499.696338,16.30992911626438,16.30992911626438,0.0,True,True,20.000000000000007,20.0,-7.7709672,110.3795824,23.144,-7.7710915,110.3796604,24.207
1788427499.8984325,16.380591684794872,16.380591684794872,0.0,True,True,20.0,19.999999999999993,-7.7709757,110.3795614,23.217,-7.7711005,110.3796398,24.285
1788427500.1017115,16.451258200469265,16.451258200469265,0.0,True,True,20.0,20.000000000000004,-7.7709843,110.3795404,23.29,-7.7711096,110.3796192,24.363
1788427500.3092937,17.039138588543754,17.039138588543754,0.0,True,True,20.0,20.000000000000004,-7.7709928,110.3795195,23.363,-7.7711096,110.3796192,24.363
1788427500.5158272,17.09590739265637,17.09590739265637,0.0,True,True,20.000000000000014,20.000000000000004,-7.7710013,110.3794986,23.437,-7.7711186,110.3795985,24.44
1788427500.7177968,16.57496156341891,16.57496156341891,0.0,True,True,20.0,20.000000000000007,-7.7710013,110.3794986,23.437,-7.7711276,110.3795779,24.517
1788427500.9336522,16.649239903335495,16.649239903335495,0.0,True,True,19.999999999999993,19.999999999999993,-7.7710098,110.3794776,23.51,-7.7711367,110.3795572,24.595
1788427501.1405036,16.70614706341185,16.70614706341185,0.0,True,True,19.99999999999999,19.99999999999999,-7.7710183,110.3794568,23.583,-7.7711458,110.3795364,24.673
1788427501.3419404,16.765225311552612,16.765225311552612,0.0,True,True,20.000000000000007,20.0,-7.7710269,110.3794358,23.656,-7.7711549,110.3795156,24.751
1788427501.54359,17.35474508579061,17.35474508579061,0.0,True,True,20.0,19.999999999999996,-7.7710354,110.3794147,23.729,-7.7711549,110.3795156,24.751
1788427501.745219,16.83750407627716,16.83750407627716,0.0,True,True,20.0,19.999999999999993,-7.7710354,110.3794147,23.729,-7.7711641,110.3794946,24.83
1788427501.945999,16.896608454610533,16.896608454610533,0.0,True,True,20.00000000000001,20.000000000000004,-7.771044,110.3793937,23.802,-7.7711732,110.3794738,24.908
1788427502.1492486,16.955653723063808,16.955653723063808,0.0,True,True,19.999999999999996,20.0,-7.7710526,110.3793727,23.876,-7.7711823,110.379453,24.986
1788427502.3630152,17.035657363362326,17.035657363362326,0.0,True,True,20.00000000000001,20.0,-7.7710611,110.3793516,23.949,-7.7711914,110.3794323,25.063
1788427502.5723991,17.59984996964311,17.59984996964311,0.0,True,True,20.000000000000007,20.000000000000007,-7.7710697,110.3793306,24.022,-7.7711914,110.3794323,25.063
1788427502.7834303,17.64998818190366,17.64998818190366,0.0,True,True,19.999999999999986,19.999999999999993,-7.7710783,110.3793096,24.094,-7.7712005,110.3794114,25.141
1788427502.9956405,17.150175717227718,17.150175717227718,0.0,True,True,20.0,20.000000000000007,-7.7710783,110.3793096,24.094,-7.7712095,110.3793908,25.218
1788427503.2032943,17.21869205237738,17.21869205237738,0.0,True,True,20.000000000000007,19.999999999999993,-7.7710868,110.3792886,24.167,-7.7712186,110.37937,25.295
1788427503.4116979,17.27775468078106,17.27775468078106,0.0,True,True,20.0,20.0,-7.7710954,110.3792676,24.24,-7.7712277,110.3793492,25.372
1788427503.6126938,17.350116492684872,17.350116492684872,0.0,True,True,20.000000000000004,20.000000000000004,-7.771104,110.3792465,24.314,-7.771237,110.3793282,25.451
1788427503.8209047,17.91116288989477,17.91116288989477,0.0,True,True,20.00000000000001,19.999999999999993,-7.7711125,110.3792255,24.386,-7.771237,110.3793282,25.451
1788427504.0217462,17.97525481659568,17.97525481659568,0.0,True,True,20.000000000000007,20.0,-7.7711211,110.3792044,24.459,-7.7712461,110.3793074,25.528
1788427504.2253058,17.483616992659314,17.483616992659314,0.0,True,True,20.00000000000001,19.99999999999999,-7.7711211,110.3792044,24.459,-7.7712552,110.3792866,25.606
1788427504.425875,17.538934518939435,17.538934518939435,0.0,True,True,19.999999999999996,20.000000000000004,-7.7711297,110.3791834,24.532,-7.7712642,110.3792659,25.683
1788427504.6265364,17.61321751545354,17.61321751545354,0.0,True,True,19.999999999999986,20.000000000000007,-7.7711382,110.3791624,24.606,-7.7712733,110.3792452,25.761
1788427504.835344,17.672314437000445,17.672314437000445,0.0,True,True,19.999999999999986,20.0,-7.7711467,110.3791415,24.679,-7.7712823,110.3792245,25.838
1788427505.041472,18.21950276269677,18.21950276269677,0.0,True,True,20.000000000000004,20.000000000000004,-7.7711552,110.3791206,24.753,-7.7712823,110.3792245,25.838
1788427505.2444482,17.746603364896,17.746603364896,0.0,True,True,20.0,20.000000000000007,-7.7711552,110.3791206,24.753,-7.7712914,110.3792039,25.916
1788427505.452967,17.805840659502646,17.805840659502646,0.0,True,True,20.0,19.999999999999993,-7.7711637,110.3790998,24.825,-7.7713004,110.3791833,25.994
1788427505.6547313,17.874514504332666,17.874514504332666,0.0,True,True,20.00000000000001,20.000000000000004,-7.7711722,110.3790789,24.898,-7.7713095,110.3791626,26.072
1788427505.8697853,17.92802434188999,17.92802434188999,0.0,True,True,20.000000000000007,20.0,-7.7711808,110.3790579,24.971,-7.7713186,110.3791417,26.15
1788427506.0709424,17.99276056421166,17.99276056421166,0.0,True,True,19.999999999999996,19.999999999999996,-7.7711893,110.3790369,25.045,-7.7713276,110.379121,26.227
1788427506.272346,18.535313627646055,18.535313627646055,0.0,True,True,19.999999999999986,19.999999999999996,-7.7711979,110.3790158,25.118,-7.7713276,110.379121,26.227
1788427506.4753041,18.068984756938068,18.068984756938068,0.0,True,True,20.000000000000014,20.000000000000004,-7.7711979,110.3790158,25.118,-7.7713367,110.3791004,26.305
1788427506.6760871,18.124354955094002,18.124354955094002,0.0,True,True,20.000000000000004,20.0,-7.7712065,110.3789948,25.191,-7.7713457,110.3790797,26.383
1788427506.8774564,18.192973281684814,18.192973281684814,0.0,True,True,19.99999999999999,20.000000000000007,-7.771215,110.3789738,25.265,-7.7713548,110.3790589,26.461
1788427507.0785568,18.252099884540357,18.252099884540357,0.0,True,True,20.000000000000007,20.0,-7.7712236,110.3789528,25.338,-7.7713639,110.3790381,26.538
1788427507.2793112,18.793932530298857,18.793932530298857,0.0,True,True,20.00000000000001,19.999999999999996,-7.7712321,110.3789318,25.411,-7.7713639,110.3790381,26.538
1788427507.4829576,18.326472810090454,18.326472810090454,0.0,True,True,19.999999999999993,19.999999999999993,-7.7712321,110.3789318,25.411,-7.771373,110.3790174,26.616
1788427507.689103,18.38387026427422,18.38387026427422,0.0,True,True,19.999999999999993,20.000000000000007,-7.7712407,110.3789108,25.484,-7.7713822,110.3789964,26.694
1788427507.8920455,18.446902650942473,18.446902650942473,0.0,True,True,20.0,20.000000000000004,-7.7712493,110.3788897,25.558,-7.7713914,110.3789754,26.772
1788427508.0922704,18.500568862185066,18.500568862185066,0.0,True,True,20.000000000000007,20.0,-7.7712579,110.3788687,25.63,-7.7714005,110.3789545,26.85
1788427508.2949626,19.036063728409726,19.036063728409726,0.0,True,True,20.000000000000004,20.0,-7.7712664,110.3788476,25.703,-7.7714005,110.3789545,26.85
1788427508.4964905,19.09349549593213,19.09349549593213,0.0,True,True,20.0,20.000000000000007,-7.771275,110.3788266,25.776,-7.7714096,110.3789337,26.927
1788427508.696848,18.639771914024628,18.639771914024628,0.0,True,True,20.000000000000004,20.000000000000007,-7.771275,110.3788266,25.776,-7.7714187,110.378913,27.005
1788427508.8988514,18.70457490718605,18.70457490718605,0.0,True,True,20.0,20.0,-7.7712836,110.3788055,25.849,-7.7714278,110.3788922,27.082
1788427509.099287,18.775138498676593,18.775138498676593,0.0,True,True,20.000000000000004,20.0,-7.7712921,110.3787845,25.921,-7.7714368,110.3788716,27.16
1788427509.3072507,19.293236761105973,19.293236761105973,0.0,True,True,20.0,20.000000000000004,-7.7713007,110.3787635,25.994,-7.7714368,110.3788716,27.16
1788427509.5090601,19.359428095098,19.359428095098,0.0,True,True,19.999999999999993,19.999999999999996,-7.7713092,110.3787426,26.067,-7.7714459,110.3788509,27.237
1788427509.7197099,18.90309368945771,18.90309368945771,0.0,True,True,20.000000000000004,19.999999999999996,-7.7713092,110.3787426,26.067,-7.771455,110.3788301,27.315
1788427509.9260473,18.96621202797168,18.96621202797168,0.0,True,True,19.999999999999996,20.000000000000004,-7.7713178,110.3787215,26.141,-7.7714642,110.3788091,27.393
1788427510.1269212,19.02547700757841,19.02547700757841,0.0,True,True,19.999999999999996,20.0,-7.7713263,110.3787006,26.214,-7.7714732,110.3787884,27.471
1788427510.3283157,19.08468056250459,19.08468056250459,0.0,True,True,20.000000000000004,20.000000000000004,-7.7713349,110.3786796,26.288,-7.7714823,110.3787676,27.549
1788427510.536598,19.60033041367557,19.60033041367557,0.0,True,True,20.000000000000004,20.000000000000004,-7.7713434,110.3786586,26.361,-7.7714823,110.3787676,27.549
1788427510.7385807,19.1646303526299,19.1646303526299,0.0,True,True,20.000000000000007,20.000000000000007,-7.7713434,110.3786586,26.361,-7.7714914,110.378747,27.626
1788427510.9461446,19.22390257474775,19.22390257474775,0.0,True,True,19.999999999999993,20.000000000000004,-7.7713519,110.3786377,26.434,-7.7715004,110.3787263,27.704
1788427511.1481342,19.288771433936496,19.288771433936496,0.0,True,True,20.0,20.0,-7.7713604,110.3786168,26.507,-7.7715094,110.3787057,27.782
1788427511.3556125,19.34791598567842,19.34791598567842,0.0,True,True,19.999999999999996,20.0,-7.7713689,110.378596,26.581,-7.7715184,110.3786851,27.859
1788427511.557643,19.84622334034835,19.84622334034835,0.0,True,True,20.0,20.0,-7.7713774,110.3785752,26.654,-7.7715184,110.3786851,27.859
1788427511.7591856,19.91275082882792,19.91275082882792,0.0,True,True,20.0,20.000000000000004,-7.7713859,110.3785543,26.726,-7.7715275,110.3786644,27.937
1788427511.9603188,19.480097632650118,19.480097632650118,0.0,True,True,20.0,20.000000000000004,-7.7713859,110.3785543,26.726,-7.7715366,110.3786437,28.015
1788427512.1687615,19.53376751818879,19.53376751818879,0.0,True,True,20.000000000000004,20.0,-7.7713945,110.3785332,26.8,-7.7715457,110.3786227,28.093
1788427512.3837981,19.608206741477105,19.608206741477105,0.0,True,True,20.000000000000004,20.0,-7.771403,110.3785122,26.873,-7.7715548,110.378602,28.171
1788427512.5864098,19.67850376752867,19.67850376752867,0.0,True,True,19.999999999999996,20.0,-7.7714116,110.3784911,26.947,-7.7715639,110.3785813,28.248
1788427512.786128,20.178993988519032,20.178993988519032,0.0,True,True,19.999999999999993,19.999999999999996,-7.7714202,110.37847,27.02,-7.7715639,110.3785813,28.248
1788427512.9918742,19.743371812329,19.743371812329,0.0,True,True,19.999999999999996,20.0,-7.7714202,110.37847,27.02,-7.771573,110.3785605,28.326
1788427513.2017512,19.80261188776071,19.80261188776071,0.0,True,True,20.000000000000004,19.999999999999996,-7.7714288,110.378449,27.093,-7.7715821,110.3785397,28.403
1788427513.4061518,19.867479789364683,19.867479789364683,0.0,True,True,19.999999999999996,20.0,-7.7714374,110.3784279,27.166,-7.7715912,110.3785189,28.481
1788427513.6196404,19.941919970158988,19.941919970158988,0.0,True,True,20.0,20.0,-7.7714459,110.3784069,27.239,-7.7716003,110.3784982,28.559
1788427513.8199732,20.001232641664306,20.001232641664306,0.0,True,True,19.999999999999993,20.0,-7.7714545,110.3783858,27.312,-7.7716094,110.3784773,28.637
1788427514.0210528,20.496513145719852,20.496513145719852,0.0,True,True,19.999999999999996,20.0,-7.7714631,110.3783647,27.385,-7.7716094,110.3784773,28.637
1788427514.223783,20.064584675167925,20.064584675167925,0.0,True,True,19.999999999999996,20.0,-7.7714631,110.3783647,27.385,-7.7716186,110.3784563,28.715
1788427514.42555,20.12391240641326,20.12391240641326,0.0,True,True,19.999999999999996,18.806166121370342,-7.7714717,110.3783437,27.458,-7.7716277,110.3784355,28.793
1788427514.626628,20.19836472165484,20.19836472165484,0.0,True,True,20.00000000000001,16.31117570709707,-7.7714802,110.3783227,27.531,-7.7716368,110.3784148,28.871
1788427514.8305373,20.253646290660686,20.253646290660686,0.0,True,True,20.000000000000004,13.820675758813673,-7.7714888,110.3783017,27.604,-7.7716458,110.3783941,28.949
1788427515.03689,20.738754075092746,20.738754075092746,0.0,True,True,20.0,13.820675548820331,-7.7714973,110.3782808,27.677,-7.7716458,110.3783941,28.949
1788427515.2397618,20.32104067033849,20.32104067033849,0.0,True,True,20.0,11.301037457996086,-7.7714973,110.3782808,27.677,-7.771655,110.3783732,29.026
1788427515.4457164,20.38183662011747,20.38183662011747,0.0,True,True,19.999999999999996,8.820616404407879,-7.7715059,110.3782598,27.75,-7.771664,110.3783526,29.104
1788427515.655182,20.45372150284961,20.45372150284961,0.0,True,True,19.999999999999996,6.364844079768123,-7.7715144,110.3782388,27.824,-7.7716729,110.3783322,29.183
1788427515.8562334,20.52573159814337,20.52573159814337,0.0,True,True,20.0,3.9191525786456807,-7.7715229,110.3782179,27.897,-7.7716818,110.3783119,29.262
1788427516.057229,21.018740725678814,21.018740725678814,0.0,True,True,19.999999999999996,3.919152246649414,-7.7715315,110.3781968,27.97,-7.7716818,110.3783119,29.262
1788427516.2591498,20.595437807143558,20.595437807143558,0.0,True,True,20.0,1.4880285944722829,-7.7715315,110.3781968,27.97,-7.7716906,110.3782917,29.341
1788427516.459984,20.679890221042363,20.679890221042363,0.0,True,True,20.000000000000004,0.5941083793250322,-7.77154,110.3781759,28.043,-7.7716991,110.3782723,29.415
1788427516.6720552,20.780551341897215,20.780551341897215,0.0,True,True,20.0,2.0029792033430027,-7.7715485,110.378155,28.117,-7.7717074,110.3782535,29.486
1788427516.8767416,20.877284715007693,20.877284715007693,0.0,True,True,20.0,2.924037344965355,-7.771557,110.3781341,28.19,-7.7717152,110.3782354,29.553
1788427517.0866525,21.439157370224574,21.439157370224574,0.0,True,True,20.0,2.0464862459005766,-7.7715656,110.3781132,28.263,-7.7717152,110.3782354,29.553
1788427517.2879984,21.62719311511732,21.62719311511732,0.0,True,True,20.0,2.884611002943415,-7.7715741,110.3780922,28.336,-7.7717228,110.3782182,29.614
1788427517.494293,21.162705748422265,21.162705748422265,0.0,True,True,20.0,3.381945318750385,-7.7715741,110.3780922,28.336,-7.7717298,110.378202,29.67
1788427517.6965024,21.369958187197867,21.369958187197867,0.0,True,True,19.999999999999996,3.6398787444299856,-7.7715826,110.3780712,28.409,-7.7717364,110.3781869,29.719
1788427517.9062626,21.626912433006524,21.626912433006524,0.0,True,True,19.999999999999996,3.7200276796933034,-7.7715912,110.3780502,28.481,-7.7717425,110.378173,29.762
1788427518.1122332,21.964060384508432,21.964060384508432,0.0,True,True,20.000000000000004,3.6655317175873243,-7.7715997,110.3780292,28.554,-7.771748,110.3781604,29.8
1788427518.3157232,22.89598397491649,22.89598397491649,0.0,True,True,20.0,2.5655210214370743,-7.7716083,110.3780081,28.628,-7.771748,110.3781604,29.8
1788427518.517609,23.42070391017026,23.42070391017026,0.0,True,True,20.000000000000004,2.753859340107535,-7.7716169,110.377987,28.701,-7.7717529,110.378149,29.834
1788427518.7256763,22.932400814269695,22.932400814269695,0.0,True,True,20.0,2.7641383747349018,-7.7716169,110.377987,28.701,-7.7717573,110.3781391,29.866
1788427518.9261687,23.603578179284487,23.603578179284487,0.0,True,True,19.999999999999996,2.6505759565554277,-7.7716255,110.377966,28.774,-7.771761,110.3781306,29.894
1788427519.1274643,24.430611843934294,24.430611843934294,0.0,True,True,19.388727002903025,2.4534884505458803,-7.7716341,110.377945,28.848,-7.7717641,110.3781235,29.919
1788427519.3418832,25.43710907456595,25.43710907456595,0.0,True,True,16.889476469551422,2.197950061011998,-7.7716426,110.377924,28.921,-7.7717666,110.3781178,29.941
1788427519.543238,26.93696258129942,26.93696258129942,0.0,True,True,14.386000790041466,1.5384214984765463,-7.7716512,110.377903,28.994,-7.7717666,110.3781178,29.941
1788427519.7529116,26.615631770901388,26.615631770901388,0.0,True,True,14.386000609114028,1.4468903902735057,-7.7716512,110.377903,28.994,-7.7717685,110.3781134,29.959
1788427519.9575005,27.973561646492033,27.973561646492033,0.0,True,True,11.886750505427672,1.2895698796148016,-7.7716597,110.377882,29.067,-7.7717699,110.3781101,29.973
1788427520.1610126,29.513750986335033,29.513750986335033,0.0,True,True,9.387502192484078,1.0893265675532646,-7.7716682,110.377861,29.14,-7.7717709,110.3781079,29.983
1788427520.3695424,31.202079649189642,31.202079649189642,0.0,True,True,6.894215892993073,0.8731111198177005,-7.7716768,110.3778401,29.214,-7.7717715,110.3781066,29.99
1788427520.5852787,33.07239820693109,33.07239820693109,0.0,True,True,4.429763415242057,0.611177779149164,-7.7716852,110.3778194,29.289,-7.7717715,110.3781066,29.99
1788427520.7865655,34.93160420860991,34.93160420860991,0.0,True,True,2.0001096187572385,0.4796003737909168,-7.7716935,110.377799,29.363,-7.7717718,110.378106,29.994
1788427521.0013933,34.92095460519939,34.92095460519939,0.0,True,True,2.0001095820588066,0.3427647171111188,-7.7716935,110.377799,29.363,-7.7717718,110.3781059,29.995
1788427521.2027898,36.85856285658253,36.85856285658253,0.0,False,False,0.24187753751147392,0.2189572343429224,-7.7717015,110.3777793,29.434,-7.7717718,110.3781062,29.995
1788427521.4107606,38.80171169846975,38.80171169846975,0.0,False,False,1.762542084868812,0.11183932629173945,-7.7717093,110.3777602,29.502,-7.7717716,110.3781067,29.994
1788427521.6220808,40.73503068124649,40.73503068124649,0.0,False,False,2.7682022519987477,0.020143382911735744,-7.7717168,110.3777418,29.566,-7.7717713,110.3781074,29.994
1788427521.8231483,42.621607976671584,42.621607976671584,0.0,False,False,3.403265806856391,0.04374841877206035,-7.7717239,110.3777242,29.625,-7.7717711,110.3781081,29.993
1788427522.0292246,44.353710092385846,44.353710092385846,0.0,False,False,3.767597322798159,0.03062389635352618,-7.7717307,110.3777076,29.679,-7.7717711,110.3781081,29.993
1788427522.240264,44.38546042927966,44.38546042927966,0.0,False,False,2.63731812516606,0.045666862447696,-7.7717307,110.3777076,29.679,-7.771771,110.3781084,29.992
1788427522.4461172,46.05450864568612,46.05450864568612,0.0,False,False,3.145311834473892,0.047088571001104494,-7.771737,110.377692,29.726,-7.771771,110.3781086,29.991
1788427522.659979,47.5777499061232,47.5777499061232,0.0,False,False,3.393380396637427,0.03296200217150361,-7.7717428,110.3776777,29.768,-7.771771,110.3781086,29.99
1788427522.8636355,48.97321652210845,48.97321652210845,0.0,False,False,3.459500397807867,0.023123236087535158,-7.7717481,110.3776647,29.805,-7.7717711,110.3781086,29.99
1788427523.066729,50.236534805906864,50.236534805906864,0.0,False,False,3.395306104885007,0.016186267259109658,-7.7717528,110.377653,29.837,-7.7717711,110.3781086,29.99
1788427523.267177,51.35394655864403,51.35394655864403,0.0,False,False,3.235703905207161,0.011330388866676361,-7.771757,110.3776427,29.867,-7.7717711,110.3781086,29.99
1788427523.4805841,51.353948963522434,51.353948963522434,0.0,False,False,2.264992733645014,0.007931272206672052,-7.771757,110.3776427,29.867,-7.7717711,110.3781086,29.991
1788427523.68249,52.33453710887689,52.33453710887689,0.0,False,False,2.334009822659257,0.005551892074927679,-7.7717606,110.3776337,29.894,-7.7717711,110.3781086,29.991
1788427523.8846717,53.15414292060207,53.15414292060207,0.0,False,False,2.2605149438380576,0.003886325770171886,-7.7717637,110.3776262,29.918,-7.7717711,110.3781086,29.991
1788427524.0912218,53.822678739183075,53.822678739183075,0.0,False,False,2.091456624413677,0.008682423618120558,-7.7717662,110.3776201,29.939,-7.7717712,110.3781086,29.991
1788427524.2944996,54.34971870938164,54.34971870938164,0.0,False,False,1.8626352585720385,0.006077696785738758,-7.7717681,110.3776153,29.957,-7.7717712,110.3781086,29.991
1788427524.501025,54.36073584058086,54.36073584058086,0.0,False,False,1.3038446810004294,0.009890480469290924,-7.7717681,110.3776153,29.957,-7.7717712,110.3781087,29.991
1788427524.7054935,54.756549688764316,54.756549688764316,0.0,False,False,1.2138674645345036,0.006923336906809401,-7.7717696,110.3776117,29.971,-7.7717712,110.3781087,29.991
1788427524.9183998,55.020714657978004,55.020714657978004,0.0,False,False,1.0504944119450508,0.004846336220308514,-7.7717706,110.3776093,29.982,-7.7717712,110.3781087,29.991
1788427525.1197875,55.19695228430444,55.19695228430444,0.0,False,False,0.8672319920678454,0.007105292126390497,-7.7717712,110.3776077,29.989,-7.7717711,110.3781087,29.991
1788427525.3202548,55.27410064638529,55.27410064638529,0.0,False,False,0.6658694485745524,0.012450543852645468,-7.7717715,110.377607,29.994,-7.771771,110.3781087,29.991
1788427525.520708,55.29614770129574,55.118378591429206,10.0,False,False,0.48333469968983467,0.008715380704205012,-7.7717716,110.3776068,29.995,-7.771771,110.3781087,29.991
1788427525.725151,55.296219361511554,55.18387991345396,10.0,False,False,0.33833429003754406,0.03715741810599411,-7.7717716,110.3776068,29.995,-7.7717706,110.3781087,29.99
1788427525.925912,55.26341799622446,53.760229800258585,10.0,False,False,0.21563333282411562,0.08827185983616682,-7.7717716,110.3776071,29.995,-7.7717698,110.3781087,29.99
1788427526.14081,55.21999382140369,53.17298286514759,10.0,False,False,0.1198196912672701,0.16297632529840503,-7.7717715,110.3776075,29.995,-7.7717685,110.3781087,29.99
1788427526.3487864,55.14434131963618,53.550440865277274,10.0,False,False,0.03093462126647787,0.26197235200834806,-7.7717713,110.3776082,29.994,-7.7717666,110.3781087,29.99
1788427526.552144,55.07793368935272,53.98920060271613,10.0,False,False,0.03280280997498627,0.18338064640566745,-7.771771,110.3776088,29.993,-7.7717666,110.3781087,29.99
1788427526.7538064,55.092276876519215,54.65091191882183,5.425817268280199,False,False,0.02296196569951672,0.33083520577417774,-7.771771,110.3776088,29.993,-7.771764,110.3781088,29.991
1788427526.9607437,55.04337794884464,55.04107563823471,0.2995321292216936,False,False,0.05541023889644321,0.48841028010171744,-7.7717709,110.3776093,29.993,-7.7717607,110.3781088,29.991
1788427527.162699,55.04396858728982,55.04396858728982,0.0,False,False,0.05398200355006717,0.6688786391129586,-7.7717709,110.3776095,29.992,-7.7717565,110.3781089,29.991
1788427527.3629212,55.07483101794315,55.07483101794315,0.0,False,False,0.03778740021682561,0.8730377189334286,-7.7717709,110.3776095,29.992,-7.7717513,110.378109,29.991
1788427527.5657506,55.063822294197315,55.063822294197315,0.0,False,False,0.03409963167681797,0.6111264032534,-7.7717709,110.3776096,29.992,-7.7717513,110.378109,29.991
1788427527.7658966,55.11684328658423,55.11684328658423,0.0,False,False,0.01623033307578683,0.9026530521991945,-7.7717709,110.3776095,29.992,-7.7717452,110.3781091,29.992
1788427527.9737248,55.18393282859752,55.18393282859752,0.0,False,False,0.01136123015313561,1.169130603211766,-7.7717709,110.3776095,29.992,-7.7717383,110.3781093,29.993
1788427528.1758034,55.26874447377155,55.26874447377155,0.0,False,False,0.010162077787726362,1.410147240410118,-7.771771,110.3776095,29.992,-7.7717307,110.3781095,29.994
1788427528.376547,55.372064305799654,55.372064305799654,0.0,False,False,0.007113451661345747,1.62554828626605,-7.771771,110.3776095,29.992,-7.7717225,110.3781097,29.995
1788427528.5770168,55.48686035340092,55.48686035340092,0.0,False,False,0.011605004727673642,1.8150708116584997,-7.7717711,110.3776095,29.992,-7.7717138,110.3781098,29.996
1788427528.786418,55.47591588831951,55.47591588831951,0.0,False,False,0.012921253930327739,1.2705495681609498,-7.7717711,110.3776096,29.992,-7.7717138,110.3781098,29.996
1788427528.9889786,55.62158275841699,55.62158275841699,0.0,False,False,0.009044874623355419,1.590081102015783,-7.7717711,110.3776096,29.992,-7.7717048,110.37811,29.996
1788427529.1959276,55.7898505689615,55.7898505689615,0.0,False,False,0.006331409004216326,1.8370999155855086,-7.7717711,110.3776096,29.992,-7.7716955,110.3781102,29.997
1788427529.405631,55.991342273218905,55.991342273218905,0.0,False,False,0.004431983001311972,2.0257523988688497,-7.7717711,110.3776096,29.991,-7.771686,110.3781105,29.997
1788427529.6125002,56.203245293305244,56.203245293305244,0.0,False,False,0.0031023847645303545,2.16541184378584,-7.7717711,110.3776096,29.991,-7.7716764,110.3781107,29.998
1788427529.8217583,56.20116302894616,56.20116302894616,0.0,False,False,0.006726517434794654,1.5157882906495328,-7.771771,110.3776096,29.991,-7.7716764,110.3781107,29.998
1788427530.0284972,56.43849356203947,56.43849356203947,0.0,False,False,0.012390972010837555,1.8008459195467572,-7.7717709,110.3776096,29.991,-7.7716669,110.378111,29.998
1788427530.2309105,56.69907345881103,56.69907345881103,0.0,False,False,0.00867367999827034,2.008175610591596,-7.7717709,110.3776096,29.991,-7.7716573,110.3781113,29.998
1788427530.4315596,56.96514115373742,56.96514115373742,0.0,False,False,0.03718130675748335,2.1455287482802112,-7.7717705,110.3776096,29.991,-7.7716478,110.3781116,29.999
1788427530.6332037,57.22301843130837,57.22301843130837,0.0,False,False,0.08051013790571786,2.225897963088828,-7.7717698,110.3776096,29.991,-7.7716385,110.3781118,30.0
1788427530.834815,57.476280781382016,57.476280781382016,0.0,False,False,0.14976035724953185,2.243467978481451,-7.7717686,110.3776096,29.991,-7.7716297,110.3781121,30.0
1788427531.035426,57.41219823560073,57.41219823560073,0.0,False,False,0.24506559770779676,1.5704275849312954,-7.7717668,110.3776097,29.991,-7.7716297,110.3781121,30.0
1788427531.2493434,57.68528034334173,57.68528034334173,0.0,False,False,0.1715459182821522,1.7455209154252025,-7.7717668,110.3776097,29.991,-7.7716214,110.3781123,30.0
1788427531.4524314,57.86466288720986,57.86466288720986,0.0,False,False,0.3146344941642068,1.8058416713121093,-7.7717643,110.3776097,29.991,-7.7716139,110.3781125,30.0
1788427531.6619875,57.992148881837224,57.992148881837224,0.0,False,False,0.4694198772948274,1.7936007102664355,-7.7717611,110.3776098,29.991,-7.7716071,110.3781127,30.0
1788427531.8629248,58.06928002999181,58.06928002999181,0.0,False,False,0.6476834005443449,1.7072279555426015,-7.771757,110.3776098,29.991,-7.7716013,110.3781129,29.999
1788427532.063604,57.89540541562462,57.40028307104762,10.0,False,False,0.8426293861275465,1.1950595688744496,-7.771752,110.3776099,29.991,-7.7716013,110.3781129,29.999
1788427532.2770622,57.846373504999214,55.29301744978554,10.0,False,False,1.0492910523915082,1.2024457734989435,-7.7717461,110.3776101,29.992,-7.7715966,110.378113,29.999
1788427532.480274,57.973210527774214,54.935769742931114,10.0,False,False,0.7345037366417625,1.122029307055415,-7.7717461,110.3776101,29.992,-7.771593,110.3781131,30.0
1788427532.6815155,57.84097724164024,54.720695595452156,8.213329220144546,False,False,1.0434868112277789,0.9957125396390751,-7.7717393,110.3776102,29.993,-7.7715903,110.3781132,30.001
1788427532.8827426,57.58644117394149,54.87466193149113,6.845017076803161,False,False,1.314408576437253,0.6969987777453538,-7.7717318,110.3776104,29.995,-7.7715903,110.3781132,30.001
1788427533.0840921,57.58644117394149,54.87466193149113,6.845017076803161,False,False,0.9200860035060782,0.4878991444217491,-7.7717318,110.3776104,29.995,-7.7715903,110.3781132,30.001
1788427533.2866025,57.58644117394149,54.87466193149113,6.845017076803161,False,False,0.6440602024542553,0.341529401095224,-7.7717318,110.3776104,29.995,-7.7715903,110.3781132,30.001
1788427533.4874547,57.58644117394149,54.87466193149113,6.845017076803161,False,False,0.45084214171797815,0.23907058076665716,-7.7717318,110.3776104,29.995,-7.7715903,110.3781132,30.001
1788427533.68878,56.82098575273485,54.94424117177698,4.654936621115561,False,False,2.308574545228063,0.1673494065298414,-7.7717062,110.3776109,29.997,-7.7715903,110.3781132,30.001
1788427533.9000661,56.67947156306259,54.95725101083876,3.284429589006781,False,False,2.340213519697494,0.513375208272771,-7.7716969,110.3776112,29.998,-7.7715863,110.3781134,30.002
1788427534.1026664,56.43587821446418,54.94250683698826,2.997902682227135,False,False,2.377754771278085,0.4327905623798371,-7.7716874,110.3776114,29.999,-7.7715864,110.3781134,30.002
1788427534.3069172,56.200677060091955,54.944202405859734,2.727960352275557,False,False,2.411998740277651,0.3841758451213841,-7.7716778,110.3776117,29.999,-7.7715864,110.3781134,30.002
1788427534.5114799,55.99573522067366,54.95196168867052,2.5014708506861743,False,False,2.4357826908893228,0.3501569749561716,-7.7716682,110.3776119,30.0,-7.7715864,110.3781134,30.001
1788427534.7203498,55.99573521174441,54.950442247585876,2.5149605398643544,False,False,1.7050478836225267,0.32635119439551474,-7.7716682,110.3776119,30.0,-7.7715864,110.3781134,30.0
1788427534.9221182,55.79796877859782,54.94667264395449,2.2943323216599056,False,False,1.9488907929599293,0.30969166342510246,-7.7716585,110.3776122,30.001,-7.7715864,110.3781134,30.0
1788427535.129913,55.62321713062866,54.94095525237296,2.0918073718153107,False,False,2.104026142344041,0.2980325912539769,-7.771649,110.3776125,30.001,-7.7715864,110.3781134,30.0
1788427535.333105,55.47042727604441,54.950379689237785,1.8936149126808088,False,False,2.1970634330077834,0.28987267478255146,-7.7716397,110.3776128,30.001,-7.7715864,110.3781134,30.0
1788427535.5340877,55.47042727604441,54.950379689237785,1.8936149126808088,False,False,1.5379444031054488,0.28416149906619625,-7.7716397,110.3776128,30.001,-7.7715864,110.3781134,30.0
1788427535.7390516,55.352480276088805,54.965104163400454,1.7150740872711077,False,False,1.7616855195017254,0.2801640752465015,-7.7716309,110.377613,30.001,-7.7715864,110.3781134,30.0
1788427535.9530878,55.243847735936555,54.962940499635124,1.5666971262576772,False,False,1.887399295679342,0.27736608299108395,-7.7716225,110.3776133,30.001,-7.7715864,110.3781134,30.0
1788427536.1638727,55.155881658571744,54.95513420084389,1.4550213430285504,False,False,1.9129348377391902,0.27550133942576643,-7.7716149,110.3776135,30.0,-7.7715864,110.3781133,30.0
1788427536.3693178,55.09510799108711,54.95327611986452,1.3905550119514845,False,False,1.8763473212575847,0.27408173793677876,-7.771608,110.3776137,30.0,-7.7715864,110.3781133,30.0
1788427536.5789173,55.04838540928917,54.94559047482337,1.4122305033373876,False,False,1.7729329610818916,0.2730979987541028,-7.7716021,110.3776139,30.0,-7.7715864,110.3781133,30.0
1788427536.779134,55.022786383516795,54.958307123409845,1.4159817269019443,False,False,1.6225159329086156,0.27241432778062996,-7.7715972,110.377614,30.0,-7.7715864,110.3781133,30.0
1788427536.9937227,55.022786383516795,54.97195357741572,1.250831918208922,False,False,1.1357611530360305,0.27193820094650306,-7.7715972,110.377614,30.0,-7.7715864,110.3781133,30.0
1788427537.1952617,55.00417007929685,54.969951886226255,1.3658045134865642,False,False,1.0909115752902,0.27160611572765153,-7.7715934,110.3776141,30.001,-7.7715864,110.3781133,30.0
1788427537.403578,54.97861167592617,54.95690729613902,1.5141157037052067,False,False,0.9817109145532433,0.2715102857661465,-7.7715906,110.3776142,30.003,-7.7715864,110.3781132,29.999
1788427537.6047754,54.9661553017897,54.93620317339779,2.5908491051561904,False,False,0.8508925061365116,0.27128099464575645,-7.7715886,110.3776143,30.004,-7.7715864,110.3781132,29.999
1788427537.8091516,54.95470614889718,54.937153823379695,3.228971636107179,False,False,0.7371049943559835,0.2711345707221271,-7.7715874,110.3776144,30.004,-7.7715864,110.3781132,29.999
1788427538.0097494,54.94358094527277,54.08743660540749,10.0,False,False,0.6527504635873466,0.2712398103214256,-7.7715866,110.3776144,30.004,-7.7715864,110.3781131,29.998
1788427538.2161832,54.89951150875748,52.6445702960221,10.0,False,False,0.5314788853750134,0.27374573805090896,-7.7715866,110.3776144,30.004,-7.7715864,110.3781127,29.998
1788427538.4171793,54.81136814713986,50.61620875257129,10.0,False,False,0.4799479412139036,0.296068380661302,-7.7715863,110.3776144,30.004,-7.7715863,110.3781119,29.998
1788427538.6260602,54.679160860115445,48.279161040298206,10.0,False,False,0.43165680029899794,0.3230984967254776,-7.7715862,110.3776144,30.003,-7.7715863,110.3781107,29.998
1788427538.8263154,54.48084715544497,45.38183878181179,10.0,False,False,0.3789567507841018,0.37874186645880537,-7.7715863,110.3776144,30.002,-7.7715863,110.3781089,29.998
1788427539.026312,54.48084828369563,45.3809832217317,10.0,False,False,0.33873354855556553,0.33586181477015936,-7.7715864,110.3776144,30.002,-7.7715863,110.3781089,29.998
1788427539.2272344,54.21643164124204,42.11657713128459,10.0,False,False,0.3183623275224589,0.4251889839129349,-7.7715864,110.3776144,30.002,-7.7715863,110.3781065,29.998
1788427539.4283373,53.863876053609296,38.3649625613109,10.0,False,False,0.3041036504849456,0.5555533005824798,-7.7715864,110.3776144,30.001,-7.7715863,110.3781033,29.998
1788427539.6360412,53.4341990736933,34.03929220615276,10.0,False,False,0.29412324114860006,0.7084616510745616,-7.7715864,110.3776144,30.001,-7.7715863,110.3780994,29.997
1788427539.836561,52.89434725483732,29.102767039996678,10.0,False,False,0.2871373156749124,0.8951635888102363,-7.7715864,110.3776144,30.001,-7.7715864,110.3780945,29.997
1788427540.0490475,52.89434725483732,29.102767039996678,10.0,False,False,0.2822473584636082,0.6849868622641169,-7.7715864,110.3776144,30.001,-7.7715864,110.3780945,29.997
1788427540.253887,52.233305635070295,23.64367027348629,10.0,True,True,0.2788244869445616,0.9719801623384381,-7.7715864,110.3776144,30.001,-7.7715864,110.3780885,29.997
1788427540.4547904,51.462091537928735,17.66948454556591,10.0,True,True,0.27642852703068677,1.2681148495098655,-7.7715864,110.3776144,30.001,-7.7715865,110.3780815,29.998
1788427540.6697402,50.54765065227302,11.451876691405193,10.0,True,True,0.274751380334635,1.6076814658003964,-7.7715864,110.3776144,30.001,-7.7715865,110.3780732,29.998
1788427540.8760579,49.51201875407583,5.221295375173673,10.0,True,True,0.2736786335906035,1.9835030128862754,-7.7715864,110.3776143,30.001,-7.7715865,110.3780637,29.999
1788427541.0843189,49.51201875407583,5.221295375173673,10.0,True,True,0.2728042612676794,1.572376112861541,-7.7715864,110.3776143,30.001,-7.7715865,110.3780637,29.999
1788427541.296543,48.33316122633852,0.3040487285882804,9.763902476773286,True,True,0.2722030182118905,2.1183389017612826,-7.7715864,110.3776143,30.001,-7.7715865,110.378053,29.999
1788427541.5011096,47.03311274061352,0.3550506338489873,8.597900392311416,True,True,0.2717874854666125,2.6904245799383344,-7.7715864,110.3776143,30.001,-7.7715865,110.3780412,29.999
1788427541.7023861,45.61187732388909,0.32732932325684794,7.627037200132294,True,True,0.2714992404149818,3.3108909820619092,-7.7715864,110.3776143,30.0,-7.7715866,110.3780283,29.999
1788427541.9056418,44.06945407318363,0.30750308991477016,6.853425902971991,True,True,0.2712987608211849,4.012871205157541,-7.7715864,110.3776143,30.0,-7.7715867,110.3780143,29.999
1788427542.112295,42.40583315483471,0.28170575876686643,6.208516873634915,True,True,0.27115905962299636,4.828022981188966,-7.7715864,110.3776143,30.0,-7.7715867,110.3779992,29.999
1788427542.3205683,42.40583315483471,0.28170575876686643,6.208516873634915,True,True,0.2710615801994914,4.403302939606131,-7.7715864,110.3776143,30.0,-7.7715867,110.3779992,29.999
1788427542.5293097,40.6761188072344,0.3281308605075778,5.672776334425268,True,True,0.27099349736831246,5.421473190007605,-7.7715864,110.3776143,30.0,-7.7715868,110.3779835,29.998
1788427542.7370913,38.84725245352581,0.3152706449206688,5.193195893366766,True,True,0.2709459143003303,6.535043050999007,-7.7715864,110.3776143,30.0,-7.7715869,110.3779669,29.998
1788427542.9386082,36.941291389195754,0.3161744841489492,4.76634445990646,True,True,0.2709126428807041,7.737169634990268,-7.7715864,110.3776143,30.0,-7.7715871,110.3779496,29.997
1788427543.149729,34.947180383072904,0.30820580150135013,4.384583893444498,True,True,0.27088937089057946,9.062069816991078,-7.7715864,110.3776143,30.0,-7.7715872,110.3779315,29.997
1788427543.3621302,32.92002508496317,0.26207018385505765,4.049026260360959,True,True,0.2708730893216413,10.465639898602458,-7.7715864,110.3776143,30.0,-7.7715873,110.3779131,29.996
1788427543.5620992,32.931077961639296,0.2327288785530163,4.0504343657274635,True,True,0.2820907707066224,10.240538259264257,-7.7715863,110.3776142,29.999,-7.7715873,110.3779131,29.996
1788427543.7624502,30.881903437542366,0.23449306049426533,3.7385967881600557,True,True,0.28202888587677855,11.774203397060022,-7.7715863,110.3776142,29.999,-7.7715874,110.3778945,29.996
1788427543.975759,28.79968913694424,0.23716006279710966,3.457205987124586,True,True,0.28199782694747877,13.376469927800107,-7.7715863,110.3776142,29.999,-7.7715875,110.3778756,29.997
1788427544.1879947,26.70647277353806,0.24039539727967144,3.1944041696324956,True,True,0.28198308874053885,15.027819634960483,-7.7715863,110.3776142,29.999,-7.7715876,110.3778566,29.997
1788427544.3897934,24.613275399567417,0.24389739134694777,2.9404909041637035,True,True,0.28197723999327756,16.71728601306417,-7.7715863,110.3776142,29.999,-7.7715877,110.3778376,29.997
1788427544.5907507,22.52010230841493,0.22073970254734096,2.696880940450082,True,True,0.28197832041980114,18.442658174895303,-7.7715863,110.3776142,29.999,-7.7715878,110.3778186,29.997
1788427544.7931151,22.52010230841493,0.22073970254734096,2.696880940450082,True,True,0.2819792720873455,18.35346832176525,-7.7715863,110.3776142,29.999,-7.7715878,110.3778186,29.997
1788427544.994258,20.426960968403783,0.22731828979708937,2.469847202025814,True,True,0.2819912545557037,20.0,-7.7715863,110.3776142,29.999,-7.7715879,110.3777996,29.997
1788427545.195004,18.35589571984939,0.23418636225833606,2.2576071629612757,True,True,0.282028972267485,20.0,-7.7715863,110.3776142,29.999,-7.771588,110.3777808,29.998
1788427545.3966584,16.31793820808297,0.24130195589253706,2.0575160263608168,True,True,0.2821376923059021,20.000000000000004,-7.7715863,110.3776142,29.999,-7.7715881,110.3777623,29.999
1788427545.5981643,14.346158931636042,0.24862726603336313,1.86770256567439,True,True,3.013267418266932,20.0,-7.7715863,110.3776142,29.999,-7.7715882,110.3777444,30.0
1788427545.8020442,14.346158931636042,0.2299502087921706,1.8677478844448039,True,True,5.107832881308643,20.0,-7.7715863,110.3776142,29.999,-7.7715882,110.3777444,30.0
1788427546.008368,12.462425504661336,0.211272727247114,1.6907238190230776,True,True,6.576123795094561,20.000000000000004,-7.7715863,110.3776142,29.999,-7.7715882,110.3777273,30.0
1788427546.2161312,10.656108353431568,0.22239210161285236,1.5219696354691468,True,True,7.604407600041391,20.0,-7.7715863,110.3776142,29.999,-7.7715883,110.3777109,29.998
1788427546.4196906,8.938130483609111,0.23352861629920774,1.3599816186504574,True,True,8.324588885017386,20.0,-7.7715863,110.3776142,29.999,-7.7715884,110.3776953,29.996
1788427546.6260874,7.36330192822858,0.2341364212530122,1.212449504791473,True,True,8.829714153469498,20.0,-7.7715863,110.3776142,29.999,-7.7715884,110.377681,29.994
1788427546.8341053,7.36330192822858,0.2341364212530122,1.212449504791473,True,True,9.183656421343597,19.999999999999996,-7.7715863,110.3776142,29.999,-7.7715884,110.377681,29.994
1788427547.040418,5.921383218074417,0.24534538656853788,1.0737365691110983,True,True,9.43559060724094,20.0,-7.7715863,110.3776142,29.999,-7.7715885,110.3776679,29.991
1788427547.2503822,4.612365635189952,0.25655749484644735,0.9360193573830153,True,True,9.631868186859267,19.999999999999996,-7.7715863,110.3776142,29.999,-7.7715886,110.377656,29.988
1788427547.4527435,3.4359513614020556,0.2480881718591242,0.7951215776719167,True,True,9.892631089207702,20.0,-7.7715863,110.3776142,29.999,-7.7715886,110.3776453,29.987
1788427547.6578007,2.4373091887926583,0.2495354176302871,0.6552683177591474,True,True,10.910613875699333,20.0,-7.7715863,110.3776142,29.999,-7.7715886,110.3776362,29.986
1788427547.862455,1.599857226579362,0.2730923021194613,0.511807943982781,True,True,14.45761995813134,20.000000000000004,-7.7715862,110.3776142,29.999,-7.7715887,110.3776285,29.988
1788427548.0707004,1.599857226579362,0.2730923021194613,0.511807943982781,True,True,17.76440597514397,20.000000000000004,-7.7715862,110.3776142,29.999,-7.7715887,110.3776285,29.988
1788427548.2716863,0.9242316884142582,0.27447035169054296,0.3572962707876186,True,True,20.000000000000004,20.0,-7.7715862,110.3776142,29.999,-7.7715887,110.3776222,29.99
1788427548.4730093,0.4319223941412171,0.27452576781179977,0.17549073171189639,True,True,20.0,20.0,-7.7715862,110.3776142,29.999,-7.7715887,110.3776172,29.993
1788427548.6756032,0.2885146052084527,0.2885146052084527,0.0,True,True,20.0,20.0,-7.7715862,110.3776142,29.999,-7.7715887,110.3776135,29.995
1788427548.8768694,0.4664716543739646,0.4664716543739646,0.0,True,True,20.000000000000004,20.000000000000004,-7.7715863,110.3776142,29.999,-7.7715888,110.3776108,29.998
1788427549.0776238,0.6367844951867617,0.6367844951867617,0.0,True,True,20.0,20.000000000000007,-7.7715863,110.3776142,29.999,-7.7715888,110.377609,29.999
1788427549.2846997,0.6367844951867617,0.6367844951867617,0.0,True,True,20.0,19.999999999999996,-7.7715863,110.3776142,29.999,-7.7715888,110.377609,29.999
1788427549.487961,0.7272827649433194,0.7272827649433194,0.0,True,True,20.0,20.000000000000004,-7.7715863,110.3776142,29.999,-7.7715888,110.3776081,29.999
1788427549.7014608,0.7681906430839219,0.7681906430839219,0.0,True,True,20.0,20.0,-7.7715863,110.3776142,29.999,-7.7715888,110.3776077,29.999
1788427549.9060292,0.7476924589873014,0.13646968065222673,7.2085688826212815,True,True,20.0,20.000000000000004,-7.7715863,110.3776142,29.999,-7.7715888,110.3776079,29.998
1788427550.1114032,0.7114199068644799,0.21947976153112464,3.5421026112365706,True,True,20.0,20.0,-7.7715863,110.3776142,29.999,-7.7715889,110.3776083,29.997
1788427550.3227148,0.7114199068644799,0.21947976153112464,3.5421026112365706,True,True,20.0,20.0,-7.7715863,110.3776142,29.999,-7.7715889,110.3776083,29.997
1788427550.5230172,0.6614660421809088,0.23140768219620067,2.9375056665651607,True,True,20.000000000000004,20.0,-7.7715863,110.3776142,29.999,-7.7715889,110.3776088,29.997
1788427550.7372117,0.6123973199133353,0.21993451968524855,3.5445477333713917,True,True,19.999999999999996,20.0,-7.7715863,110.3776142,29.999,-7.7715889,110.3776093,29.996
1788427550.9461312,0.5796066301122206,0.10035990103928609,10.0,True,True,20.0,20.000000000000004,-7.7715863,110.3776142,29.998,-7.771589,110.3776097,29.995
1788427551.1477823,0.5702252418384699,0.5702252418384699,0.0,True,True,20.000000000000004,19.999999999999993,-7.7715863,110.3776142,29.998,-7.771589,110.3776098,29.993
1788427551.3638272,0.5669188165659965,0.5669188165659965,0.0,True,True,20.0,19.999999999999996,-7.7715863,110.3776142,29.998,-7.7715891,110.3776099,29.993
1788427551.5746796,0.5669188165659965,0.5669188165659965,0.0,True,True,20.000000000000004,19.999999999999996,-7.7715863,110.3776142,29.998,-7.7715891,110.3776099,29.993
1788427551.7889478,0.5761668142417247,0.5761668142417247,0.0,True,True,20.0,20.000000000000007,-7.7715863,110.3776142,29.998,-7.7715891,110.3776098,29.992
1788427551.9896955,0.5761668142417247,0.5761668142417247,0.0,True,True,20.000000000000004,20.0,-7.7715863,110.3776142,29.998,-7.7715891,110.3776098,29.992
1788427552.201823,0.5761668142417247,0.5761668142417247,0.0,True,True,20.0,19.999999999999996,-7.7715863,110.3776142,29.998,-7.7715891,110.3776098,29.992
1788427552.4082105,0.5822412347754078,0.5822412347754078,0.0,True,True,20.000000000000004,20.000000000000004,-7.7715863,110.3776142,29.998,-7.7715892,110.3776098,29.993
1788427552.6086488,0.5822412347754078,0.5485221261077498,4.735866443058289,True,True,19.999999999999996,20.0,-7.7715863,110.3776142,29.998,-7.7715892,110.3776098,29.993
1788427552.8148854,0.5822412347754078,0.5485221261077498,4.735866443058289,True,True,20.0,20.000000000000004,-7.7715863,110.3776142,29.998,-7.7715892,110.3776098,29.993
1788427553.0151393,0.5822618444246467,0.5485440026376791,4.735866443058289,True,True,19.999999999999996,20.0,-7.7715863,110.3776142,29.999,-7.7715892,110.3776098,29.992
1788427553.222897,0.5822618444246467,0.5485440026376791,4.735866443058289,True,True,20.000000000000004,20.000000000000004,-7.7715863,110.3776142,29.999,-7.7715892,110.3776098,29.992
1788427553.4246023,0.5884928200767205,0.5408167287934285,4.550615560179603,True,True,20.0,20.0,-7.7715863,110.3776142,29.999,-7.7715893,110.3776098,29.992
1788427553.6329846,0.5884928200767205,0.5408167287934285,4.550615560179603,True,True,20.0,20.000000000000004,-7.7715863,110.3776142,29.999,-7.7715893,110.3776098,29.992
1788427553.8346207,0.5884928200767205,0.5408167287934285,4.550615560179603,True,True,20.0,20.0,-7.7715863,110.3776142,29.999,-7.7715893,110.3776098,29.992
1788427554.0352943,0.5884928200767205,0.5408167287934285,4.550615560179603,True,True,20.0,19.999999999999993,-7.7715863,110.3776142,29.999,-7.7715893,110.3776098,29.992
1788427554.237449,0.5884928200767205,0.5408167287934285,4.550615560179603,True,True,20.000000000000004,20.0,-7.7715863,110.3776142,29.999,-7.7715893,110.3776098,29.992
1788427554.4383395,0.5884928200767205,0.5408167287934285,4.550615560179603,True,True,20.0,20.0,-7.7715863,110.3776142,29.999,-7.7715893,110.3776098,29.992
1788427554.639683,0.5884928200767205,0.5408167287934285,4.550615560179603,True,True,19.999999999999996,19.999999999999996,-7.7715863,110.3776142,29.999,-7.7715893,110.3776098,29.992
1788427554.8414452,0.5884928200767205,0.5408167287934285,4.550615560179603,True,True,20.000000000000004,19.999999999999996,-7.7715863,110.3776142,29.999,-7.7715893,110.3776098,29.992
1788427555.0434933,0.5884928200767205,0.5408167287934285,4.550615560179603,True,True,19.999999999999996,20.000000000000007,-7.7715863,110.3776142,29.999,-7.7715893,110.3776098,29.992
1788427555.2577038,0.5884928200767205,0.5408167287934285,4.550615560179603,True,True,19.999999999999996,20.0,-7.7715863,110.3776142,29.999,-7.7715893,110.3776098,29.992
1788427555.45925,0.5976008856372577,0.4958306294954126,6.67169559763086,True,True,20.000000000000004,19.999999999999996,-7.7715863,110.3776142,29.999,-7.7715893,110.3776097,29.992
1788427555.674323,0.5976008856372577,0.4958306294954126,6.67169559763086,True,True,20.0,20.0,-7.7715863,110.3776142,29.999,-7.7715893,110.3776097,29.992
1788427555.8756783,0.5976008856372577,0.4958306294954126,6.67169559763086,True,True,19.999999999999996,20.000000000000004,-7.7715863,110.3776142,29.999,-7.7715893,110.3776097,29.992
1788427556.0780346,0.59146586928339,0.49583062943637124,6.449305743718092,True,True,20.000000000000004,20.0,-7.7715864,110.3776142,29.999,-7.7715893,110.3776097,29.992
1788427556.278468,0.5914785495072126,0.495845755338561,8.061632179647617,True,True,20.000000000000004,19.999999999999993,-7.7715864,110.3776142,30.0,-7.7715893,110.3776097,29.992
1788427556.4797785,0.5914785495072126,0.4033836905360149,10.0,True,True,20.0,20.0,-7.7715864,110.3776142,30.0,-7.7715893,110.3776097,29.992
1788427556.6848776,0.5914785495072126,0.4033836905360149,10.0,True,True,20.0,19.999999999999996,-7.7715864,110.3776142,30.0,-7.7715893,110.3776097,29.992
1788427556.887058,0.5914785495072126,0.4033836905360149,10.0,True,True,20.0,20.0,-7.7715864,110.3776142,30.0,-7.7715893,110.3776097,29.992
1788427557.0905366,0.5914785495072126,0.4033836905360149,10.0,True,True,20.0,20.0,-7.7715864,110.3776142,30.0,-7.7715893,110.3776097,29.992
1788427557.2987735,0.5914785495072126,0.4033836905360149,10.0,True,True,20.0,20.0,-7.7715864,110.3776142,30.0,-7.7715893,110.3776097,29.992
1788427557.5075555,0.5914785495072126,0.4033836905360149,10.0,True,True,20.000000000000004,19.999999999999996,-7.7715864,110.3776142,30.0,-7.7715893,110.3776097,29.992
1788427557.7119627,0.5914785495072126,0.4033836905360149,10.0,True,True,20.0,20.000000000000007,-7.7715864,110.3776142,30.0,-7.7715893,110.3776097,29.992
1788427557.9310486,0.5976134356876817,0.4013947578250292,10.0,True,True,19.999999999999996,20.0,-7.7715863,110.3776142,30.0,-7.7715893,110.3776097,29.992
1788427558.1328106,0.5976134356876817,0.4013947578250292,10.0,True,True,19.999999999999996,20.0,-7.7715863,110.3776142,30.0,-7.7715893,110.3776097,29.992
1788427558.3387964,0.5976134356876817,0.4013947578250292,10.0,True,True,19.999999999999996,20.0,-7.7715863,110.3776142,30.0,-7.7715893,110.3776097,29.992
1788427558.5418563,0.5914785496600431,0.3964990029313477,10.0,True,True,20.0,19.999999999999996,-7.7715863,110.3776142,30.0,-7.7715892,110.3776097,29.992
1788427558.7451098,0.5914785496600431,0.3964990029313477,10.0,True,True,20.0,19.999999999999996,-7.7715863,110.3776142,30.0,-7.7715892,110.3776097,29.992
1788427558.9587512,0.5914785496600431,0.3964990029313477,10.0,True,True,20.0,20.0,-7.7715863,110.3776142,30.0,-7.7715892,110.3776097,29.992
1788427559.167532,0.5914785496600431,0.3964990029313477,10.0,True,True,20.0,20.0,-7.7715863,110.3776142,30.0,-7.7715892,110.3776097,29.992
1788427559.3752563,0.5914785496600431,0.4143724372861762,10.0,True,True,20.0,20.0,-7.7715863,110.3776142,30.0,-7.7715892,110.3776097,29.992
1788427559.5786004,0.5914785496600431,0.4143724372861762,10.0,True,True,19.999999999999996,20.0,-7.7715863,110.3776142,30.0,-7.7715892,110.3776097,29.992
1788427559.7793245,0.5914785496600431,0.4143724372861762,10.0,True,True,20.0,19.999999999999996,-7.7715863,110.3776142,30.0,-7.7715892,110.3776097,29.992
1788427559.9873173,0.5914785496600431,0.4143724372861762,10.0,True,True,20.0,19.999999999999996,-7.7715863,110.3776142,30.0,-7.7715892,110.3776097,29.992
1788427560.1947062,0.5914785496600431,0.4143724372861762,10.0,True,True,20.0,20.0,-7.7715863,110.3776142,30.0,-7.7715892,110.3776097,29.992
1788427560.403409,0.5914929202517543,0.4143929497258442,10.0,True,True,20.000000000000004,20.0,-7.7715863,110.3776142,30.0,-7.7715892,110.3776097,29.991
1788427560.6054242,0.5914929202517543,0.4143929497258442,10.0,True,True,20.000000000000004,20.000000000000004,-7.7715863,110.3776142,30.0,-7.7715892,110.3776097,29.991
1788427560.816122,0.5914929202517543,0.3965204399845649,10.0,True,True,20.000000000000004,20.0,-7.7715863,110.3776142,30.0,-7.7715892,110.3776097,29.991
1788427561.0165777,0.5914929202517543,0.3965204399845649,10.0,True,True,20.000000000000004,20.000000000000007,-7.7715863,110.3776142,30.0,-7.7715892,110.3776097,29.991
1788427561.223702,0.5914929202517543,0.3965204399845649,10.0,True,True,20.0,20.0,-7.7715863,110.3776142,30.0,-7.7715892,110.3776097,29.991
1788427561.4246387,0.5914929202517543,0.3965204399845649,10.0,True,True,20.0,20.0,-7.7715863,110.3776142,30.0,-7.7715892,110.3776097,29.991
1788427561.6254244,0.5822893228222474,0.38552420460749487,10.0,True,True,20.0,20.000000000000004,-7.7715863,110.3776142,30.0,-7.7715892,110.3776098,29.991
1788427561.8256094,0.5822747250849821,0.38550215607469895,10.0,True,True,20.0,19.999999999999996,-7.7715863,110.3776142,30.0,-7.7715892,110.3776098,29.992
1788427562.034968,0.5822747250849821,0.38550215607469895,10.0,True,True,20.0,20.000000000000004,-7.7715863,110.3776142,30.0,-7.7715892,110.3776098,29.992
1788427562.239596,0.5822747250849821,0.4853500624312231,10.0,True,True,20.0,20.000000000000007,-7.7715863,110.3776142,30.0,-7.7715892,110.3776098,29.992
1788427562.4460926,0.5822747250849821,0.4853500624312231,10.0,True,True,20.0,20.0,-7.7715863,110.3776142,30.0,-7.7715892,110.3776098,29.992
1788427562.646964,0.5822618444246468,0.48533460942116236,10.0,True,True,20.000000000000004,20.000000000000004,-7.7715863,110.3776142,30.0,-7.7715892,110.3776098,29.993
1788427562.850386,0.5822618444246468,0.48533460942116236,10.0,True,True,20.000000000000004,19.999999999999996,-7.7715863,110.3776142,30.0,-7.7715892,110.3776098,29.993
1788427563.0566156,0.5822618444246468,0.48533460942116236,10.0,True,True,20.0,19.999999999999996,-7.7715863,110.3776142,30.0,-7.7715892,110.3776098,29.993
1788427563.2643502,0.5822618444246468,0.48533460942116236,10.0,True,True,20.0,20.0,-7.7715863,110.3776142,30.0,-7.7715892,110.3776098,29.993
1788427563.4652648,0.5822618444246468,0.48533460942116236,10.0,True,True,20.0,20.0,-7.7715863,110.3776142,30.0,-7.7715892,110.3776098,29.993
1788427563.667395,0.5822618444246468,0.48533460942116236,10.0,True,True,20.0,20.0,-7.7715863,110.3776142,30.0,-7.7715892,110.3776098,29.993
1788427563.8696885,0.5822618444246468,0.48533460942116236,10.0,True,True,20.0,20.0,-7.7715863,110.3776142,30.0,-7.7715892,110.3776098,29.993
1788427564.0716026,0.5822618444246468,0.48533460942116236,10.0,True,True,20.000000000000004,20.0,-7.7715863,110.3776142,30.0,-7.7715892,110.3776098,29.993
1788427564.2719076,0.5822618444246468,0.48533460942116236,10.0,True,True,20.0,20.000000000000004,-7.7715863,110.3776142,30.0,-7.7715892,110.3776098,29.993
1788427564.4735944,0.5822618444246468,0.48533460942116236,10.0,True,True,19.999999999999996,19.999999999999996,-7.7715863,110.3776142,30.0,-7.7715892,110.3776098,29.993
1788427564.6742775,0.5822618444246468,0.48533460942116236,10.0,True,True,19.999999999999996,20.0,-7.7715863,110.3776142,30.0,-7.7715892,110.3776098,29.993
1788427564.8756993,0.5822618444246468,0.48533460942116236,10.0,True,True,20.000000000000004,19.999999999999993,-7.7715863,110.3776142,30.0,-7.7715892,110.3776098,29.993
1788427565.0796602,0.5822618444246468,0.48533460942116236,10.0,True,True,20.0,19.999999999999996,-7.7715863,110.3776142,30.0,-7.7715892,110.3776098,29.993
1788427565.2803712,0.5822618444246468,0.48533460942116236,10.0,True,True,20.0,20.0,-7.7715863,110.3776142,30.0,-7.7715892,110.3776098,29.993
1788427565.4873154,0.5822618444246468,0.48533460942116236,10.0,True,True,20.0,20.0,-7.7715863,110.3776142,30.0,-7.7715892,110.3776098,29.993
1788427565.6880355,0.5822618444246468,0.48533460942116236,10.0,True,True,20.0,20.0,-7.7715863,110.3776142,30.0,-7.7715892,110.3776098,29.993
1788427565.8962905,0.5761780954891522,0.48494713213719526,10.0,True,True,20.0,19.999999999999996,-7.7715864,110.3776142,30.0,-7.7715892,110.3776098,29.993
1788427566.096421,0.5761780954891522,0.497436307365974,10.0,True,True,20.000000000000004,20.0,-7.7715864,110.3776142,30.0,-7.7715892,110.3776098,29.993
1788427566.3002064,0.5761780954891522,0.497436307365974,10.0,True,True,20.000000000000004,20.0,-7.7715864,110.3776142,30.0,-7.7715892,110.3776098,29.993
1788427566.5003572,0.5761780954891522,0.497436307365974,10.0,True,True,19.999999999999996,20.0,-7.7715864,110.3776142,30.0,-7.7715892,110.3776098,29.993
1788427566.7052195,0.5761780954891522,0.497436307365974,10.0,True,True,20.0,19.999999999999993,-7.7715864,110.3776142,30.0,-7.7715892,110.3776098,29.993
1788427566.914707,0.5761780954891522,0.497436307365974,10.0,True,True,20.0,20.0,-7.7715864,110.3776142,30.0,-7.7715892,110.3776098,29.993
1788427567.1212173,0.5761780954891522,0.497436307365974,10.0,True,True,20.000000000000004,20.0,-7.7715864,110.3776142,30.0,-7.7715892,110.3776098,29.993
1788427567.3272219,0.5761780954891522,0.497436307365974,10.0,True,True,20.0,20.0,-7.7715864,110.3776142,30.0,-7.7715892,110.3776098,29.993
1788427567.5278552,0.5761780954891522,0.48494713213719526,10.0,True,True,19.999999999999996,19.999999999999996,-7.7715864,110.3776142,30.0,-7.7715892,110.3776098,29.993
1788427567.731298,0.5761780954891522,0.48494713213719526,10.0,True,True,20.0,20.0,-7.7715864,110.3776142,30.0,-7.7715892,110.3776098,29.993
1788427567.9319956,0.5761780954891522,0.48494713213719526,10.0,True,True,20.0,20.0,-7.7715864,110.3776142,30.0,-7.7715892,110.3776098,29.993
1788427568.1334755,0.5761780954891522,0.48494713213719526,10.0,True,True,20.0,20.0,-7.7715864,110.3776142,30.0,-7.7715892,110.3776098,29.993
1788427568.3338442,0.5761780954891522,0.48494713213719526,10.0,True,True,19.999999999999996,19.999999999999996,-7.7715864,110.3776142,30.0,-7.7715892,110.3776098,29.993
1788427568.542752,0.5761780954891522,0.48494713213719526,10.0,True,True,20.0,20.0,-7.7715864,110.3776142,30.0,-7.7715892,110.3776098,29.993
1788427568.7510498,0.5761668141445727,0.4974232401948021,10.0,True,True,19.999999999999996,19.999999999999993,-7.7715864,110.3776142,30.0,-7.7715892,110.3776098,29.994
1788427568.9589891,0.5761668141445727,0.4974232401948021,10.0,True,True,20.000000000000004,19.999999999999996,-7.7715864,110.3776142,30.0,-7.7715892,110.3776098,29.994
1788427569.1606607,0.5761668141445727,0.4974232401948021,10.0,True,True,19.999999999999996,20.000000000000007,-7.7715864,110.3776142,30.0,-7.7715892,110.3776098,29.994
1788427569.3679824,0.5761668141445727,0.4974232401948021,10.0,True,True,20.0,20.0,-7.7715864,110.3776142,30.0,-7.7715892,110.3776098,29.994
1788427569.570152,0.5761668141445727,0.4974232401948021,10.0,True,True,20.0,20.000000000000004,-7.7715864,110.3776142,30.0,-7.7715892,110.3776098,29.994
1788427569.7717066,0.5761668141445727,0.4974232401948021,10.0,True,True,20.0,19.999999999999996,-7.7715864,110.3776142,30.0,-7.7715892,110.3776098,29.994
1788427569.9729636,0.5761668141445727,0.4974232401948021,10.0,True,True,20.0,20.000000000000004,-7.7715864,110.3776142,30.0,-7.7715892,110.3776098,29.994
1788427570.1809387,0.5761780954891522,0.497436307365974,10.0,True,True,20.0,20.0,-7.7715864,110.3776142,30.001,-7.7715892,110.3776098,29.994
1788427570.3968074,0.5761780954891522,0.497436307365974,10.0,True,True,20.0,20.000000000000004,-7.7715864,110.3776142,30.001,-7.7715892,110.3776098,29.994
1788427570.59772,0.5761780954891522,0.497436307365974,10.0,True,True,20.0,20.000000000000004,-7.7715864,110.3776142,30.001,-7.7715892,110.3776098,29.994
1788427570.799418,0.5761780954891522,0.497436307365974,10.0,True,True,20.0,20.0,-7.7715864,110.3776142,30.001,-7.7715892,110.3776098,29.994
1788427571.0004854,0.5761780954891522,0.497436307365974,10.0,True,True,20.0,19.999999999999996,-7.7715864,110.3776142,30.001,-7.7715892,110.3776098,29.994
1788427571.215464,0.5761668141445727,0.4974232401948021,10.0,True,True,20.0,20.0,-7.7715864,110.3776142,30.0,-7.7715892,110.3776098,29.994
1788427571.4238465,0.5761668141445727,0.4974232401948021,10.0,True,True,19.999999999999996,20.0,-7.7715864,110.3776142,30.0,-7.7715892,110.3776098,29.994
1788427571.6261098,0.5761572682189356,0.49741218308953367,10.0,True,True,20.0,19.999999999999996,-7.7715864,110.3776142,30.0,-7.7715892,110.3776098,29.995
1788427571.8319774,0.5761572682189356,0.49741218308953367,10.0,True,True,19.999999999999996,20.0,-7.7715864,110.3776142,30.0,-7.7715892,110.3776098,29.995
1788427572.0322762,0.5761572682189356,0.49741218308953367,10.0,True,True,19.999999999999996,19.999999999999996,-7.7715864,110.3776142,30.0,-7.7715892,110.3776098,29.995
1788427572.2361512,0.5761494577985009,0.49740313618421805,10.0,True,True,20.000000000000004,20.000000000000004,-7.7715864,110.3776142,30.0,-7.7715892,110.3776098,29.996
1788427572.4418623,0.5761494577985009,0.49740313618421805,10.0,True,True,20.0,20.0,-7.7715864,110.3776142,30.0,-7.7715892,110.3776098,29.996
1788427572.6462376,0.5761494577985009,0.49740313618421805,10.0,True,True,20.0,20.000000000000004,-7.7715864,110.3776142,30.0,-7.7715892,110.3776098,29.996
1788427572.8469846,0.5702173500673141,0.495032630803702,10.0,True,True,20.0,19.999999999999993,-7.7715864,110.3776142,30.0,-7.7715891,110.3776098,29.996
1788427573.0562031,0.5702252417403055,0.4950417210300909,10.0,True,True,20.0,20.000000000000004,-7.7715864,110.3776142,30.001,-7.7715891,110.3776098,29.996
1788427573.2644043,0.5702252417403055,0.4950417210300909,10.0,True,True,20.0,20.000000000000004,-7.7715864,110.3776142,30.001,-7.7715891,110.3776098,29.996
1788427573.4726799,0.5702252417403055,0.4950417210300909,10.0,True,True,19.999999999999996,20.0,-7.7715864,110.3776142,30.001,-7.7715891,110.3776098,29.996
1788427573.6738462,0.5702252417403055,0.4950417210300909,10.0,True,True,20.0,19.999999999999996,-7.7715864,110.3776142,30.001,-7.7715891,110.3776098,29.996
1788427573.8756773,0.5702252417403055,0.4950417210300909,10.0,True,True,20.0,19.999999999999996,-7.7715864,110.3776142,30.001,-7.7715891,110.3776098,29.996
1788427574.0764098,0.5702252417403055,0.4950417210300909,10.0,True,True,19.999999999999996,19.999999999999996,-7.7715864,110.3776142,30.001,-7.7715891,110.3776098,29.996
1788427574.2761838,0.5702252417403055,0.4950417210300909,10.0,True,True,20.0,20.000000000000004,-7.7715864,110.3776142,30.001,-7.7715891,110.3776098,29.996
1788427574.4804475,0.5702252417403055,0.4950417210300909,10.0,True,True,19.999999999999996,20.0,-7.7715864,110.3776142,30.001,-7.7715891,110.3776098,29.996
1788427574.6809874,0.5702462856676839,0.49506596081778265,10.0,True,True,20.0,20.000000000000004,-7.7715864,110.3776142,30.002,-7.7715891,110.3776098,29.995
1788427574.8822165,0.5702462856676839,0.49506596081778265,10.0,True,True,20.000000000000004,20.000000000000004,-7.7715864,110.3776142,30.002,-7.7715891,110.3776098,29.995
1788427575.0841572,0.5702462856676839,0.49506596081778265,10.0,True,True,20.0,20.000000000000004,-7.7715864,110.3776142,30.002,-7.7715891,110.3776098,29.995
1788427575.2845807,0.5702462856676839,0.49506596081778265,10.0,True,True,20.0,20.0,-7.7715864,110.3776142,30.002,-7.7715891,110.3776098,29.995
1788427575.4875739,0.5702594377279431,0.49508111008241296,10.0,True,True,20.0,19.999999999999996,-7.7715864,110.3776142,30.002,-7.7715891,110.3776098,29.994
1788427575.6880443,0.5702594377279431,0.48482991366226214,10.0,True,True,20.0,20.0,-7.7715864,110.3776142,30.002,-7.7715891,110.3776098,29.994
1788427575.888909,0.5702743430295544,0.4848474452668144,10.0,True,True,20.0,20.0,-7.7715864,110.3776142,30.003,-7.7715891,110.3776098,29.994
1788427576.0911815,0.5702743430295544,0.4848474452668144,10.0,True,True,20.000000000000004,19.999999999999996,-7.7715864,110.3776142,30.003,-7.7715891,110.3776098,29.994
1788427576.291755,0.5702594377279431,0.48482991366226214,10.0,True,True,20.0,20.0,-7.7715864,110.3776142,30.002,-7.7715891,110.3776098,29.994
1788427576.5007894,0.5702462856676839,0.4848144440729428,10.0,True,True,20.0,19.999999999999996,-7.7715864,110.3776142,30.002,-7.7715891,110.3776098,29.995
1788427576.7016554,0.5702462856676839,0.4848144440729428,10.0,True,True,20.0,20.0,-7.7715864,110.3776142,30.002,-7.7715891,110.3776098,29.995
1788427576.903121,0.5702462856676839,0.4848144440729428,10.0,True,True,20.0,19.999999999999996,-7.7715864,110.3776142,30.002,-7.7715891,110.3776098,29.995
1788427577.1042373,0.5702252417403055,0.4847896917032752,10.0,True,True,20.0,20.0,-7.7715864,110.3776142,30.001,-7.7715891,110.3776098,29.996
1788427577.3061905,0.5702252417403055,0.4847896917032752,10.0,True,True,20.0,20.0,-7.7715864,110.3776142,30.001,-7.7715891,110.3776098,29.996
1788427577.507794,0.5702252417403055,0.4847896917032752,10.0,True,True,20.0,19.999999999999996,-7.7715864,110.3776142,30.001,-7.7715891,110.3776098,29.996
1788427577.7087553,0.5702252417403055,0.4847896917032752,10.0,True,True,20.0,20.0,-7.7715864,110.3776142,30.001,-7.7715891,110.3776098,29.996
1788427577.9236813,0.5702252417403055,0.4950417210300909,10.0,True,True,20.0,19.999999999999996,-7.7715864,110.3776142,30.001,-7.7715891,110.3776098,29.996
1788427578.139225,0.5702252417403055,0.4950417210300909,10.0,True,True,20.000000000000004,19.999999999999996,-7.7715864,110.3776142,30.001,-7.7715891,110.3776098,29.996
1788427578.3418,0.5702252417403055,0.4950417210300909,10.0,True,True,20.0,19.999999999999993,-7.7715864,110.3776142,30.001,-7.7715891,110.3776098,29.996
1788427578.5489893,0.5702252417403055,0.4847896917032752,10.0,True,True,19.999999999999996,19.999999999999996,-7.7715864,110.3776142,30.001,-7.7715891,110.3776098,29.996
1788427578.7582805,0.5702252417403055,0.4847896917032752,10.0,True,True,20.0,20.0,-7.7715864,110.3776142,30.001,-7.7715891,110.3776098,29.996
1788427578.9722896,0.5702252417403055,0.4950417210300909,10.0,True,True,20.0,19.999999999999993,-7.7715864,110.3776142,30.001,-7.7715891,110.3776098,29.996
1788427579.1773288,0.5702173500673141,0.495032630803702,10.0,True,True,20.0,20.000000000000004,-7.7715864,110.3776142,30.0,-7.7715891,110.3776098,29.996
1788427579.3824866,0.5702252417403055,0.4950417210300909,10.0,True,True,20.0,19.999999999999996,-7.7715864,110.3776142,30.001,-7.7715891,110.3776098,29.996
1788427579.5891857,0.5702252417403055,0.4950417210300909,10.0,True,True,20.000000000000004,20.0,-7.7715864,110.3776142,30.001,-7.7715891,110.3776098,29.996
1788427579.8074443,0.5702348869700886,0.49505283108011244,10.0,True,True,20.0,20.0,-7.7715864,110.3776142,30.002,-7.7715891,110.3776098,29.996
1788427580.0082853,0.5702348869700886,0.49505283108011244,10.0,True,True,19.999999999999996,20.0,-7.7715864,110.3776142,30.002,-7.7715891,110.3776098,29.996
1788427580.2155106,0.5702462856676839,0.4848144440729428,10.0,True,True,20.0,20.0,-7.7715864,110.3776142,30.002,-7.7715891,110.3776098,29.995
1788427580.424107,0.5702462856676839,0.4848144440729428,10.0,True,True,20.0,20.0,-7.7715864,110.3776142,30.002,-7.7715891,110.3776098,29.995
1788427580.6255126,0.5702462856676839,0.4848144440729428,10.0,True,True,20.000000000000004,20.0,-7.7715864,110.3776142,30.002,-7.7715891,110.3776098,29.995
1788427580.8380082,0.5702462856676839,0.4848144440729428,10.0,True,True,19.999999999999996,20.0,-7.7715864,110.3776142,30.002,-7.7715891,110.3776098,29.995
1788427581.0389645,0.5702743430295544,0.4848474452668144,10.0,True,True,20.0,20.000000000000004,-7.7715864,110.3776142,30.003,-7.7715891,110.3776098,29.994
1788427581.2498174,0.5702594377279431,0.48482991366226214,10.0,True,True,20.0,19.999999999999993,-7.7715864,110.3776142,30.003,-7.7715891,110.3776098,29.995
1788427581.4585314,0.5702594377279431,0.49508111008241296,10.0,True,True,20.0,20.000000000000004,-7.7715864,110.3776142,30.003,-7.7715891,110.3776098,29.995
1788427581.6665332,0.570246285667684,0.4950659608177827,10.0,True,True,20.0,19.999999999999993,-7.7715864,110.3776142,30.003,-7.7715891,110.3776098,29.996
1788427581.8706172,0.5702348869700886,0.49505283108011244,10.0,True,True,20.000000000000007,20.000000000000007,-7.7715864,110.3776142,30.002,-7.7715891,110.3776098,29.996
1788427582.0839,0.5702348869700886,0.49505283108011244,10.0,True,True,20.0,20.0,-7.7715864,110.3776142,30.002,-7.7715891,110.3776098,29.996
1788427582.2850537,0.5702252417403055,0.4950417210300909,10.0,True,True,20.0,19.999999999999996,-7.7715864,110.3776142,30.001,-7.7715891,110.3776098,29.996
1788427582.5045743,0.5702252417403055,0.4950417210300909,10.0,True,True,20.0,20.0,-7.7715864,110.3776142,30.001,-7.7715891,110.3776098,29.996
1788427582.7117558,0.5702252417403055,0.4950417210300909,10.0,True,True,20.0,20.000000000000004,-7.7715864,110.3776142,30.001,-7.7715891,110.3776098,29.996
1788427582.917786,0.5702252417403055,0.4950417210300909,10.0,True,True,20.000000000000004,19.999999999999996,-7.7715864,110.3776142,30.001,-7.7715891,110.3776098,29.996
1788427583.1237237,0.5702252417403055,0.4950417210300909,10.0,True,True,19.999999999999996,20.0,-7.7715864,110.3776142,30.001,-7.7715891,110.3776098,29.996
1788427583.333272,0.5702252417403055,0.4950417210300909,10.0,True,True,20.0,20.0,-7.7715864,110.3776142,30.001,-7.7715891,110.3776098,29.996
1788427583.5338645,0.5702252417403055,0.4950417210300909,10.0,True,True,20.0,20.0,-7.7715864,110.3776142,30.001,-7.7715891,110.3776098,29.996
1788427583.7373066,0.5702252417403055,0.4950417210300909,10.0,True,True,20.0,20.000000000000004,-7.7715864,110.3776142,30.001,-7.7715891,110.3776098,29.996
1788427583.9384253,0.5702173500673141,0.495032630803702,10.0,True,True,19.999999999999996,20.000000000000007,-7.7715864,110.3776142,30.001,-7.7715891,110.3776098,29.997
1788427584.1386743,0.5702173500673141,0.495032630803702,10.0,True,True,20.0,20.0,-7.7715864,110.3776142,30.001,-7.7715891,110.3776098,29.997
1788427584.3389952,0.5702112120239217,0.4950255605122167,10.0,True,True,20.0,19.999999999999993,-7.7715864,110.3776142,30.0,-7.7715891,110.3776098,29.997
1788427584.542123,0.5702112120239217,0.4950255605122167,10.0,True,True,20.0,20.0,-7.7715864,110.3776142,30.0,-7.7715891,110.3776098,29.997
1788427584.7505107,0.5702112120239217,0.4950255605122167,10.0,True,True,19.999999999999996,19.999999999999996,-7.7715864,110.3776142,30.0,-7.7715891,110.3776098,29.997
1788427584.9585798,0.5702112120239217,0.4950255605122167,10.0,True,True,20.0,20.000000000000007,-7.7715864,110.3776142,30.0,-7.7715891,110.3776098,29.997
1788427585.160696,0.5702112120239217,0.4950255605122167,10.0,True,True,20.0,20.000000000000007,-7.7715864,110.3776142,30.0,-7.7715891,110.3776098,29.997
1788427585.3609936,0.5702173500673141,0.495032630803702,10.0,True,True,20.0,20.0,-7.7715864,110.3776142,30.001,-7.7715891,110.3776098,29.997
1788427585.5649214,0.5702173500673141,0.495032630803702,10.0,True,True,20.0,20.0,-7.7715864,110.3776142,30.001,-7.7715891,110.3776098,29.997
1788427585.7652552,0.5702173500673141,0.495032630803702,10.0,True,True,19.999999999999996,20.0,-7.7715864,110.3776142,30.001,-7.7715891,110.3776098,29.997
1788427585.9675574,0.5702173500673141,0.495032630803702,10.0,True,True,20.000000000000004,20.0,-7.7715864,110.3776142,30.001,-7.7715891,110.3776098,29.997
1788427586.1686406,0.5702173500673141,0.495032630803702,10.0,True,True,20.0,20.0,-7.7715864,110.3776142,30.001,-7.7715891,110.3776098,29.997
1788427586.3751454,0.5702173500673141,0.495032630803702,10.0,True,True,20.000000000000004,20.0,-7.7715864,110.3776142,30.001,-7.7715891,110.3776098,29.997
1788427586.5838282,0.5702252417403054,0.49504172103009086,10.0,True,True,20.0,20.0,-7.7715864,110.3776142,30.002,-7.7715891,110.3776098,29.997
1788427586.784166,0.5702252417403054,0.49504172103009086,10.0,True,True,20.0,20.0,-7.7715864,110.3776142,30.002,-7.7715891,110.3776098,29.997
1788427586.9935124,0.5702462856676839,0.49506596081778265,10.0,True,True,20.0,20.0,-7.7715864,110.3776142,30.002,-7.7715891,110.3776098,29.995
1788427587.1955905,0.5702462856676839,0.49506596081778265,10.0,True,True,20.000000000000004,20.000000000000004,-7.7715864,110.3776142,30.002,-7.7715891,110.3776098,29.995
1788427587.4051487,0.5702743430295544,0.4950982786886199,10.0,True,True,20.0,20.000000000000004,-7.7715864,110.3776142,30.003,-7.7715891,110.3776098,29.994
1788427587.6054296,0.5702594377279431,0.49508111008241296,10.0,True,True,20.0,20.0,-7.7715864,110.3776142,30.003,-7.7715891,110.3776098,29.995
1788427587.815666,0.5702462856676839,0.49506596081778265,10.0,True,True,20.0,20.000000000000004,-7.7715864,110.3776142,30.002,-7.7715891,110.3776098,29.995
1788427588.022798,0.5702462856676839,0.49506596081778265,10.0,True,True,19.999999999999996,19.999999999999996,-7.7715864,110.3776142,30.002,-7.7715891,110.3776098,29.995
1788427588.2273843,0.5702462856676839,0.49506596081778265,10.0,True,True,20.0,20.000000000000004,-7.7715864,110.3776142,30.002,-7.7715891,110.3776098,29.995
1788427588.437692,0.5702348869700886,0.49505283108011244,10.0,True,True,20.0,20.000000000000007,-7.7715864,110.3776142,30.002,-7.7715891,110.3776098,29.996
1788427588.6513422,0.5702252417403055,0.4950417210300909,10.0,True,True,19.999999999999996,19.999999999999993,-7.7715864,110.3776142,30.001,-7.7715891,110.3776098,29.996
1788427588.8561983,0.5702252417403055,0.4950417210300909,10.0,True,True,20.0,20.000000000000004,-7.7715864,110.3776142,30.001,-7.7715891,110.3776098,29.996
1788427589.0646048,0.5702252417403055,0.4950417210300909,10.0,True,True,20.0,20.0,-7.7715864,110.3776142,30.001,-7.7715891,110.3776098,29.996
1788427589.2648544,0.5702252417403055,0.4950417210300909,10.0,True,True,20.0,20.0,-7.7715864,110.3776142,30.001,-7.7715891,110.3776098,29.996
1788427589.467728,0.5702252417403055,0.4950417210300909,10.0,True,True,19.999999999999996,19.999999999999993,-7.7715864,110.3776142,30.001,-7.7715891,110.3776098,29.996
1788427589.6754935,0.5702252417403055,0.4950417210300909,10.0,True,True,20.000000000000004,19.999999999999996,-7.7715864,110.3776142,30.001,-7.7715891,110.3776098,29.996
1788427589.8832843,0.5702173500673141,0.495032630803702,10.0,True,True,20.0,19.999999999999996,-7.7715864,110.3776142,30.001,-7.7715891,110.3776098,29.997
1788427590.0839124,0.5702173500673141,0.495032630803702,10.0,True,True,20.0,20.0,-7.7715864,110.3776142,30.001,-7.7715891,110.3776098,29.997
1788427590.2923112,0.5702173500673141,0.495032630803702,10.0,True,True,20.0,19.999999999999996,-7.7715864,110.3776142,30.001,-7.7715891,110.3776098,29.997
1788427590.5011835,0.5702173500673141,0.495032630803702,10.0,True,True,20.000000000000004,20.000000000000004,-7.7715864,110.3776142,30.001,-7.7715891,110.3776098,29.997
1788427590.702187,0.5702173500673141,0.495032630803702,10.0,True,True,20.0,20.0,-7.7715864,110.3776142,30.001,-7.7715891,110.3776098,29.997
1788427590.904087,0.5702112120239217,0.4950255605122167,10.0,True,True,19.999999999999996,20.000000000000004,-7.7715864,110.3776142,30.0,-7.7715891,110.3776098,29.997
1788427591.1112182,0.5702173500673141,0.495032630803702,10.0,True,True,20.0,20.0,-7.7715864,110.3776142,30.001,-7.7715891,110.3776098,29.997
1788427591.3218172,0.5702173500673141,0.495032630803702,10.0,True,True,20.0,20.0,-7.7715864,110.3776142,30.001,-7.7715891,110.3776098,29.997
1788427591.5217955,0.5702252417403054,0.49504172103009086,10.0,True,True,20.0,20.00000000000001,-7.7715864,110.3776142,30.002,-7.7715891,110.3776098,29.997
1788427591.7268574,0.5702252417403054,0.49504172103009086,10.0,True,True,20.0,19.999999999999996,-7.7715864,110.3776142,30.002,-7.7715891,110.3776098,29.997
1788427591.930887,0.5702252417403054,0.49504172103009086,10.0,True,True,20.0,20.000000000000007,-7.7715864,110.3776142,30.002,-7.7715891,110.3776098,29.997
1788427592.1318684,0.5702252417403054,0.49504172103009086,10.0,True,True,19.999999999999996,20.0,-7.7715864,110.3776142,30.002,-7.7715891,110.3776098,29.997
1788427592.3348076,0.5702252417403054,0.49504172103009086,10.0,True,True,20.0,20.000000000000004,-7.7715864,110.3776142,30.002,-7.7715891,110.3776098,29.997
1788427592.5351033,0.5702252417403054,0.49504172103009086,10.0,True,True,20.0,20.0,-7.7715864,110.3776142,30.002,-7.7715891,110.3776098,29.997
1788427592.7399368,0.5702252417403054,0.49504172103009086,10.0,True,True,20.000000000000004,20.0,-7.7715864,110.3776142,30.002,-7.7715891,110.3776098,29.997
1788427592.944746,0.5702348869700886,0.49505283108011244,10.0,True,True,19.999999999999996,20.0,-7.7715864,110.3776142,30.003,-7.7715891,110.3776098,29.997
1788427593.1550727,0.5702348869700886,0.49505283108011244,10.0,True,True,20.0,19.999999999999996,-7.7715864,110.3776142,30.003,-7.7715891,110.3776098,29.997
1788427593.3632085,0.5702348869700886,0.49505283108011244,10.0,True,True,20.0,20.000000000000007,-7.7715864,110.3776142,30.003,-7.7715891,110.3776098,29.997
1788427593.57748,0.5702252417403054,0.49504172103009086,10.0,True,True,20.0,20.000000000000004,-7.7715864,110.3776142,30.002,-7.7715891,110.3776098,29.997
1788427593.777582,0.5702252417403054,0.49504172103009086,10.0,True,True,20.0,20.0,-7.7715864,110.3776142,30.002,-7.7715891,110.3776098,29.997
1788427593.9891653,0.5702252417403054,0.49504172103009086,10.0,True,True,20.000000000000004,19.999999999999993,-7.7715864,110.3776142,30.002,-7.7715891,110.3776098,29.997
1788427594.1945553,0.5702252417403054,0.49504172103009086,10.0,True,True,20.000000000000004,20.0,-7.7715864,110.3776142,30.002,-7.7715891,110.3776098,29.997
1788427594.405583,0.5702173500673141,0.495032630803702,10.0,True,True,20.0,20.0,-7.7715864,110.3776142,30.001,-7.7715891,110.3776098,29.997
1788427594.6119523,0.5702173500673141,0.495032630803702,10.0,True,True,20.0,20.0,-7.7715864,110.3776142,30.001,-7.7715891,110.3776098,29.997
1788427594.8214748,0.5702173500673141,0.48478040923881877,10.0,True,True,20.0,19.999999999999996,-7.7715864,110.3776142,30.001,-7.7715891,110.3776098,29.997
1788427595.0221906,0.5702173500673141,0.48478040923881877,10.0,True,True,19.999999999999996,20.0,-7.7715864,110.3776142,30.001,-7.7715891,110.3776098,29.997
1788427595.2307427,0.5702173500673141,0.48478040923881877,10.0,True,True,20.0,20.000000000000007,-7.7715864,110.3776142,30.001,-7.7715891,110.3776098,29.997
1788427595.4315717,0.5702173500673141,0.48478040923881877,10.0,True,True,20.0,20.0,-7.7715864,110.3776142,30.001,-7.7715891,110.3776098,29.997
1788427595.6394508,0.5702173500673141,0.48478040923881877,10.0,True,True,20.0,20.0,-7.7715864,110.3776142,30.001,-7.7715891,110.3776098,29.997
1788427595.839906,0.5702173500673141,0.48478040923881877,10.0,True,True,19.999999999999996,20.0,-7.7715864,110.3776142,30.001,-7.7715891,110.3776098,29.997
1788427596.0426247,0.5702173500673141,0.495032630803702,10.0,True,True,20.0,20.0,-7.7715864,110.3776142,30.001,-7.7715891,110.3776098,29.997
1788427596.2441418,0.5702252417403055,0.4950417210300909,10.0,True,True,20.0,20.000000000000004,-7.7715864,110.3776142,30.001,-7.7715891,110.3776098,29.996
1788427596.4452782,0.5702252417403055,0.4950417210300909,10.0,True,True,20.0,20.000000000000007,-7.7715864,110.3776142,30.001,-7.7715891,110.3776098,29.996
1788427596.6554573,0.5702348869700886,0.49505283108011244,10.0,True,True,20.0,20.000000000000007,-7.7715864,110.3776142,30.001,-7.7715891,110.3776098,29.995
1788427596.8614755,0.5702348869700886,0.49505283108011244,10.0,True,True,19.999999999999996,20.0,-7.7715864,110.3776142,30.001,-7.7715891,110.3776098,29.995
1788427597.0718718,0.5702462856676839,0.49506596081778265,10.0,True,True,20.0,20.0,-7.7715864,110.3776142,30.002,-7.7715891,110.3776098,29.995
1788427597.2720032,0.5702594377279431,0.49508111008241296,10.0,True,True,20.0,20.0,-7.7715864,110.3776142,30.002,-7.7715891,110.3776098,29.994
1788427597.4731393,0.5702462856676839,0.5245336652104534,10.0,True,True,20.0,20.0,-7.7715864,110.3776142,30.002,-7.7715891,110.3776098,29.995
1788427597.6738982,0.5702462856676839,0.5245336652104534,10.0,True,True,20.0,20.000000000000004,-7.7715864,110.3776142,30.002,-7.7715891,110.3776098,29.995
1788427597.8819487,0.5702462856676839,0.5245336652104534,10.0,True,True,19.999999999999996,20.000000000000004,-7.7715864,110.3776142,30.002,-7.7715891,110.3776098,29.995
1788427598.0835426,0.5702594377279431,0.5245479634305257,10.0,True,True,19.999999999999993,20.0,-7.7715864,110.3776142,30.003,-7.7715891,110.3776098,29.995
1788427598.2847724,0.570246285667684,0.5245336652104535,10.0,True,True,20.0,20.000000000000004,-7.7715864,110.3776142,30.003,-7.7715891,110.3776098,29.996
1788427598.486444,0.570246285667684,0.5245336652104535,10.0,True,True,20.0,20.0,-7.7715864,110.3776142,30.003,-7.7715891,110.3776098,29.996
1788427598.6889179,0.5609104857848863,0.5143688488669969,10.0,True,True,20.0,19.999999999999993,-7.7715864,110.3776142,30.003,-7.7715891,110.3776099,29.996
1788427598.8911417,0.5608988973633636,0.5608988973633636,0.0,True,True,20.0,20.000000000000007,-7.7715864,110.3776142,30.002,-7.7715891,110.3776099,29.996
1788427599.0922506,0.5608988973633636,0.5608988973633636,0.0,True,True,20.0,19.999999999999996,-7.7715864,110.3776142,30.002,-7.7715891,110.3776099,29.996
1788427599.2984173,0.5608988973633636,0.5608988973633636,0.0,True,True,19.999999999999996,20.0,-7.7715864,110.3776142,30.002,-7.7715891,110.3776099,29.996
1788427599.5072777,0.5608988973633636,0.5608988973633636,0.0,True,True,20.0,20.000000000000004,-7.7715864,110.3776142,30.002,-7.7715891,110.3776099,29.996
1788427599.7089067,0.5608890915889141,0.5608890915889141,0.0,True,True,20.0,19.999999999999996,-7.7715864,110.3776142,30.001,-7.7715891,110.3776099,29.996
1788427599.9164605,0.5608810685550344,0.5608810685550344,0.0,True,True,20.0,20.0,-7.7715864,110.3776142,30.001,-7.7715891,110.3776099,29.997
1788427600.1238487,0.5608810685550344,0.5608810685550344,0.0,True,True,20.000000000000004,20.0,-7.7715864,110.3776142,30.001,-7.7715891,110.3776099,29.997
1788427600.3332222,0.5608810685550344,0.5608810685550344,0.0,True,True,20.0,20.0,-7.7715864,110.3776142,30.001,-7.7715891,110.3776099,29.997
1788427600.5348377,0.5550085475853699,0.5550085475853699,0.0,True,True,19.999999999999996,20.000000000000004,-7.7715864,110.3776142,30.001,-7.771589,110.3776099,29.997
1788427600.7397878,0.5550085475853699,0.5550085475853699,0.0,True,True,20.0,20.0,-7.7715864,110.3776142,30.001,-7.771589,110.3776099,29.997
1788427600.9449465,0.5550085475853699,0.5550085475853699,0.0,True,True,20.0,20.0,-7.7715864,110.3776142,30.001,-7.771589,110.3776099,29.997
1788427601.1507363,0.5550085475853699,0.5550085475853699,0.0,True,True,20.0,19.999999999999996,-7.7715864,110.3776142,30.001,-7.771589,110.3776099,29.997
1788427601.3509934,0.5550085475853699,0.5550085475853699,0.0,True,True,19.999999999999996,20.000000000000004,-7.7715864,110.3776142,30.001,-7.771589,110.3776099,29.997
1788427601.5558655,0.5550022413403587,0.5550022413403587,0.0,True,True,20.0,20.000000000000004,-7.7715864,110.3776142,30.0,-7.771589,110.3776099,29.997
1788427601.7577658,0.5550022413403587,0.5550022413403587,0.0,True,True,20.0,20.000000000000004,-7.7715864,110.3776142,30.0,-7.771589,110.3776099,29.997
1788427601.9585652,0.5550022413403587,0.5550022413403587,0.0,True,True,20.0,20.000000000000007,-7.7715864,110.3776142,30.0,-7.771589,110.3776099,29.997
1788427602.1679313,0.5550022413403587,0.5550022413403587,0.0,True,True,20.0,20.0,-7.7715864,110.3776142,30.0,-7.771589,110.3776099,29.997
1788427602.3758519,0.5550022413403587,0.5550022413403587,0.0,True,True,19.999999999999996,19.999999999999993,-7.7715864,110.3776142,30.0,-7.771589,110.3776099,29.997
1788427602.5832937,0.5550022413403587,0.5550022413403587,0.0,True,True,20.0,20.0,-7.7715864,110.3776142,30.0,-7.771589,110.3776099,29.997
1788427602.7853491,0.5550085475853699,0.5550085475853699,0.0,True,True,20.0,19.999999999999993,-7.7715864,110.3776142,30.001,-7.771589,110.3776099,29.997
1788427602.9932725,0.5550085475853699,0.5550085475853699,0.0,True,True,20.000000000000004,19.999999999999993,-7.7715864,110.3776142,30.001,-7.771589,110.3776099,29.997
1788427603.194623,0.5550085475853699,0.5550085475853699,0.0,True,True,19.999999999999996,20.0,-7.7715864,110.3776142,30.001,-7.771589,110.3776099,29.997
1788427603.3976648,0.5550166555093835,0.5550166555093835,0.0,True,True,20.000000000000004,20.0,-7.7715864,110.3776142,30.002,-7.771589,110.3776099,29.997
1788427603.5972512,0.5550166555093835,0.5550166555093835,0.0,True,True,20.000000000000004,20.0,-7.7715864,110.3776142,30.002,-7.771589,110.3776099,29.997
1788427603.8018324,0.5550166555093835,0.5550166555093835,0.0,True,True,20.0,20.000000000000004,-7.7715864,110.3776142,30.002,-7.771589,110.3776099,29.997
1788427604.0142033,0.5550166555093835,0.5550166555093835,0.0,True,True,20.0,20.0,-7.7715864,110.3776142,30.002,-7.771589,110.3776099,29.997
1788427604.2168894,0.5550166555093835,0.5550166555093835,0.0,True,True,20.000000000000004,20.000000000000004,-7.7715864,110.3776142,30.002,-7.771589,110.3776099,29.997
1788427604.4174948,0.5550166555093835,0.5550166555093835,0.0,True,True,20.0,20.000000000000004,-7.7715864,110.3776142,30.002,-7.771589,110.3776099,29.997
1788427604.6252532,0.555026565033442,0.555026565033442,0.0,True,True,20.0,20.000000000000004,-7.7715864,110.3776142,30.003,-7.771589,110.3776099,29.997
1788427604.8284202,0.555026565033442,0.555026565033442,0.0,True,True,20.000000000000004,20.000000000000004,-7.7715864,110.3776142,30.003,-7.771589,110.3776099,29.997
1788427605.0295138,0.555026565033442,0.555026565033442,0.0,True,True,20.0,19.999999999999996,-7.7715864,110.3776142,30.003,-7.771589,110.3776099,29.997
1788427605.230363,0.555026565033442,0.555026565033442,0.0,True,True,20.0,20.000000000000004,-7.7715864,110.3776142,30.003,-7.771589,110.3776099,29.997
1788427605.4308152,0.5550166555093835,0.5550166555093835,0.0,True,True,20.000000000000004,20.0,-7.7715864,110.3776142,30.002,-7.771589,110.3776099,29.997
1788427605.6390367,0.5550166555093835,0.5550166555093835,0.0,True,True,20.0,20.0,-7.7715864,110.3776142,30.002,-7.771589,110.3776099,29.997
1788427605.8469765,0.5550166555093835,0.5550166555093835,0.0,True,True,20.0,20.0,-7.7715864,110.3776142,30.002,-7.771589,110.3776099,29.997
1788427606.0556176,0.5550085475853699,0.5550085475853699,0.0,True,True,20.000000000000004,19.999999999999996,-7.7715864,110.3776142,30.001,-7.771589,110.3776099,29.997
1788427606.264212,0.5550085475853699,0.5550085475853699,0.0,True,True,20.0,20.000000000000004,-7.7715864,110.3776142,30.001,-7.771589,110.3776099,29.997
1788427606.46628,0.5550085475853699,0.5550085475853699,0.0,True,True,20.000000000000004,20.0,-7.7715864,110.3776142,30.001,-7.771589,110.3776099,29.997
1788427606.67333,0.5550085475853699,0.5550085475853699,0.0,True,True,20.0,20.0,-7.7715864,110.3776142,30.001,-7.771589,110.3776099,29.997
1788427606.875108,0.5456344908594132,0.5456344908594132,0.0,True,True,20.000000000000004,20.0,-7.7715864,110.3776142,30.001,-7.771589,110.37761,29.997
1788427607.0902598,0.5456344908594132,0.5456344908594132,0.0,True,True,20.0,20.0,-7.7715864,110.3776142,30.001,-7.771589,110.37761,29.997
1788427607.2997591,0.5456344908594132,0.5456344908594132,0.0,True,True,20.0,20.0,-7.7715864,110.3776142,30.001,-7.771589,110.37761,29.997
1788427607.50729,0.5456344908594132,0.5456344908594132,0.0,True,True,19.999999999999996,20.000000000000007,-7.7715864,110.3776142,30.001,-7.771589,110.37761,29.997
1788427607.7172182,0.5456344908594132,0.5456344908594132,0.0,True,True,20.0,20.0,-7.7715864,110.3776142,30.001,-7.771589,110.37761,29.997
1788427607.9234538,0.5456344908594132,0.5456344908594132,0.0,True,True,20.0,20.0,-7.7715864,110.3776142,30.001,-7.771589,110.37761,29.997
1788427608.13856,0.5456344908594132,0.5456344908594132,0.0,True,True,20.0,20.0,-7.7715864,110.3776142,30.001,-7.771589,110.37761,29.997
1788427608.3396251,0.5456280762712005,0.5456280762712005,0.0,True,True,20.0,19.999999999999996,-7.7715864,110.3776142,30.0,-7.771589,110.37761,29.997
1788427608.5487561,0.5456280762712005,0.5456280762712005,0.0,True,True,20.0,19.999999999999996,-7.7715864,110.3776142,30.0,-7.771589,110.37761,29.997
1788427608.7512364,0.5456280762712005,0.5456280762712005,0.0,True,True,20.000000000000004,20.0,-7.7715864,110.3776142,30.0,-7.771589,110.37761,29.997
1788427608.958781,0.5456280762712005,0.5456280762712005,0.0,True,True,20.0,20.000000000000004,-7.7715864,110.3776142,30.0,-7.771589,110.37761,29.997
1788427609.1670237,0.5456344908594132,0.5456344908594132,0.0,True,True,19.999999999999996,20.0,-7.7715864,110.3776142,30.001,-7.771589,110.37761,29.997
1788427609.3695672,0.5456344908594132,0.5456344908594132,0.0,True,True,20.0,20.000000000000007,-7.7715864,110.3776142,30.001,-7.771589,110.37761,29.997
1788427609.571457,0.5456344908594132,0.5456344908594132,0.0,True,True,20.000000000000004,20.000000000000004,-7.7715864,110.3776142,30.001,-7.771589,110.37761,29.997
1788427609.775992,0.5456344908594132,0.5456344908594132,0.0,True,True,20.0,20.0,-7.7715864,110.3776142,30.001,-7.771589,110.37761,29.997
1788427609.978808,0.5456344908594132,0.5456344908594132,0.0,True,True,20.000000000000004,20.0,-7.7715864,110.3776142,30.001,-7.771589,110.37761,29.997
1788427610.1877012,0.5456427380763085,0.5456427380763085,0.0,True,True,20.0,20.0,-7.7715864,110.3776142,30.002,-7.771589,110.37761,29.997
1788427610.391412,0.5456427380763085,0.5456427380763085,0.0,True,True,20.0,19.999999999999996,-7.7715864,110.3776142,30.002,-7.771589,110.37761,29.997
1788427610.5928597,0.5456427380763085,0.5456427380763085,0.0,True,True,20.0,19.999999999999993,-7.7715864,110.3776142,30.002,-7.771589,110.37761,29.997
1788427610.793991,0.5456427380763085,0.5456427380763085,0.0,True,True,20.000000000000004,20.000000000000004,-7.7715864,110.3776142,30.002,-7.771589,110.37761,29.997
1788427611.00562,0.5456427380763085,0.5456427380763085,0.0,True,True,20.0,20.000000000000007,-7.7715864,110.3776142,30.002,-7.771589,110.37761,29.997
1788427611.216595,0.5456427380763085,0.5456427380763085,0.0,True,True,19.999999999999996,20.000000000000004,-7.7715864,110.3776142,30.002,-7.771589,110.37761,29.997
1788427611.4177437,0.5456528178387893,0.5456528178387893,0.0,True,True,20.000000000000004,20.0,-7.7715864,110.3776142,30.003,-7.771589,110.37761,29.997
1788427611.6190457,0.5456528178387893,0.5456528178387893,0.0,True,True,20.0,20.000000000000004,-7.7715864,110.3776142,30.003,-7.771589,110.37761,29.997
1788427611.8202133,0.5456427380763085,0.5456427380763085,0.0,True,True,20.0,20.0,-7.7715864,110.3776142,30.002,-7.771589,110.37761,29.997
1788427612.028647,0.5398334916739265,0.5398334916739265,0.0,True,True,20.0,20.0,-7.7715864,110.3776142,30.002,-7.7715889,110.37761,29.997
1788427612.2374883,0.5398334916739265,0.5398334916739265,0.0,True,True,20.0,19.999999999999996,-7.7715864,110.3776142,30.002,-7.7715889,110.37761,29.997
1788427612.445288,0.5398334916739265,0.5398334916739265,0.0,True,True,20.0,19.999999999999996,-7.7715864,110.3776142,30.002,-7.7715889,110.37761,29.997
1788427612.6472647,0.5398251557058668,0.5398251557058668,0.0,True,True,20.0,20.0,-7.7715864,110.3776142,30.001,-7.7715889,110.37761,29.997
1788427612.8483875,0.5398251557058668,0.5398251557058668,0.0,True,True,20.0,20.000000000000007,-7.7715864,110.3776142,30.001,-7.7715889,110.37761,29.997
1788427613.05566,0.5398251557058668,0.5398251557058668,0.0,True,True,20.0,19.999999999999993,-7.7715864,110.3776142,30.001,-7.7715889,110.37761,29.997
1788427613.2648842,0.5398251557058668,0.5398251557058668,0.0,True,True,20.0,20.0,-7.7715864,110.3776142,30.001,-7.7715889,110.37761,29.997
1788427613.4657032,0.5398251557058668,0.5398251557058668,0.0,True,True,20.0,20.0,-7.7715864,110.3776142,30.001,-7.7715889,110.37761,29.997
1788427613.678611,0.5398334916739265,0.5398334916739265,0.0,True,True,20.000000000000004,20.0,-7.7715864,110.3776142,30.001,-7.7715889,110.37761,29.996
1788427613.8825572,0.5398334916739265,0.5398334916739265,0.0,True,True,20.0,20.000000000000007,-7.7715864,110.3776142,30.001,-7.7715889,110.37761,29.996
1788427614.0847867,0.5398334916739265,0.5398334916739265,0.0,True,True,20.0,19.999999999999996,-7.7715864,110.3776142,30.001,-7.7715889,110.37761,29.996
1788427614.28601,0.5398436799045286,0.5398436799045286,0.0,True,True,19.999999999999993,19.999999999999993,-7.7715864,110.3776142,30.001,-7.7715889,110.37761,29.995
1788427614.4940705,0.5398436799045286,0.5398436799045286,0.0,True,True,20.000000000000004,19.999999999999996,-7.7715864,110.3776142,30.001,-7.7715889,110.37761,29.995
1788427614.6948302,0.5398436799045286,0.5398436799045286,0.0,True,True,20.0,19.999999999999996,-7.7715864,110.3776142,30.001,-7.7715889,110.37761,29.995
1788427614.904053,0.5398436799045286,0.5398436799045286,0.0,True,True,20.0,19.999999999999993,-7.7715864,110.3776142,30.001,-7.7715889,110.37761,29.995
1788427615.1045291,0.5398436799045286,0.5398436799045286,0.0,True,True,20.0,20.000000000000004,-7.7715864,110.3776142,30.001,-7.7715889,110.37761,29.995
1788427615.3063698,0.5398557202928049,0.5398557202928049,0.0,True,True,20.0,19.999999999999996,-7.7715864,110.3776142,30.002,-7.7715889,110.37761,29.995
1788427615.5080216,0.5398436799045286,0.5398436799045286,0.0,True,True,20.0,19.999999999999996,-7.7715864,110.3776142,30.002,-7.7715889,110.37761,29.996
1788427615.709836,0.5398436799045286,0.5398436799045286,0.0,True,True,20.0,20.000000000000004,-7.7715864,110.3776142,30.002,-7.7715889,110.37761,29.996
1788427615.9105425,0.5398436799045286,0.5398436799045286,0.0,True,True,20.0,19.999999999999996,-7.7715864,110.3776142,30.002,-7.7715889,110.37761,29.996
1788427616.111396,0.5398436799045286,0.5398436799045286,0.0,True,True,20.0,20.000000000000004,-7.7715864,110.3776142,30.002,-7.7715889,110.37761,29.996
1788427616.3131824,0.5398436799045286,0.5382306699472745,1.8649100037112354,True,True,19.999999999999996,20.000000000000004,-7.7715864,110.3776142,30.002,-7.7715889,110.37761,29.996
1788427616.5243795,0.5398334916739265,0.5382204511832415,1.8649100037112354,True,True,20.000000000000004,19.999999999999996,-7.7715864,110.3776142,30.002,-7.7715889,110.37761,29.997
1788427616.7379444,0.5398436799045286,0.5382306699472745,1.8649100037112354,True,True,20.000000000000004,20.0,-7.7715864,110.3776142,30.003,-7.7715889,110.37761,29.997
1788427616.9494653,0.5398436799045286,0.5382306699472745,1.8649100037112354,True,True,20.000000000000004,20.000000000000007,-7.7715864,110.3776142,30.003,-7.7715889,110.37761,29.997
1788427617.1625137,0.5398436799045286,0.5382306699472745,1.8649100037112354,True,True,20.0,20.000000000000004,-7.7715864,110.3776142,30.003,-7.7715889,110.37761,29.997
1788427617.368077,0.5398436799045286,0.5382306699472745,1.8649100037112354,True,True,20.0,20.0,-7.7715864,110.3776142,30.003,-7.7715889,110.37761,29.997
1788427617.5778933,0.5398436799045286,0.5398436799045286,0.0,True,True,20.0,19.999999999999996,-7.7715864,110.3776142,30.003,-7.7715889,110.37761,29.997
1788427617.7788243,0.5398334916739265,0.5398334916739265,0.0,True,True,20.0,20.0,-7.7715864,110.3776142,30.002,-7.7715889,110.37761,29.997
1788427617.9885232,0.5304200923465444,0.5304200923465444,0.0,True,True,20.0,20.0,-7.7715864,110.3776142,30.002,-7.7715889,110.3776101,29.997
1788427618.1907175,0.5304200923465444,0.5304200923465444,0.0,True,True,20.0,19.999999999999996,-7.7715864,110.3776142,30.002,-7.7715889,110.3776101,29.997
1788427618.4022582,0.5304200923465444,0.5304200923465444,0.0,True,True,20.0,20.0,-7.7715864,110.3776142,30.002,-7.7715889,110.3776101,29.997
1788427618.6032054,0.5304116084371804,0.5304116084371804,0.0,True,True,20.0,20.000000000000007,-7.7715864,110.3776142,30.001,-7.7715889,110.3776101,29.997
1788427618.8053284,0.5304116084371804,0.5304116084371804,0.0,True,True,20.0,20.0,-7.7715864,110.3776142,30.001,-7.7715889,110.3776101,29.997
1788427619.0096807,0.5304116084371804,0.5304116084371804,0.0,True,True,19.999999999999996,20.000000000000004,-7.7715864,110.3776142,30.001,-7.7715889,110.3776101,29.997
1788427619.2153983,0.5304116084371804,0.5304116084371804,0.0,True,True,20.0,20.0,-7.7715864,110.3776142,30.001,-7.7715889,110.3776101,29.997
1788427619.418704,0.5304116084371804,0.5304116084371804,0.0,True,True,20.0,20.000000000000004,-7.7715864,110.3776142,30.001,-7.7715889,110.3776101,29.997
1788427619.6202455,0.5304116084371804,0.5304116084371804,0.0,True,True,20.0,20.0,-7.7715864,110.3776142,30.001,-7.7715889,110.3776101,29.997
1788427619.8226595,0.5304116084371804,0.5304116084371804,0.0,True,True,19.999999999999996,20.000000000000004,-7.7715864,110.3776142,30.001,-7.7715889,110.3776101,29.997
1788427620.023218,0.5304116084371804,0.5304116084371804,0.0,True,True,20.0,20.0,-7.7715864,110.3776142,30.001,-7.7715889,110.3776101,29.997
1788427620.2242835,0.5304116084371804,0.5304116084371804,0.0,True,True,20.000000000000004,20.0,-7.7715864,110.3776142,30.001,-7.7715889,110.3776101,29.997
1788427620.4307063,0.5304116084371804,0.5304116084371804,0.0,True,True,20.0,20.0,-7.7715864,110.3776142,30.001,-7.7715889,110.3776101,29.997
1788427620.6319292,0.5304116084371804,0.5304116084371804,0.0,True,True,20.0,20.0,-7.7715864,110.3776142,30.001,-7.7715889,110.3776101,29.997
1788427620.8335726,0.5304116084371804,0.5304116084371804,0.0,True,True,20.000000000000004,20.0,-7.7715864,110.3776142,30.001,-7.7715889,110.3776101,29.997
1788427621.035175,0.5304116084371804,0.5304116084371804,0.0,True,True,20.0,20.0,-7.7715864,110.3776142,30.001,-7.7715889,110.3776101,29.997
1788427621.2362995,0.5304116084371804,0.5304116084371804,0.0,True,True,19.999999999999996,20.0,-7.7715864,110.3776142,30.001,-7.7715889,110.3776101,29.997
1788427621.437814,0.5304200923465444,0.5304200923465444,0.0,True,True,20.0,20.0,-7.7715864,110.3776142,30.002,-7.7715889,110.3776101,29.997
1788427621.639793,0.5304200923465444,0.5304200923465444,0.0,True,True,20.000000000000004,20.0,-7.7715864,110.3776142,30.002,-7.7715889,110.3776101,29.997
1788427621.843005,0.5304200923465444,0.5304200923465444,0.0,True,True,20.0,20.0,-7.7715864,110.3776142,30.002,-7.7715889,110.3776101,29.997
1788427622.0441883,0.5304200923465444,0.5304200923465444,0.0,True,True,20.0,20.0,-7.7715864,110.3776142,30.002,-7.7715889,110.3776101,29.997
1788427622.244544,0.5304200923465444,0.5304200923465444,0.0,True,True,20.0,19.999999999999993,-7.7715864,110.3776142,30.002,-7.7715889,110.3776101,29.997
1788427622.445289,0.5304200923465444,0.5304200923465444,0.0,True,True,19.999999999999996,20.000000000000004,-7.7715864,110.3776142,30.002,-7.7715889,110.3776101,29.997
1788427622.6466773,0.5304304613848235,0.5304304613848235,0.0,True,True,20.0,20.000000000000007,-7.7715864,110.3776142,30.003,-7.7715889,110.3776101,29.997
1788427622.8478453,0.5305812608497559,0.5305812608497559,0.0,True,True,20.0,19.999999999999996,-7.7715864,110.3776142,30.003,-7.7715889,110.3776101,29.989
1788427623.0493143,0.5305812608497559,0.5305812608497559,0.0,True,True,20.0,20.0,-7.7715864,110.3776142,30.003,-7.7715889,110.3776101,29.989
1788427623.2499387,0.5344871133759135,0.5344871133759135,0.0,True,True,20.0,20.0,-7.7715864,110.3776142,30.003,-7.7715889,110.3776101,29.937
1788427623.4515202,0.5610788486165885,0.5610788486165885,0.0,True,True,20.0,20.0,-7.7715864,110.3776142,30.003,-7.7715889,110.3776101,29.82
1788427623.653774,0.645557491138408,0.645557491138408,0.0,True,True,20.0,19.999999999999996,-7.7715864,110.3776142,30.003,-7.7715889,110.3776101,29.635
1788427623.8555806,0.8189606061129652,0.8189606061129652,0.0,True,True,20.0,19.999999999999996,-7.7715864,110.3776142,30.003,-7.7715889,110.3776101,29.379
1788427624.0667863,0.8189606061129652,0.8189606061129652,0.0,True,True,20.0,20.0,-7.7715864,110.3776142,30.003,-7.7715889,110.3776101,29.379
1788427624.2776031,1.0889083865803026,1.0889083865803026,0.0,True,True,20.000000000000004,20.000000000000004,-7.7715864,110.3776142,30.003,-7.7715889,110.3776101,29.052
1788427624.479105,1.4355753112828724,1.4355753112828724,0.0,True,True,20.0,19.999999999999993,-7.7715864,110.3776142,30.003,-7.7715889,110.3776101,28.669
1788427624.680221,1.8094807195338993,1.8094807195338993,0.0,True,True,19.98347203337172,19.999999999999996,-7.7715864,110.3776142,30.002,-7.7715889,110.3776101,28.272
1788427624.8823907,2.193103844865746,2.193103844865746,0.0,True,True,15.301275582799555,20.0,-7.7715864,110.3776142,30.002,-7.7715889,110.3776101,27.874
1788427625.089981,2.193103844865746,2.193103844865746,0.0,True,True,12.14203875385993,19.999999999999996,-7.7715864,110.3776142,30.002,-7.7715889,110.3776101,27.874
1788427625.298204,2.5712985968893083,2.5712985968893083,0.0,True,True,9.412138752423054,20.0,-7.7715864,110.3776142,30.001,-7.7715889,110.3776101,27.485
1788427625.5073326,2.946137212413046,2.946137212413046,0.0,True,True,7.21055227798163,19.999999999999993,-7.7715864,110.3776142,30.001,-7.7715889,110.3776101,27.103
1788427625.7149413,3.314710315301313,3.314710315301313,0.0,True,True,5.501343331236712,20.0,-7.7715864,110.3776142,30.001,-7.7715889,110.3776101,26.729
1788427625.925125,3.6804190623303907,3.6804190623303907,0.0,True,True,4.194190001608153,20.000000000000004,-7.7715864,110.3776142,30.001,-7.7715889,110.3776101,26.359
1788427626.1266153,4.045916642043548,4.045916642043548,0.0,True,True,3.2030322432455156,20.0,-7.7715864,110.3776142,30.001,-7.7715889,110.3776101,25.99
1788427626.333697,4.045916642043548,4.045916642043548,0.0,True,True,2.5126571931032102,20.0,-7.7715864,110.3776142,30.001,-7.7715889,110.3776101,25.99
1788427626.5344646,4.412990083193585,4.412990083193585,0.0,True,True,1.9743275932392832,20.000000000000004,-7.7715864,110.3776142,30.001,-7.7715889,110.3776101,25.62
1788427626.7395878,4.784490095544659,4.784490095544659,0.0,True,True,1.5572998141696854,19.999999999999996,-7.7715864,110.3776142,30.001,-7.7715889,110.3776101,25.246
1788427626.9408145,5.153367488775173,5.153367488775173,0.0,True,True,1.2363990046236275,20.0,-7.7715864,110.3776142,30.001,-7.7715889,110.3776101,24.875
1788427627.1458292,5.521533887821838,5.521533887821838,0.0,True,True,0.9907294170395996,20.000000000000004,-7.7715864,110.3776142,30.001,-7.7715889,110.3776101,24.505
1788427627.3538282,5.892917908334114,5.892917908334114,0.0,True,True,0.8034849986204525,20.000000000000004,-7.7715864,110.3776142,30.001,-7.7715889,110.3776101,24.132
1788427627.555712,5.893913850266636,5.893913850266636,0.0,True,True,0.6740071102769764,19.999999999999993,-7.7715864,110.3776142,30.002,-7.7715889,110.3776101,24.132
1788427627.7576053,6.264493951977676,6.264493951977676,0.0,True,True,0.5727244135942585,20.000000000000004,-7.7715864,110.3776142,30.002,-7.7715889,110.3776101,23.76
1788427627.9607093,6.635232963081619,6.635232963081619,0.0,True,True,0.49454983393202534,20.000000000000004,-7.7715864,110.3776142,30.002,-7.7715889,110.3776101,23.388
1788427628.1664665,7.004111397912292,7.004111397912292,0.0,True,True,0.4350934579788034,19.999999999999996,-7.7715864,110.3776142,30.002,-7.7715889,110.3776101,23.018
1788427628.3698902,7.37609445942532,7.37609445942532,0.0,True,True,0.3904818241201782,19.999999999999996,-7.7715864,110.3776142,30.002,-7.7715889,110.3776101,22.645
1788427628.582962,7.377091871080698,7.377091871080698,0.0,True,True,0.36107233513324866,20.0,-7.7715864,110.3776142,30.003,-7.7715889,110.3776101,22.645
1788427628.785018,7.753163578460402,7.753163578460402,0.0,True,True,0.33825627662263064,20.000000000000004,-7.7715864,110.3776142,30.003,-7.7715889,110.3776101,22.268
1788427628.9947546,8.125329807113365,8.125329807113365,0.0,True,True,0.32090673404685144,20.0,-7.7715864,110.3776142,30.003,-7.7715889,110.3776101,21.895
1788427629.2077637,8.498567201261922,8.498567201261922,0.0,True,True,0.30789273731974787,20.0,-7.7715864,110.3776142,30.003,-7.7715889,110.3776101,21.521
1788427629.4174953,8.870870615354782,8.870870615354782,0.0,True,True,0.29823510301908923,20.000000000000004,-7.7715864,110.3776142,30.003,-7.7715889,110.3776101,21.148
1788427629.6243675,9.245226902265024,9.245226902265024,0.0,True,True,0.29111148934745146,19.999999999999996,-7.7715864,110.3776142,30.003,-7.7715889,110.3776101,20.773
1788427629.8338702,9.244228549444507,9.244228549444507,0.0,True,True,0.2865974607925134,19.999999999999996,-7.7715864,110.3776142,30.002,-7.7715889,110.3776101,20.773
1788427630.0414045,9.616637898681894,9.616637898681894,0.0,True,True,0.2830250410552986,20.0,-7.7715864,110.3776142,30.002,-7.7715889,110.3776101,20.4
1788427630.249328,9.990089913227253,9.990089913227253,0.0,True,True,0.2802363045139545,20.000000000000004,-7.7715864,110.3776142,30.002,-7.7715889,110.3776101,20.026
1788427630.4510076,10.366577519816502,10.366577519816502,0.0,True,True,0.27807754623117864,20.0,-7.7715864,110.3776142,30.002,-7.7715889,110.3776101,19.649
1788427630.6592975,10.746097406703743,10.746097406703743,0.0,True,True,0.27641551843796547,20.000000000000007,-7.7715864,110.3776142,30.001,-7.7715889,110.3776101,19.268
1788427630.8609173,11.118658033880028,11.118658033880028,0.0,True,True,0.2751451884937971,20.000000000000007,-7.7715864,110.3776142,29.999,-7.7715889,110.3776101,18.893
1788427631.0635493,11.083698005375501,11.083698005375501,0.0,True,True,0.2743557763648138,19.999999999999996,-7.7715864,110.3776142,29.964,-7.7715889,110.3776101,18.893
1788427631.2714815,11.458282439980474,11.458282439980474,0.0,True,True,0.2736863991062725,20.0,-7.7715864,110.3776142,29.964,-7.7715889,110.3776101,18.518
1788427631.4791834,11.735991499416013,11.735991499416013,0.0,True,True,0.27316143446968033,20.000000000000004,-7.7715864,110.3776142,29.868,-7.7715889,110.3776101,18.144
1788427631.6869733,11.945780697567026,11.945780697567026,0.0,True,True,0.2727635001205324,20.000000000000007,-7.7715864,110.3776142,29.703,-7.7715889,110.3776101,17.769
1788427631.8954697,12.084645194392962,12.084645194392962,0.0,True,True,0.2724711548820785,20.0,-7.7715864,110.3776142,29.468,-7.7715889,110.3776101,17.395
1788427632.0956106,12.14758480004832,12.14758480004832,0.0,True,True,0.27226548527998956,20.0,-7.7715864,110.3776142,29.158,-7.7715889,110.3776101,17.022
1788427632.298396,11.7799467093177,11.489866369270834,10.0,True,True,0.2722099595021424,20.000000000000007,-7.7715864,110.3776142,28.79,-7.7715889,110.3776101,17.022
1788427632.4994712,12.15258003365396,11.862178812667631,10.0,True,True,0.27209022151920487,20.0,-7.7715864,110.3776142,28.79,-7.7715889,110.3776101,16.649
1788427632.7144508,12.128602948170286,11.339157560581866,10.0,True,True,0.27201397318813436,20.000000000000004,-7.7715864,110.3776142,28.393,-7.7715889,110.3776101,16.276
1788427632.9168284,12.103626914043778,11.61363290205528,10.0,True,True,0.27196667147097664,20.0,-7.7715864,110.3776142,27.991,-7.7715889,110.3776101,15.899
1788427633.1243997,12.085644230837053,11.994943984183543,10.0,True,True,0.27193751685886536,19.999999999999996,-7.7715864,110.3776142,27.6,-7.7715889,110.3776101,15.526
1788427633.332857,11.705023258172746,11.705023258172746,0.0,True,True,0.2719970215888073,20.0,-7.7715864,110.3776142,27.219,-7.7715889,110.3776101,15.526
1788427633.5344899,11.705023258172746,11.705023258172746,0.0,True,True,0.2720396638517245,20.0,-7.7715864,110.3776142,26.845,-7.7715889,110.3776101,15.152
1788427633.73731,12.079650014564367,12.079650014564367,0.0,True,True,0.27198888034862945,20.0,-7.7715864,110.3776142,26.845,-7.7715889,110.3776101,14.777
1788427633.937279,12.08464519439296,12.08464519439296,0.0,True,True,0.271952982807426,20.0,-7.7715864,110.3776142,26.476,-7.7715889,110.3776101,14.403
1788427634.1453605,12.092637490405679,12.092637490405679,0.0,True,True,0.27192663934694133,20.0,-7.7715864,110.3776142,26.109,-7.7715889,110.3776101,14.028
1788427634.347061,11.725002749439547,11.725002749439547,0.0,True,True,0.2719847579045842,20.0,-7.7715864,110.3776142,25.741,-7.7715889,110.3776101,14.028
1788427634.5491138,11.730996610448956,11.730996610448956,0.0,True,True,0.27202496805968407,20.0,-7.7715864,110.3776142,25.372,-7.7715889,110.3776101,13.653
1788427634.7636623,12.107623072856411,12.107623072856411,0.0,True,True,0.27197326421968165,20.000000000000004,-7.7715864,110.3776142,25.372,-7.7715889,110.3776101,13.276
1788427634.9684181,12.114616356879194,12.114616356879194,0.0,True,True,0.2719364053224511,20.0,-7.7715864,110.3776142,25.0,-7.7715889,110.3776101,12.897
1788427635.1714323,12.117613480977388,12.117613480977388,0.0,True,True,0.2719103941252486,20.000000000000007,-7.7715864,110.3776142,24.628,-7.7715889,110.3776101,12.522
1788427635.3760946,12.118612522659719,12.118612522659719,0.0,True,True,0.271892182157381,20.0,-7.7715864,110.3776142,24.254,-7.7715889,110.3776101,12.147
1788427635.5810373,11.745981290397363,11.745981290397363,0.0,True,True,0.27195529253769285,20.0,-7.7715864,110.3776142,23.881,-7.7715889,110.3776101,12.147
1788427635.7816784,12.119611564500115,12.119611564500115,0.0,True,True,0.27192306083647033,20.0,-7.7715864,110.3776142,23.881,-7.7715889,110.3776101,11.773
1788427635.9913948,12.121609648654957,12.121609648654957,0.0,True,True,0.2719004011015288,19.999999999999996,-7.7715864,110.3776142,23.507,-7.7715889,110.3776101,11.397
1788427636.1976395,12.119611564500117,12.119611564500117,0.0,True,True,0.2718850539699584,20.0,-7.7715864,110.3776142,23.132,-7.7715889,110.3776101,11.024
1788427636.398626,12.119611564500117,12.119611564500117,0.0,True,True,0.2718743769419902,20.000000000000004,-7.7715864,110.3776142,22.757,-7.7715889,110.3776101,10.649
1788427636.599185,12.121609648654955,12.121609648654955,0.0,True,True,0.2718665651476508,20.000000000000004,-7.7715864,110.3776142,22.383,-7.7715889,110.3776101,10.273
1788427636.8054435,11.745981290397365,11.745981290397365,0.0,True,True,0.2719368007121292,20.0,-7.7715864,110.3776142,22.007,-7.7715889,110.3776101,10.273
1788427637.006194,12.126604861805507,12.126604861805507,0.0,True,True,0.27190896636591155,20.000000000000007,-7.7715864,110.3776142,22.007,-7.7715889,110.3776101,9.892
1788427637.216795,12.126604861805507,12.126604861805507,0.0,True,True,0.27188969353927,20.0,-7.7715864,110.3776142,21.632,-7.7715889,110.3776101,9.517
1788427637.419454,12.113617315829527,11.024790663940106,10.0,True,True,0.27187872532518936,20.000000000000004,-7.7715864,110.3776142,21.257,-7.7715889,110.3776101,9.155
1788427637.6202433,12.056672238821328,8.673985830268627,10.0,True,True,0.27188181837272474,20.0,-7.7715864,110.3776142,20.883,-7.7715889,110.3776101,8.838
1788427637.8289201,11.685043837075021,8.303284541896714,10.0,True,True,0.27196146037057967,20.0,-7.7715864,110.3776142,20.511,-7.7715889,110.3776101,8.838
1788427638.02955,11.566167752300888,5.499829195866081,10.0,True,True,0.27204740054273274,20.000000000000004,-7.7715864,110.3776142,20.138,-7.7715889,110.3776101,8.584
1788427638.2317874,11.751975173321503,3.024170164475029,10.0,True,True,0.2720645230382221,20.0,-7.7715864,110.3776142,20.138,-7.7715889,110.3776101,8.398
1788427638.4381597,11.51222482730271,1.3935584608120728,10.0,True,True,3.030177538550097,19.999999999999996,-7.7715864,110.3776142,19.765,-7.7715889,110.3776101,8.265
1788427638.6398375,11.250509520655717,0.8329761003179595,10.0,True,True,5.119803326667694,20.0,-7.7715864,110.3776142,19.393,-7.7715889,110.3776101,8.155
1788427638.8413568,10.876939664922524,0.7078149381378975,9.956016629813377,True,True,6.5844168427241625,20.000000000000004,-7.7715864,110.3776142,19.019,-7.7715889,110.3776101,8.155
1788427639.041394,10.6077439260279,0.7150497803423601,9.79796487599277,True,True,7.610017204443308,19.999999999999996,-7.7715864,110.3776143,18.643,-7.7715889,110.3776101,8.049
1788427639.2431197,10.718318976755535,0.7432720506870713,10.0,True,True,8.32804147734879,19.999999999999996,-7.7715864,110.3776143,18.643,-7.7715888,110.3776101,7.938
1788427639.4444504,10.461646174836813,0.6703629721316444,10.0,True,True,8.83069933263978,20.0,-7.7715864,110.3776143,18.269,-7.7715888,110.3776101,7.821
1788427639.6462693,10.205988471847192,0.6517257969462098,10.0,True,True,6.197518435285176,20.0,-7.7715864,110.3776143,17.892,-7.7715888,110.3776101,7.7
1788427639.8476255,9.957338283270172,0.6731308039201735,10.0,True,True,4.356735795946137,20.0,-7.7715864,110.3776143,17.517,-7.7715888,110.3776101,7.574
1788427640.0488608,9.582596175408723,0.6610585073053026,9.655345532327958,True,True,3.0721260865079305,20.0,-7.7715865,110.3776143,17.142,-7.7715888,110.3776101,7.574
1788427640.2494087,9.710403774352427,0.6628415504611385,9.784612083383758,True,True,2.1744975045603905,20.000000000000004,-7.7715865,110.3776143,17.142,-7.7715888,110.3776101,7.446
1788427640.4506235,9.463779713251881,0.6594010566593029,9.53516803564327,True,True,1.551617530973633,20.000000000000004,-7.7715865,110.3776143,16.767,-7.7715888,110.3776101,7.318
1788427640.6544075,9.217175785508152,0.6559614928035956,9.28572398790278,True,True,1.1224122639449912,20.0,-7.7715865,110.3776143,16.392,-7.7715888,110.3776101,7.19
1788427640.8613808,8.969595390036158,0.6525089540047827,9.035270045232172,True,True,0.8302457351146881,20.000000000000004,-7.7715865,110.3776143,16.017,-7.7715888,110.3776101,7.063
1788427641.070772,8.594277716071192,0.6472763102000134,8.65554955150576,True,True,0.6371112638980754,20.000000000000004,-7.7715865,110.3776143,15.641,-7.7715888,110.3776101,7.063
1788427641.271588,8.346761375585018,0.6426688620333392,8.321150995142071,True,True,0.5124978143295311,20.0,-7.7715865,110.3776143,15.265,-7.7715888,110.3776101,6.935
1788427641.4792662,8.47251211040491,0.6444039028563626,8.44712580018106,True,True,0.4290674193045768,20.000000000000004,-7.7715865,110.3776143,15.265,-7.7715888,110.3776101,6.809
1788427641.6875486,8.22201620412888,0.6420876673005,8.27885874256972,True,True,0.37876175534781575,20.0,-7.7715865,110.3776143,14.888,-7.7715888,110.3776101,6.683
1788427641.8892035,7.971552010804287,0.6385974035289514,8.02537511510874,True,True,0.3503515795212454,19.999999999999996,-7.7715865,110.3776143,14.512,-7.7715888,110.3776101,6.558
1788427642.0920477,7.597418407653871,0.6333848411187598,7.646664516312454,True,True,0.3383018839134547,19.999999999999996,-7.7715865,110.3776143,14.137,-7.7715888,110.3776101,6.558
1788427642.2927825,7.350039895194982,0.6299389248527314,7.3962105736418415,True,True,0.3352443917385584,19.999999999999993,-7.7715865,110.3776143,13.763,-7.7715888,110.3776101,6.432
1788427642.4994571,7.4737240021931415,0.6316617496753686,7.521437544977148,True,True,0.33053241148795465,20.000000000000004,-7.7715865,110.3776143,13.763,-7.7715888,110.3776101,6.308
1788427642.7014582,7.226366615454676,0.628216368844396,7.270983602306538,True,True,0.33266902988468094,20.000000000000004,-7.7715865,110.3776143,13.39,-7.7715888,110.3776101,6.183
1788427642.9054818,6.980051966923877,0.6247859582561789,7.02153955456605,True,True,0.34068446556049664,19.999999999999996,-7.7715865,110.3776143,13.018,-7.7715888,110.3776101,6.058
1788427643.1113164,6.73179370308968,0.6203985137569022,6.70247473039502,True,True,0.3550865763439077,19.999999999999996,-7.7715865,110.3776143,12.643,-7.7715888,110.3776101,5.932
1788427643.32084,6.3590167841387135,0.615260419508135,6.32854951543801,True,True,0.3819421269970416,19.999999999999996,-7.7715865,110.3776143,12.269,-7.7715888,110.3776101,5.932
1788427643.5227942,6.483592326863085,0.6169774139536622,6.453524520437011,True,True,0.39552464113953967,19.999999999999996,-7.7715865,110.3776143,12.269,-7.7715888,110.3776101,5.807
1788427643.726193,6.234458233155297,0.6135437124182382,6.20357451043901,True,True,0.4187035364874268,20.000000000000004,-7.7715865,110.3776143,11.894,-7.7715888,110.3776101,5.682
1788427643.9307213,5.985396349529233,0.6101111700075313,5.95362450044101,True,True,0.45230719740027003,19.999999999999996,-7.7715865,110.3776143,11.519,-7.7715888,110.3776101,5.557
1788427644.1400647,5.736416081575487,0.6066798063962271,5.703674490443009,True,True,0.4978788681099868,20.0,-7.7715865,110.3776143,11.144,-7.7715888,110.3776101,5.432
1788427644.3406723,5.362128445026086,0.6015212995798216,5.327749675406017,True,True,0.5735546362656778,19.999999999999996,-7.7715865,110.3776143,10.768,-7.7715888,110.3776101,5.432
1788427644.5415325,5.1134060528142955,0.5980929769289268,5.077799665408016,True,True,0.6663393658057313,19.999999999999996,-7.7715865,110.3776143,10.393,-7.7715888,110.3776101,5.307
1788427644.743271,5.2377520427143045,0.599806983182779,5.202774670407017,True,True,0.7123461728766688,20.0,-7.7715865,110.3776143,10.393,-7.7715888,110.3776101,5.182
1788427644.9444141,4.990087119575956,0.596392991791467,4.953824460449008,True,True,0.78821357120328,19.999999999999996,-7.7715865,110.3776143,10.019,-7.7715888,110.3776101,5.057
1788427645.1477458,4.740574486384311,0.5929528459193385,4.702874650411016,True,True,0.8971683252330205,20.0,-7.7715865,110.3776143,9.643,-7.7715888,110.3776101,4.932
1788427645.3474295,4.498179016108393,0.5935091021318484,4.742922861893074,True,True,1.0319560901224896,19.999999999999996,-7.7715865,110.3776143,9.272,-7.7715888,110.3776101,4.805
1788427645.5483432,4.164695242266578,0.60590119695753,5.64330374290208,True,True,1.1909686755332822,20.0,-7.7715865,110.3776143,8.936,-7.7715888,110.3776101,4.805
1788427645.749558,4.288713264017295,0.6082509262915567,5.814472379180452,True,True,1.255302944439985,20.0,-7.7715865,110.3776143,8.936,-7.7715888,110.3776101,4.68
1788427645.9644022,4.137915110409817,0.6505893486715121,8.879391998777615,True,True,1.1990890140032888,20.0,-7.7715865,110.3776143,8.659,-7.7715888,110.3776101,4.555
1788427646.174575,4.056600727327977,2.3195915489878622,10.0,True,True,1.1214104228511292,19.999999999999993,-7.7715865,110.3776143,8.451,-7.7715888,110.3776101,4.429
1788427646.3835294,4.035780774640499,4.035780774640499,0.0,True,True,1.0715207399380768,20.000000000000004,-7.7715865,110.3776143,8.305,-7.7715888,110.3776101,4.304
1788427646.5863051,3.9227916667799065,3.9227916667799065,0.0,True,True,1.061685428561013,20.000000000000007,-7.7715865,110.3776143,8.191,-7.7715888,110.3776101,4.304
1788427646.7864473,3.9426101076517663,3.9426101076517663,0.0,True,True,1.0502079932246113,20.000000000000004,-7.7715865,110.3776143,8.086,-7.7715888,110.3776101,4.179
1788427646.9876304,4.066515641302499,4.066515641302499,0.0,True,True,1.0154927672559804,20.000000000000004,-7.7715865,110.3776143,8.086,-7.7715888,110.3776101,4.054
1788427647.1934657,4.083371947417706,4.083371947417706,0.0,True,True,0.9878719555188675,19.999999999999993,-7.7715865,110.3776143,7.978,-7.7715888,110.3776101,3.929
1788427647.3950572,4.0942796021959555,4.0942796021959555,0.0,True,True,0.9664249143585342,20.0,-7.7715865,110.3776143,7.863,-7.7715888,110.3776101,3.803
1788427647.5993,3.975314510948521,3.975314510948521,0.0,True,True,0.9761608595263765,20.000000000000004,-7.7715865,110.3776143,7.743,-7.7715888,110.3776101,3.803
1788427647.8018997,3.974323396624622,3.7978075193637593,10.0,True,True,0.9832000471760961,19.999999999999996,-7.7715865,110.3776143,7.617,-7.7715888,110.3776101,3.678
1788427648.0130439,4.098246144505949,3.920933173893163,10.0,True,True,0.9623851643518213,20.000000000000007,-7.7715865,110.3776143,7.617,-7.7715888,110.3776101,3.553
1788427648.2219043,4.096262865217255,4.01754464245712,10.0,True,True,0.9482220856818734,20.0,-7.7715865,110.3776143,7.49,-7.7715888,110.3776101,3.428
1788427648.423496,4.0945480763802,4.016145280602044,10.0,True,True,0.939524301107311,20.000000000000004,-7.7715865,110.3776144,7.362,-7.7715888,110.3776101,3.303
1788427648.6337483,4.09157414081534,3.914649143269683,10.0,True,True,0.9331437053979222,19.999999999999996,-7.7715865,110.3776144,7.234,-7.7715888,110.3776101,3.178
1788427648.839578,3.9667042932122865,3.790599149857719,10.0,True,True,0.9547418098606204,20.000000000000004,-7.7715865,110.3776144,7.108,-7.7715888,110.3776101,3.178
1788427649.0409396,4.089591538257676,3.9126791224047577,10.0,True,True,0.9441792730300497,20.0,-7.7715865,110.3776144,7.108,-7.7715888,110.3776101,3.054
1788427649.252549,4.088600243333749,4.010230780753406,10.0,True,True,0.9369866183762621,19.99742925566361,-7.7715865,110.3776144,6.982,-7.7715888,110.3776101,2.929
1788427649.4576898,4.087608952650534,4.009245055481402,10.0,True,True,0.9321495307915745,19.992237084342744,-7.7715865,110.3776144,6.855,-7.7715888,110.3776101,2.803
1788427649.6702836,4.087608952650534,4.009245055481402,10.0,True,True,0.9287650386468371,19.987791355113714,-7.7715865,110.3776144,6.73,-7.7715888,110.3776101,2.678
1788427649.8857327,4.086617666211116,4.008259337281218,10.0,True,True,0.9265913150099532,19.984059981137104,-7.7715865,110.3776144,6.604,-7.7715888,110.3776101,2.553
1788427650.0950618,3.962741342781382,3.885102046909716,10.0,True,True,0.951028854168701,19.982700233642188,-7.7715865,110.3776144,6.479,-7.7715888,110.3776101,2.553
1788427650.295631,3.960057450271312,3.960057450271312,0.0,True,True,0.9658945225728998,19.978641245668978,-7.7715866,110.3776144,6.353,-7.7715888,110.3776101,2.429
1788427650.4966452,4.08395396759676,4.08395396759676,0.0,True,True,0.9522126007089703,19.977124773846104,-7.7715866,110.3776144,6.353,-7.7715888,110.3776101,2.304
1788427650.7041173,4.08395396759676,4.08395396759676,0.0,True,True,0.9426439575745429,19.976150388470046,-7.7715866,110.3776144,6.228,-7.7715888,110.3776101,2.179
1788427650.9167416,4.082962528538478,4.082962528538478,0.0,True,True,0.9361466504210857,19.975782822448032,-7.7715866,110.3776144,6.102,-7.7715888,110.3776101,2.054
1788427651.1242454,4.082962528538478,4.082962528538478,0.0,True,True,0.9316006119734654,19.976034252012603,-7.7715866,110.3776144,6.102,-7.7715888,110.3776101,2.054
1788427651.3327498,4.082962528538478,4.082962528538478,0.0,True,True,0.9284194181629639,19.976209478636108,-7.7715866,110.3776144,6.102,-7.7715888,110.3776101,2.054
1788427651.5333765,3.7105071094729527,3.7105071094729527,0.0,True,True,1.016451102604627,19.971143713759023,-7.7715866,110.3776144,5.726,-7.7715888,110.3776101,2.054
1788427651.735559,3.7105071094729527,3.7105071094729527,0.0,True,True,1.0783798536069003,19.967309787733384,-7.7715866,110.3776144,5.726,-7.7715888,110.3776101,2.054
1788427651.9430258,4.08395396759676,4.005315852215926,10.0,True,True,1.030796982288668,19.97522690887655,-7.7715866,110.3776144,5.601,-7.7715888,110.3776101,1.552
1788427652.1451643,4.081971093656755,4.003343986720625,10.0,True,True,0.9979649641866165,19.980361283763063,-7.7715866,110.3776144,5.475,-7.7715888,110.3776101,1.428
1788427652.345523,4.081971093656755,4.003343986720625,10.0,True,True,0.9750255541756712,19.98566844002794,-7.7715866,110.3776144,5.35,-7.7715888,110.3776101,1.303
1788427652.5486684,3.9580756700004263,3.8801595425977253,10.0,True,True,0.9852438734448553,19.98507506450115,-7.7715866,110.3776144,5.225,-7.7715888,110.3776101,1.303
1788427652.7500308,4.081971093656755,4.003343986720625,10.0,True,True,0.9661342456901483,19.990927641370433,-7.7715866,110.3776144,5.225,-7.7715888,110.3776101,1.178
1788427652.950654,4.081971093656755,4.003343986720625,10.0,True,True,0.9527736655759509,19.997215636630763,-7.7715866,110.3776144,5.1,-7.7715888,110.3776101,1.053
1788427653.1604471,4.080979662954634,4.002358064443033,10.0,True,True,0.9436263795194713,20.003984212282933,-7.7715866,110.3776144,4.975,-7.7715888,110.3776101,0.929
1788427653.367986,4.080979662954634,4.080979662954634,0.0,True,True,0.937227281492688,20.011421693011457,-7.7715866,110.3776144,4.85,-7.7715888,110.3776101,0.804
1788427653.5756068,3.957084786740021,3.957084786740021,0.0,True,True,0.9589766699116048,20.010202113846592,-7.7715866,110.3776144,4.725,-7.7715888,110.3776101,0.804
1788427653.7760255,3.9580756700004263,3.9580756700004263,0.0,True,True,0.9739992419812439,20.017270054670437,-7.7715866,110.3776144,4.6,-7.7715888,110.3776101,0.678
1788427653.9800608,4.080979662954634,4.080979662954634,0.0,True,True,0.9584702441430087,20.026727942632206,-7.7715866,110.3776144,4.6,-7.7715888,110.3776101,0.554
1788427654.1810796,4.079988236435164,4.079988236435164,0.0,True,True,0.9478079836785329,20.036741411473255,-7.7715866,110.3776144,4.474,-7.7715888,110.3776101,0.429
1788427654.3825848,4.079988236435164,4.079988236435164,0.0,True,True,0.9403497465747476,20.04734512721142,-7.7715866,110.3776144,4.349,-7.7715888,110.3776101,0.304
1788427654.5829732,3.956093908067568,3.956093908067568,0.0,True,True,0.9613897519891711,20.046164148863433,-7.7715866,110.3776144,4.224,-7.7715888,110.3776101,0.304
1788427654.784788,4.080979662954635,4.080979662954635,0.0,True,True,0.9496527390588098,20.0578788740146,-7.7715866,110.3776144,4.224,-7.7715888,110.3776101,0.178
1788427654.984839,4.080979662954634,4.080979662954634,0.0,True,True,0.9414432629035003,20.069980313638688,-7.7715866,110.3776144,4.1,-7.7715888,110.3776101,0.054
1788427655.187467,4.079988236435164,4.0013721491523615,10.0,True,True,0.9358967898026485,20.082689509010727,-7.7715866,110.3776144,3.975,-7.7715888,110.3776101,-0.07
1788427655.3884053,4.079988236435164,4.0013721491523615,10.0,True,True,0.9320157664060713,20.096171871133826,-7.7715866,110.3776144,3.85,-7.7715888,110.3776101,-0.195
1788427655.5896883,3.955103033986514,3.8772045439997354,10.0,True,True,0.9557694572591883,20.09485142274706,-7.7715866,110.3776144,3.724,-7.7715888,110.3776101,-0.195
1788427655.7903507,3.957084786740022,3.8791745353892226,10.0,True,True,0.9719752265871461,20.108201123689927,-7.7715866,110.3776144,3.599,-7.7715888,110.3776101,-0.322
1788427655.9931774,4.080979662954635,4.002358064443034,10.0,True,True,0.9570550560922993,20.12386463244957,-7.7715866,110.3776144,3.599,-7.7715888,110.3776101,-0.447
1788427656.2040973,4.080979662954635,4.002358064443034,10.0,True,True,0.946621068572442,20.140029969768452,-7.7715866,110.3776144,3.474,-7.7715888,110.3776101,-0.572
1788427656.4120164,4.079988236435164,4.0013721491523615,10.0,True,True,0.9395193944886244,20.156633944329236,-7.7715866,110.3776144,3.349,-7.7715888,110.3776101,-0.696
1788427656.6183283,4.078996814101395,4.000386240853774,10.0,True,True,0.9347477606118842,20.17399569809444,-7.7715866,110.3776144,3.223,-7.7715888,110.3776101,-0.821
1788427656.8196664,3.955103033986513,3.863672576341306,10.0,True,True,0.9576854305425855,20.172722460998266,-7.7715866,110.3776144,3.098,-7.7715888,110.3776101,-0.821
1788427657.021051,4.078996814101395,3.987272348005823,10.0,True,True,0.9474563712841667,20.1911531737046,-7.7715866,110.3776144,3.098,-7.7715888,110.3776101,-0.946
1788427657.222511,4.078996814101394,3.9872723480058223,10.0,True,True,0.9403009542348841,20.2101652063862,-7.7715866,110.3776144,2.973,-7.7715888,110.3776101,-1.071
1788427657.4227319,4.080291075918989,4.080291075918989,0.0,True,True,0.9359352160290296,20.22982997649419,-7.7715866,110.3776145,2.848,-7.7715888,110.3776101,-1.196
1788427657.6244247,4.080291075918989,4.080291075918989,0.0,True,True,0.9319771902465854,20.250158293895485,-7.7715866,110.3776145,2.723,-7.7715888,110.3776101,-1.321
1788427657.8281012,3.9554472900323354,3.9554472900323354,0.0,True,True,0.9556642839307968,20.248845411379293,-7.7715866,110.3776145,2.597,-7.7715888,110.3776101,-1.321
1788427658.028098,3.9574283650148545,3.9574283650148545,0.0,True,True,0.9718231517385381,20.269148139493126,-7.7715866,110.3776145,2.472,-7.7715888,110.3776101,-1.448
1788427658.2294004,4.08029107591899,4.08029107591899,0.0,True,True,0.9570835856923463,20.291433644119632,-7.7715866,110.3776145,2.472,-7.7715888,110.3776101,-1.572
1788427658.4331388,4.079299972326642,4.079299972326642,0.0,True,True,0.9469735763715448,20.314186017966417,-7.7715866,110.3776145,2.347,-7.7715888,110.3776101,-1.696
1788427658.6389408,4.079299972326642,4.079299972326642,0.0,True,True,0.9399017009681901,20.337686141555483,-7.7715866,110.3776145,2.222,-7.7715888,110.3776101,-1.821
1788427658.8395479,3.956437825143236,3.956437825143236,0.0,True,True,0.9609971224081577,20.33651925914867,-7.7715866,110.3776145,2.098,-7.7715888,110.3776101,-1.821
1788427659.0409968,3.9554472900323354,3.9554472900323354,0.0,True,True,0.9760080442452738,20.35933683020861,-7.7715866,110.3776145,1.973,-7.7715888,110.3776101,-1.945
1788427659.2422626,4.079299972326642,4.079299972326642,0.0,True,True,0.9602081004345454,20.38481298877081,-7.7715866,110.3776145,1.973,-7.7715888,110.3776101,-2.07
1788427659.4464252,4.080291075918989,3.988596373656613,10.0,True,True,0.948962267048305,20.410759152098617,-7.7715866,110.3776145,1.849,-7.7715888,110.3776101,-2.195
1788427659.6478825,4.080291075918989,3.988596373656613,10.0,True,True,0.9410961493847045,20.437246166995838,-7.7715866,110.3776145,1.724,-7.7715888,110.3776101,-2.32
1788427659.8480022,4.081282183851558,3.989585195474172,10.0,True,True,0.9353960748084662,20.464559295335576,-7.7715866,110.3776145,1.599,-7.7715888,110.3776101,-2.446
1788427660.0688004,3.9574283650148545,3.8660270345597283,10.0,True,True,0.9576139421684742,20.463344056463537,-7.7715866,110.3776145,1.474,-7.7715888,110.3776101,-2.446
1788427660.2722566,4.081282183851558,3.989585195474172,10.0,True,True,0.946950979350464,20.491451412867043,-7.7715866,110.3776145,1.474,-7.7715888,110.3776101,-2.571
1788427660.4727817,4.08029107591899,3.988596373656614,10.0,True,True,0.9396891355506474,20.52009146008677,-7.7715866,110.3776145,1.348,-7.7715888,110.3776101,-2.696
1788427660.674489,4.08029107591899,3.988596373656614,10.0,True,True,0.9346084012397923,20.54933181994278,-7.7715866,110.3776145,1.223,-7.7715888,110.3776101,-2.821
1788427660.886142,4.08029107591899,3.988596373656614,10.0,True,True,0.9417008204224118,20.579206897987053,-7.7715866,110.3776145,1.098,-7.7715888,110.3776101,-2.946
1788427661.0863447,4.079299972326641,3.9974916885053338,10.0,True,True,1.061999860556304,20.609482753089942,-7.7715866,110.3776145,0.973,-7.7715888,110.3776101,-3.07
1788427661.2870166,3.9554472900323354,3.8742502241942547,10.0,True,True,1.183681043160521,20.608151840483853,-7.7715866,110.3776145,0.848,-7.7715888,110.3776101,-3.07
1788427661.4996,4.079299972326641,3.9974916885053338,10.0,True,True,1.1835430701531504,20.639749341756794,-7.7715866,110.3776145,0.848,-7.7715888,110.3776101,-3.195
1788427661.7077014,4.079299972326641,4.079299972326641,0.0,True,True,1.3054398394730349,20.67190487401264,-7.7715866,110.3776145,0.723,-7.7715888,110.3776101,-3.32
1788427661.9167306,4.08029107591899,4.08029107591899,0.0,True,True,1.428876962829234,20.70519867843744,-7.7715866,110.3776145,0.597,-7.7715888,110.3776101,-3.447
1788427662.1241574,4.08029107591899,4.08029107591899,0.0,True,True,1.5517571964362549,20.738604827909313,-7.7715866,110.3776145,0.472,-7.7715888,110.3776101,-3.572
1788427662.3275318,3.9554472900323354,3.9554472900323354,0.0,True,True,1.6762309952215677,20.737304745444963,-7.7715866,110.3776145,0.346,-7.7715888,110.3776101,-3.572
1788427662.5411975,4.079299972326642,4.079299972326642,0.0,True,True,1.6761301022100026,20.771744635966275,-7.7715866,110.3776145,0.346,-7.7715888,110.3776101,-3.697
1788427662.7466228,4.079299972326642,4.079299972326642,0.0,True,True,1.7995285895755964,20.80672440127552,-7.7715866,110.3776145,0.221,-7.7715888,110.3776101,-3.822
1788427662.9537294,4.079299972326642,4.079299972326642,0.0,True,True,1.9231525491937915,20.84228905268955,-7.7715866,110.3776145,0.096,-7.7715888,110.3776101,-3.947
1788427663.159001,4.081282183851558,4.081282183851558,0.0,True,True,2.0449699403139387,20.878488907996328,-7.7715866,110.3776145,-0.027,-7.7715888,110.3776101,-4.072
1788427663.360077,4.080291075918989,4.080291075918989,0.0,True,True,2.1689157640715555,20.915009388629883,-7.7715866,110.3776145,-0.152,-7.7715888,110.3776101,-4.196
1788427663.5620039,3.9574283650148545,3.9574283650148545,0.0,True,True,2.2921909768519,20.913713129533622,-7.7715866,110.3776145,-0.276,-7.7715888,110.3776101,-4.196
1788427663.7643547,4.08029107591899,4.08029107591899,0.0,True,True,2.2921204603047647,20.951263099722443,-7.7715866,110.3776145,-0.276,-7.7715888,110.3776101,-4.32
1788427663.985664,4.08029107591899,4.08029107591899,0.0,True,True,2.416240359341246,20.989639413135155,-7.7715866,110.3776145,-0.401,-7.7715888,110.3776101,-4.445
1788427664.1933756,4.081282183851558,4.081282183851558,0.0,True,True,2.5404586739314743,21.02891089001934,-7.7715866,110.3776145,-0.526,-7.7715888,110.3776101,-4.571
1788427664.4021153,4.081282183851558,4.081282183851558,0.0,True,True,2.6647593519244777,21.06847211298129,-7.7715866,110.3776145,-0.651,-7.7715888,110.3776101,-4.696
1788427664.602693,4.081282183851558,4.081282183851558,0.0,True,True,2.789128667287263,21.108648965473602,-7.7715866,110.3776145,-0.776,-7.7715888,110.3776101,-4.821
1788427664.8119228,3.9574283650148545,3.9574283650148545,0.0,True,True,2.9137164422206063,21.107352520080113,-7.7715866,110.3776145,-0.901,-7.7715888,110.3776101,-4.821
1788427665.027463,4.08029107591899,4.08029107591899,0.0,True,True,2.913662080388427,21.14821404860749,-7.7715866,110.3776145,-0.901,-7.7715888,110.3776101,-4.945
1788427665.2299187,4.08029107591899,4.08029107591899,0.0,True,True,3.038105071949474,21.189914302772138,-7.7715866,110.3776145,-1.026,-7.7715888,110.3776101,-5.07
1788427665.443524,4.08029107591899,4.08029107591899,0.0,True,True,3.162602588131471,21.23217092251801,-7.7715866,110.3776145,-1.151,-7.7715888,110.3776101,-5.195
1788427665.6521928,4.08029107591899,4.08029107591899,0.0,True,True,3.2871452831859704,21.275010501738535,-7.7715866,110.3776145,-1.276,-7.7715888,110.3776101,-5.32
1788427665.8527513,3.956437825143237,3.956437825143237,0.0,True,True,3.41186368163763,21.273747629007786,-7.7715866,110.3776145,-1.401,-7.7715888,110.3776101,-5.32
1788427666.0580857,3.956437825143237,3.956437825143237,0.0,True,True,3.536567926561376,21.31617889220524,-7.7715866,110.3776145,-1.526,-7.7715888,110.3776101,-5.445
1788427666.263858,4.081282183851558,4.081282183851558,0.0,True,True,3.5364915312052947,21.361292540600182,-7.7715866,110.3776145,-1.526,-7.7715888,110.3776101,-5.571
1788427666.4646175,4.082273296121187,4.082273296121187,0.0,True,True,3.6610816664102335,21.406822134473877,-7.7715866,110.3776145,-1.651,-7.7715888,110.3776101,-5.697
1788427666.6674848,4.080630785812137,4.080630785812137,0.0,True,True,3.785999255242836,21.452443745706237,-7.7715867,110.3776145,-1.777,-7.7715888,110.3776101,-5.822
1788427666.881106,4.080630785812137,4.080630785812137,0.0,True,True,3.910689660724911,21.49858599570813,-7.7715867,110.3776145,-1.902,-7.7715888,110.3776101,-5.947
1788427667.082526,3.9567565770612907,3.9567565770612907,0.0,True,True,4.035522468221484,21.497398165730097,-7.7715867,110.3776145,-2.027,-7.7715888,110.3776101,-5.947
1788427667.2831588,3.9567565770612907,3.9567565770612907,0.0,True,True,4.160337654095426,21.54307256644605,-7.7715867,110.3776145,-2.152,-7.7715888,110.3776101,-6.072
1788427667.492485,4.079639519628883,4.079639519628883,0.0,True,True,4.160271484210525,21.59062632071467,-7.7715867,110.3776145,-2.152,-7.7715888,110.3776101,-6.196
1788427667.693632,4.079639519628883,4.079639519628883,0.0,True,True,4.284986053468351,21.638927835730374,-7.7715867,110.3776145,-2.277,-7.7715888,110.3776101,-6.321
1788427667.9021177,4.079639519628883,4.079639519628883,0.0,True,True,4.409730047968128,21.687676491310796,-7.7715867,110.3776145,-2.402,-7.7715888,110.3776101,-6.446
1788427668.1024506,4.080630785812137,4.080630785812137,0.0,True,True,4.534496217892614,21.73732512799798,-7.7715867,110.3776145,-2.527,-7.7715888,110.3776101,-6.572
1788427668.3057783,3.9567565770612907,3.9567565770612907,0.0,True,True,4.659382321962693,21.73616507669534,-7.7715867,110.3776145,-2.652,-7.7715888,110.3776101,-6.572
1788427668.5062175,4.080630785812137,4.080630785812137,0.0,True,True,4.6593414771639345,21.786304679290936,-7.7715867,110.3776145,-2.652,-7.7715888,110.3776101,-6.697
1788427668.7076561,4.080630785812137,4.080630785812137,0.0,True,True,4.784122183916667,21.836879025405874,-7.7715867,110.3776145,-2.777,-7.7715888,110.3776101,-6.822
1788427668.9102762,4.080630785812137,4.080630785812137,0.0,True,True,4.908922258181832,21.887936585055908,-7.7715867,110.3776145,-2.902,-7.7715888,110.3776101,-6.947
1788427669.110616,4.080630785812137,4.080630785812137,0.0,True,True,5.033737770756103,21.939508972491105,-7.7715867,110.3776145,-3.027,-7.7715888,110.3776101,-7.072
1788427669.3195384,3.9567565770612907,3.9567565770612907,0.0,True,True,5.158657011880722,21.9383034499162,-7.7715867,110.3776145,-3.152,-7.7715888,110.3776101,-7.072
1788427669.5210927,3.99044341021368,0.603134331111829,6.258116821247566,True,True,5.159309799226334,21.940166826298043,-7.7715867,110.3776145,-3.152,-7.7715888,110.3776101,-7.106
1788427669.7354968,3.8567192806993074,0.6215834399117715,7.76149610428964,True,True,5.284585882704426,21.92855240697645,-7.7715867,110.3776145,-3.277,-7.7715888,110.3776101,-7.096
1788427669.9481509,3.7428783856970007,0.620610379163539,7.683058115605106,True,True,5.409010230870416,21.92295097549342,-7.7715867,110.3776145,-3.401,-7.7715888,110.3776101,-7.105
1788427670.1522052,3.6202102991563603,0.6155295233061319,7.274552237345773,True,True,5.534773742065413,21.909199079883138,-7.7715867,110.3776145,-3.526,-7.7715888,110.3776101,-7.106
1788427670.3528483,3.494671888764063,0.6123513626188437,7.015799638593175,True,True,5.6609450366211345,21.88899584208879,-7.7715867,110.3776145,-3.651,-7.7715888,110.3776101,-7.104
1788427670.5531733,3.3712173780576338,0.6092500591340193,6.76112188391542,True,True,5.787682462901607,21.862861364831552,-7.7715867,110.3776145,-3.776,-7.7715888,110.3776101,-7.104
1788427670.759234,3.370230201353875,0.6092253570430607,6.759084461877997,True,True,5.789251110760264,21.842040044378205,-7.7715867,110.3776145,-3.776,-7.7715888,110.3776101,-7.103
1788427670.9640653,3.24590874950572,0.6045701865261892,6.373122256715889,True,True,5.916646304521867,21.80863284637809,-7.7715867,110.3776145,-3.901,-7.7715888,110.3776101,-7.102
1788427671.1657157,3.120736869734099,0.5674327414976101,6.136205144105674,True,True,6.045683548521803,21.761136473270973,-7.7715867,110.3776145,-4.026,-7.7715888,110.3776101,-7.1
1788427671.3677912,2.9957188803553954,0.56673778057014,6.002060393592129,True,True,6.176989864544061,21.971493366190348,-7.7715867,110.3776145,-4.151,-7.7715888,110.3776101,-7.098
1788427671.5686874,2.8718571709118446,0.5654102394000431,5.745024590095042,True,True,6.312829360963816,21.971308773044278,-7.7715867,110.3776145,-4.277,-7.7715888,110.3776101,-7.098
1788427671.769334,2.868910352401724,0.56537873576937,5.738904690011778,True,True,6.321296334758628,21.969922778956068,-7.7715867,110.3776145,-4.277,-7.7715888,110.3776101,-7.095
1788427671.9720824,2.7432868260752077,0.564039129988127,5.4777889531258515,True,True,6.459184120596375,21.96815920442348,-7.7715867,110.3776145,-4.401,-7.7715888,110.3776101,-7.091
1788427672.172249,2.616914903109725,0.5908273462373873,5.198419181212716,True,True,6.607164564891333,21.966425055219194,-7.7715867,110.3776145,-4.526,-7.7715888,110.3776101,-7.087
1788427672.374018,2.4908124397709637,0.5878356771153844,4.9355917383852725,True,True,6.7701326763055825,21.965127041748076,-7.7715867,110.3776145,-4.652,-7.7715888,110.3776101,-7.084
1788427672.5835083,2.3689178141332343,0.584967314273102,4.680913983707518,True,True,7.309177404261236,21.965086176955875,-7.7715867,110.3776145,-4.777,-7.7715888,110.3776101,-7.084
1788427672.784007,2.2444517393158145,0.5820617310734378,4.420123962917499,True,True,8.233871562706936,21.963816622761126,-7.7715867,110.3776145,-4.902,-7.7715888,110.3776101,-7.081
1788427672.9914653,2.2415393394089214,0.5819940190414328,4.4140116968052325,True,True,8.884910810624081,21.962555907446934,-7.7715867,110.3776145,-4.902,-7.7715888,110.3776101,-7.078
1788427673.1935356,2.119439220670832,0.5791663038464122,4.157296520090055,True,True,9.409552165903252,21.96212811610671,-7.7715867,110.3776145,-5.027,-7.7715888,110.3776101,-7.077
1788427673.394258,1.9968604383175566,0.5763484694012372,3.898543921337457,True,True,9.892428384841699,21.96129140761817,-7.7715867,110.3776145,-5.152,-7.7715888,110.3776101,-7.075
1788427673.5970428,1.8777442877340316,0.5736289644803948,3.645903588697125,True,True,10.42432515025475,21.961284257854476,-7.7715867,110.3776145,-5.276,-7.7715888,110.3776101,-7.075
1788427673.7982152,1.7564471555152994,0.570876672600764,3.3871509899445265,True,True,11.139692058138932,21.96045286205089,-7.7715867,110.3776145,-5.401,-7.7715888,110.3776101,-7.073
1788427674.009108,1.755495260636663,0.5708551348223708,3.385113567907104,True,True,11.704074096277946,21.960036211406962,-7.7715867,110.3776145,-5.401,-7.7715888,110.3776101,-7.072
1788427674.2205822,1.6369601736504715,0.5681795354882776,3.1304358132293473,True,True,12.684356722131875,21.959620650908402,-7.7715867,110.3776145,-5.525,-7.7715888,110.3776101,-7.071
1788427674.4239197,1.5175913844371236,0.5654952268957054,2.871683214476751,True,True,14.390648347223738,21.95920586634666,-7.7715867,110.3776145,-5.651,-7.7715888,110.3776101,-7.07
1788427674.6391668,1.4004897750850538,0.5623360329464104,2.5632181033612556,True,True,16.882947072896865,21.958791637067243,-7.7715867,110.3776145,-5.776,-7.7715888,110.3776101,-7.069
1788427674.8397186,1.285980796947522,0.5598205399357558,2.31361746438362,True,True,19.826766348302293,21.958790790335783,-7.7715867,110.3776145,-5.901,-7.7715888,110.3776101,-7.069
1788427675.0404277,1.1736147622272748,0.5573384788849692,2.0640168254059823,True,True,20.0,21.958377216183685,-7.7715867,110.3776145,-6.025,-7.7715888,110.3776101,-7.068
1788427675.24296,1.1736147622272748,0.5573384788849692,2.0640168254059823,True,True,20.022460760427627,21.958376801597797,-7.7715867,110.3776145,-6.025,-7.7715888,110.3776101,-7.068
1788427675.4436662,1.0632081687599018,0.5548708508016343,1.8124193813165268,True,True,20.30778889641619,21.9579635692317,-7.7715867,110.3776145,-6.15,-7.7715888,110.3776101,-7.067
1788427675.6452713,0.9574897441319065,0.5524572778032644,1.562818742338891,True,True,20.521632861410648,21.957963374892095,-7.7715867,110.3776145,-6.275,-7.7715888,110.3776101,-7.067
1788427675.8477848,0.8569781853219974,0.5500784913574175,1.313218103361255,True,True,20.68506648095717,21.95796327543953,-7.7715867,110.3776145,-6.4,-7.7715888,110.3776101,-7.067
1788427676.0476315,0.7630226799498055,0.5477163396320534,1.0616206592717976,True,True,20.814217233037752,21.957550813037038,-7.7715867,110.3776145,-6.525,-7.7715888,110.3776101,-7.066
1788427676.249516,0.7623139839447942,0.5476977368555129,1.0596238541599776,True,True,20.86478893315551,21.957138275690347,-7.7715867,110.3776145,-6.525,-7.7715888,110.3776101,-7.065
1788427676.44991,0.6795201322387616,0.5453904590204578,0.8100232151823419,True,True,20.95330474484371,21.957173989295384,-7.7715867,110.3776145,-6.65,-7.7715888,110.3776101,-7.065
1788427676.6548498,0.6107729611875303,0.543101315525828,0.5584257710928862,True,True,21.0325376264434,21.957199443216183,-7.7715867,110.3776145,-6.776,-7.7715888,110.3776101,-7.065
1788427676.8558893,0.5622202505404658,0.5409048411466919,0.3126811354746716,True,True,21.10424123759943,21.956804089784285,-7.7715867,110.3776145,-6.901,-7.7715888,110.3776101,-7.064
1788427677.0563812,0.5394132090686916,0.5386626716207118,0.058003380796916935,True,True,21.17080353595039,21.956816132393303,-7.7715867,110.3776145,-7.026,-7.7715888,110.3776101,-7.064
1788427677.262802,0.5394132090686916,0.5386626716207118,0.058003380796916935,True,True,21.180132400807036,21.956824459133777,-7.7715867,110.3776145,-7.026,-7.7715888,110.3776101,-7.064
1788427677.4661908,0.5394132090686916,0.5394132090686916,0.0,True,True,21.844904229768225,21.957443996377176,-7.7715867,110.3776145,-7.101,-7.7715888,110.3776101,-7.063
1788427677.6802669,0.5383108861223076,0.5383108861223076,0.0,True,True,21.963923796955942,21.957639842677157,-7.7715867,110.3776145,-7.079,-7.7715888,110.3776101,-7.063
1788427677.895086,0.5385226180187643,0.5385226180187643,0.0,True,True,21.88752652706434,21.9575195983882,-7.7715867,110.3776145,-7.085,-7.7715888,110.3776101,-7.063
1788427678.0957706,0.5385643973730384,0.5385643973730384,0.0,True,True,21.752956099874016,21.95730967718069,-7.7715867,110.3776145,-7.086,-7.7715888,110.3776101,-7.063
1788427678.295954,0.5385226180187643,0.5385226180187643,0.0,True,True,21.621721970378093,21.957101242218148,-7.7715867,110.3776145,-7.085,-7.7715888,110.3776101,-7.063
1788427678.498899,0.5385643973730384,0.5385643973730384,0.0,True,True,21.51365332944979,21.95651249802012,-7.7715867,110.3776145,-7.085,-7.7715888,110.3776101,-7.062
1788427678.7127051,0.5385226180187643,0.5385226180187643,0.0,True,True,21.430013690078383,21.95637457563209,-7.7715867,110.3776145,-7.084,-7.7715888,110.3776101,-7.062
1788427678.9223757,0.5384826924960393,0.5384826924960393,0.0,True,True,21.36781838666845,21.9562708307215,-7.7715867,110.3776145,-7.083,-7.7715888,110.3776101,-7.062
1788427679.1240482,0.538408404575731,0.538408404575731,0.0,True,True,21.322072333128318,21.956194702099506,-7.7715867,110.3776145,-7.081,-7.7715888,110.3776101,-7.062
1788427679.3323748,0.5383740429457795,0.5383740429457795,0.0,True,True,21.96347846387031,21.956139696131807,-7.7715867,110.3776145,-7.08,-7.7715888,110.3776101,-7.062
1788427679.5341659,0.5383108861223076,0.5383108861223076,0.0,True,True,21.962608785964857,21.95610036741425,-7.7715867,110.3776145,-7.078,-7.7715888,110.3776101,-7.062
1788427679.7359061,0.5383108861223076,0.5383108861223076,0.0,True,True,21.962578282776644,21.956072424130856,-7.7715867,110.3776145,-7.078,-7.7715888,110.3776101,-7.062
1788427679.9377198,0.5382551533592447,0.5382551533592447,0.0,True,True,21.96131685803051,21.955639965607247,-7.7715867,110.3776145,-7.075,-7.7715888,110.3776101,-7.061
1788427680.1381226,0.5381854792892353,0.5381854792892353,0.0,True,True,21.96013862275138,21.955626069534006,-7.7715867,110.3776145,-7.072,-7.7715888,110.3776101,-7.061
1788427680.3471422,0.5381325209628053,0.5381325209628053,0.0,True,True,21.959118521755812,21.955616312208928,-7.7715867,110.3776145,-7.069,-7.7715888,110.3776101,-7.061
1788427680.547627,0.5381065044373502,0.5381065044373502,0.0,True,True,21.958534906328975,21.955609467551117,-7.7715867,110.3776145,-7.067,-7.7715888,110.3776101,-7.061
1788427680.7579427,0.5381065044373502,0.5381065044373502,0.0,True,True,21.95868452783421,21.955604664897407,-7.7715867,110.3776145,-7.067,-7.7715888,110.3776101,-7.061
1788427680.9605696,0.5380879204347409,0.5380879204347409,0.0,True,True,21.958031703114724,21.955808642589478,-7.7715867,110.3776145,-7.065,-7.7715888,110.3776101,-7.061
1788427681.1722572,0.5380814158821916,0.5380814158821916,0.0,True,True,21.95775454471558,21.956045799665244,-7.7715867,110.3776145,-7.064,-7.7715888,110.3776101,-7.061
1788427681.3810282,0.5380739820115669,0.5380739820115669,0.0,True,True,21.957058786145726,21.956363103296834,-7.7715867,110.3776145,-7.062,-7.7715888,110.3776101,-7.061
1788427681.5824215,0.5380730527705174,0.5380730527705174,0.0,True,True,21.956732187842366,21.956593523150186,-7.7715867,110.3776145,-7.061,-7.7715888,110.3776101,-7.061
1788427681.7836401,0.5380739820115669,0.5380739820115669,0.0,True,True,21.956372343389067,21.956741418907278,-7.7715867,110.3776145,-7.06,-7.7715888,110.3776101,-7.061
1788427681.9887707,0.5380739820115669,0.5380739820115669,0.0,True,True,21.956393665112127,21.956797619406945,-7.7715867,110.3776145,-7.06,-7.7715888,110.3776101,-7.061
1788427682.2008822,0.5380767697250868,0.5380767697250868,0.0,True,True,21.955989572498535,21.956814310308282,-7.7715867,110.3776145,-7.059,-7.7715888,110.3776101,-7.061
1788427682.4022722,0.5380767697250868,0.5380767697250868,0.0,True,True,21.955987028963,21.956797039124222,-7.7715867,110.3776145,-7.059,-7.7715888,110.3776101,-7.061
1788427682.6045744,0.5380814158821916,0.5380814158821916,0.0,True,True,21.95556244213632,21.956742883295824,-7.7715867,110.3776145,-7.058,-7.7715888,110.3776101,-7.061
1788427682.8114479,0.5380879204347409,0.5380879204347409,0.0,True,True,21.95512525407467,21.95663773708313,-7.7715867,110.3776145,-7.057,-7.7715888,110.3776101,-7.061
1788427683.025729,0.5380879204347409,0.5380879204347409,0.0,True,True,21.9551009005691,21.95653644627489,-7.7715867,110.3776145,-7.057,-7.7715888,110.3776101,-7.061
1788427683.235077,0.5380879204347409,0.5380879204347409,0.0,True,True,21.955080373642836,21.956451976034877,-7.7715867,110.3776145,-7.057,-7.7715888,110.3776101,-7.061
1788427683.4371843,0.5380962833153413,0.5380962833153413,0.0,True,True,21.954633026436525,21.956306536243453,-7.7715867,110.3776145,-7.056,-7.7715888,110.3776101,-7.061
1788427683.6448104,0.5380962833153413,0.5380962833153413,0.0,True,True,21.954605054779716,21.956190183345463,-7.7715867,110.3776145,-7.056,-7.7715888,110.3776101,-7.061
1788427683.846046,0.5381065044373502,0.5381065044373502,0.0,True,True,21.954147172812256,21.956031963885188,-7.7715867,110.3776145,-7.055,-7.7715888,110.3776101,-7.061
1788427684.0466328,0.5381065044373502,0.5381065044373502,0.0,True,True,21.954111751106012,21.955910597278827,-7.7715867,110.3776145,-7.055,-7.7715888,110.3776101,-7.061
1788427684.2495728,0.5381065044373502,0.5381065044373502,0.0,True,True,21.954085176096726,21.95582044058243,-7.7715867,110.3776145,-7.055,-7.7715888,110.3776101,-7.061
1788427684.4506226,0.5381065044373502,0.5381065044373502,0.0,True,True,21.954065701493366,21.95575478296696,-7.7715867,110.3776145,-7.055,-7.7715888,110.3776101,-7.061
1788427684.6605902,0.5381185836948804,0.5381185836948804,0.0,True,True,21.953607972346525,21.95570757042032,-7.7715867,110.3776145,-7.054,-7.7715888,110.3776101,-7.061
1788427684.8619587,0.5381185836948804,0.5381185836948804,0.0,True,True,21.95357420368912,21.955673909718058,-7.7715867,110.3776145,-7.054,-7.7715888,110.3776101,-7.061
1788427685.0707016,0.5381185836948804,0.5381185836948804,0.0,True,True,21.953549555523114,21.955650047388342,-7.7715867,110.3776145,-7.054,-7.7715888,110.3776101,-7.061
1788427685.2717848,0.5381185836948804,0.5381185836948804,0.0,True,True,21.953531806861697,21.95563319683787,-7.7715867,110.3776145,-7.054,-7.7715888,110.3776101,-7.061
1788427685.4802282,0.5381185836948804,0.5381185836948804,0.0,True,True,21.953519140277848,21.955621329462133,-7.7715867,110.3776145,-7.054,-7.7715888,110.3776101,-7.061
1788427685.6933134,0.5381325209628053,0.5381325209628053,0.0,True,True,21.953060340970595,21.95561298229506,-7.7715867,110.3776145,-7.053,-7.7715888,110.3776101,-7.061
1788427685.8952146,0.5381325209628053,0.5381325209628053,0.0,True,True,21.953026373552188,21.955607121954223,-7.7715867,110.3776145,-7.053,-7.7715888,110.3776101,-7.061
1788427686.1037667,0.5381325209628053,0.5381325209628053,0.0,True,True,21.95300186802274,21.955603011226756,-7.7715867,110.3776145,-7.053,-7.7715888,110.3776101,-7.061
1788427686.3115323,0.5381325209628053,0.5381325209628053,0.0,True,True,21.952984357271983,21.95560012955794,-7.7715867,110.3776145,-7.053,-7.7715888,110.3776101,-7.061
1788427686.5124345,0.5381325209628053,0.5381325209628053,0.0,True,True,21.952971924876834,21.955598110351655,-7.7715867,110.3776145,-7.053,-7.7715888,110.3776101,-7.061
1788427686.7156653,0.5381325209628053,0.5381325209628053,0.0,True,True,21.952963136514654,21.95559669590853,-7.7715867,110.3776145,-7.053,-7.7715888,110.3776101,-7.061
1788427686.92198,0.5381325209628053,0.5381325209628053,0.0,True,True,21.95295694267548,21.955595705309033,-7.7715867,110.3776145,-7.053,-7.7715888,110.3776101,-7.061
1788427687.1234117,0.5381483160967653,0.5381483160967653,0.0,True,True,21.95249692415875,21.95559500619974,-7.7715867,110.3776145,-7.052,-7.7715888,110.3776101,-7.061
1788427687.3268476,0.5381483160967653,0.5381483160967653,0.0,True,True,21.952462403288017,21.95559451670214,-7.7715867,110.3776145,-7.052,-7.7715888,110.3776101,-7.061
1788427687.5267382,0.5381483160967653,0.5381483160967653,0.0,True,True,21.952437669338686,21.955594173994346,-7.7715867,110.3776145,-7.052,-7.7715888,110.3776101,-7.061
1788427687.7321124,0.5381483160967653,0.5381483160967653,0.0,True,True,21.95242007660128,21.955593934069825,-7.7715867,110.3776145,-7.052,-7.7715888,110.3776101,-7.061
1788427687.9361174,0.5381483160967653,0.5381483160967653,0.0,True,True,21.952407624989736,21.955593766108432,-7.7715867,110.3776145,-7.052,-7.7715888,110.3776101,-7.061
1788427688.1373494,0.5381483160967653,0.5381483160967653,0.0,True,True,21.952398841881372,21.955593648528435,-7.7715867,110.3776145,-7.052,-7.7715888,110.3776101,-7.061
1788427688.3402061,0.5381483160967653,0.5381483160967653,0.0,True,True,21.952392660885312,21.955593566218994,-7.7715867,110.3776145,-7.052,-7.7715888,110.3776101,-7.061
1788427688.5410006,0.5381483160967653,0.5381483160967653,0.0,True,True,21.952388318106266,21.95559350860078,-7.7715867,110.3776145,-7.052,-7.7715888,110.3776101,-7.061
1788427688.748808,0.5381483160967653,0.5381483160967653,0.0,True,True,21.952385270280796,21.955593468267168,-7.7715867,110.3776145,-7.052,-7.7715888,110.3776101,-7.061
1788427688.950033,0.5381483160967653,0.5381483160967653,0.0,True,True,21.952383132941755,21.95559344003322,-7.7715867,110.3776145,-7.052,-7.7715888,110.3776101,-7.061
1788427689.1646106,0.5381483160967653,0.5381483160967653,0.0,True,True,21.9523816349125,21.95559342026931,-7.7715867,110.3776145,-7.052,-7.7715888,110.3776101,-7.061
1788427689.3684824,0.5381483160967653,0.5381483160967653,0.0,True,True,21.95238058536485,21.95559340643438,-7.7715867,110.3776145,-7.052,-7.7715888,110.3776101,-7.061
1788427689.5764806,0.5381483160967653,0.5381483160967653,0.0,True,True,21.952379850227306,21.95559339674992,-7.7715867,110.3776145,-7.052,-7.7715888,110.3776101,-7.061
1788427689.7765663,0.5381483160967653,0.5381483160967653,0.0,True,True,21.95237933540832,21.955593389970804,-7.7715867,110.3776145,-7.052,-7.7715888,110.3776101,-7.061
1788427689.9857705,0.5381483160967653,0.5381483160967653,0.0,True,True,21.95237897492603,21.955593385225402,-7.7715867,110.3776145,-7.052,-7.7715888,110.3776101,-7.061
1788427690.1893218,0.5381483160967653,0.5381483160967653,0.0,True,True,21.952378722534995,21.955593381903622,-7.7715867,110.3776145,-7.052,-7.7715888,110.3776101,-7.061
1788427690.3901005,0.5381483160967653,0.5381483160967653,0.0,True,True,21.95237854583504,21.955593379578378,-7.7715867,110.3776145,-7.052,-7.7715888,110.3776101,-7.061
1788427690.6027687,0.5381483160967653,0.5381483160967653,0.0,True,True,21.952378422132295,21.955593377950684,-7.7715867,110.3776145,-7.052,-7.7715888,110.3776101,-7.061
1788427690.8049707,0.5381483160967653,0.5381483160967653,0.0,True,True,21.95237833553408,21.955593376811283,-7.7715867,110.3776145,-7.052,-7.7715888,110.3776101,-7.061
1788427691.012662,0.5381483160967653,0.5381483160967653,0.0,True,True,21.952378274912167,21.955593376013766,-7.7715867,110.3776145,-7.052,-7.7715888,110.3776101,-7.061
1788427691.2142606,0.5381483160967653,0.5381483160967653,0.0,True,True,21.95237823247535,21.955593375455422,-7.7715867,110.3776145,-7.052,-7.7715888,110.3776101,-7.061
1788427691.4172843,0.5381483160967653,0.5381483160967653,0.0,True,True,21.952378202768923,21.95559337506468,-7.7715867,110.3776145,-7.052,-7.7715888,110.3776101,-7.061
1788427691.618057,0.5381483160967653,0.5381483160967653,0.0,True,True,21.952378181973966,21.95559337479102,-7.7715867,110.3776145,-7.052,-7.7715888,110.3776101,-7.061
1788427691.8189368,0.5381483160967653,0.5381483160967653,0.0,True,True,21.952378167417333,21.955593374599545,-7.7715867,110.3776145,-7.052,-7.7715888,110.3776101,-7.061
1788427692.0207517,0.5381483160967653,0.5381483160967653,0.0,True,True,21.95237815722767,21.955593374465533,-7.7715867,110.3776145,-7.052,-7.7715888,110.3776101,-7.061
1788427692.2271461,0.5381483160967653,0.5381483160967653,0.0,True,True,21.952378150094834,21.955593374371748,-7.7715867,110.3776145,-7.052,-7.7715888,110.3776101,-7.061
1788427692.4297793,0.5381483160967653,0.5381483160967653,0.0,True,True,21.952378145101807,21.955593374306062,-7.7715867,110.3776145,-7.052,-7.7715888,110.3776101,-7.061
1788427692.64507,0.5381483160967653,0.5381483160967653,0.0,True,True,21.95237814160665,21.955593374260033,-7.7715867,110.3776145,-7.052,-7.7715888,110.3776101,-7.061
1788427692.8469357,0.5381483160967653,0.5381483160967653,0.0,True,True,21.95237813916003,21.95559337422791,-7.7715867,110.3776145,-7.052,-7.7715888,110.3776101,-7.061
1788427693.047553,0.5381483160967653,0.5381483160967653,0.0,True,True,21.952378137447486,21.95559337420535,-7.7715867,110.3776145,-7.052,-7.7715888,110.3776101,-7.061
1788427693.2543886,0.5381483160967653,0.5381483160967653,0.0,True,True,21.952378136248587,21.9555933741896,-7.7715867,110.3776145,-7.052,-7.7715888,110.3776101,-7.061
1788427693.4686756,0.5381483160967653,0.5381483160967653,0.0,True,True,21.95237813540942,21.95559337417853,-7.7715867,110.3776145,-7.052,-7.7715888,110.3776101,-7.061
1788427693.6722739,0.5381483160967653,0.5381483160967653,0.0,True,True,21.952378134822045,21.95559337417082,-7.7715867,110.3776145,-7.052,-7.7715888,110.3776101,-7.061
1788427693.8734865,0.5381483160967653,0.5381483160967653,0.0,True,True,21.952378134410818,21.955593374165403,-7.7715867,110.3776145,-7.052,-7.7715888,110.3776101,-7.061
1788427694.0750527,0.5381483160967653,0.5381483160967653,0.0,True,True,21.952378134122952,21.955593374161623,-7.7715867,110.3776145,-7.052,-7.7715888,110.3776101,-7.061
1788427694.2770422,0.5381659689331758,0.5381659689331758,0.0,True,True,21.95232911533375,21.956006083598837,-7.7715867,110.3776145,-7.052,-7.7715888,110.3776101,-7.062
1788427694.479637,0.5381659689331758,0.5381659689331758,0.0,True,True,21.95229384740705,21.95600607931858,-7.7715867,110.3776145,-7.052,-7.7715888,110.3776101,-7.062
1788427694.686313,0.5381659689331758,0.5381659689331758,0.0,True,True,21.95226869202798,21.956006076322513,-7.7715867,110.3776145,-7.052,-7.7715888,110.3776101,-7.062
1788427694.8878453,0.5381659689331758,0.5381659689331758,0.0,True,True,21.952250854028797,21.956006074225233,-7.7715867,110.3776145,-7.052,-7.7715888,110.3776101,-7.062
1788427695.0890317,0.5381659689331758,0.5381659689331758,0.0,True,True,21.952238255105915,21.956006072757074,-7.7715867,110.3776145,-7.052,-7.7715888,110.3776101,-7.062
1788427695.289946,0.5381659689331758,0.5381659689331758,0.0,True,True,21.95222938082177,21.95600607172947,-7.7715867,110.3776145,-7.052,-7.7715888,110.3776101,-7.062
1788427695.4956794,0.5381659689331758,0.5381659689331758,0.0,True,True,21.952223141854233,21.956006071010062,-7.7715867,110.3776145,-7.052,-7.7715888,110.3776101,-7.062
1788427695.7002883,0.5381659689331758,0.5381659689331758,0.0,True,True,21.952218761362506,21.956006070506522,-7.7715867,110.3776145,-7.052,-7.7715888,110.3776101,-7.062
1788427695.9017165,0.5381659689331758,0.5381659689331758,0.0,True,True,21.952215688543177,21.956006070154018,-7.7715867,110.3776145,-7.052,-7.7715888,110.3776101,-7.062
1788427696.103094,0.5381659689331758,0.5381659689331758,0.0,True,True,21.95221353439688,21.95600606990723,-7.7715867,110.3776145,-7.052,-7.7715888,110.3776101,-7.062
1788427696.3055913,0.5381483160967653,0.5381483160967653,0.0,True,True,21.952677050048877,21.956006075846414,-7.7715867,110.3776145,-7.053,-7.7715888,110.3776101,-7.062
1788427696.5122676,0.5381483160967653,0.5381483160967653,0.0,True,True,21.952711951084947,21.956006080003842,-7.7715867,110.3776145,-7.053,-7.7715888,110.3776101,-7.062
1788427696.721618,0.5381483160967653,0.5381483160967653,0.0,True,True,21.952735940048957,21.956006082914065,-7.7715867,110.3776145,-7.053,-7.7715888,110.3776101,-7.062
1788427696.9224093,0.5381483160967653,0.5381483160967653,0.0,True,True,21.952752515857895,21.95600608495115,-7.7715867,110.3776145,-7.053,-7.7715888,110.3776101,-7.062
1788427697.1254823,0.5381483160967653,0.5381483160967653,0.0,True,True,21.95276401285495,21.95600608637717,-7.7715867,110.3776145,-7.053,-7.7715888,110.3776101,-7.062
1788427697.3260405,0.5381483160967653,0.5381483160967653,0.0,True,True,21.952772008778712,21.9560060873754,-7.7715867,110.3776145,-7.053,-7.7715888,110.3776101,-7.062
1788427697.5331998,0.5381483160967653,0.5381483160967653,0.0,True,True,21.952777580457745,21.956006088074076,-7.7715867,110.3776145,-7.053,-7.7715888,110.3776101,-7.062
1788427697.74106,0.5381483160967653,0.5381483160967653,0.0,True,True,21.952781468154036,21.956006088563214,-7.7715867,110.3776145,-7.053,-7.7715888,110.3776101,-7.062
1788427697.9473646,0.5381483160967653,0.5381483160967653,0.0,True,True,21.95278418342661,21.956006088905582,-7.7715867,110.3776145,-7.053,-7.7715888,110.3776101,-7.062
1788427698.1529884,0.5381483160967653,0.5381483160967653,0.0,True,True,21.95278608112121,21.956006089145294,-7.7715867,110.3776145,-7.053,-7.7715888,110.3776101,-7.062
1788427698.3599317,0.5381483160967653,0.5381483160967653,0.0,True,True,21.952787408039292,21.95600608931303,-7.7715867,110.3776145,-7.053,-7.7715888,110.3776101,-7.062
1788427698.568554,0.5381483160967653,0.5381483160967653,0.0,True,True,21.952788336162524,21.95600608943046,-7.7715867,110.3776145,-7.053,-7.7715888,110.3776101,-7.062
1788427698.7699609,0.5381483160967653,0.5381483160967653,0.0,True,True,21.952788985496223,21.956006089512684,-7.7715867,110.3776145,-7.053,-7.7715888,110.3776101,-7.062
1788427698.970975,0.5381483160967653,0.5381483160967653,0.0,True,True,21.95278943985712,21.956006089570266,-7.7715867,110.3776145,-7.053,-7.7715888,110.3776101,-7.062
1788427699.17495,0.5381483160967653,0.5381483160967653,0.0,True,True,21.952789757825173,21.956006089610476,-7.7715867,110.3776145,-7.053,-7.7715888,110.3776101,-7.062
1788427699.380841,0.5381483160967653,0.5381483160967653,0.0,True,True,21.95278998036132,21.956006089638684,-7.7715867,110.3776145,-7.053,-7.7715888,110.3776101,-7.062
1788427699.5827124,0.5381483160967653,0.5381483160967653,0.0,True,True,21.952790136116274,21.95600608965848,-7.7715867,110.3776145,-7.053,-7.7715888,110.3776101,-7.062
1788427699.7837267,0.5381483160967653,0.5381483160967653,0.0,True,True,21.95279024513476,21.95600608967228,-7.7715867,110.3776145,-7.053,-7.7715888,110.3776101,-7.062
1788427699.9855833,0.5381483160967653,0.5381483160967653,0.0,True,True,21.95279032144282,21.956006089681882,-7.7715867,110.3776145,-7.053,-7.7715888,110.3776101,-7.062
1788427700.187192,0.5381483160967653,0.5381483160967653,0.0,True,True,21.95279037485607,21.956006089688675,-7.7715867,110.3776145,-7.053,-7.7715888,110.3776101,-7.062
1788427700.401547,0.5381483160967653,0.5381483160967653,0.0,True,True,21.95279041224417,21.956006089693417,-7.7715867,110.3776145,-7.053,-7.7715888,110.3776101,-7.062
1788427700.6134708,0.5381483160967653,0.5381483160967653,0.0,True,True,21.95279043841533,21.956006089696725,-7.7715867,110.3776145,-7.053,-7.7715888,110.3776101,-7.062
1788427700.8207252,0.5381483160967653,0.5381483160967653,0.0,True,True,21.95279045673482,21.956006089699102,-7.7715867,110.3776145,-7.053,-7.7715888,110.3776101,-7.062
1788427701.026834,0.5381325209628053,0.5381325209628053,0.0,True,True,21.95283790105566,21.955593379606036,-7.7715867,110.3776145,-7.053,-7.7715888,110.3776101,-7.061
1788427701.2370653,0.5381325209628053,0.5381325209628053,0.0,True,True,21.95287015606453,21.95559338342702,-7.7715867,110.3776145,-7.053,-7.7715888,110.3776101,-7.061
1788427701.4384012,0.5381325209628053,0.5381325209628053,0.0,True,True,21.952892266114677,21.955593386101814,-7.7715867,110.3776145,-7.053,-7.7715888,110.3776101,-7.061
1788427701.645805,0.5381325209628053,0.5381325209628053,0.0,True,True,21.952907513603616,21.955593387974076,-7.7715867,110.3776145,-7.053,-7.7715888,110.3776101,-7.061
1788427701.8481314,0.5381325209628053,0.5381325209628053,0.0,True,True,21.952918074367364,21.955593389284743,-7.7715867,110.3776145,-7.053,-7.7715888,110.3776101,-7.061
1788427702.0640633,0.5381325209628053,0.5381325209628053,0.0,True,True,21.952925411787092,21.95559339020213,-7.7715867,110.3776145,-7.053,-7.7715888,110.3776101,-7.061
1788427702.2742522,0.5381325209628053,0.5381325209628053,0.0,True,True,21.952930520974544,21.955593390844296,-7.7715867,110.3776145,-7.053,-7.7715888,110.3776101,-7.061
1788427702.4851446,0.5381325209628053,0.5381325209628053,0.0,True,True,21.952934084172625,21.955593391293885,-7.7715867,110.3776145,-7.053,-7.7715888,110.3776101,-7.061
1788427702.6863122,0.5381325209628053,0.5381325209628053,0.0,True,True,21.95293657192704,21.9555933916085,-7.7715867,110.3776145,-7.053,-7.7715888,110.3776101,-7.061
1788427702.8867934,0.5381325209628053,0.5381325209628053,0.0,True,True,21.952938310177753,21.955593391828863,-7.7715867,110.3776145,-7.053,-7.7715888,110.3776101,-7.061
1788427703.089719,0.5381325209628053,0.5381325209628053,0.0,True,True,21.95293952539649,21.955593391982973,-7.7715867,110.3776145,-7.053,-7.7715888,110.3776101,-7.061
1788427703.2909758,0.5381325209628053,0.5381325209628053,0.0,True,True,21.952940375286627,21.955593392090996,-7.7715867,110.3776145,-7.053,-7.7715888,110.3776101,-7.061
1788427703.4935436,0.5381325209628053,0.5381325209628053,0.0,True,True,21.95294096983595,21.95559339216649,-7.7715867,110.3776145,-7.053,-7.7715888,110.3776101,-7.061
1788427703.6935778,0.5381325209628053,0.5381325209628053,0.0,True,True,21.95294138583733,21.95559339221937,-7.7715867,110.3776145,-7.053,-7.7715888,110.3776101,-7.061
1788427703.8946333,0.5381325209628053,0.5381325209628053,0.0,True,True,21.95294167694859,21.955593392256425,-7.7715867,110.3776145,-7.053,-7.7715888,110.3776101,-7.061
1788427704.0958326,0.5381325209628053,0.5381325209628053,0.0,True,True,21.952941880682424,21.955593392282367,-7.7715867,110.3776145,-7.053,-7.7715888,110.3776101,-7.061
1788427704.2968028,0.5381325209628053,0.5381325209628053,0.0,True,True,21.952942023274613,21.955593392300422,-7.7715867,110.3776145,-7.053,-7.7715888,110.3776101,-7.061
1788427704.5118237,0.5381325209628053,0.5381325209628053,0.0,True,True,21.952942123078536,21.955593392313176,-7.7715867,110.3776145,-7.053,-7.7715888,110.3776101,-7.061
1788427704.7141967,0.5381325209628053,0.5381325209628053,0.0,True,True,21.952942192936103,21.955593392322047,-7.7715867,110.3776145,-7.053,-7.7715888,110.3776101,-7.061
1788427704.9166882,0.5381325209628053,0.5381325209628053,0.0,True,True,21.952942241833902,21.95559339232831,-7.7715867,110.3776145,-7.053,-7.7715888,110.3776101,-7.061
1788427705.1185968,0.5381325209628053,0.5381325209628053,0.0,True,True,21.952942276061144,21.955593392332617,-7.7715867,110.3776145,-7.053,-7.7715888,110.3776101,-7.061
1788427705.3325362,0.5381325209628053,0.5381325209628053,0.0,True,True,21.952942300019526,21.955593392335704,-7.7715867,110.3776145,-7.053,-7.7715888,110.3776101,-7.061
1788427705.5326326,0.5381325209628053,0.5381325209628053,0.0,True,True,21.95294231679014,21.955593392337814,-7.7715867,110.3776145,-7.053,-7.7715888,110.3776101,-7.061
1788427705.7351437,0.5381325209628053,0.5381325209628053,0.0,True,True,21.952942328529467,21.95559339233932,-7.7715867,110.3776145,-7.053,-7.7715888,110.3776101,-7.061
1788427705.9362612,0.5381325209628053,0.5381325209628053,0.0,True,True,21.952942336746847,21.955593392340358,-7.7715867,110.3776145,-7.053,-7.7715888,110.3776101,-7.061
1788427706.1448624,0.5381325209628053,0.5381325209628053,0.0,True,True,21.95294234249902,21.955593392341054,-7.7715867,110.3776145,-7.053,-7.7715888,110.3776101,-7.061
1788427706.3459606,0.5381325209628053,0.5381325209628053,0.0,True,True,21.952942346525482,21.95559339234155,-7.7715867,110.3776145,-7.053,-7.7715888,110.3776101,-7.061
1788427706.5561175,0.5381325209628053,0.5381325209628053,0.0,True,True,21.952942349344017,21.955593392341942,-7.7715867,110.3776145,-7.053,-7.7715888,110.3776101,-7.061
1788427706.7657564,0.5381325209628053,0.5381325209628053,0.0,True,True,21.952942351317,21.955593392342188,-7.7715867,110.3776145,-7.053,-7.7715888,110.3776101,-7.061
1788427706.9730406,0.5381325209628053,0.5381325209628053,0.0,True,True,21.952942352698056,21.955593392342404,-7.7715867,110.3776145,-7.053,-7.7715888,110.3776101,-7.061
1788427707.1785066,0.5381325209628053,0.5381325209628053,0.0,True,True,21.952942353664888,21.955593392342507,-7.7715867,110.3776145,-7.053,-7.7715888,110.3776101,-7.061
1788427707.3817995,0.5381325209628053,0.5381325209628053,0.0,True,True,21.952942354341527,21.955593392342575,-7.7715867,110.3776145,-7.053,-7.7715888,110.3776101,-7.061
1788427707.5912402,0.5381483160967653,0.5381483160967653,0.0,True,True,21.952486307434025,21.95559338688571,-7.7715867,110.3776145,-7.052,-7.7715888,110.3776101,-7.061
1788427707.7915947,0.5381483160967653,0.5381483160967653,0.0,True,True,21.952454773282316,21.95559338306579,-7.7715867,110.3776145,-7.052,-7.7715888,110.3776101,-7.061
1788427708.0003972,0.5381483160967653,0.5381483160967653,0.0,True,True,21.952432231169823,21.955593380391857,-7.7715867,110.3776145,-7.052,-7.7715888,110.3776101,-7.061
1788427708.214474,0.5381483160967653,0.5381483160967653,0.0,True,True,21.95241622227278,21.9555933785202,-7.7715867,110.3776145,-7.052,-7.7715888,110.3776101,-7.061
1788427708.4220452,0.5381483160967653,0.5381483160967653,0.0,True,True,21.952404903630903,21.955593377209905,-7.7715867,110.3776145,-7.052,-7.7715888,110.3776101,-7.061
1788427708.6232848,0.5381483160967653,0.5381483160967653,0.0,True,True,21.95239692549915,21.955593376292782,-7.7715867,110.3776145,-7.052,-7.7715888,110.3776101,-7.061
1788427708.8319163,0.5381483160967653,0.5381483160967653,0.0,True,True,21.95239131381658,21.955593375650757,-7.7715867,110.3776145,-7.052,-7.7715888,110.3776101,-7.061
1788427709.032925,0.5381483160967653,0.5381483160967653,0.0,True,True,21.952387372413572,21.955593375201392,-7.7715867,110.3776145,-7.052,-7.7715888,110.3776101,-7.061
1788427709.2383313,0.5381483160967653,0.5381483160967653,0.0,True,True,21.952384606951114,21.955593374886828,-7.7715867,110.3776145,-7.052,-7.7715888,110.3776101,-7.061
1788427709.4428406,0.5381483160967653,0.5381483160967653,0.0,True,True,21.952382667951966,21.955593374666606,-7.7715867,110.3776145,-7.052,-7.7715888,110.3776101,-7.061
1788427709.6513672,0.5381483160967653,0.5381483160967653,0.0,True,True,21.952381309096683,21.955593374512485,-7.7715867,110.3776145,-7.052,-7.7715888,110.3776101,-7.061
1788427709.8541908,0.5381483160967653,0.5381483160967653,0.0,True,True,21.952380357135645,21.955593374404494,-7.7715867,110.3776145,-7.052,-7.7715888,110.3776101,-7.061
1788427710.0545354,0.5381483160967653,0.5381483160967653,0.0,True,True,21.952379690389254,21.95559337432902,-7.7715867,110.3776145,-7.052,-7.7715888,110.3776101,-7.061
1788427710.2622702,0.5381483160967653,0.5381483160967653,0.0,True,True,21.952379223483796,21.955593374276166,-7.7715867,110.3776145,-7.052,-7.7715888,110.3776101,-7.061
1788427710.4644449,0.5381483160967653,0.5381483160967653,0.0,True,True,21.952378896560237,21.95559337423912,-7.7715867,110.3776145,-7.052,-7.7715888,110.3776101,-7.061
1788427710.6796691,0.5381483160967653,0.5381483160967653,0.0,True,True,21.952378667669812,21.955593374213255,-7.7715867,110.3776145,-7.052,-7.7715888,110.3776101,-7.061
1788427710.8802419,0.5381483160967653,0.5381483160967653,0.0,True,True,21.952378507424893,21.955593374195058,-7.7715867,110.3776145,-7.052,-7.7715888,110.3776101,-7.061
1788427711.09054,0.5381483160967653,0.5381483160967653,0.0,True,True,21.95237839524302,21.955593374182403,-7.7715867,110.3776145,-7.052,-7.7715888,110.3776101,-7.061
1788427711.2927701,0.5381483160967653,0.5381483160967653,0.0,True,True,21.952378316710472,21.955593374173525,-7.7715867,110.3776145,-7.052,-7.7715888,110.3776101,-7.061
1788427711.4964197,0.5381483160967653,0.5381483160967653,0.0,True,True,21.952378261735127,21.955593374167222,-7.7715867,110.3776145,-7.052,-7.7715888,110.3776101,-7.061
1788427711.7002497,0.5381483160967653,0.5381483160967653,0.0,True,True,21.952378223251184,21.955593374162913,-7.7715867,110.3776145,-7.052,-7.7715888,110.3776101,-7.061
1788427711.9053352,0.5381483160967653,0.5381483160967653,0.0,True,True,21.952378196311795,21.95559337415991,-7.7715867,110.3776145,-7.052,-7.7715888,110.3776101,-7.061
1788427712.111587,0.5381483160967653,0.5381483160967653,0.0,True,True,21.952378177453966,21.95559337415773,-7.7715867,110.3776145,-7.052,-7.7715888,110.3776101,-7.061
1788427712.3119123,0.5381483160967653,0.5381483160967653,0.0,True,True,21.952378164253382,21.95559337415625,-7.7715867,110.3776145,-7.052,-7.7715888,110.3776101,-7.061
1788427712.5123227,0.5381483160967653,0.5381483160967653,0.0,True,True,21.952378155012795,21.955593374155246,-7.7715867,110.3776145,-7.052,-7.7715888,110.3776101,-7.061
1788427712.721166,0.5381483160967653,0.5381483160967653,0.0,True,True,21.952378148544426,21.955593374154475,-7.7715867,110.3776145,-7.052,-7.7715888,110.3776101,-7.061
1788427712.938214,0.5381483160967653,0.5381483160967653,0.0,True,True,21.952378144016524,21.95559337415398,-7.7715867,110.3776145,-7.052,-7.7715888,110.3776101,-7.061
1788427713.1462061,0.5381483160967653,0.5381483160967653,0.0,True,True,21.95237814084695,21.95559337415358,-7.7715867,110.3776145,-7.052,-7.7715888,110.3776101,-7.061
1788427713.3474734,0.5381483160967653,0.5381483160967653,0.0,True,True,21.952378138628234,21.955593374153302,-7.7715867,110.3776145,-7.052,-7.7715888,110.3776101,-7.061
1788427713.5486958,0.5381483160967653,0.5381483160967653,0.0,True,True,21.952378137075176,21.955593374153214,-7.7715867,110.3776145,-7.052,-7.7715888,110.3776101,-7.061
1788427713.7503724,0.5381483160967653,0.5381483160967653,0.0,True,True,21.952378135988017,21.955593374153008,-7.7715867,110.3776145,-7.052,-7.7715888,110.3776101,-7.061
1788427713.9621983,0.5381483160967653,0.5381483160967653,0.0,True,True,21.952378135227022,21.955593374152965,-7.7715867,110.3776145,-7.052,-7.7715888,110.3776101,-7.061
1788427714.1694863,0.5381483160967653,0.5381483160967653,0.0,True,True,21.95237813469436,21.95559337415287,-7.7715867,110.3776145,-7.052,-7.7715888,110.3776101,-7.061
1788427714.3724298,0.5381483160967653,0.5381483160967653,0.0,True,True,21.95237813432145,21.95559337415286,-7.7715867,110.3776145,-7.052,-7.7715888,110.3776101,-7.061
1788427714.575367,0.5381483160967653,0.5381483160967653,0.0,True,True,21.95237813406038,21.955593374152837,-7.7715867,110.3776145,-7.052,-7.7715888,110.3776101,-7.061
1788427714.781252,0.5381483160967653,0.5381483160967653,0.0,True,True,21.952378133877694,21.955593374152794,-7.7715867,110.3776145,-7.052,-7.7715888,110.3776101,-7.061
1788427714.9863575,0.5381483160967653,0.5381483160967653,0.0,True,True,21.952378133749793,21.955593374152787,-7.7715867,110.3776145,-7.052,-7.7715888,110.3776101,-7.061
1788427715.1964738,0.5381483160967653,0.5381483160967653,0.0,True,True,21.952378133660233,21.955593374152755,-7.7715867,110.3776145,-7.052,-7.7715888,110.3776101,-7.061
1788427715.4111757,0.5381483160967653,0.5381483160967653,0.0,True,True,21.95237813359756,21.95559337415276,-7.7715867,110.3776145,-7.052,-7.7715888,110.3776101,-7.061
1788427715.612917,0.5381483160967653,0.5381483160967653,0.0,True,True,21.952378133553722,21.955593374152798,-7.7715867,110.3776145,-7.052,-7.7715888,110.3776101,-7.061
1788427715.8184402,0.5381483160967653,0.5381483160967653,0.0,True,True,21.95237813352304,21.95559337415275,-7.7715867,110.3776145,-7.052,-7.7715888,110.3776101,-7.061
1788427716.0228055,0.5381483160967653,0.5381483160967653,0.0,True,True,21.95237813350146,21.95559337415276,-7.7715867,110.3776145,-7.052,-7.7715888,110.3776101,-7.061
1788427716.2282348,0.5381483160967653,0.5381483160967653,0.0,True,True,21.952378133486512,21.95559337415277,-7.7715867,110.3776145,-7.052,-7.7715888,110.3776101,-7.061
1788427716.4310567,0.5381483160967653,0.5381483160967653,0.0,True,True,21.952378133475893,21.955593374152738,-7.7715867,110.3776145,-7.052,-7.7715888,110.3776101,-7.061
1788427716.6441026,0.5381483160967653,0.5381483160967653,0.0,True,True,21.952378133468564,21.95559337415279,-7.7715867,110.3776145,-7.052,-7.7715888,110.3776101,-7.061
1788427716.8554318,0.5381483160967653,0.5381483160967653,0.0,True,True,21.95237813346337,21.955593374152784,-7.7715867,110.3776145,-7.052,-7.7715888,110.3776101,-7.061
1788427717.0584872,0.5381483160967653,0.5381483160967653,0.0,True,True,21.952378133459813,21.955593374152773,-7.7715867,110.3776145,-7.052,-7.7715888,110.3776101,-7.061
1788427717.2618086,0.5381483160967653,0.5381483160967653,0.0,True,True,21.952378133457273,21.955593374152738,-7.7715867,110.3776145,-7.052,-7.7715888,110.3776101,-7.061
1788427717.4621975,0.5381483160967653,0.5381483160967653,0.0,True,True,21.952378133455504,21.955593374152723,-7.7715867,110.3776145,-7.052,-7.7715888,110.3776101,-7.061
1788427717.6816936,0.5381483160967653,0.5381483160967653,0.0,True,True,21.95237813345429,21.9555933741528,-7.7715867,110.3776145,-7.052,-7.7715888,110.3776101,-7.061
1788427717.8873758,0.5381483160967653,0.5381483160967653,0.0,True,True,21.952378133453404,21.95559337415275,-7.7715867,110.3776145,-7.052,-7.7715888,110.3776101,-7.061
1788427718.0905747,0.5381483160967653,0.5381483160967653,0.0,True,True,21.95237813345275,21.955593374152787,-7.7715867,110.3776145,-7.052,-7.7715888,110.3776101,-7.061
1788427718.2954657,0.5381483160967653,0.5381483160967653,0.0,True,True,21.95237813345231,21.955593374152752,-7.7715867,110.3776145,-7.052,-7.7715888,110.3776101,-7.061
1788427718.5080483,0.5381483160967653,0.5381483160967653,0.0,True,True,21.95237813345208,21.95559337415275,-7.7715867,110.3776145,-7.052,-7.7715888,110.3776101,-7.061
1788427718.7118208,0.5381483160967653,0.5381483160967653,0.0,True,True,21.952378133451848,21.95559337415273,-7.7715867,110.3776145,-7.052,-7.7715888,110.3776101,-7.061
1788427718.9164324,0.5381483160967653,0.5381483160967653,0.0,True,True,21.952378133451734,21.95559337415279,-7.7715867,110.3776145,-7.052,-7.7715888,110.3776101,-7.061
1788427719.1226723,0.5381483160967653,0.5381483160967653,0.0,True,True,21.952378133451635,21.955593374152734,-7.7715867,110.3776145,-7.052,-7.7715888,110.3776101,-7.061
1788427719.3247468,0.5381483160967653,0.5381483160967653,0.0,True,True,21.95237813345152,21.955593374152773,-7.7715867,110.3776145,-7.052,-7.7715888,110.3776101,-7.061
1788427719.5278478,0.5381483160967653,0.5381483160967653,0.0,True,True,21.95237813345152,21.955593374152773,-7.7715867,110.3776145,-7.052,-7.7715888,110.3776101,-7.061
1788427719.7310324,0.5381483160967653,0.5381483160967653,0.0,True,True,21.952378133451425,21.95559337415279,-7.7715867,110.3776145,-7.052,-7.7715888,110.3776101,-7.061
1788427719.9352543,0.5381483160967653,0.5381483160967653,0.0,True,True,21.952378133451404,21.955593374152812,-7.7715867,110.3776145,-7.052,-7.7715888,110.3776101,-7.061
1788427720.1363738,0.5381483160967653,0.5381483160967653,0.0,True,True,21.952378133451404,21.955593374152812,-7.7715867,110.3776145,-7.052,-7.7715888,110.3776101,-7.061
1788427720.3474119,0.5381483160967653,0.5381483160967653,0.0,True,True,21.952378133451404,21.955593374152716,-7.7715867,110.3776145,-7.052,-7.7715888,110.3776101,-7.061
1788427720.5514555,0.5381483160967653,0.5381483160967653,0.0,True,True,21.952378133451404,21.955593374152716,-7.7715867,110.3776145,-7.052,-7.7715888,110.3776101,-7.061
1788427720.7571177,0.5381483160967653,0.5381483160967653,0.0,True,True,21.952378133451404,21.955593374152716,-7.7715867,110.3776145,-7.052,-7.7715888,110.3776101,-7.061
1788427720.9716024,0.5381483160967653,0.5381483160967653,0.0,True,True,21.952378133451404,21.955593374152734,-7.7715867,110.3776145,-7.052,-7.7715888,110.3776101,-7.061
1788427721.1738386,0.5381483160967653,0.5381483160967653,0.0,True,True,21.952378133451404,21.955593374152734,-7.7715867,110.3776145,-7.052,-7.7715888,110.3776101,-7.061
1788427721.388296,0.5381483160967653,0.5381483160967653,0.0,True,True,21.952378133451404,21.955593374152734,-7.7715867,110.3776145,-7.052,-7.7715888,110.3776101,-7.061
1788427721.59292,0.5381483160967653,0.5381483160967653,0.0,True,True,21.952378133451404,21.955593374152734,-7.7715867,110.3776145,-7.052,-7.7715888,110.3776101,-7.061
1788427721.8034675,0.5381483160967653,0.5381483160967653,0.0,True,True,21.952378133451404,21.955593374152734,-7.7715867,110.3776145,-7.052,-7.7715888,110.3776101,-7.061
1788427722.0044148,0.5381483160967653,0.5381483160967653,0.0,True,True,21.952378133451404,21.955593374152734,-7.7715867,110.3776145,-7.052,-7.7715888,110.3776101,-7.061
1788427722.2059667,0.5381483160967653,0.5381483160967653,0.0,True,True,21.952378133451404,21.955593374152734,-7.7715867,110.3776145,-7.052,-7.7715888,110.3776101,-7.061
1788427722.407778,0.5381483160967653,0.5381483160967653,0.0,True,True,21.952378133451404,21.955593374152734,-7.7715867,110.3776145,-7.052,-7.7715888,110.3776101,-7.061
1788427722.6078246,0.5381483160967653,0.5381483160967653,0.0,True,True,21.952378133451404,21.955593374152734,-7.7715867,110.3776145,-7.052,-7.7715888,110.3776101,-7.061
1788427722.8101823,0.5381483160967653,0.5381483160967653,0.0,True,True,21.952378133451404,21.955593374152734,-7.7715867,110.3776145,-7.052,-7.7715888,110.3776101,-7.061
1788427723.0129747,0.5381483160967653,0.5381483160967653,0.0,True,True,21.952378133451404,21.955593374152734,-7.7715867,110.3776145,-7.052,-7.7715888,110.3776101,-7.061
1788427723.2133994,0.5381483160967653,0.5381483160967653,0.0,True,True,21.952378133451404,21.955593374152734,-7.7715867,110.3776145,-7.052,-7.7715888,110.3776101,-7.061
1788427723.4143867,0.5381483160967653,0.5381483160967653,0.0,True,True,21.952378133451404,21.955593374152734,-7.7715867,110.3776145,-7.052,-7.7715888,110.3776101,-7.061
1788427723.628452,0.5381483160967653,0.5381483160967653,0.0,True,True,21.952378133451404,21.955593374152734,-7.7715867,110.3776145,-7.052,-7.7715888,110.3776101,-7.061
1788427723.8396258,0.5381483160967653,0.5381483160967653,0.0,True,True,21.952378133451404,21.955593374152734,-7.7715867,110.3776145,-7.052,-7.7715888,110.3776101,-7.061
1788427724.0410683,0.5381483160967653,0.5381483160967653,0.0,True,True,21.952378133451404,21.955593374152734,-7.7715867,110.3776145,-7.052,-7.7715888,110.3776101,-7.061
1788427724.2511408,0.5381483160967653,0.5381483160967653,0.0,True,True,21.952378133451404,21.955593374152734,-7.7715867,110.3776145,-7.052,-7.7715888,110.3776101,-7.061
1788427724.4544518,0.5381483160967653,0.5381483160967653,0.0,True,True,21.952378133451404,21.955593374152734,-7.7715867,110.3776145,-7.052,-7.7715888,110.3776101,-7.061
1788427724.65887,0.5381483160967653,0.5381483160967653,0.0,True,True,21.952378133451404,21.955593374152734,-7.7715867,110.3776145,-7.052,-7.7715888,110.3776101,-7.061
1788427724.8707728,0.5381483160967653,0.5381483160967653,0.0,True,True,21.952378133451404,21.955593374152734,-7.7715867,110.3776145,-7.052,-7.7715888,110.3776101,-7.061
1788427725.0896223,0.5381483160967653,0.5381483160967653,0.0,True,True,21.952378133451404,21.955593374152734,-7.7715867,110.3776145,-7.052,-7.7715888,110.3776101,-7.061
1788427725.2896724,0.5381483160967653,0.5381483160967653,0.0,True,True,21.952378133451404,21.955593374152734,-7.7715867,110.3776145,-7.052,-7.7715888,110.3776101,-7.061
1788427725.5058386,0.5381483160967653,0.5381483160967653,0.0,True,True,21.952378133451404,21.955593374152734,-7.7715867,110.3776145,-7.052,-7.7715888,110.3776101,-7.061
1788427725.7059126,0.5381483160967653,0.5381483160967653,0.0,True,True,21.952378133451404,21.955593374152734,-7.7715867,110.3776145,-7.052,-7.7715888,110.3776101,-7.061
1788427725.9210646,0.5381483160967653,0.5381483160967653,0.0,True,True,21.952378133451404,21.955593374152734,-7.7715867,110.3776145,-7.052,-7.7715888,110.3776101,-7.061
1788427726.1209989,0.5381483160967653,0.5381483160967653,0.0,True,True,21.952378133451404,21.955593374152734,-7.7715867,110.3776145,-7.052,-7.7715888,110.3776101,-7.061
1788427726.32754,0.5381483160967653,0.5381483160967653,0.0,True,True,21.952378133451404,21.955593374152734,-7.7715867,110.3776145,-7.052,-7.7715888,110.3776101,-7.061
1788427726.52782,0.5381483160967653,0.5381483160967653,0.0,True,True,21.952378133451404,21.955593374152734,-7.7715867,110.3776145,-7.052,-7.7715888,110.3776101,-7.061
1788427726.7388387,0.5381483160967653,0.5381483160967653,0.0,True,True,21.952378133451404,21.955593374152734,-7.7715867,110.3776145,-7.052,-7.7715888,110.3776101,-7.061
1788427726.9454713,0.5381483160967653,0.5381483160967653,0.0,True,True,21.952378133451404,21.955593374152734,-7.7715867,110.3776145,-7.052,-7.7715888,110.3776101,-7.061
1788427727.1516397,0.5381483160967653,0.5381483160967653,0.0,True,True,21.952378133451404,21.955593374152734,-7.7715867,110.3776145,-7.052,-7.7715888,110.3776101,-7.061
1788427727.3562393,0.5381483160967653,0.5381483160967653,0.0,True,True,21.952378133451404,21.955593374152734,-7.7715867,110.3776145,-7.052,-7.7715888,110.3776101,-7.061
1788427727.5600605,0.5381483160967653,0.5381483160967653,0.0,True,True,21.952378133451404,21.955593374152734,-7.7715867,110.3776145,-7.052,-7.7715888,110.3776101,-7.061
1788427727.763777,0.5381483160967653,0.5381483160967653,0.0,True,True,21.952378133451404,21.955593374152734,-7.7715867,110.3776145,-7.052,-7.7715888,110.3776101,-7.061
1788427727.9708488,0.5381483160967653,0.5381483160967653,0.0,True,True,21.952378133451404,21.955593374152734,-7.7715867,110.3776145,-7.052,-7.7715888,110.3776101,-7.061
1788427728.1731753,0.5381483160967653,0.5381483160967653,0.0,True,True,21.952378133451404,21.955593374152734,-7.7715867,110.3776145,-7.052,-7.7715888,110.3776101,-7.061
1788427728.3879423,0.5381483160967653,0.5381483160967653,0.0,True,True,21.952378133451404,21.955593374152734,-7.7715867,110.3776145,-7.052,-7.7715888,110.3776101,-7.061
1788427728.5976348,0.5381483160967653,0.5381483160967653,0.0,True,True,21.952378133451404,21.955593374152734,-7.7715867,110.3776145,-7.052,-7.7715888,110.3776101,-7.061
1788427728.817011,0.5381483160967653,0.5381483160967653,0.0,True,True,21.952378133451404,21.955593374152734,-7.7715867,110.3776145,-7.052,-7.7715888,110.3776101,-7.061
1788427729.0229747,0.5381483160967653,0.5381483160967653,0.0,True,True,21.952378133451404,21.955593374152734,-7.7715867,110.3776145,-7.052,-7.7715888,110.3776101,-7.061
1788427729.2273312,0.5381483160967653,0.5381483160967653,0.0,True,True,21.952378133451404,21.955593374152734,-7.7715867,110.3776145,-7.052,-7.7715888,110.3776101,-7.061
1788427729.4279137,0.5381483160967653,0.5381483160967653,0.0,True,True,21.952378133451404,21.955593374152734,-7.7715867,110.3776145,-7.052,-7.7715888,110.3776101,-7.061
1788427729.6306794,0.5381483160967653,0.5381483160967653,0.0,True,True,21.952378133451404,21.955593374152734,-7.7715867,110.3776145,-7.052,-7.7715888,110.3776101,-7.061
1788427729.8307467,0.5381483160967653,0.5381483160967653,0.0,True,True,21.952378133451404,21.955593374152734,-7.7715867,110.3776145,-7.052,-7.7715888,110.3776101,-7.061
1788427730.04064,0.5381483160967653,0.5381483160967653,0.0,True,True,21.952378133451404,21.955593374152734,-7.7715867,110.3776145,-7.052,-7.7715888,110.3776101,-7.061
1788427730.2551181,0.5381659689331758,0.5381659689331758,0.0,True,True,21.952329114847984,21.956006083592666,-7.7715867,110.3776145,-7.052,-7.7715888,110.3776101,-7.062
1788427730.4695609,0.5381659689331758,0.5381659689331758,0.0,True,True,21.95229384705934,21.95600607931433,-7.7715867,110.3776145,-7.052,-7.7715888,110.3776101,-7.062
1788427730.6798697,0.5381659689331758,0.5381659689331758,0.0,True,True,21.95226869178082,21.95600607631944,-7.7715867,110.3776145,-7.052,-7.7715888,110.3776101,-7.062
1788427730.8866463,0.5381659689331758,0.5381659689331758,0.0,True,True,21.952250853853943,21.956006074223065,-7.7715867,110.3776145,-7.052,-7.7715888,110.3776101,-7.062
1788427731.0878353,0.5381659689331758,0.5381659689331758,0.0,True,True,21.952238254982557,21.956006072755645,-7.7715867,110.3776145,-7.052,-7.7715888,110.3776101,-7.062
1788427731.2897003,0.5381659689331758,0.5381659689331758,0.0,True,True,21.95222938073496,21.956006071728428,-7.7715867,110.3776145,-7.052,-7.7715888,110.3776101,-7.062
1788427731.4975138,0.5381659689331758,0.5381659689331758,0.0,True,True,21.952223141793333,21.95600607100932,-7.7715867,110.3776145,-7.052,-7.7715888,110.3776101,-7.062
1788427731.7013328,0.5381659689331758,0.5381659689331758,0.0,True,True,21.952218761319763,21.95600607050599,-7.7715867,110.3776145,-7.052,-7.7715888,110.3776101,-7.062
1788427731.9086087,0.5381659689331758,0.5381659689331758,0.0,True,True,21.952215688513167,21.9560060701536,-7.7715867,110.3776145,-7.052,-7.7715888,110.3776101,-7.062
1788427732.1091354,0.5381659689331758,0.5381659689331758,0.0,True,True,21.952213534375836,21.95600606990702,-7.7715867,110.3776145,-7.052,-7.7715888,110.3776101,-7.062
1788427732.3097408,0.5381659689331758,0.5381659689331758,0.0,True,True,21.952212024925007,21.956006069734382,-7.7715867,110.3776145,-7.052,-7.7715888,110.3776101,-7.062
1788427732.5128114,0.5381659689331758,0.5381659689331758,0.0,True,True,21.952210967547614,21.956006069613462,-7.7715867,110.3776145,-7.052,-7.7715888,110.3776101,-7.062
1788427732.7210822,0.5381659689331758,0.5381659689331758,0.0,True,True,21.952210227010212,21.956006069528947,-7.7715867,110.3776145,-7.052,-7.7715888,110.3776101,-7.062
1788427732.926238,0.5381659689331758,0.5381659689331758,0.0,True,True,21.952209708451125,21.956006069469698,-7.7715867,110.3776145,-7.052,-7.7715888,110.3776101,-7.062
1788427733.1301358,0.5381659689331758,0.5381659689331758,0.0,True,True,21.952209345370186,21.95600606942826,-7.7715867,110.3776145,-7.052,-7.7715888,110.3776101,-7.062
1788427733.3383942,0.5381659689331758,0.5381659689331758,0.0,True,True,21.952209091169536,21.95600606939917,-7.7715867,110.3776145,-7.052,-7.7715888,110.3776101,-7.062
1788427733.5398817,0.5381659689331758,0.5381659689331758,0.0,True,True,21.952208913207578,21.956006069378894,-7.7715867,110.3776145,-7.052,-7.7715888,110.3776101,-7.062
1788427733.743712,0.5381659689331758,0.5381659689331758,0.0,True,True,21.952208788623707,21.95600606936471,-7.7715867,110.3776145,-7.052,-7.7715888,110.3776101,-7.062
1788427733.9569082,0.5381659689331758,0.5381659689331758,0.0,True,True,21.952208701409763,21.95600606935471,-7.7715867,110.3776145,-7.052,-7.7715888,110.3776101,-7.062
1788427734.1595712,0.5381659689331758,0.5381659689331758,0.0,True,True,21.952208640357526,21.95600606934778,-7.7715867,110.3776145,-7.052,-7.7715888,110.3776101,-7.062
1788427734.3605287,0.5381659689331758,0.5381659689331758,0.0,True,True,21.952208597619745,21.95600606934291,-7.7715867,110.3776145,-7.052,-7.7715888,110.3776101,-7.062
1788427734.5711672,0.5381659689331758,0.5381659689331758,0.0,True,True,21.952208567702577,21.95600606933947,-7.7715867,110.3776145,-7.052,-7.7715888,110.3776101,-7.062
1788427734.7892823,0.5381659689331758,0.5381659689331758,0.0,True,True,21.95220854676034,21.956006069337064,-7.7715867,110.3776145,-7.052,-7.7715888,110.3776101,-7.062
1788427806.326683,847.3542645633185,847.3542645633185,0.0,False,False,21.95310237756839,2.000030015475077,-7.7715867,110.3776145,-7.052,-7.7688459,110.3847906,0
1788427806.527839,847.3542645633185,847.3542645633185,0.0,False,False,21.95310237756839,2.000014707639073,-7.7715867,110.3776145,-7.052,-7.7688459,110.3847906,0
1788427806.740183,847.3542645633185,847.3542645633185,0.0,False,False,21.95310237756839,2.00000720675666,-7.7715867,110.3776145,-7.052,-7.7688459,110.3847906,0
1788427806.941661,847.3542645633185,847.3542645633185,0.0,False,False,21.95310237756839,2.0000035313140083,-7.7715867,110.3776145,-7.052,-7.7688459,110.3847906,0
1788427807.1424873,847.3542645633185,847.3542645633185,0.0,False,False,21.95310237756839,2.000001730344643,-7.7715867,110.3776145,-7.052,-7.7688459,110.3847906,0
1788427807.3509064,847.3542645633185,847.3542645633185,0.0,False,False,21.95310237756839,2.000000847869062,-7.7715867,110.3776145,-7.052,-7.7688459,110.3847906,0
1788427807.5600622,847.3542645633185,847.3542645633185,0.0,False,False,21.95310237756839,2.0000004154558852,-7.7715867,110.3776145,-7.052,-7.7688459,110.3847906,0
1788427807.764812,847.3542728862836,847.3542728862836,0.0,False,False,21.95310237756839,1.999000203675232,-7.7715867,110.3776145,-7.052,-7.7688459,110.3847906,0.001
1788427807.9687707,847.3542728862836,847.3542728862836,0.0,False,False,21.95310237756839,1.9990000998008661,-7.7715867,110.3776145,-7.052,-7.7688459,110.3847906,0.001
1788427808.169041,847.3542728862836,847.3542728862836,0.0,False,False,21.95310237756839,1.9990000489024249,-7.7715867,110.3776145,-7.052,-7.7688459,110.3847906,0.001
1788427808.3728666,847.3542728862836,847.3542728862836,0.0,False,False,21.95310237756839,1.9990000239621881,-7.7715867,110.3776145,-7.052,-7.7688459,110.3847906,0.001
1788427808.5740845,847.3542812104288,847.3542812104288,0.0,False,False,21.95310237756839,1.9980000117473498,-7.7715867,110.3776145,-7.052,-7.7688459,110.3847906,0.002
1788427808.7746713,847.3542812104288,847.3542812104288,0.0,False,False,21.95310237756839,1.9980000057562017,-7.7715867,110.3776145,-7.052,-7.7688459,110.3847906,0.002
1788427808.9834895,847.3542812104288,847.3542812104288,0.0,False,False,21.95310237756839,1.9980000028205391,-7.7715867,110.3776145,-7.052,-7.7688459,110.3847906,0.002
1788427809.1908665,847.354289535754,847.354289535754,0.0,False,False,21.95310237756839,1.9970000013827558,-7.7715867,110.3776145,-7.052,-7.7688459,110.3847906,0.003
1788427809.393202,847.354289535754,847.354289535754,0.0,False,False,21.95310237756839,1.9970000006775503,-7.7715867,110.3776145,-7.052,-7.7688459,110.3847906,0.003
1788427809.5968597,847.354289535754,847.354289535754,0.0,False,False,21.95310237756839,1.9970000003319996,-7.7715867,110.3776145,-7.052,-7.7688459,110.3847906,0.003
1788427809.803071,847.354289535754,847.354289535754,0.0,False,False,21.95310237756839,1.9970000001626798,-7.7715867,110.3776145,-7.052,-7.7688459,110.3847906,0.003
1788427810.0039055,847.354289535754,847.354289535754,0.0,False,False,21.95310237756839,1.997000000079713,-7.7715867,110.3776145,-7.052,-7.7688459,110.3847906,0.003
1788427810.2118328,847.354289535754,847.354289535754,0.0,False,False,21.95310237756839,1.9970000000390593,-7.7715867,110.3776145,-7.052,-7.7688459,110.3847906,0.003
1788427810.412234,847.3542978622593,847.3542978622593,0.0,False,False,21.95310237756839,1.9960000000191487,-7.7715867,110.3776145,-7.052,-7.7688459,110.3847906,0.004
1788427810.622823,847.3542978622593,847.3542978622593,0.0,False,False,21.95310237756839,1.996000000009383,-7.7715867,110.3776145,-7.052,-7.7688459,110.3847906,0.004
1788427810.82433,847.3542978622593,847.3542978622593,0.0,False,False,21.95310237756839,1.9960000000045977,-7.7715867,110.3776145,-7.052,-7.7688459,110.3847906,0.004
1788427811.024743,847.3542978622593,847.3542978622593,0.0,False,False,21.95310237756839,1.9960000000022529,-7.7715867,110.3776145,-7.052,-7.7688459,110.3847906,0.004
1788427811.2285419,847.3542978622593,847.3542978622593,0.0,False,False,21.95310237756839,1.9960000000011038,-7.7715867,110.3776145,-7.052,-7.7688459,110.3847906,0.004
1788427811.4287899,847.3542978622593,847.3542978622593,0.0,False,False,21.95310237756839,1.996000000000541,-7.7715867,110.3776145,-7.052,-7.7688459,110.3847906,0.004
1788427811.6290417,847.3542978622593,847.3542978622593,0.0,False,False,21.95310237756839,1.9960000000002651,-7.7715867,110.3776145,-7.052,-7.7688459,110.3847906,0.004
1788427811.8333259,847.3543061899446,847.3543061899446,0.0,False,False,21.95310237756839,1.9950000000001304,-7.7715867,110.3776145,-7.052,-7.7688459,110.3847906,0.005
1788427812.038657,847.3543061899446,847.3543061899446,0.0,False,False,21.95310237756839,1.9950000000000643,-7.7715867,110.3776145,-7.052,-7.7688459,110.3847906,0.005
1788427812.2433524,847.3543061899446,847.3543061899446,0.0,False,False,21.95310237756839,1.9950000000000316,-7.7715867,110.3776145,-7.052,-7.7688459,110.3847906,0.005
1788427812.446244,847.3543061899446,847.3543061899446,0.0,False,False,21.95310237756839,1.9950000000000159,-7.7715867,110.3776145,-7.052,-7.7688459,110.3847906,0.005
1788427812.6558762,847.3543061899446,847.3543061899446,0.0,False,False,21.95310237756839,1.995000000000008,-7.7715867,110.3776145,-7.052,-7.7688459,110.3847906,0.005
1788427812.8611794,847.3543061899446,847.3543061899446,0.0,False,False,21.95310237756839,1.995000000000004,-7.7715867,110.3776145,-7.052,-7.7688459,110.3847906,0.005
1788427813.0686808,847.3543061899446,847.3543061899446,0.0,False,False,21.95310237756839,1.9950000000000023,-7.7715867,110.3776145,-7.052,-7.7688459,110.3847906,0.005
1788427813.2775738,847.3543061899446,847.3543061899446,0.0,False,False,21.95310237756839,1.9950000000000014,-7.7715867,110.3776145,-7.052,-7.7688459,110.3847906,0.005
1788427813.4844728,847.3543061899446,847.3543061899446,0.0,False,False,21.95310237756839,1.995000000000001,-7.7715867,110.3776145,-7.052,-7.7688459,110.3847906,0.005
1788427813.6862519,847.3543061899446,847.3543061899446,0.0,False,False,21.95310237756839,1.9950000000000008,-7.7715867,110.3776145,-7.052,-7.7688459,110.3847906,0.005
1788427813.895292,847.3543061899446,847.3543061899446,0.0,False,False,21.95310237756839,1.9950000000000006,-7.7715867,110.3776145,-7.052,-7.7688459,110.3847906,0.005
1788427814.0966005,847.35431451881,847.35431451881,0.0,False,False,21.95310237756839,1.9940000000000002,-7.7715867,110.3776145,-7.052,-7.7688459,110.3847906,0.006
1788427814.300272,847.35431451881,847.35431451881,0.0,False,False,21.95310237756839,1.9940000000000002,-7.7715867,110.3776145,-7.052,-7.7688459,110.3847906,0.006
1788427814.5066838,847.35431451881,847.35431451881,0.0,False,False,21.95310237756839,1.9940000000000002,-7.7715867,110.3776145,-7.052,-7.7688459,110.3847906,0.006
1788427814.7135894,847.35431451881,847.35431451881,0.0,False,False,21.95310237756839,1.9940000000000002,-7.7715867,110.3776145,-7.052,-7.7688459,110.3847906,0.006
1788427814.9188595,847.35431451881,847.35431451881,0.0,False,False,21.95310237756839,1.9940000000000002,-7.7715867,110.3776145,-7.052,-7.7688459,110.3847906,0.006
1788427815.1223943,847.35431451881,847.35431451881,0.0,False,False,21.95310237756839,1.9940000000000002,-7.7715867,110.3776145,-7.052,-7.7688459,110.3847906,0.006
1788427815.3226848,847.35431451881,847.35431451881,0.0,False,False,21.95310237756839,1.9940000000000002,-7.7715867,110.3776145,-7.052,-7.7688459,110.3847906,0.006
1788427815.5313776,847.35431451881,847.35431451881,0.0,False,False,21.95310237756839,1.9940000000000002,-7.7715867,110.3776145,-7.052,-7.7688459,110.3847906,0.006
1788427815.7332451,847.35431451881,847.35431451881,0.0,False,False,21.95310237756839,1.9940000000000002,-7.7715867,110.3776145,-7.052,-7.7688459,110.3847906,0.006
1788427815.9346433,847.35431451881,847.35431451881,0.0,False,False,21.95310237756839,1.9940000000000002,-7.7715867,110.3776145,-7.052,-7.7688459,110.3847906,0.006
1788427816.1403008,847.35431451881,847.35431451881,0.0,False,False,21.95310237756839,1.9940000000000002,-7.7715867,110.3776145,-7.052,-7.7688459,110.3847906,0.006
1788427816.3441508,847.35431451881,847.35431451881,0.0,False,False,21.95310237756839,1.9940000000000002,-7.7715867,110.3776145,-7.052,-7.7688459,110.3847906,0.006
1788427816.544675,847.35431451881,847.35431451881,0.0,False,False,21.95310237756839,1.9940000000000002,-7.7715867,110.3776145,-7.052,-7.7688459,110.3847906,0.006
1788427816.747873,847.35431451881,847.35431451881,0.0,False,False,21.95310237756839,1.9940000000000002,-7.7715867,110.3776145,-7.052,-7.7688459,110.3847906,0.006
1788427816.9551706,847.35431451881,847.35431451881,0.0,False,False,21.95310237756839,1.9940000000000002,-7.7715867,110.3776145,-7.052,-7.7688459,110.3847906,0.006
1788427817.1646137,847.35431451881,847.35431451881,0.0,False,False,21.95310237756839,1.9940000000000002,-7.7715867,110.3776145,-7.052,-7.7688459,110.3847906,0.006
1788427817.375208,847.3543061899446,847.3543061899446,0.0,False,False,21.95310237756839,1.9950000000000006,-7.7715867,110.3776145,-7.052,-7.7688459,110.3847906,0.005
1788427817.5753577,847.3543061899446,847.3543061899446,0.0,False,False,21.95310237756839,1.9950000000000006,-7.7715867,110.3776145,-7.052,-7.7688459,110.3847906,0.005
1788427817.7771552,847.3543061899446,847.3543061899446,0.0,False,False,21.95310237756839,1.9950000000000006,-7.7715867,110.3776145,-7.052,-7.7688459,110.3847906,0.005
1788427817.9774349,847.3543061899446,847.3543061899446,0.0,False,False,21.95310237756839,1.9950000000000006,-7.7715867,110.3776145,-7.052,-7.7688459,110.3847906,0.005
1788427818.1789858,847.3543061899446,847.3543061899446,0.0,False,False,21.95310237756839,1.9950000000000006,-7.7715867,110.3776145,-7.052,-7.7688459,110.3847906,0.005
1788427818.385614,847.3543061899446,847.3543061899446,0.0,False,False,21.95310237756839,1.9950000000000006,-7.7715867,110.3776145,-7.052,-7.7688459,110.3847906,0.005
1788427818.5947032,847.3543061899446,847.3543061899446,0.0,False,False,21.95310237756839,1.9950000000000006,-7.7715867,110.3776145,-7.052,-7.7688459,110.3847906,0.005
1788427818.7971125,847.3543061899446,847.3543061899446,0.0,False,False,21.95310237756839,1.9950000000000006,-7.7715867,110.3776145,-7.052,-7.7688459,110.3847906,0.005
1788427818.9979043,847.3543061899446,847.3543061899446,0.0,False,False,21.95310237756839,1.9950000000000006,-7.7715867,110.3776145,-7.052,-7.7688459,110.3847906,0.005
1788427819.205095,847.3543061899446,847.3543061899446,0.0,False,False,21.95310237756839,1.9950000000000006,-7.7715867,110.3776145,-7.052,-7.7688459,110.3847906,0.005
1788427819.4078152,847.3543061899446,847.3543061899446,0.0,False,False,21.95310237756839,1.9950000000000006,-7.7715867,110.3776145,-7.052,-7.7688459,110.3847906,0.005
1788427819.6086483,847.3542978622593,847.3542978622593,0.0,False,False,21.95310237756839,1.996,-7.7715867,110.3776145,-7.052,-7.7688459,110.3847906,0.004
1788427819.8087354,847.3542978622593,847.3542978622593,0.0,False,False,21.95310237756839,1.996,-7.7715867,110.3776145,-7.052,-7.7688459,110.3847906,0.004
1788427820.011007,847.3542978622593,847.3542978622593,0.0,False,False,21.95310237756839,1.996,-7.7715867,110.3776145,-7.052,-7.7688459,110.3847906,0.004
1788427820.2122245,847.3542978622593,847.3542978622593,0.0,False,False,21.95310237756839,1.996,-7.7715867,110.3776145,-7.052,-7.7688459,110.3847906,0.004
1788427820.4122534,847.3542978622593,847.3542978622593,0.0,False,False,21.95310237756839,1.996,-7.7715867,110.3776145,-7.052,-7.7688459,110.3847906,0.004
1788427820.6152215,847.3542978622593,847.3542978622593,0.0,False,False,21.95310237756839,1.996,-7.7715867,110.3776145,-7.052,-7.7688459,110.3847906,0.004
1788427820.8157358,847.3542978622593,847.3542978622593,0.0,False,False,21.95310237756839,1.996,-7.7715867,110.3776145,-7.052,-7.7688459,110.3847906,0.004
1788427821.017647,847.3542978622593,847.3542978622593,0.0,False,False,21.95310237756839,1.996,-7.7715867,110.3776145,-7.052,-7.7688459,110.3847906,0.004
1788427821.2201679,847.354289535754,847.354289535754,0.0,False,False,21.95310237756839,1.9969999999999999,-7.7715867,110.3776145,-7.052,-7.7688459,110.3847906,0.003
1788427821.420632,847.354289535754,847.354289535754,0.0,False,False,21.95310237756839,1.9969999999999999,-7.7715867,110.3776145,-7.052,-7.7688459,110.3847906,0.003
1788427821.6236393,847.354289535754,847.354289535754,0.0,False,False,21.95310237756839,1.9969999999999999,-7.7715867,110.3776145,-7.052,-7.7688459,110.3847906,0.003
1788427821.8364828,847.354289535754,847.354289535754,0.0,False,False,21.95310237756839,1.9969999999999999,-7.7715867,110.3776145,-7.052,-7.7688459,110.3847906,0.003
1788427822.039712,847.354289535754,847.354289535754,0.0,False,False,21.95310237756839,1.9969999999999999,-7.7715867,110.3776145,-7.052,-7.7688459,110.3847906,0.003
1788427822.244156,847.354289535754,847.354289535754,0.0,False,False,21.95310237756839,1.9969999999999999,-7.7715867,110.3776145,-7.052,-7.7688459,110.3847906,0.003
1788427822.4444406,847.354289535754,847.354289535754,0.0,False,False,21.95310237756839,1.9969999999999999,-7.7715867,110.3776145,-7.052,-7.7688459,110.3847906,0.003
1788427822.6455255,847.354289535754,847.354289535754,0.0,False,False,21.95310237756839,1.9969999999999999,-7.7715867,110.3776145,-7.052,-7.7688459,110.3847906,0.003
1788427822.8463328,847.3542812104288,847.3542812104288,0.0,False,False,21.95310237756839,1.9980000000000007,-7.7715867,110.3776145,-7.052,-7.7688459,110.3847906,0.002
1788427823.04802,847.3542812104288,847.3542812104288,0.0,False,False,21.95310237756839,1.9980000000000007,-7.7715867,110.3776145,-7.052,-7.7688459,110.3847906,0.002
1788427823.2517345,847.3542812104288,847.3542812104288,0.0,False,False,21.95310237756839,1.9980000000000007,-7.7715867,110.3776145,-7.052,-7.7688459,110.3847906,0.002
1788427823.4627554,847.3542812104288,847.3542812104288,0.0,False,False,21.95310237756839,1.9980000000000007,-7.7715867,110.3776145,-7.052,-7.7688459,110.3847906,0.002
1788427823.664295,847.3542812104288,847.3542812104288,0.0,False,False,21.95310237756839,1.9980000000000007,-7.7715867,110.3776145,-7.052,-7.7688459,110.3847906,0.002
1788427823.8965912,847.3542812104288,847.3542812104288,0.0,False,False,21.95310237756839,1.9980000000000007,-7.7715867,110.3776145,-7.052,-7.7688459,110.3847906,0.002
1788427824.1022522,847.3542812104288,847.3542812104288,0.0,False,False,21.95310237756839,1.9980000000000007,-7.7715867,110.3776145,-7.052,-7.7688459,110.3847906,0.002
1788427824.3029244,847.3542812104288,847.3542812104288,0.0,False,False,21.95310237756839,1.9980000000000007,-7.7715867,110.3776145,-7.052,-7.7688459,110.3847906,0.002
1788427824.503541,847.3542812104288,847.3542812104288,0.0,False,False,21.95310237756839,1.9980000000000007,-7.7715867,110.3776145,-7.052,-7.7688459,110.3847906,0.002
1788427824.7049932,847.3542812104288,847.3542812104288,0.0,False,False,21.95310237756839,1.9980000000000007,-7.7715867,110.3776145,-7.052,-7.7688459,110.3847906,0.002
1788427824.9133391,847.3542812104288,847.3542812104288,0.0,False,False,21.95310237756839,1.9980000000000007,-7.7715867,110.3776145,-7.052,-7.7688459,110.3847906,0.002
1788427825.11603,847.3542812104288,847.3542812104288,0.0,False,False,21.95310237756839,1.9980000000000007,-7.7715867,110.3776145,-7.052,-7.7688459,110.3847906,0.002
1788427825.3165872,847.3542812104288,847.3542812104288,0.0,False,False,21.95310237756839,1.9980000000000007,-7.7715867,110.3776145,-7.052,-7.7688459,110.3847906,0.002
1788427825.5186229,847.3542812104288,847.3542812104288,0.0,False,False,21.95310237756839,1.9980000000000007,-7.7715867,110.3776145,-7.052,-7.7688459,110.3847906,0.002
1788427825.7190757,847.3542812104288,847.3542812104288,0.0,False,False,21.95310237756839,1.9980000000000007,-7.7715867,110.3776145,-7.052,-7.7688459,110.3847906,0.002
1788427825.9237773,847.3542812104288,847.3542812104288,0.0,False,False,21.95310237756839,1.9980000000000007,-7.7715867,110.3776145,-7.052,-7.7688459,110.3847906,0.002
1788427826.1246579,847.3542728862836,847.3542728862836,0.0,False,False,21.95310237756839,1.9989999999999997,-7.7715867,110.3776145,-7.052,-7.7688459,110.3847906,0.001
1788427826.330069,847.3542728862836,847.3542728862836,0.0,False,False,21.95310237756839,1.9989999999999997,-7.7715867,110.3776145,-7.052,-7.7688459,110.3847906,0.001
1788427826.5322196,847.3542728862836,847.3542728862836,0.0,False,False,21.95310237756839,1.9989999999999997,-7.7715867,110.3776145,-7.052,-7.7688459,110.3847906,0.001
1788427826.733505,847.3542728862836,847.3542728862836,0.0,False,False,21.95310237756839,1.9989999999999997,-7.7715867,110.3776145,-7.052,-7.7688459,110.3847906,0.001
1788427826.9344366,847.3542728862836,847.3542728862836,0.0,False,False,21.95310237756839,1.9989999999999997,-7.7715867,110.3776145,-7.052,-7.7688459,110.3847906,0.001
1788427827.1356575,847.3542728862836,847.3542728862836,0.0,False,False,21.95310237756839,1.9989999999999997,-7.7715867,110.3776145,-7.052,-7.7688459,110.3847906,0.001
1788427827.3372264,847.3542728862836,847.3542728862836,0.0,False,False,21.95310237756839,1.9989999999999997,-7.7715867,110.3776145,-7.052,-7.7688459,110.3847906,0.001
1788427827.539246,847.3542728862836,847.3542728862836,0.0,False,False,21.95310237756839,1.9989999999999997,-7.7715867,110.3776145,-7.052,-7.7688459,110.3847906,0.001
1788427827.7460012,847.3542728862836,847.3542728862836,0.0,False,False,21.95310237756839,1.9989999999999997,-7.7715867,110.3776145,-7.052,-7.7688459,110.3847906,0.001
1788427827.947418,847.3542728862836,847.3542728862836,0.0,False,False,21.95310237756839,1.9989999999999997,-7.7715867,110.3776145,-7.052,-7.7688459,110.3847906,0.001
1788427828.1492817,847.3542728862836,847.3542728862836,0.0,False,False,21.95310237756839,1.9989999999999997,-7.7715867,110.3776145,-7.052,-7.7688459,110.3847906,0.001
1788427828.3505733,847.3542728862836,847.3542728862836,0.0,False,False,21.95310237756839,1.9989999999999997,-7.7715867,110.3776145,-7.052,-7.7688459,110.3847906,0.001
1788427828.5571706,847.3542728862836,847.3542728862836,0.0,False,False,21.95310237756839,1.9989999999999997,-7.7715867,110.3776145,-7.052,-7.7688459,110.3847906,0.001
1788427828.7603617,847.3542728862836,847.3542728862836,0.0,False,False,21.95310237756839,1.9989999999999997,-7.7715867,110.3776145,-7.052,-7.7688459,110.3847906,0.001
1788427828.9628077,847.3542728862836,847.3542728862836,0.0,False,False,21.95310237756839,1.9989999999999997,-7.7715867,110.3776145,-7.052,-7.7688459,110.3847906,0.001
1788427829.163504,847.3542728862836,847.3542728862836,0.0,False,False,21.95310237756839,1.9989999999999997,-7.7715867,110.3776145,-7.052,-7.7688459,110.3847906,0.001
1788427829.364938,847.3542728862836,847.3542728862836,0.0,False,False,21.95310237756839,1.9989999999999997,-7.7715867,110.3776145,-7.052,-7.7688459,110.3847906,0.001
1788427829.5659153,847.3542728862836,847.3542728862836,0.0,False,False,21.95310237756839,1.9989999999999997,-7.7715867,110.3776145,-7.052,-7.7688459,110.3847906,0.001
1788427829.7816393,847.3542728862836,847.3542728862836,0.0,False,False,21.95310237756839,1.9989999999999997,-7.7715867,110.3776145,-7.052,-7.7688459,110.3847906,0.001
1788427829.9904964,847.3542728862836,847.3542728862836,0.0,False,False,21.95310237756839,1.9989999999999997,-7.7715867,110.3776145,-7.052,-7.7688459,110.3847906,0.001
1788427830.1987884,847.3542728862836,847.3542728862836,0.0,False,False,21.95310237756839,1.9989999999999997,-7.7715867,110.3776145,-7.052,-7.7688459,110.3847906,0.001
1788427830.4060616,847.3542728862836,847.3542728862836,0.0,False,False,21.95310237756839,1.9989999999999997,-7.7715867,110.3776145,-7.052,-7.7688459,110.3847906,0.001
1788427830.6148822,847.3605533576954,847.3605533576954,0.0,False,False,21.953102377568413,1.9990300304900963,-7.7715867,110.3776145,-7.052,-7.768846,110.3847907,0.001
1788427830.8171353,847.3605533576954,847.3605533576954,0.0,False,False,21.95310237756843,1.9990147149965167,-7.7715867,110.3776145,-7.052,-7.768846,110.3847907,0.001
1788427831.0244021,847.3605533576954,847.3605533576954,0.0,False,False,21.953102377568435,1.9990072103618275,-7.7715867,110.3776145,-7.052,-7.768846,110.3847907,0.001
1788427831.2327583,847.3605533576954,847.3605533576954,0.0,False,False,21.953102377568403,1.9990035330805451,-7.7715867,110.3776145,-7.052,-7.768846,110.3847907,0.001
1788427831.435765,847.3605533576954,847.3605533576954,0.0,False,False,21.953102377568417,1.9990017312102473,-7.7715867,110.3776145,-7.052,-7.768846,110.3847907,0.001
1788427831.6372206,847.3605533576954,847.3605533576954,0.0,False,False,21.95310237756841,1.9990008482932082,-7.7715867,110.3776145,-7.052,-7.768846,110.3847907,0.001
1788427831.8385398,847.3605533576954,847.3605533576954,0.0,False,False,21.95310237756839,1.999000415663717,-7.7715867,110.3776145,-7.052,-7.768846,110.3847907,0.001
1788427832.038809,847.3605533576954,847.3605533576954,0.0,False,False,21.95310237756844,1.999000203675232,-7.7715867,110.3776145,-7.052,-7.768846,110.3847907,0.001
1788427832.2402134,847.3605533576954,847.3605533576954,0.0,False,False,21.953102377568435,1.9990000998008661,-7.7715867,110.3776145,-7.052,-7.768846,110.3847907,0.001
1788427832.4416332,847.3605533576954,847.3605533576954,0.0,False,False,21.95310237756841,1.9990000489024249,-7.7715867,110.3776145,-7.052,-7.768846,110.3847907,0.001
1788427832.6434064,847.3605533576954,847.3605533576954,0.0,False,False,21.953102377568413,1.9990000239621881,-7.7715867,110.3776145,-7.052,-7.768846,110.3847907,0.001
1788427832.8446627,847.3605533576954,847.3605533576954,0.0,False,False,21.953102377568424,1.9990000117414721,-7.7715867,110.3776145,-7.052,-7.768846,110.3847907,0.001
1788427833.0469835,847.3605533576954,847.3605533576954,0.0,False,False,21.953102377568392,1.999000005753321,-7.7715867,110.3776145,-7.052,-7.768846,110.3847907,0.001
1788427833.254102,847.3605533576954,847.3605533576954,0.0,False,False,21.953102377568424,1.9990000028191273,-7.7715867,110.3776145,-7.052,-7.768846,110.3847907,0.001
1788427833.45558,847.3605533576954,847.3605533576954,0.0,False,False,21.953102377568417,1.9990000013813722,-7.7715867,110.3776145,-7.052,-7.768846,110.3847907,0.001
1788427833.6567907,847.3605533576954,847.3605533576954,0.0,False,False,21.953102377568406,1.9990000006768722,-7.7715867,110.3776145,-7.052,-7.768846,110.3847907,0.001
1788427833.8654144,847.3605533576954,847.3605533576954,0.0,False,False,21.953102377568406,1.9990000003316672,-7.7715867,110.3776145,-7.052,-7.768846,110.3847907,0.001
1788427834.0663543,847.3605533576954,847.3605533576954,0.0,False,False,21.9531023775684,1.9990000001625168,-7.7715867,110.3776145,-7.052,-7.768846,110.3847907,0.001
1788427834.26805,847.3605533576954,847.3605533576954,0.0,False,False,21.9531023775684,1.999000000079633,-7.7715867,110.3776145,-7.052,-7.768846,110.3847907,0.001
1788427834.4695847,847.3605533576954,847.3605533576954,0.0,False,False,21.9531023775684,1.99900000003902,-7.7715867,110.3776145,-7.052,-7.768846,110.3847907,0.001
1788427834.6736088,847.3605533576954,847.3605533576954,0.0,False,False,21.9531023775684,1.9990000000191197,-7.7715867,110.3776145,-7.052,-7.768846,110.3847907,0.001
1788427834.8857367,847.3605533576954,847.3605533576954,0.0,False,False,21.95310237756839,1.9990000000093684,-7.7715867,110.3776145,-7.052,-7.768846,110.3847907,0.001
1788427835.088284,847.3605533576954,847.3605533576954,0.0,False,False,21.95310237756839,1.9990000000045904,-7.7715867,110.3776145,-7.052,-7.768846,110.3847907,0.001
1788427835.2889814,847.3605533576954,847.3605533576954,0.0,False,False,21.95310237756839,1.9990000000022492,-7.7715867,110.3776145,-7.052,-7.768846,110.3847907,0.001
1788427835.4898705,847.3605533576954,847.3605533576954,0.0,False,False,21.95310237756839,1.999000000001102,-7.7715867,110.3776145,-7.052,-7.768846,110.3847907,0.001
1788427835.698348,847.3605533576954,847.3605533576954,0.0,False,False,21.95310237756839,1.9990000000005397,-7.7715867,110.3776145,-7.052,-7.768846,110.3847907,0.001
1788427835.9064078,847.3605533576954,847.3605533576954,0.0,False,False,21.95310237756839,1.9990000000002643,-7.7715867,110.3776145,-7.052,-7.768846,110.3847907,0.001
1788427836.1152573,847.3605533576954,847.3605533576954,0.0,False,False,21.95310237756839,1.9990000000001293,-7.7715867,110.3776145,-7.052,-7.768846,110.3847907,0.001
1788427836.3165245,847.3605533576954,847.3605533576954,0.0,False,False,21.95310237756839,1.9990000000000632,-7.7715867,110.3776145,-7.052,-7.768846,110.3847907,0.001
1788427836.5242205,847.3605533576954,847.3605533576954,0.0,False,False,21.95310237756839,1.9990000000000308,-7.7715867,110.3776145,-7.052,-7.768846,110.3847907,0.001
1788427836.7327995,847.3605533576954,847.3605533576954,0.0,False,False,21.95310237756839,1.999000000000015,-7.7715867,110.3776145,-7.052,-7.768846,110.3847907,0.001
1788427836.9340467,847.3605533576954,847.3605533576954,0.0,False,False,21.95310237756839,1.9990000000000072,-7.7715867,110.3776145,-7.052,-7.768846,110.3847907,0.001
1788427837.1368935,847.3605533576954,847.3605533576954,0.0,False,False,21.95310237756839,1.9990000000000034,-7.7715867,110.3776145,-7.052,-7.768846,110.3847907,0.001
1788427837.3379354,847.3605533576954,847.3605533576954,0.0,False,False,21.95310237756839,1.9990000000000014,-7.7715867,110.3776145,-7.052,-7.768846,110.3847907,0.001
1788427837.539847,847.3605533576954,847.3605533576954,0.0,False,False,21.95310237756839,1.9990000000000006,-7.7715867,110.3776145,-7.052,-7.768846,110.3847907,0.001
1788427837.740891,847.3605533576954,847.3605533576954,0.0,False,False,21.95310237756839,1.999,-7.7715867,110.3776145,-7.052,-7.768846,110.3847907,0.001
1788427837.9415958,847.3605533576954,847.3605533576954,0.0,False,False,21.95310237756839,1.9989999999999999,-7.7715867,110.3776145,-7.052,-7.768846,110.3847907,0.001
1788427838.1420996,847.3605533576954,847.3605533576954,0.0,False,False,21.95310237756839,1.9989999999999999,-7.7715867,110.3776145,-7.052,-7.768846,110.3847907,0.001
1788427838.3437798,847.3605533576954,847.3605533576954,0.0,False,False,21.95310237756839,1.9989999999999997,-7.7715867,110.3776145,-7.052,-7.768846,110.3847907,0.001
1788427838.5464406,847.3605533576954,847.3605533576954,0.0,False,False,21.95310237756839,1.9989999999999997,-7.7715867,110.3776145,-7.052,-7.768846,110.3847907,0.001
1788427838.7529957,847.3605533576954,847.3605533576954,0.0,False,False,21.95310237756839,1.9989999999999997,-7.7715867,110.3776145,-7.052,-7.768846,110.3847907,0.001
1788427838.954794,847.3605533576954,847.3605533576954,0.0,False,False,21.95310237756839,1.9989999999999997,-7.7715867,110.3776145,-7.052,-7.768846,110.3847907,0.001
1788427839.156497,847.3605533576954,847.3605533576954,0.0,False,False,21.95310237756839,1.9989999999999997,-7.7715867,110.3776145,-7.052,-7.768846,110.3847907,0.001
1788427839.3575048,847.3605533576954,847.3605533576954,0.0,False,False,21.95310237756839,1.9989999999999997,-7.7715867,110.3776145,-7.052,-7.768846,110.3847907,0.001
1788427839.558361,847.3605533576954,847.3605533576954,0.0,False,False,21.95310237756839,1.9989999999999997,-7.7715867,110.3776145,-7.052,-7.768846,110.3847907,0.001
1788427839.7630973,847.3605533576954,847.3605533576954,0.0,False,False,21.95310237756839,1.9989999999999997,-7.7715867,110.3776145,-7.052,-7.768846,110.3847907,0.001
1788427839.9759638,847.3605533576954,847.3605533576954,0.0,False,False,21.95310237756839,1.9989999999999997,-7.7715867,110.3776145,-7.052,-7.768846,110.3847907,0.001
1788427840.1851315,847.3605533576954,847.3605533576954,0.0,False,False,21.95310237756839,1.9989999999999997,-7.7715867,110.3776145,-7.052,-7.768846,110.3847907,0.001
1788427840.3925004,847.3605533576954,847.3605533576954,0.0,False,False,21.95310237756839,1.9989999999999997,-7.7715867,110.3776145,-7.052,-7.768846,110.3847907,0.001
1788427840.5943317,847.3605533576954,847.3605533576954,0.0,False,False,21.95310237756839,1.9989999999999997,-7.7715867,110.3776145,-7.052,-7.768846,110.3847907,0.001
1788427840.8035152,847.3605533576954,847.3605533576954,0.0,False,False,21.95310237756839,1.9989999999999997,-7.7715867,110.3776145,-7.052,-7.768846,110.3847907,0.001
1788427841.0107956,847.3605533576954,847.3605533576954,0.0,False,False,21.95310237756839,1.9989999999999997,-7.7715867,110.3776145,-7.052,-7.768846,110.3847907,0.001
1788427841.2128258,847.3605533576954,847.3605533576954,0.0,False,False,21.95310237756839,1.9989999999999997,-7.7715867,110.3776145,-7.052,-7.768846,110.3847907,0.001
1788427841.4234047,847.3605533576954,847.3605533576954,0.0,False,False,21.95310237756839,1.9989999999999997,-7.7715867,110.3776145,-7.052,-7.768846,110.3847907,0.001
1788427841.624891,847.3605533576954,847.3605533576954,0.0,False,False,21.95310237756839,1.9989999999999997,-7.7715867,110.3776145,-7.052,-7.768846,110.3847907,0.001
1788427841.825363,847.3605533576954,847.3605533576954,0.0,False,False,21.95310237756839,1.9989999999999997,-7.7715867,110.3776145,-7.052,-7.768846,110.3847907,0.001
1788427842.0309055,847.3605533576954,847.3605533576954,0.0,False,False,21.95310237756839,1.9989999999999997,-7.7715867,110.3776145,-7.052,-7.768846,110.3847907,0.001
1788427842.2458162,847.3605533576954,847.3605533576954,0.0,False,False,21.95310237756839,1.9989999999999997,-7.7715867,110.3776145,-7.052,-7.768846,110.3847907,0.001
1788427842.4547808,847.3605533576954,847.3605533576954,0.0,False,False,21.95310237756839,1.9989999999999997,-7.7715867,110.3776145,-7.052,-7.768846,110.3847907,0.001
1788427842.6571054,847.3605533576954,847.3605533576954,0.0,False,False,21.95310237756839,1.9989999999999997,-7.7715867,110.3776145,-7.052,-7.768846,110.3847907,0.001
1788427842.857141,847.3605533576954,847.3605533576954,0.0,False,False,21.95310237756839,1.9989999999999997,-7.7715867,110.3776145,-7.052,-7.768846,110.3847907,0.001
1788428066.8158672,847.3186385841867,847.3186385841867,0.0,False,False,20.099055923102465,1.9989999999999999,-7.7715869,110.3776147,0.007,-7.768846,110.3847907,0.001
1788428067.0162716,847.3186385841867,847.3186385841867,0.0,False,False,20.099055923102465,1.9989999999999999,-7.7715869,110.3776147,0.007,-7.768846,110.3847907,0.001
1788428067.2171507,847.3186385841867,847.3186385841867,0.0,False,False,20.099055923102465,1.9989999999999999,-7.7715869,110.3776147,0.007,-7.768846,110.3847907,0.001
1788428067.4177551,847.3186385841867,847.3186385841867,0.0,False,False,20.099055923102465,1.9989999999999999,-7.7715869,110.3776147,0.007,-7.768846,110.3847907,0.001
1788428067.6323473,847.3186385841867,847.3186385841867,0.0,False,False,20.099055923102465,1.9989999999999999,-7.7715869,110.3776147,0.007,-7.768846,110.3847907,0.001
1788428067.8399491,847.3186385841867,847.3186385841867,0.0,False,False,20.099055923102465,1.9989999999999999,-7.7715869,110.3776147,0.007,-7.768846,110.3847907,0.001
1788428068.043789,847.3186385841867,847.3186385841867,0.0,False,False,20.099055923102465,1.9989999999999999,-7.7715869,110.3776147,0.007,-7.768846,110.3847907,0.001
1788428068.249897,847.3186385841867,847.3186385841867,0.0,False,False,20.099055923102465,1.9989999999999999,-7.7715869,110.3776147,0.007,-7.768846,110.3847907,0.001
1788428068.4516847,847.3186385841867,847.3186385841867,0.0,False,False,20.099055923102465,1.9989999999999999,-7.7715869,110.3776147,0.007,-7.768846,110.3847907,0.001
1788428068.653434,847.3186385841867,847.3186385841867,0.0,False,False,20.099055923102465,1.9989999999999999,-7.7715869,110.3776147,0.007,-7.768846,110.3847907,0.001
1788428068.862395,847.3186385841867,847.3186385841867,0.0,False,False,20.099055923102465,1.9989999999999999,-7.7715869,110.3776147,0.007,-7.768846,110.3847907,0.001
1788428069.0696084,847.3186385841867,847.3186385841867,0.0,False,False,20.099055923102465,1.9989999999999999,-7.7715869,110.3776147,0.007,-7.768846,110.3847907,0.001
1788428069.2844481,847.3186385841867,847.3186385841867,0.0,False,False,20.099055923102465,1.9989999999999999,-7.7715869,110.3776147,0.007,-7.768846,110.3847907,0.001
1788428069.4887042,847.3186385841867,847.3186385841867,0.0,False,False,20.099055923102465,1.9989999999999999,-7.7715869,110.3776147,0.007,-7.768846,110.3847907,0.001
1788428069.6943634,847.3186385841867,847.3186385841867,0.0,False,False,20.099055923102465,1.9989999999999999,-7.7715869,110.3776147,0.007,-7.768846,110.3847907,0.001
1788428069.903341,847.3186385841867,847.3186385841867,0.0,False,False,20.099055923102465,1.9989999999999999,-7.7715869,110.3776147,0.007,-7.768846,110.3847907,0.001
1788428070.1133037,847.3186385841867,847.3186385841867,0.0,False,False,20.099055923102465,1.9989999999999999,-7.7715869,110.3776147,0.007,-7.768846,110.3847907,0.001
1788428070.3146548,847.3186385841867,847.3186385841867,0.0,False,False,20.099055923102465,1.9989999999999999,-7.7715869,110.3776147,0.007,-7.768846,110.3847907,0.001
1788428070.5153332,847.3186385841867,847.3186385841867,0.0,False,False,20.099055923102465,1.9989999999999999,-7.7715869,110.3776147,0.007,-7.768846,110.3847907,0.001
1788428070.717174,847.3186385841867,847.3186385841867,0.0,False,False,20.099055923102465,1.9989999999999999,-7.7715869,110.3776147,0.007,-7.768846,110.3847907,0.001
1788428070.9237547,847.3186385841867,847.3186385841867,0.0,False,False,20.099055923102465,1.9989999999999999,-7.7715869,110.3776147,0.007,-7.768846,110.3847907,0.001
1788428071.1338103,847.3186385841867,847.3186385841867,0.0,False,False,20.099055923102465,1.9989999999999999,-7.7715869,110.3776147,0.007,-7.768846,110.3847907,0.001
1788428071.3398569,847.3186385841867,847.3186385841867,0.0,False,False,20.099055923102465,1.9989999999999999,-7.7715869,110.3776147,0.007,-7.768846,110.3847907,0.001
1788428071.5417657,847.3186385841867,847.3186385841867,0.0,False,False,20.099055923102465,1.9989999999999999,-7.7715869,110.3776147,0.007,-7.768846,110.3847907,0.001
1788428071.7434418,847.3186385841867,847.3186385841867,0.0,False,False,20.099055923102465,1.9989999999999999,-7.7715869,110.3776147,0.007,-7.768846,110.3847907,0.001
1788428071.9440975,847.3186385841867,847.3186385841867,0.0,False,False,20.099055923102465,1.9989999999999999,-7.7715869,110.3776147,0.007,-7.768846,110.3847907,0.001
1788428072.1460621,847.3186385841867,847.3186385841867,0.0,False,False,20.099055923102465,1.9989999999999999,-7.7715869,110.3776147,0.007,-7.768846,110.3847907,0.001
1788428072.3471735,847.3186385841867,847.3186385841867,0.0,False,False,20.099055923102465,1.9989999999999999,-7.7715869,110.3776147,0.007,-7.768846,110.3847907,0.001
1788428072.5480022,847.3186385841867,847.3186385841867,0.0,False,False,20.099055923102465,1.9989999999999999,-7.7715869,110.3776147,0.007,-7.768846,110.3847907,0.001
1788428072.757717,847.3186385841867,847.3186385841867,0.0,False,False,20.099055923102465,1.9989999999999999,-7.7715869,110.3776147,0.007,-7.768846,110.3847907,0.001
1788428072.9598284,847.3186385841867,847.3186385841867,0.0,False,False,20.099055923102465,1.9989999999999999,-7.7715869,110.3776147,0.007,-7.768846,110.3847907,0.001
1788428073.1603184,847.3186385841867,847.3186385841867,0.0,False,False,20.099055923102465,1.9989999999999999,-7.7715869,110.3776147,0.007,-7.768846,110.3847907,0.001
1788428073.3630285,847.3186385841867,847.3186385841867,0.0,False,False,20.099055923102465,1.9989999999999999,-7.7715869,110.3776147,0.007,-7.768846,110.3847907,0.001
1788428073.5747008,847.3186385841867,847.3186385841867,0.0,False,False,20.099055923102465,1.9989999999999999,-7.7715869,110.3776147,0.007,-7.768846,110.3847907,0.001
1788428073.7779672,847.3186385841867,847.3186385841867,0.0,False,False,20.099055923102465,1.9989999999999999,-7.7715869,110.3776147,0.007,-7.768846,110.3847907,0.001
1788428073.9794314,847.3186385841867,847.3186385841867,0.0,False,False,20.099055923102465,1.9989999999999999,-7.7715869,110.3776147,0.007,-7.768846,110.3847907,0.001
1788428074.18074,847.3186385841867,847.3186385841867,0.0,False,False,20.099055923102465,1.9989999999999999,-7.7715869,110.3776147,0.007,-7.768846,110.3847907,0.001
1788428074.3817937,847.3186385841867,847.3186385841867,0.0,False,False,20.099055923102465,1.9989999999999999,-7.7715869,110.3776147,0.007,-7.768846,110.3847907,0.001
1788428074.5828416,847.3186385841867,847.3186385841867,0.0,False,False,20.099055923102465,1.9989999999999999,-7.7715869,110.3776147,0.007,-7.768846,110.3847907,0.001
1788428074.7915292,847.3186385841867,847.3186385841867,0.0,False,False,20.099055923102465,1.9989999999999999,-7.7715869,110.3776147,0.007,-7.768846,110.3847907,0.001
1788428074.9940004,847.3186385841867,847.3186385841867,0.0,False,False,20.099055923102465,1.9989999999999999,-7.7715869,110.3776147,0.007,-7.768846,110.3847907,0.001
1788428098.2813463,847.318638591858,847.2613106168488,10.0,False,False,20.099055923102465,2.0,-7.7715869,110.3776147,0.007,-7.768846,110.3847907,0
1788428098.4902377,847.318638591858,847.2613106168488,10.0,False,False,20.099055923102465,2.0,-7.7715869,110.3776147,0.007,-7.768846,110.3847907,0
1788428098.6967275,847.318638591858,847.2613106168488,10.0,False,False,20.099055923102465,2.0,-7.7715869,110.3776147,0.007,-7.768846,110.3847907,0
1788428098.8993156,847.318638591858,847.2613106168488,10.0,False,False,20.099055923102465,2.0,-7.7715869,110.3776147,0.007,-7.768846,110.3847907,0
1788428099.111069,847.318638591858,847.2613106168488,10.0,False,False,20.099055923102465,2.0,-7.7715869,110.3776147,0.007,-7.768846,110.3847907,0
1788428099.3155384,847.318638591858,847.2613106168488,10.0,False,False,20.099055923102465,2.0,-7.7715869,110.3776147,0.007,-7.768846,110.3847907,0
1788428099.5207157,847.318638591858,847.2613106168488,10.0,False,False,20.099055923102465,2.0,-7.7715869,110.3776147,0.007,-7.768846,110.3847907,0
1788428099.734587,847.318638591858,847.2613106168488,10.0,False,False,20.099055923102465,2.0,-7.7715869,110.3776147,0.007,-7.768846,110.3847907,0
1788428099.9383297,847.318638591858,847.2613106168488,10.0,False,False,20.099055923102465,2.0,-7.7715869,110.3776147,0.007,-7.768846,110.3847907,0
1788428100.1521947,847.318638591858,847.2613106168488,10.0,False,False,20.099055923102465,2.0,-7.7715869,110.3776147,0.007,-7.768846,110.3847907,0
1788428100.355864,847.318638591858,847.2613106168488,10.0,False,False,20.099055923102465,2.0,-7.7715869,110.3776147,0.007,-7.768846,110.3847907,0
1788428100.5602472,847.318638591858,847.2613106168488,10.0,False,False,20.099055923102465,2.0,-7.7715869,110.3776147,0.007,-7.768846,110.3847907,0
1788428100.7637465,847.318638591858,847.2613106168488,10.0,False,False,20.099055923102465,2.0,-7.7715869,110.3776147,0.007,-7.768846,110.3847907,0
1788428100.969255,847.318638591858,847.2613106168488,10.0,False,False,20.099055923102465,2.0,-7.7715869,110.3776147,0.007,-7.768846,110.3847907,0
1788428101.1727612,847.318638591858,847.2613106168488,10.0,False,False,20.099055923102465,2.0,-7.7715869,110.3776147,0.007,-7.768846,110.3847907,0
1788428101.377187,847.3123583881251,847.2550326009438,10.0,False,False,20.099055923102465,2.00003001547507,-7.7715869,110.3776147,0.007,-7.7688459,110.3847906,0
1788428101.582007,847.3123583881251,847.2550326009438,10.0,False,False,20.099055923102448,2.0000147076390693,-7.7715869,110.3776147,0.007,-7.7688459,110.3847906,0
1788428101.7983093,847.3123583881251,847.2550326009438,10.0,False,False,20.09905592310244,2.000007206756658,-7.7715869,110.3776147,0.007,-7.7688459,110.3847906,0
1788428102.0015862,847.3123583881251,847.2550326009438,10.0,False,False,20.09905592310247,2.0000035313140074,-7.7715869,110.3776147,0.007,-7.7688459,110.3847906,0
1788428102.20535,847.3123583881251,847.2550326009438,10.0,False,False,20.09905592310245,2.0000017303446427,-7.7715869,110.3776147,0.007,-7.7688459,110.3847906,0
1788428102.4100008,847.3123583881251,847.2550326009438,10.0,False,False,20.09905592310246,2.000000847869062,-7.7715869,110.3776147,0.007,-7.7688459,110.3847906,0
1788428102.616533,847.3123583881251,847.2550326009438,10.0,False,False,20.099055923102473,2.0000004154558852,-7.7715869,110.3776147,0.007,-7.7688459,110.3847906,0
1788428102.8183193,847.3123583881251,847.2550326009438,10.0,False,False,20.09905592310248,2.0000002035733946,-7.7715869,110.3776147,0.007,-7.7688459,110.3847906,0
1788428103.0220327,847.3123583881251,847.2550326009438,10.0,False,False,20.099055923102483,2.0000000997509657,-7.7715869,110.3776147,0.007,-7.7688459,110.3847906,0
1788428103.2289023,847.3123583881251,847.2550326009438,10.0,False,False,20.09905592310245,2.000000048877974,-7.7715869,110.3776147,0.007,-7.7688459,110.3847906,0
1788428103.4442778,847.3123583881251,847.2550326009438,10.0,False,False,20.09905592310246,2.0000000239502076,-7.7715869,110.3776147,0.007,-7.7688459,110.3847906,0
1788428103.6444247,847.3123583881251,847.2550326009438,10.0,False,False,20.099055923102448,2.0000000117356014,-7.7715869,110.3776147,0.007,-7.7688459,110.3847906,0
1788428103.8461998,847.3123583881251,847.2550326009438,10.0,False,False,20.099055923102465,2.0000000057504446,-7.7715869,110.3776147,0.007,-7.7688459,110.3847906,0
1788428104.056556,847.3123583881251,847.2550326009438,10.0,False,False,20.099055923102433,2.000000002817718,-7.7715869,110.3776147,0.007,-7.7688459,110.3847906,0
1788428104.2624054,847.3123583804538,847.255032593272,10.0,False,False,20.099055923102444,1.9990000013813725,-7.7715869,110.3776147,0.007,-7.7688459,110.3847906,0.001
1788428104.4711335,847.3123583804538,847.255032593272,10.0,False,False,20.099055923102455,1.9990000006768724,-7.7715869,110.3776147,0.007,-7.7688459,110.3847906,0.001
1788428104.6733181,847.3123583804538,847.255032593272,10.0,False,False,20.099055923102465,1.9990000003316675,-7.7715869,110.3776147,0.007,-7.7688459,110.3847906,0.001
1788428104.874939,847.3123583804538,847.255032593272,10.0,False,False,20.099055923102465,1.999000000162517,-7.7715869,110.3776147,0.007,-7.7688459,110.3847906,0.001
1788428105.0753443,847.3123583804538,847.255032593272,10.0,False,False,20.099055923102476,1.9990000000796333,-7.7715869,110.3776147,0.007,-7.7688459,110.3847906,0.001
1788428105.2770514,847.3123583804538,847.255032593272,10.0,False,False,20.099055923102476,1.9990000000390202,-7.7715869,110.3776147,0.007,-7.7688459,110.3847906,0.001
1788428105.4783685,847.3123583804538,847.255032593272,10.0,False,False,20.099055923102476,1.99900000001912,-7.7715869,110.3776147,0.007,-7.7688459,110.3847906,0.001
1788428105.6807306,847.3123583804538,847.255032593272,10.0,False,False,20.099055923102476,1.9990000000093686,-7.7715869,110.3776147,0.007,-7.7688459,110.3847906,0.001
1788428105.8813202,847.3123583804538,847.255032593272,10.0,False,False,20.099055923102476,1.9990000000045907,-7.7715869,110.3776147,0.007,-7.7688459,110.3847906,0.001
1788428106.0826006,847.3123583804538,847.255032593272,10.0,False,False,20.099055923102476,1.9990000000022494,-7.7715869,110.3776147,0.007,-7.7688459,110.3847906,0.001
1788428106.2843366,847.3123583804538,847.255032593272,10.0,False,False,20.099055923102476,1.9990000000011021,-7.7715869,110.3776147,0.007,-7.7688459,110.3847906,0.001
1788428106.4852912,847.3123583804538,847.255032593272,10.0,False,False,20.099055923102476,1.99900000000054,-7.7715869,110.3776147,0.007,-7.7688459,110.3847906,0.001
1788428106.6857033,847.3123583804538,847.255032593272,10.0,False,False,20.099055923102476,1.9990000000002646,-7.7715869,110.3776147,0.007,-7.7688459,110.3847906,0.001
1788428106.8887792,847.3123583804538,847.255032593272,10.0,False,False,20.099055923102476,1.9990000000001296,-7.7715869,110.3776147,0.007,-7.7688459,110.3847906,0.001
1788428107.0894916,847.3123583804538,847.255032593272,10.0,False,False,20.099055923102476,1.9990000000000634,-7.7715869,110.3776147,0.007,-7.7688459,110.3847906,0.001
1788428107.2911828,847.3123583804538,847.255032593272,10.0,False,False,20.099055923102476,1.999000000000031,-7.7715869,110.3776147,0.007,-7.7688459,110.3847906,0.001
1788428107.4925983,847.3123583804538,847.255032593272,10.0,False,False,20.099055923102476,1.9990000000000152,-7.7715869,110.3776147,0.007,-7.7688459,110.3847906,0.001
1788428107.6939769,847.3123583804538,847.255032593272,10.0,False,False,20.099055923102476,1.9990000000000074,-7.7715869,110.3776147,0.007,-7.7688459,110.3847906,0.001
1788428107.9020848,847.3123583804538,847.255032593272,10.0,False,False,20.099055923102476,1.9990000000000037,-7.7715869,110.3776147,0.007,-7.7688459,110.3847906,0.001
1788428108.1096814,847.3123583804538,847.255032593272,10.0,False,False,20.099055923102476,1.9990000000000017,-7.7715869,110.3776147,0.007,-7.7688459,110.3847906,0.001
1788428108.3187964,847.3123583804538,847.255032593272,10.0,False,False,20.099055923102476,1.9990000000000008,-7.7715869,110.3776147,0.007,-7.7688459,110.3847906,0.001
1788428108.5267339,847.3123583804538,847.255032593272,10.0,False,False,20.099055923102476,1.9990000000000003,-7.7715869,110.3776147,0.007,-7.7688459,110.3847906,0.001
1788428108.7350824,847.3123583804538,847.255032593272,10.0,False,False,20.099055923102476,1.999,-7.7715869,110.3776147,0.007,-7.7688459,110.3847906,0.001
1788428108.9438965,847.3123583804538,847.255032593272,10.0,False,False,20.099055923102476,1.999,-7.7715869,110.3776147,0.007,-7.7688459,110.3847906,0.001
1788428109.1471322,847.3123583804538,847.255032593272,10.0,False,False,20.099055923102476,1.9989999999999999,-7.7715869,110.3776147,0.007,-7.7688459,110.3847906,0.001
1788428109.3560886,847.3123583804538,847.255032593272,10.0,False,False,20.099055923102476,1.9989999999999999,-7.7715869,110.3776147,0.007,-7.7688459,110.3847906,0.001
1788428109.5702896,847.3123583804538,847.255032593272,10.0,False,False,20.099055923102476,1.9989999999999999,-7.7715869,110.3776147,0.007,-7.7688459,110.3847906,0.001
1788428109.7763464,847.3123583804538,847.255032593272,10.0,False,False,20.099055923102476,1.9989999999999999,-7.7715869,110.3776147,0.007,-7.7688459,110.3847906,0.001
1788428109.9848568,847.3123583804538,847.255032593272,10.0,False,False,20.099055923102476,1.9989999999999999,-7.7715869,110.3776147,0.007,-7.7688459,110.3847906,0.001
1788428110.1903293,847.3123583739626,847.2550325867803,10.0,False,False,20.099155106620792,1.9989999999999999,-7.7715869,110.3776147,0.006,-7.7688459,110.3847906,0.001
1788428110.402085,847.3123583739626,847.2550325867803,10.0,False,False,20.099155106620792,1.9989999999999999,-7.7715869,110.3776147,0.006,-7.7688459,110.3847906,0.001
1788428110.6026201,847.3123583739626,847.2550325867803,10.0,False,False,20.099155106620792,1.9989999999999999,-7.7715869,110.3776147,0.006,-7.7688459,110.3847906,0.001
1788428110.8046505,847.3123583739626,847.2550325867803,10.0,False,False,20.099155106620792,1.9989999999999999,-7.7715869,110.3776147,0.006,-7.7688459,110.3847906,0.001
1788428111.006781,847.3123583739626,847.2550325867803,10.0,False,False,20.099155106620792,1.9989999999999999,-7.7715869,110.3776147,0.006,-7.7688459,110.3847906,0.001
1788428111.207226,847.3123583739626,847.2550325867803,10.0,False,False,20.099155106620792,1.9989999999999999,-7.7715869,110.3776147,0.006,-7.7688459,110.3847906,0.001
1788428111.4092572,847.3123583739626,847.2550325867803,10.0,False,False,20.099155106620792,1.9989999999999999,-7.7715869,110.3776147,0.006,-7.7688459,110.3847906,0.001
1788428111.6140685,847.3123583739626,847.2550325867803,10.0,False,False,20.099155106620792,1.9989999999999999,-7.7715869,110.3776147,0.006,-7.7688459,110.3847906,0.001
1788428111.825579,847.3123583739626,847.2550325867803,10.0,False,False,20.099155106620792,1.9989999999999999,-7.7715869,110.3776147,0.006,-7.7688459,110.3847906,0.001
1788428112.0344687,847.3123583739626,847.2550325867803,10.0,False,False,20.099155106620792,1.9989999999999999,-7.7715869,110.3776147,0.006,-7.7688459,110.3847906,0.001
1788428112.2420678,847.3123583739626,847.2550325867803,10.0,False,False,20.099155106620792,1.9989999999999999,-7.7715869,110.3776147,0.006,-7.7688459,110.3847906,0.001
1788428112.4433239,847.3123583739626,847.2550325867803,10.0,False,False,20.099155106620792,1.9989999999999999,-7.7715869,110.3776147,0.006,-7.7688459,110.3847906,0.001
1788428112.644272,847.3123583739626,847.2550325867803,10.0,False,False,20.099155106620792,1.9989999999999999,-7.7715869,110.3776147,0.006,-7.7688459,110.3847906,0.001
1788428112.8447564,847.3123583739626,847.2550325867803,10.0,False,False,20.099155106620792,1.9989999999999999,-7.7715869,110.3776147,0.006,-7.7688459,110.3847906,0.001
1788428113.0478613,847.3123583739626,847.2550325867803,10.0,False,False,20.099155106620792,1.9989999999999999,-7.7715869,110.3776147,0.006,-7.7688459,110.3847906,0.001
1788428113.2558787,847.3123583739626,847.2910227911144,10.0,False,False,20.099155106620792,1.9989999999999999,-7.7715869,110.3776147,0.006,-7.7688459,110.3847906,0.001
1788428113.4642417,847.3123583739626,847.2910227911144,10.0,False,False,20.099155106620792,1.9989999999999999,-7.7715869,110.3776147,0.006,-7.7688459,110.3847906,0.001
1788428113.6737082,847.3123583739626,847.2910227911144,10.0,False,False,20.099155106620792,1.9989999999999999,-7.7715869,110.3776147,0.006,-7.7688459,110.3847906,0.001
1788428113.8806129,847.3123583739626,847.1977265278786,10.0,False,False,20.099155106620792,1.9989999999999999,-7.7715869,110.3776147,0.006,-7.7688459,110.3847906,0.001
1788428114.0823605,847.3123583804538,847.1977265343705,10.0,False,False,20.099055923102476,1.9989999999999999,-7.7715869,110.3776147,0.007,-7.7688459,110.3847906,0.001
1788428114.294746,847.3123583804538,847.1977265343705,10.0,False,False,20.099055923102476,1.9989999999999999,-7.7715869,110.3776147,0.007,-7.7688459,110.3847906,0.001
1788428114.5064876,847.3123583804538,847.1977265343705,10.0,False,False,20.099055923102476,1.9989999999999999,-7.7715869,110.3776147,0.007,-7.7688459,110.3847906,0.001
1788428114.7068748,847.3123583804538,847.1977265343705,10.0,False,False,20.099055923102476,1.9989999999999999,-7.7715869,110.3776147,0.007,-7.7688459,110.3847906,0.001
1788428114.9222043,847.3123583804538,847.1977265343705,10.0,False,False,20.099055923102476,1.9989999999999999,-7.7715869,110.3776147,0.007,-7.7688459,110.3847906,0.001
1788428115.1267757,847.3123583804538,847.1977265343705,10.0,False,False,20.099055923102476,1.9989999999999999,-7.7715869,110.3776147,0.007,-7.7688459,110.3847906,0.001
1788428115.327115,847.3123583804538,847.1977265343705,10.0,False,False,20.099055923102476,1.9989999999999999,-7.7715869,110.3776147,0.007,-7.7688459,110.3847906,0.001
1788428115.5276487,847.3123583804538,847.1977265343705,10.0,False,False,20.099055923102476,1.9989999999999999,-7.7715869,110.3776147,0.007,-7.7688459,110.3847906,0.001
1788428115.7370539,847.3123583804538,847.1977265343705,10.0,False,False,20.099055923102476,1.9989999999999999,-7.7715869,110.3776147,0.007,-7.7688459,110.3847906,0.001
1788428115.9403236,847.3123583804538,847.1977265343705,10.0,False,False,20.099055923102476,1.9989999999999999,-7.7715869,110.3776147,0.007,-7.7688459,110.3847906,0.001
1788428116.1536891,847.3123583804538,847.1977265343705,10.0,False,False,20.099055923102476,1.9989999999999999,-7.7715869,110.3776147,0.007,-7.7688459,110.3847906,0.001
1788428116.354814,847.3123583804538,847.1977265343705,10.0,False,False,20.099055923102476,1.9989999999999999,-7.7715869,110.3776147,0.007,-7.7688459,110.3847906,0.001
1788428116.554692,847.3123583804538,847.1977265343705,10.0,False,False,20.099055923102476,1.9989999999999999,-7.7715869,110.3776147,0.007,-7.7688459,110.3847906,0.001
1788428116.7574224,847.3123583804538,847.1977265343705,10.0,False,False,20.099055923102476,1.9989999999999999,-7.7715869,110.3776147,0.007,-7.7688459,110.3847906,0.001
1788428116.9598804,847.3123583804538,847.1977265343705,10.0,False,False,20.099055923102476,1.9989999999999999,-7.7715869,110.3776147,0.007,-7.7688459,110.3847906,0.001
1788428117.1658666,847.3123583804538,847.1977265343705,10.0,False,False,20.099055923102476,1.9989999999999999,-7.7715869,110.3776147,0.007,-7.7688459,110.3847906,0.001
1788428117.3686504,847.3123583804538,847.1977265343705,10.0,False,False,20.099055923102476,1.9989999999999999,-7.7715869,110.3776147,0.007,-7.7688459,110.3847906,0.001
1788428117.5712092,847.3123583804538,847.1977265343705,10.0,False,False,20.099055923102476,1.9989999999999999,-7.7715869,110.3776147,0.007,-7.7688459,110.3847906,0.001
1788428117.7722168,847.3123583804538,847.1977265343705,10.0,False,False,20.099055923102476,1.9989999999999999,-7.7715869,110.3776147,0.007,-7.7688459,110.3847906,0.001
1788428117.9784925,847.3123583804538,847.1977265343705,10.0,False,False,20.099055923102476,1.9989999999999999,-7.7715869,110.3776147,0.007,-7.7688459,110.3847906,0.001
1788428118.181997,847.3123583804538,847.1977265343705,10.0,False,False,20.099055923102476,1.9989999999999999,-7.7715869,110.3776147,0.007,-7.7688459,110.3847906,0.001
1788428118.3838077,847.3123583804538,847.1977265343705,10.0,False,False,20.099055923102476,1.9989999999999999,-7.7715869,110.3776147,0.007,-7.7688459,110.3847906,0.001
1788428118.583947,847.3123583804538,847.1977265343705,10.0,False,False,20.099055923102476,1.9989999999999999,-7.7715869,110.3776147,0.007,-7.7688459,110.3847906,0.001
1788428118.7839603,847.3123583804538,847.1977265343705,10.0,False,False,20.099055923102476,1.9989999999999999,-7.7715869,110.3776147,0.007,-7.7688459,110.3847906,0.001
1788428118.9854326,847.3123583804538,847.1977265343705,10.0,False,False,20.099055923102476,1.9989999999999999,-7.7715869,110.3776147,0.007,-7.7688459,110.3847906,0.001
1788428119.1876779,847.3123583804538,847.1977265343705,10.0,False,False,20.099055923102476,1.9989999999999999,-7.7715869,110.3776147,0.007,-7.7688459,110.3847906,0.001
1788428119.3957129,847.3123583804538,847.1977265343705,10.0,False,False,20.099055923102476,1.9989999999999999,-7.7715869,110.3776147,0.007,-7.7688459,110.3847906,0.001
1788428119.5961583,847.3123583804538,847.1977265343705,10.0,False,False,20.099055923102476,1.9989999999999999,-7.7715869,110.3776147,0.007,-7.7688459,110.3847906,0.001
1788428119.7983336,847.3123583804538,847.1977265343705,10.0,False,False,20.099055923102476,1.9989999999999999,-7.7715869,110.3776147,0.007,-7.7688459,110.3847906,0.001
1788428120.0005574,847.3123583804538,847.1977265343705,10.0,False,False,20.099055923102476,1.9989999999999999,-7.7715869,110.3776147,0.007,-7.7688459,110.3847906,0.001
1788428120.2145824,847.3123583804538,847.1977265343705,10.0,False,False,20.099055923102476,1.9989999999999999,-7.7715869,110.3776147,0.007,-7.7688459,110.3847906,0.001
1788428120.4231703,847.3123583804538,847.1977265343705,10.0,False,False,20.099055923102476,1.9989999999999999,-7.7715869,110.3776147,0.007,-7.7688459,110.3847906,0.001
1788428120.6262958,847.3123583804538,847.1977265343705,10.0,False,False,20.099055923102476,1.9989999999999999,-7.7715869,110.3776147,0.007,-7.7688459,110.3847906,0.001
1788428120.833217,847.3123583804538,847.1977265343705,10.0,False,False,20.099055923102476,1.9989999999999999,-7.7715869,110.3776147,0.007,-7.7688459,110.3847906,0.001
1788428121.0366254,847.3123583804538,847.1977265343705,10.0,False,False,20.099055923102476,1.9989999999999999,-7.7715869,110.3776147,0.007,-7.7688459,110.3847906,0.001
1788428121.2433872,847.3123583804538,847.1977265343705,10.0,False,False,20.099055923102476,1.9989999999999999,-7.7715869,110.3776147,0.007,-7.7688459,110.3847906,0.001
1788428121.4451668,847.3123583804538,847.1977265343705,10.0,False,False,20.099055923102476,1.9989999999999999,-7.7715869,110.3776147,0.007,-7.7688459,110.3847906,0.001
1788428121.6466303,847.3123583804538,847.1977265343705,10.0,False,False,20.099055923102476,1.9989999999999999,-7.7715869,110.3776147,0.007,-7.7688459,110.3847906,0.001
1788428121.8470738,847.3123583804538,847.1977265343705,10.0,False,False,20.099055923102476,1.9989999999999999,-7.7715869,110.3776147,0.007,-7.7688459,110.3847906,0.001
1788428122.0480382,847.3123583804538,847.1977265343705,10.0,False,False,20.099055923102476,1.9989999999999999,-7.7715869,110.3776147,0.007,-7.7688459,110.3847906,0.001
1788428122.2494051,847.3123583804538,847.1977265343705,10.0,False,False,20.099055923102476,1.9989999999999999,-7.7715869,110.3776147,0.007,-7.7688459,110.3847906,0.001
1788428122.4499815,847.3123583804538,847.1977265343705,10.0,False,False,20.099055923102476,1.9989999999999999,-7.7715869,110.3776147,0.007,-7.7688459,110.3847906,0.001
1788428122.6587496,847.3123583804538,847.1977265343705,10.0,False,False,20.099055923102476,1.9989999999999999,-7.7715869,110.3776147,0.007,-7.7688459,110.3847906,0.001
1788428122.859446,847.3123583804538,847.1977265343705,10.0,False,False,20.099055923102476,1.9989999999999999,-7.7715869,110.3776147,0.007,-7.7688459,110.3847906,0.001
1788428123.0619943,847.3123583804538,847.1977265343705,10.0,False,False,20.099055923102476,1.9989999999999999,-7.7715869,110.3776147,0.007,-7.7688459,110.3847906,0.001
1788428123.2657487,847.3123583804538,847.1977265343705,10.0,False,False,20.099055923102476,1.9989999999999999,-7.7715869,110.3776147,0.007,-7.7688459,110.3847906,0.001
1788428123.4724498,847.3123583804538,847.1977265343705,10.0,False,False,20.099055923102476,1.9989999999999999,-7.7715869,110.3776147,0.007,-7.7688459,110.3847906,0.001
1788428123.672699,847.3123583804538,847.1977265343705,10.0,False,False,20.099055923102476,1.9989999999999999,-7.7715869,110.3776147,0.007,-7.7688459,110.3847906,0.001
1788428123.8744748,847.3123583804538,847.1977265343705,10.0,False,False,20.099055923102476,1.9989999999999999,-7.7715869,110.3776147,0.007,-7.7688459,110.3847906,0.001
1788428124.0748818,847.3123583804538,847.1977265343705,10.0,False,False,20.099055923102476,1.9989999999999999,-7.7715869,110.3776147,0.007,-7.7688459,110.3847906,0.001
1788428124.2771986,847.3123583804538,847.1977265343705,10.0,False,False,20.099055923102476,1.9989999999999999,-7.7715869,110.3776147,0.007,-7.7688459,110.3847906,0.001
1788428124.485895,847.3123583804538,847.1977265343705,10.0,False,False,20.099055923102476,1.9989999999999999,-7.7715869,110.3776147,0.007,-7.7688459,110.3847906,0.001
1788428124.6933348,847.3123583804538,847.1977265343705,10.0,False,False,20.099055923102476,1.9989999999999999,-7.7715869,110.3776147,0.007,-7.7688459,110.3847906,0.001
1788428124.8967996,847.3123583804538,847.1977265343705,10.0,False,False,20.099055923102476,1.9989999999999999,-7.7715869,110.3776147,0.007,-7.7688459,110.3847906,0.001
1788428125.097314,847.3123583804538,847.1977265343705,10.0,False,False,20.099055923102476,1.9989999999999999,-7.7715869,110.3776147,0.007,-7.7688459,110.3847906,0.001
1788428125.2986856,847.3123583804538,847.1977265343705,10.0,False,False,20.099055923102476,1.9989999999999999,-7.7715869,110.3776147,0.007,-7.7688459,110.3847906,0.001
1788428125.5001628,847.3060784178537,847.1914509479659,10.0,False,False,20.099055923102462,1.9990300304940556,-7.7715869,110.3776147,0.007,-7.7688458,110.3847905,0.001
1788428125.7005298,847.3060784178537,847.1914509479659,10.0,False,False,20.099055923102444,1.9990147149984567,-7.7715869,110.3776147,0.007,-7.7688458,110.3847905,0.001
1788428125.915358,847.3060784178537,847.1914509479659,10.0,False,False,20.09905592310244,1.9990072103627783,-7.7715869,110.3776147,0.007,-7.7688458,110.3847905,0.001
1788428126.1180832,847.3060784178537,847.1914509479659,10.0,False,False,20.099055923102465,1.999003533081011,-7.7715869,110.3776147,0.007,-7.7688458,110.3847905,0.001
1788428126.3185554,847.3060784178537,847.1914509479659,10.0,False,False,20.09905592310246,1.9990017312104755,-7.7715869,110.3776147,0.007,-7.7688458,110.3847905,0.001
1788428126.5201118,847.3060784178537,847.1914509479659,10.0,False,False,20.099055923102465,1.9990008482933204,-7.7715869,110.3776147,0.007,-7.7688458,110.3847905,0.001
1788428126.725372,847.3060784178537,847.1914509479659,10.0,False,False,20.099055923102437,1.999000415663772,-7.7715869,110.3776147,0.007,-7.7688458,110.3847905,0.001
1788428126.9368367,847.3060784178537,847.1914509479659,10.0,False,False,20.099055923102433,1.999000203675259,-7.7715869,110.3776147,0.007,-7.7688458,110.3847905,0.001
1788428127.1377616,847.3060784178537,847.1914509479659,10.0,False,False,20.09905592310244,1.9990000998008794,-7.7715869,110.3776147,0.007,-7.7688458,110.3847905,0.001
1788428127.3411613,847.3060784178537,847.1914509479659,10.0,False,False,20.099055923102465,1.9990000489024315,-7.7715869,110.3776147,0.007,-7.7688458,110.3847905,0.001
1788428127.54338,847.3060784178537,847.1914509479659,10.0,False,False,20.099055923102465,1.9990000239621917,-7.7715869,110.3776147,0.007,-7.7688458,110.3847905,0.001
1788428127.7496197,847.3060784178537,847.1914509479659,10.0,False,False,20.09905592310245,1.999000011741474,-7.7715869,110.3776147,0.007,-7.7688458,110.3847905,0.001
1788428127.9522595,847.3060784178537,847.1914509479659,10.0,False,False,20.099055923102483,1.9990000057533222,-7.7715869,110.3776147,0.007,-7.7688458,110.3847905,0.001
1788428128.1536796,847.3060784178537,847.1914509479659,10.0,False,False,20.09905592310244,1.999000002819128,-7.7715869,110.3776147,0.007,-7.7688458,110.3847905,0.001
1788428128.3540804,847.3060784178537,847.1914509479659,10.0,False,False,20.09905592310246,1.9990000013813727,-7.7715869,110.3776147,0.007,-7.7688458,110.3847905,0.001
1788428128.560886,847.3060784178537,847.1914509479659,10.0,False,False,20.09905592310247,1.9990000006768724,-7.7715869,110.3776147,0.007,-7.7688458,110.3847905,0.001
1788428128.7622347,847.3060784178537,847.1914509479659,10.0,False,False,20.09905592310247,1.9990000003316675,-7.7715869,110.3776147,0.007,-7.7688458,110.3847905,0.001
1788428128.9640737,847.3060784178537,847.1914509479659,10.0,False,False,20.09905592310248,1.999000000162517,-7.7715869,110.3776147,0.007,-7.7688458,110.3847905,0.001
1788428129.1770527,847.3060784178537,847.1914509479659,10.0,False,False,20.09905592310248,1.9990000000796333,-7.7715869,110.3776147,0.007,-7.7688458,110.3847905,0.001
1788428129.3824863,847.3060784178537,847.1914509479659,10.0,False,False,20.09905592310243,1.9990000000390202,-7.7715869,110.3776147,0.007,-7.7688458,110.3847905,0.001
1788428129.5831428,847.3060784178537,847.1914509479659,10.0,False,False,20.09905592310243,1.99900000001912,-7.7715869,110.3776147,0.007,-7.7688458,110.3847905,0.001
1788428129.7835724,847.3060784178537,847.1914509479659,10.0,False,False,20.09905592310244,1.9990000000093686,-7.7715869,110.3776147,0.007,-7.7688458,110.3847905,0.001
1788428129.9864511,847.3060784178537,847.1914509479659,10.0,False,False,20.09905592310244,1.9990000000045907,-7.7715869,110.3776147,0.007,-7.7688458,110.3847905,0.001
1788428130.18739,847.3060784178537,847.1914509479659,10.0,False,False,20.09905592310244,1.9990000000022494,-7.7715869,110.3776147,0.007,-7.7688458,110.3847905,0.001
1788428130.3876195,847.3060784178537,847.1914509479659,10.0,False,False,20.09905592310244,1.9990000000011021,-7.7715869,110.3776147,0.007,-7.7688458,110.3847905,0.001
1788428130.5879807,847.3060784178537,847.1914509479659,10.0,False,False,20.09905592310244,1.99900000000054,-7.7715869,110.3776147,0.007,-7.7688458,110.3847905,0.001
1788428130.8039174,847.3060784178537,847.1914509479659,10.0,False,False,20.09905592310244,1.9990000000002646,-7.7715869,110.3776147,0.007,-7.7688458,110.3847905,0.001
1788428131.0066612,847.3060784178537,847.1914509479659,10.0,False,False,20.09905592310244,1.9990000000001296,-7.7715869,110.3776147,0.007,-7.7688458,110.3847905,0.001
1788428147.5726323,847.3060784113625,847.1914509414738,10.0,False,False,20.099155106620756,1.9991201192616084,-7.7715869,110.3776147,0.006,-7.7688458,110.3847905,0.001
1788428147.7780252,847.3060784113625,847.1914509414738,10.0,False,False,20.099155106620756,1.9990588593400416,-7.7715869,110.3776147,0.006,-7.7688458,110.3847905,0.001
1788428147.984634,847.3060784113625,847.1914509414738,10.0,False,False,20.099155106620756,1.9990288412931654,-7.7715869,110.3776147,0.006,-7.7688458,110.3847905,0.001
1788428148.1902714,847.3060784113625,847.1914509414738,10.0,False,False,20.099155106620756,1.9990141322856445,-7.7715869,110.3776147,0.006,-7.7688458,110.3847905,0.001
1788428148.3949213,847.3060784113625,847.1914509414738,10.0,False,False,20.099155106620756,1.9990069248324496,-7.7715869,110.3776147,0.006,-7.7688458,110.3847905,0.001
1788428148.6044009,847.3060784113625,847.1914509414738,10.0,False,False,20.099155106620756,1.9990033931708977,-7.7715869,110.3776147,0.006,-7.7688458,110.3847905,0.001
1788428148.8105996,847.3060784113625,847.1914509414738,10.0,False,False,20.099155106620756,1.9990016626544596,-7.7715869,110.3776147,0.006,-7.7688458,110.3847905,0.001
1788428149.0116048,847.3060784113625,847.1914509414738,10.0,False,False,20.099155106620756,1.999000814700858,-7.7715869,110.3776147,0.006,-7.7688458,110.3847905,0.001
1788428149.2141514,847.3060784113625,847.1914509414738,10.0,False,False,20.099155106620756,1.999000399203462,-7.7715869,110.3776147,0.006,-7.7688458,110.3847905,0.001
1788428149.4154148,847.3060784113625,847.1914509414738,10.0,False,False,20.099155106620756,1.999000195609706,-7.7715869,110.3776147,0.006,-7.7688458,110.3847905,0.001
1788428149.617038,847.3060784113625,847.1914509414738,10.0,False,False,20.099155106620756,1.9990000958487584,-7.7715869,110.3776147,0.006,-7.7688458,110.3847905,0.001
1788428149.8247755,847.3060784113625,847.1914509414738,10.0,False,False,20.099155106620756,1.9990000469658922,-7.7715869,110.3776147,0.006,-7.7688458,110.3847905,0.001
1788428150.0293417,847.3060784113625,847.1914509414738,10.0,False,False,20.099155106620756,1.9990000230132872,-7.7715869,110.3776147,0.006,-7.7688458,110.3847905,0.001
1788428150.2373722,847.3060784113625,847.1914509414738,10.0,False,False,20.099155106620756,1.9990000112765107,-7.7715869,110.3776147,0.006,-7.7688458,110.3847905,0.001
1788428150.4445994,847.3060784113625,847.1914509414738,10.0,False,False,20.099155106620756,1.9990000055254902,-7.7715869,110.3776147,0.006,-7.7688458,110.3847905,0.001
1788428150.6509407,847.3060784113625,847.1914509414738,10.0,False,False,20.099155106620756,1.9990000027074901,-7.7715869,110.3776147,0.006,-7.7688458,110.3847905,0.001
1788428150.8525114,847.3060784113625,847.1914509414738,10.0,False,False,20.099155106620756,1.9990000013266702,-7.7715869,110.3776147,0.006,-7.7688458,110.3847905,0.001
1788428151.0535827,847.3060784113625,847.1914509414738,10.0,False,False,20.099155106620756,1.9990000006500683,-7.7715869,110.3776147,0.006,-7.7688458,110.3847905,0.001
1788428151.2555153,847.3060784178537,847.1914509479659,10.0,False,False,20.09905592310244,1.9990000003185333,-7.7715869,110.3776147,0.007,-7.7688458,110.3847905,0.001
1788428151.4571474,847.3060784178537,847.1914509479659,10.0,False,False,20.09905592310244,1.9990000001560815,-7.7715869,110.3776147,0.007,-7.7688458,110.3847905,0.001
1788428151.6589217,847.3060784178537,847.1914509479659,10.0,False,False,20.09905592310244,1.9990000000764798,-7.7715869,110.3776147,0.007,-7.7688458,110.3847905,0.001
1788428151.8665416,847.3060784178537,847.1914509479659,10.0,False,False,20.09905592310244,1.999000000037475,-7.7715869,110.3776147,0.007,-7.7688458,110.3847905,0.001
1788428152.0758872,847.3060784178537,847.1914509479659,10.0,False,False,20.09905592310244,1.9990000000183628,-7.7715869,110.3776147,0.007,-7.7688458,110.3847905,0.001
1788428152.2831404,847.3060784178537,847.1914509479659,10.0,False,False,20.09905592310244,1.9990000000089976,-7.7715869,110.3776147,0.007,-7.7688458,110.3847905,0.001
1788428152.492181,847.3060784178537,847.1914509479659,10.0,False,False,20.09905592310244,1.9990000000044088,-7.7715869,110.3776147,0.007,-7.7688458,110.3847905,0.001
1788428152.6937377,847.3060784178537,847.1914509479659,10.0,False,False,20.09905592310244,1.9990000000021604,-7.7715869,110.3776147,0.007,-7.7688458,110.3847905,0.001
1788428152.894184,847.3060784178537,847.1914509479659,10.0,False,False,20.09905592310244,1.9990000000010586,-7.7715869,110.3776147,0.007,-7.7688458,110.3847905,0.001
1788428153.094586,847.3060784178537,847.1914509479659,10.0,False,False,20.09905592310244,1.9990000000005186,-7.7715869,110.3776147,0.007,-7.7688458,110.3847905,0.001
1788428153.303754,847.3060784178537,847.1914509479659,10.0,False,False,20.09905592310244,1.9990000000002541,-7.7715869,110.3776147,0.007,-7.7688458,110.3847905,0.001
1788428153.5051274,847.3060784178537,847.1914509479659,10.0,False,False,20.09905592310244,1.9990000000001245,-7.7715869,110.3776147,0.007,-7.7688458,110.3847905,0.001
1788428153.707529,847.3060784178537,847.1914509479659,10.0,False,False,20.09905592310244,1.999000000000061,-7.7715869,110.3776147,0.007,-7.7688458,110.3847905,0.001
1788428153.915038,847.3060784178537,847.1914509479659,10.0,False,False,20.09905592310244,1.9990000000000299,-7.7715869,110.3776147,0.007,-7.7688458,110.3847905,0.001
1788428154.1232386,847.3060784178537,847.1914509479659,10.0,False,False,20.09905592310244,1.9990000000000145,-7.7715869,110.3776147,0.007,-7.7688458,110.3847905,0.001
1788428154.3319318,847.3060784178537,847.1914509479659,10.0,False,False,20.09905592310244,1.9990000000000072,-7.7715869,110.3776147,0.007,-7.7688458,110.3847905,0.001
1788428154.5369816,847.3060784178537,847.1914509479659,10.0,False,False,20.09905592310244,1.9990000000000034,-7.7715869,110.3776147,0.007,-7.7688458,110.3847905,0.001
1788428154.744514,847.3060784178537,847.1914509479659,10.0,False,False,20.09905592310244,1.9990000000000017,-7.7715869,110.3776147,0.007,-7.7688458,110.3847905,0.001
1788428154.9461956,847.3060784178537,847.1914509479659,10.0,False,False,20.09905592310244,1.9990000000000008,-7.7715869,110.3776147,0.007,-7.7688458,110.3847905,0.001
1788428155.1524367,847.3060784178537,847.1914509479659,10.0,False,False,20.09905592310244,1.9990000000000003,-7.7715869,110.3776147,0.007,-7.7688458,110.3847905,0.001
1788428155.3590534,847.3060784178537,847.1914509479659,10.0,False,False,20.09905592310244,1.999,-7.7715869,110.3776147,0.007,-7.7688458,110.3847905,0.001
1788428155.5630343,847.3060784178537,847.1914509479659,10.0,False,False,20.09905592310244,1.999,-7.7715869,110.3776147,0.007,-7.7688458,110.3847905,0.001
1788428155.7691305,847.3060784178537,847.1914509479659,10.0,False,False,20.09905592310244,1.9989999999999999,-7.7715869,110.3776147,0.007,-7.7688458,110.3847905,0.001
1788428155.9735813,847.3060784178537,847.1914509479659,10.0,False,False,20.09905592310244,1.9989999999999999,-7.7715869,110.3776147,0.007,-7.7688458,110.3847905,0.001
1788428156.1787117,847.3060784178537,847.1914509479659,10.0,False,False,20.09905592310244,1.9989999999999999,-7.7715869,110.3776147,0.007,-7.7688458,110.3847905,0.001
1788428156.38102,847.3060784178537,847.1914509479659,10.0,False,False,20.09905592310244,1.9989999999999999,-7.7715869,110.3776147,0.007,-7.7688458,110.3847905,0.001
1788428156.5814655,847.3060784178537,847.1914509479659,10.0,False,False,20.09905592310244,1.9989999999999999,-7.7715869,110.3776147,0.007,-7.7688458,110.3847905,0.001
1788428156.78741,847.3060784178537,847.1914509479659,10.0,False,False,20.09905592310244,1.9989999999999999,-7.7715869,110.3776147,0.007,-7.7688458,110.3847905,0.001
1788428156.990577,847.3060784178537,847.1914509479659,10.0,False,False,20.09905592310244,1.9989999999999999,-7.7715869,110.3776147,0.007,-7.7688458,110.3847905,0.001
1788428157.1923018,847.3060784178537,847.1914509479659,10.0,False,False,20.09905592310244,1.9989999999999999,-7.7715869,110.3776147,0.007,-7.7688458,110.3847905,0.001
1788428157.3973267,847.3060784178537,847.1914509479659,10.0,False,False,20.09905592310244,1.9989999999999999,-7.7715869,110.3776147,0.007,-7.7688458,110.3847905,0.001
1788428157.5977778,847.3060784178537,847.1914509479659,10.0,False,False,20.09905592310244,1.9989999999999999,-7.7715869,110.3776147,0.007,-7.7688458,110.3847905,0.001
1788428157.8017817,847.3060784178537,847.1914509479659,10.0,False,False,20.09905592310244,1.9989999999999999,-7.7715869,110.3776147,0.007,-7.7688458,110.3847905,0.001
1788428158.0037875,847.3060784178537,847.1914509479659,10.0,False,False,20.09905592310244,1.9989999999999999,-7.7715869,110.3776147,0.007,-7.7688458,110.3847905,0.001
1788428158.2041812,847.3060784178537,847.1914509479659,10.0,False,False,20.09905592310244,1.9989999999999999,-7.7715869,110.3776147,0.007,-7.7688458,110.3847905,0.001
1788428158.4100971,847.3060784178537,847.1914509479659,10.0,False,False,20.09905592310244,1.9989999999999999,-7.7715869,110.3776147,0.007,-7.7688458,110.3847905,0.001
1788428158.6178184,847.3060784178537,847.1914509479659,10.0,False,False,20.09905592310244,1.9989999999999999,-7.7715869,110.3776147,0.007,-7.7688458,110.3847905,0.001
1788428158.818235,847.3060784178537,847.1914509479659,10.0,False,False,20.09905592310244,1.9989999999999999,-7.7715869,110.3776147,0.007,-7.7688458,110.3847905,0.001
1788428159.0210226,847.3060784178537,847.1914509479659,10.0,False,False,20.09905592310244,1.9989999999999999,-7.7715869,110.3776147,0.007,-7.7688458,110.3847905,0.001
1788428159.2230427,847.3060784178537,847.1914509479659,10.0,False,False,20.09905592310244,1.9989999999999999,-7.7715869,110.3776147,0.007,-7.7688458,110.3847905,0.001
1788428159.4384115,847.3060784113625,847.1914509414738,10.0,False,False,20.099155106620756,1.9989999999999999,-7.7715869,110.3776147,0.006,-7.7688458,110.3847905,0.001
1788428159.647212,847.3060784113625,847.1914509414738,10.0,False,False,20.099155106620756,1.9989999999999999,-7.7715869,110.3776147,0.006,-7.7688458,110.3847905,0.001
1788428159.8476298,847.3060784113625,847.1914509414738,10.0,False,False,20.099155106620756,1.9989999999999999,-7.7715869,110.3776147,0.006,-7.7688458,110.3847905,0.001
1788428160.051987,847.3060784113625,847.1914509414738,10.0,False,False,20.099155106620756,1.9989999999999999,-7.7715869,110.3776147,0.006,-7.7688458,110.3847905,0.001
1788428160.2550738,847.3060784113625,847.1914509414738,10.0,False,False,20.099155106620756,1.9989999999999999,-7.7715869,110.3776147,0.006,-7.7688458,110.3847905,0.001
1788428160.461973,847.3060784113625,847.1914509414738,10.0,False,False,20.099155106620756,1.9989999999999999,-7.7715869,110.3776147,0.006,-7.7688458,110.3847905,0.001
1788428160.6632352,847.3060784113625,847.1914509414738,10.0,False,False,20.099155106620756,1.9989999999999999,-7.7715869,110.3776147,0.006,-7.7688458,110.3847905,0.001
1788428160.863313,847.3060784113625,847.1914509414738,10.0,False,False,20.099155106620756,1.9989999999999999,-7.7715869,110.3776147,0.006,-7.7688458,110.3847905,0.001
1788428161.0682683,847.3060784113625,847.1914509414738,10.0,False,False,20.099155106620756,1.9989999999999999,-7.7715869,110.3776147,0.006,-7.7688458,110.3847905,0.001
1788428161.2758224,847.3060784113625,847.1914509414738,10.0,False,False,20.099155106620756,1.9989999999999999,-7.7715869,110.3776147,0.006,-7.7688458,110.3847905,0.001
1788428161.4773676,847.3060784113625,847.1914509414738,10.0,False,False,20.099155106620756,1.9989999999999999,-7.7715869,110.3776147,0.006,-7.7688458,110.3847905,0.001
1788428161.6789427,847.3060784113625,847.1914509414738,10.0,False,False,20.099155106620756,1.9989999999999999,-7.7715869,110.3776147,0.006,-7.7688458,110.3847905,0.001
1788428161.885867,847.3060784113625,847.1914509414738,10.0,False,False,20.099155106620756,1.9989999999999999,-7.7715869,110.3776147,0.006,-7.7688458,110.3847905,0.001
1788428162.0862885,847.3060784113625,847.1914509414738,10.0,False,False,20.099155106620756,1.9989999999999999,-7.7715869,110.3776147,0.006,-7.7688458,110.3847905,0.001
1788428162.2913344,847.3060784113625,847.1914509414738,10.0,False,False,20.099155106620756,1.9989999999999999,-7.7715869,110.3776147,0.006,-7.7688458,110.3847905,0.001
1788428162.4951737,847.3060784113625,847.1914509414738,10.0,False,False,20.099155106620756,1.9989999999999999,-7.7715869,110.3776147,0.006,-7.7688458,110.3847905,0.001
1788428162.6954741,847.3060784113625,847.1914509414738,10.0,False,False,20.099155106620756,1.9989999999999999,-7.7715869,110.3776147,0.006,-7.7688458,110.3847905,0.001
1788428162.896532,847.3060784113625,847.1914509414738,10.0,False,False,20.099155106620756,1.9989999999999999,-7.7715869,110.3776147,0.006,-7.7688458,110.3847905,0.001
1788428163.0969632,847.3060784113625,847.1914509414738,10.0,False,False,20.099155106620756,1.9989999999999999,-7.7715869,110.3776147,0.006,-7.7688458,110.3847905,0.001
1788428163.3102622,847.3060784113625,847.1914509414738,10.0,False,False,20.099155106620756,1.9989999999999999,-7.7715869,110.3776147,0.006,-7.7688458,110.3847905,0.001
1788428163.516284,847.3060784113625,847.1914509414738,10.0,False,False,20.099155106620756,1.9989999999999999,-7.7715869,110.3776147,0.006,-7.7688458,110.3847905,0.001
1788428163.7191565,847.3060784113625,847.1914509414738,10.0,False,False,20.099155106620756,1.9989999999999999,-7.7715869,110.3776147,0.006,-7.7688458,110.3847905,0.001
1788428163.9217565,847.3060784178537,847.1914509479659,10.0,False,False,20.09905592310244,1.9989999999999999,-7.7715869,110.3776147,0.007,-7.7688458,110.3847905,0.001
1788428164.1232803,847.3060784178537,847.1914509479659,10.0,False,False,20.09905592310244,1.9989999999999999,-7.7715869,110.3776147,0.007,-7.7688458,110.3847905,0.001
1788428164.333823,847.3060784178537,847.1914509479659,10.0,False,False,20.09905592310244,1.9989999999999999,-7.7715869,110.3776147,0.007,-7.7688458,110.3847905,0.001
1788428164.538411,847.3060784178537,847.1914509479659,10.0,False,False,20.09905592310244,1.9989999999999999,-7.7715869,110.3776147,0.007,-7.7688458,110.3847905,0.001
1788428164.7546213,847.3060784178537,847.1914509479659,10.0,False,False,20.09905592310244,1.9989999999999999,-7.7715869,110.3776147,0.007,-7.7688458,110.3847905,0.001
1788428164.9557521,847.3060784178537,847.1914509479659,10.0,False,False,20.09905592310244,1.9989999999999999,-7.7715869,110.3776147,0.007,-7.7688458,110.3847905,0.001
1788428165.159163,847.3060784178537,847.1914509479659,10.0,False,False,20.09905592310244,1.9989999999999999,-7.7715869,110.3776147,0.007,-7.7688458,110.3847905,0.001
1788428165.3687027,847.3060784178537,847.1914509479659,10.0,False,False,20.09905592310244,1.9989999999999999,-7.7715869,110.3776147,0.007,-7.7688458,110.3847905,0.001
1788428165.5697505,847.3060784178537,847.1914509479659,10.0,False,False,20.09905592310244,1.9989999999999999,-7.7715869,110.3776147,0.007,-7.7688458,110.3847905,0.001
1788428165.7712612,847.3060784178537,847.1914509479659,10.0,False,False,20.09905592310244,1.9989999999999999,-7.7715869,110.3776147,0.007,-7.7688458,110.3847905,0.001
1788428165.9730074,847.3060784178537,847.1914509479659,10.0,False,False,20.09905592310244,1.9989999999999999,-7.7715869,110.3776147,0.007,-7.7688458,110.3847905,0.001
1788428166.1745806,847.3060784178537,847.1914509479659,10.0,False,False,20.09905592310244,1.9989999999999999,-7.7715869,110.3776147,0.007,-7.7688458,110.3847905,0.001
1788428166.3829975,847.3060784178537,847.1914509479659,10.0,False,False,20.09905592310244,1.9989999999999999,-7.7715869,110.3776147,0.007,-7.7688458,110.3847905,0.001
1788428166.586004,847.3060784178537,847.1914509479659,10.0,False,False,20.09905592310244,1.9989999999999999,-7.7715869,110.3776147,0.007,-7.7688458,110.3847905,0.001
1788428166.7896993,847.3060784178537,847.1914509479659,10.0,False,False,20.09905592310244,1.9989999999999999,-7.7715869,110.3776147,0.007,-7.7688458,110.3847905,0.001
1788428166.9908628,847.3060784178537,847.1914509479659,10.0,False,False,20.09905592310244,1.9989999999999999,-7.7715869,110.3776147,0.007,-7.7688458,110.3847905,0.001
1788428167.1955087,847.3060784178537,847.1914509479659,10.0,False,False,20.09905592310244,1.9989999999999999,-7.7715869,110.3776147,0.007,-7.7688458,110.3847905,0.001
1788428167.3990793,847.3060784178537,847.1914509479659,10.0,False,False,20.09905592310244,1.9989999999999999,-7.7715869,110.3776147,0.007,-7.7688458,110.3847905,0.001
1788428167.5993707,847.3060784178537,847.1914509479659,10.0,False,False,20.09905592310244,1.9989999999999999,-7.7715869,110.3776147,0.007,-7.7688458,110.3847905,0.001
1788428167.8120165,847.3060784178537,847.1914509479659,10.0,False,False,20.09905592310244,1.9989999999999999,-7.7715869,110.3776147,0.007,-7.7688458,110.3847905,0.001
1788428168.028621,847.3060784178537,847.1914509479659,10.0,False,False,20.09905592310244,1.9989999999999999,-7.7715869,110.3776147,0.007,-7.7688458,110.3847905,0.001
1788428168.2377706,847.3060784178537,847.1914509479659,10.0,False,False,20.09905592310244,1.9989999999999999,-7.7715869,110.3776147,0.007,-7.7688458,110.3847905,0.001
1788428168.4441805,847.3060784178537,847.1914509479659,10.0,False,False,20.09905592310244,1.9989999999999999,-7.7715869,110.3776147,0.007,-7.7688458,110.3847905,0.001
1788428168.653543,847.3060784178537,847.1914509479659,10.0,False,False,20.09905592310244,1.9989999999999999,-7.7715869,110.3776147,0.007,-7.7688458,110.3847905,0.001
1788428168.8645518,847.3060784178537,847.1914509479659,10.0,False,False,20.09905592310244,1.9989999999999999,-7.7715869,110.3776147,0.007,-7.7688458,110.3847905,0.001
1788428169.0665083,847.3060784178537,847.1914509479659,10.0,False,False,20.09905592310244,1.9989999999999999,-7.7715869,110.3776147,0.007,-7.7688458,110.3847905,0.001
1788428169.2684128,847.3060784178537,847.1914509479659,10.0,False,False,20.09905592310244,1.9989999999999999,-7.7715869,110.3776147,0.007,-7.7688458,110.3847905,0.001
1788428169.4726336,847.3060784178537,847.1914509479659,10.0,False,False,20.09905592310244,1.9989999999999999,-7.7715869,110.3776147,0.007,-7.7688458,110.3847905,0.001
1788428169.6810136,847.3060784178537,847.1914509479659,10.0,False,False,20.09905592310244,1.9989999999999999,-7.7715869,110.3776147,0.007,-7.7688458,110.3847905,0.001
1788428169.8889618,847.3060784178537,847.1914509479659,10.0,False,False,20.09905592310244,1.9989999999999999,-7.7715869,110.3776147,0.007,-7.7688458,110.3847905,0.001
1788428170.090773,847.3060784178537,847.1914509479659,10.0,False,False,20.09905592310244,1.9989999999999999,-7.7715869,110.3776147,0.007,-7.7688458,110.3847905,0.001
1788428170.3005922,847.3060784178537,847.1914509479659,10.0,False,False,20.09905592310244,1.9989999999999999,-7.7715869,110.3776147,0.007,-7.7688458,110.3847905,0.001
1788428170.504526,847.3060784178537,847.1914509479659,10.0,False,False,20.09905592310244,1.9989999999999999,-7.7715869,110.3776147,0.007,-7.7688458,110.3847905,0.001
1788428170.7137733,847.3060784178537,847.1914509479659,10.0,False,False,20.09905592310244,1.9989999999999999,-7.7715869,110.3776147,0.007,-7.7688458,110.3847905,0.001
1788428170.9304936,847.3060784178537,847.1914509479659,10.0,False,False,20.09905592310244,1.9989999999999999,-7.7715869,110.3776147,0.007,-7.7688458,110.3847905,0.001
1788428171.1354487,847.3060784178537,847.1914509479659,10.0,False,False,20.09905592310244,1.9989999999999999,-7.7715869,110.3776147,0.007,-7.7688458,110.3847905,0.001
1788428171.3356798,847.3060784178537,847.1914509479659,10.0,False,False,20.09905592310244,1.9989999999999999,-7.7715869,110.3776147,0.007,-7.7688458,110.3847905,0.001
1788428171.5442288,847.3060784178537,847.1914509479659,10.0,False,False,20.09905592310244,1.9989999999999999,-7.7715869,110.3776147,0.007,-7.7688458,110.3847905,0.001
1788428171.7559123,847.3060784178537,847.1914509479659,10.0,False,False,20.09905592310244,1.9989999999999999,-7.7715869,110.3776147,0.007,-7.7688458,110.3847905,0.001
1788428171.965317,847.3060784178537,847.1914509479659,10.0,False,False,20.09905592310244,1.9989999999999999,-7.7715869,110.3776147,0.007,-7.7688458,110.3847905,0.001
1788428172.1693308,847.3060784178537,847.1914509479659,10.0,False,False,20.09905592310244,1.9989999999999999,-7.7715869,110.3776147,0.007,-7.7688458,110.3847905,0.001
1788428172.3703158,847.3060784178537,847.1914509479659,10.0,False,False,20.09905592310244,1.9989999999999999,-7.7715869,110.3776147,0.007,-7.7688458,110.3847905,0.001
1788428172.580114,847.3060784178537,847.1914509479659,10.0,False,False,20.09905592310244,1.9989999999999999,-7.7715869,110.3776147,0.007,-7.7688458,110.3847905,0.001
1788428172.785508,847.306078425525,847.1914509556384,10.0,False,False,20.09905592310244,2.0,-7.7715869,110.3776147,0.007,-7.7688458,110.3847905,0
1788428172.9884398,847.306078425525,847.1914509556384,10.0,False,False,20.09905592310244,2.0,-7.7715869,110.3776147,0.007,-7.7688458,110.3847905,0
1788428173.190412,847.306078425525,847.1914509556384,10.0,False,False,20.09905592310244,2.0,-7.7715869,110.3776147,0.007,-7.7688458,110.3847905,0
1788428173.4060452,847.306078425525,847.1914509556384,10.0,False,False,20.09905592310244,2.0,-7.7715869,110.3776147,0.007,-7.7688458,110.3847905,0
1788428173.6063523,847.306078425525,847.1914509556384,10.0,False,False,20.09905592310244,2.0,-7.7715869,110.3776147,0.007,-7.7688458,110.3847905,0
1788428173.8120077,847.306078425525,847.1914509556384,10.0,False,False,20.09905592310244,2.0,-7.7715869,110.3776147,0.007,-7.7688458,110.3847905,0
1788428174.0259423,847.306078425525,847.1914509556384,10.0,False,False,20.09905592310244,2.0,-7.7715869,110.3776147,0.007,-7.7688458,110.3847905,0
1788428174.2383869,847.306078425525,847.1914509556384,10.0,False,False,20.09905592310244,2.0,-7.7715869,110.3776147,0.007,-7.7688458,110.3847905,0
1788428174.4387233,847.306078425525,847.1914509556384,10.0,False,False,20.09905592310244,2.0,-7.7715869,110.3776147,0.007,-7.7688458,110.3847905,0
1788428174.6413865,847.306078425525,847.1914509556384,10.0,False,False,20.09905592310244,2.0,-7.7715869,110.3776147,0.007,-7.7688458,110.3847905,0
1788428174.8417938,847.306078425525,847.1914509556384,10.0,False,False,20.09905592310244,2.0,-7.7715869,110.3776147,0.007,-7.7688458,110.3847905,0
1788428175.0489564,847.306078425525,847.1914509556384,10.0,False,False,20.09905592310244,2.0,-7.7715869,110.3776147,0.007,-7.7688458,110.3847905,0
1788428175.2545078,847.306078425525,847.1914509556384,10.0,False,False,20.09905592310244,2.0,-7.7715869,110.3776147,0.007,-7.7688458,110.3847905,0
1788428175.4548657,847.306078425525,847.1914509556384,10.0,False,False,20.09905592310244,2.0,-7.7715869,110.3776147,0.007,-7.7688458,110.3847905,0
1788428175.6578822,847.306078425525,847.1914509556384,10.0,False,False,20.09905592310244,2.0,-7.7715869,110.3776147,0.007,-7.7688458,110.3847905,0
1788428175.8594046,847.306078425525,847.1914509556384,10.0,False,False,20.09905592310244,2.0,-7.7715869,110.3776147,0.007,-7.7688458,110.3847905,0
1788428176.0649378,847.306078425525,847.1914509556384,10.0,False,False,20.09905592310244,2.0,-7.7715869,110.3776147,0.007,-7.7688458,110.3847905,0
1788428176.2660334,847.306078425525,847.1914509556384,10.0,False,False,20.09905592310244,2.0,-7.7715869,110.3776147,0.007,-7.7688458,110.3847905,0
1788428176.469712,847.306078425525,847.1914509556384,10.0,False,False,20.09905592310244,2.0,-7.7715869,110.3776147,0.007,-7.7688458,110.3847905,0
1788428176.6728525,847.306078425525,847.1914509556384,10.0,False,False,20.09905592310244,2.0,-7.7715869,110.3776147,0.007,-7.7688458,110.3847905,0
1788428176.8734393,847.306078425525,847.1914509556384,10.0,False,False,20.09905592310244,2.0,-7.7715869,110.3776147,0.007,-7.7688458,110.3847905,0
1788428177.0744941,847.3060784178537,847.1914509479659,10.0,False,False,20.09905592310244,1.9989999999999999,-7.7715869,110.3776147,0.007,-7.7688458,110.3847905,0.001
1788428177.2798896,847.3060784178537,847.1914509479659,10.0,False,False,20.09905592310244,1.9989999999999999,-7.7715869,110.3776147,0.007,-7.7688458,110.3847905,0.001
1788428177.4840343,847.3060784178537,847.1914509479659,10.0,False,False,20.09905592310244,1.9989999999999999,-7.7715869,110.3776147,0.007,-7.7688458,110.3847905,0.001
1788428177.689445,847.3060784178537,847.1914509479659,10.0,False,False,20.09905592310244,1.9989999999999999,-7.7715869,110.3776147,0.007,-7.7688458,110.3847905,0.001
1788428177.8897338,847.3060784178537,847.1914509479659,10.0,False,False,20.09905592310244,1.9989999999999999,-7.7715869,110.3776147,0.007,-7.7688458,110.3847905,0.001
1788428178.0900567,847.3060784178537,847.1914509479659,10.0,False,False,20.09905592310244,1.9989999999999999,-7.7715869,110.3776147,0.007,-7.7688458,110.3847905,0.001
1788428178.2911534,847.3060784178537,847.1914509479659,10.0,False,False,20.09905592310244,1.9989999999999999,-7.7715869,110.3776147,0.007,-7.7688458,110.3847905,0.001
1788428178.4986303,847.3060784178537,847.1914509479659,10.0,False,False,20.09905592310244,1.9989999999999999,-7.7715869,110.3776147,0.007,-7.7688458,110.3847905,0.001
1788428178.6995642,847.3060784178537,847.1914509479659,10.0,False,False,20.09905592310244,1.9989999999999999,-7.7715869,110.3776147,0.007,-7.7688458,110.3847905,0.001
1788428178.9030108,847.3060784178537,847.1914509479659,10.0,False,False,20.09905592310244,1.9989999999999999,-7.7715869,110.3776147,0.007,-7.7688458,110.3847905,0.001
1788428179.1115038,847.3060784178537,847.1914509479659,10.0,False,False,20.09905592310244,1.9989999999999999,-7.7715869,110.3776147,0.007,-7.7688458,110.3847905,0.001
1788428179.3162322,847.3060784178537,847.1914509479659,10.0,False,False,20.09905592310244,1.9989999999999999,-7.7715869,110.3776147,0.007,-7.7688458,110.3847905,0.001
1788428179.5256119,847.3060784178537,847.1914509479659,10.0,False,False,20.09905592310244,1.9989999999999999,-7.7715869,110.3776147,0.007,-7.7688458,110.3847905,0.001
1788428179.7267642,847.3060784178537,847.1914509479659,10.0,False,False,20.09905592310244,1.9989999999999999,-7.7715869,110.3776147,0.007,-7.7688458,110.3847905,0.001
1788428179.9293835,847.3060784178537,847.1914509479659,10.0,False,False,20.09905592310244,1.9989999999999999,-7.7715869,110.3776147,0.007,-7.7688458,110.3847905,0.001
1788428180.1394413,847.3060784178537,847.1914509479659,10.0,False,False,20.09905592310244,1.9989999999999999,-7.7715869,110.3776147,0.007,-7.7688458,110.3847905,0.001
1788428180.3399422,847.3060784178537,847.1914509479659,10.0,False,False,20.09905592310244,1.9989999999999999,-7.7715869,110.3776147,0.007,-7.7688458,110.3847905,0.001
1788428180.5444095,847.3060784178537,847.1914509479659,10.0,False,False,20.09905592310244,1.9989999999999999,-7.7715869,110.3776147,0.007,-7.7688458,110.3847905,0.001
1788428180.7568336,847.3060784178537,847.1914509479659,10.0,False,False,20.09905592310244,1.9989999999999999,-7.7715869,110.3776147,0.007,-7.7688458,110.3847905,0.001
1788428180.9571774,847.3060784178537,847.1914509479659,10.0,False,False,20.09905592310244,1.9989999999999999,-7.7715869,110.3776147,0.007,-7.7688458,110.3847905,0.001
1788428181.1573896,847.3060784178537,847.1914509479659,10.0,False,False,20.09905592310244,1.9989999999999999,-7.7715869,110.3776147,0.007,-7.7688458,110.3847905,0.001
1788428181.357513,847.3060784178537,847.1914509479659,10.0,False,False,20.09905592310244,1.9989999999999999,-7.7715869,110.3776147,0.007,-7.7688458,110.3847905,0.001
1788428181.5576665,847.3060784178537,847.1914509479659,10.0,False,False,20.09905592310244,1.9989999999999999,-7.7715869,110.3776147,0.007,-7.7688458,110.3847905,0.001
1788428181.7588072,847.3060784178537,847.1914509479659,10.0,False,False,20.09905592310244,1.9989999999999999,-7.7715869,110.3776147,0.007,-7.7688458,110.3847905,0.001
1788428181.9592266,847.3060784178537,847.1914509479659,10.0,False,False,20.09905592310244,1.9989999999999999,-7.7715869,110.3776147,0.007,-7.7688458,110.3847905,0.001
1788428182.1681871,847.3060784178537,847.1914509479659,10.0,False,False,20.09905592310244,1.9989999999999999,-7.7715869,110.3776147,0.007,-7.7688458,110.3847905,0.001
1788428182.373476,847.3060784178537,847.1914509479659,10.0,False,False,20.09905592310244,1.9989999999999999,-7.7715869,110.3776147,0.007,-7.7688458,110.3847905,0.001
1788428182.5762877,847.3060784178537,847.1914509479659,10.0,False,False,20.09905592310244,1.9989999999999999,-7.7715869,110.3776147,0.007,-7.7688458,110.3847905,0.001
1788428182.7775836,847.3060784178537,847.1914509479659,10.0,False,False,20.09905592310244,1.9989999999999999,-7.7715869,110.3776147,0.007,-7.7688458,110.3847905,0.001
1788428182.9870756,847.3060784178537,847.1914509479659,10.0,False,False,20.09905592310244,1.9989999999999999,-7.7715869,110.3776147,0.007,-7.7688458,110.3847905,0.001
1788428183.1899464,847.3060784178537,847.1914509479659,10.0,False,False,20.09905592310244,1.9989999999999999,-7.7715869,110.3776147,0.007,-7.7688458,110.3847905,0.001
1788428183.393558,847.3060784178537,847.1914509479659,10.0,False,False,20.09905592310244,1.9989999999999999,-7.7715869,110.3776147,0.007,-7.7688458,110.3847905,0.001
1788428183.5939445,847.3060784178537,847.1914509479659,10.0,False,False,20.09905592310244,1.9989999999999999,-7.7715869,110.3776147,0.007,-7.7688458,110.3847905,0.001
1788428183.7992175,847.3060784178537,847.1914509479659,10.0,False,False,20.09905592310244,1.9989999999999999,-7.7715869,110.3776147,0.007,-7.7688458,110.3847905,0.001
1788428184.002145,847.3060784178537,847.1914509479659,10.0,False,False,20.09905592310244,1.9989999999999999,-7.7715869,110.3776147,0.007,-7.7688458,110.3847905,0.001
1788428184.202401,847.3060784178537,847.1914509479659,10.0,False,False,20.09905592310244,1.9989999999999999,-7.7715869,110.3776147,0.007,-7.7688458,110.3847905,0.001
1788428184.407201,847.3060784178537,847.1914509479659,10.0,False,False,20.09905592310244,1.9989999999999999,-7.7715869,110.3776147,0.007,-7.7688458,110.3847905,0.001
1788428184.6089928,847.3060784178537,847.1914509479659,10.0,False,False,20.09905592310244,1.9989999999999999,-7.7715869,110.3776147,0.007,-7.7688458,110.3847905,0.001
1788428184.8244119,847.3060784178537,847.1914509479659,10.0,False,False,20.09905592310244,1.9989999999999999,-7.7715869,110.3776147,0.007,-7.7688458,110.3847905,0.001
1788428185.0346258,847.3060784178537,847.1914509479659,10.0,False,False,20.09905592310244,1.9989999999999999,-7.7715869,110.3776147,0.007,-7.7688458,110.3847905,0.001
1788428185.2365642,847.3060784178537,847.1914509479659,10.0,False,False,20.09905592310244,1.9989999999999999,-7.7715869,110.3776147,0.007,-7.7688458,110.3847905,0.001
1788428185.4373248,847.3060784178537,847.1914509479659,10.0,False,False,20.09905592310244,1.9989999999999999,-7.7715869,110.3776147,0.007,-7.7688458,110.3847905,0.001
1788428185.651786,847.3060784178537,847.1914509479659,10.0,False,False,20.09905592310244,1.9989999999999999,-7.7715869,110.3776147,0.007,-7.7688458,110.3847905,0.001
1788428185.8542073,847.3060784178537,847.1914509479659,10.0,False,False,20.09905592310244,1.9989999999999999,-7.7715869,110.3776147,0.007,-7.7688458,110.3847905,0.001
1788428186.0590494,847.3060784178537,847.1914509479659,10.0,False,False,20.09905592310244,1.9989999999999999,-7.7715869,110.3776147,0.007,-7.7688458,110.3847905,0.001
1788428186.2656279,847.3060784178537,847.1914509479659,10.0,False,False,20.09905592310244,1.9989999999999999,-7.7715869,110.3776147,0.007,-7.7688458,110.3847905,0.001
1788428186.4858892,847.3060784178537,847.1914509479659,10.0,False,False,20.09905592310244,1.9989999999999999,-7.7715869,110.3776147,0.007,-7.7688458,110.3847905,0.001
1788428186.6905844,847.3060784178537,847.1914509479659,10.0,False,False,20.09905592310244,1.9989999999999999,-7.7715869,110.3776147,0.007,-7.7688458,110.3847905,0.001
1788428186.899949,847.3060784178537,847.1914509479659,10.0,False,False,20.09905592310244,1.9989999999999999,-7.7715869,110.3776147,0.007,-7.7688458,110.3847905,0.001
1788428187.1001372,847.3060784178537,847.1914509479659,10.0,False,False,20.09905592310244,1.9989999999999999,-7.7715869,110.3776147,0.007,-7.7688458,110.3847905,0.001
1788428187.3156242,847.3060784178537,847.1914509479659,10.0,False,False,20.09905592310244,1.9989999999999999,-7.7715869,110.3776147,0.007,-7.7688458,110.3847905,0.001
1788428187.5171103,847.3060784178537,847.1914509479659,10.0,False,False,20.09905592310244,1.9989999999999999,-7.7715869,110.3776147,0.007,-7.7688458,110.3847905,0.001
1788428187.7225873,847.3060784178537,847.1914509479659,10.0,False,False,20.09905592310244,1.9989999999999999,-7.7715869,110.3776147,0.007,-7.7688458,110.3847905,0.001
1788428187.9315329,847.3060784178537,847.1914509479659,10.0,False,False,20.09905592310244,1.9989999999999999,-7.7715869,110.3776147,0.007,-7.7688458,110.3847905,0.001
1788428188.133617,847.3060784178537,847.1914509479659,10.0,False,False,20.09905592310244,1.9989999999999999,-7.7715869,110.3776147,0.007,-7.7688458,110.3847905,0.001
1788428188.3381941,847.3060784178537,847.1914509479659,10.0,False,False,20.09905592310244,1.9989999999999999,-7.7715869,110.3776147,0.007,-7.7688458,110.3847905,0.001
1788428188.548121,847.3060784178537,847.1914509479659,10.0,False,False,20.09905592310244,1.9989999999999999,-7.7715869,110.3776147,0.007,-7.7688458,110.3847905,0.001
1788428188.7525804,847.3060784178537,847.1914509479659,10.0,False,False,20.09905592310244,1.9989999999999999,-7.7715869,110.3776147,0.007,-7.7688458,110.3847905,0.001
1788428188.9555852,847.3060784178537,847.1914509479659,10.0,False,False,20.09905592310244,1.9989999999999999,-7.7715869,110.3776147,0.007,-7.7688458,110.3847905,0.001
1788428189.1656206,847.3060784178537,847.1914509479659,10.0,False,False,20.09905592310244,1.9989999999999999,-7.7715869,110.3776147,0.007,-7.7688458,110.3847905,0.001
1788428189.3696036,847.3060784178537,847.1914509479659,10.0,False,False,20.09905592310244,1.9989999999999999,-7.7715869,110.3776147,0.007,-7.7688458,110.3847905,0.001
1788428189.5845218,847.3060784178537,847.1914509479659,10.0,False,False,20.09905592310244,1.9989999999999999,-7.7715869,110.3776147,0.007,-7.7688458,110.3847905,0.001
1788428189.789153,847.3060784178537,847.1914509479659,10.0,False,False,20.09905592310244,1.9989999999999999,-7.7715869,110.3776147,0.007,-7.7688458,110.3847905,0.001
1788428190.0013335,847.3060784178537,847.1914509479659,10.0,False,False,20.09905592310244,1.9989999999999999,-7.7715869,110.3776147,0.007,-7.7688458,110.3847905,0.001
1788428190.2022126,847.3060784178537,847.1914509479659,10.0,False,False,20.09905592310244,1.9989999999999999,-7.7715869,110.3776147,0.007,-7.7688458,110.3847905,0.001
1788428190.4117236,847.3060784178537,847.1914509479659,10.0,False,False,20.09905592310244,1.9989999999999999,-7.7715869,110.3776147,0.007,-7.7688458,110.3847905,0.001
1788428190.6156273,847.3060784178537,847.1914509479659,10.0,False,False,20.09905592310244,1.9989999999999999,-7.7715869,110.3776147,0.007,-7.7688458,110.3847905,0.001
1788428190.8196304,847.3060784178537,847.1914509479659,10.0,False,False,20.09905592310244,1.9989999999999999,-7.7715869,110.3776147,0.007,-7.7688458,110.3847905,0.001
1788428191.032596,847.3060784178537,847.1914509479659,10.0,False,False,20.09905592310244,1.9989999999999999,-7.7715869,110.3776147,0.007,-7.7688458,110.3847905,0.001
1788428191.2377079,847.3060784178537,847.1914509479659,10.0,False,False,20.09905592310244,1.9989999999999999,-7.7715869,110.3776147,0.007,-7.7688458,110.3847905,0.001
1788428191.4434624,847.3060784178537,847.1914509479659,10.0,False,False,20.09905592310244,1.9989999999999999,-7.7715869,110.3776147,0.007,-7.7688458,110.3847905,0.001
1788428191.6470459,847.3060784178537,847.1914509479659,10.0,False,False,20.09905592310244,1.9989999999999999,-7.7715869,110.3776147,0.007,-7.7688458,110.3847905,0.001
1788428191.8509173,847.3060784178537,847.1914509479659,10.0,False,False,20.09905592310244,1.9989999999999999,-7.7715869,110.3776147,0.007,-7.7688458,110.3847905,0.001
1788428192.0556667,847.3060784178537,847.1914509479659,10.0,False,False,20.09905592310244,1.9989999999999999,-7.7715869,110.3776147,0.007,-7.7688458,110.3847905,0.001
1788428192.2624989,847.3060784178537,847.1914509479659,10.0,False,False,20.09905592310244,1.9989999999999999,-7.7715869,110.3776147,0.007,-7.7688458,110.3847905,0.001
1788428192.4680383,847.3060784178537,847.1914509479659,10.0,False,False,20.09905592310244,1.9989999999999999,-7.7715869,110.3776147,0.007,-7.7688458,110.3847905,0.001
1788428192.6712854,847.3060784178537,847.1914509479659,10.0,False,False,20.09905592310244,1.9989999999999999,-7.7715869,110.3776147,0.007,-7.7688458,110.3847905,0.001
1788428192.8829632,847.3060784178537,847.1914509479659,10.0,False,False,20.09905592310244,1.9989999999999999,-7.7715869,110.3776147,0.007,-7.7688458,110.3847905,0.001
1788428193.0834508,847.3060784178537,847.1914509479659,10.0,False,False,20.09905592310244,1.9989999999999999,-7.7715869,110.3776147,0.007,-7.7688458,110.3847905,0.001
1788428193.2929826,847.3060784178537,847.1914509479659,10.0,False,False,20.09905592310244,1.9989999999999999,-7.7715869,110.3776147,0.007,-7.7688458,110.3847905,0.001
1788428193.5013738,847.3060784178537,847.1914509479659,10.0,False,False,20.09905592310244,1.9989999999999999,-7.7715869,110.3776147,0.007,-7.7688458,110.3847905,0.001
1788428193.7016356,847.3060784178537,847.1914509479659,10.0,False,False,20.09905592310244,1.9989999999999999,-7.7715869,110.3776147,0.007,-7.7688458,110.3847905,0.001
1788428193.9072351,847.3060784178537,847.1914509479659,10.0,False,False,20.09905592310244,1.9989999999999999,-7.7715869,110.3776147,0.007,-7.7688458,110.3847905,0.001
1788428194.108799,847.3060784178537,847.1914509479659,10.0,False,False,20.09905592310244,1.9989999999999999,-7.7715869,110.3776147,0.007,-7.7688458,110.3847905,0.001
1788428194.3097868,847.3060784178537,847.1914509479659,10.0,False,False,20.09905592310244,1.9989999999999999,-7.7715869,110.3776147,0.007,-7.7688458,110.3847905,0.001
1788428194.5241075,847.3060784178537,847.1914509479659,10.0,False,False,20.09905592310244,1.9989999999999999,-7.7715869,110.3776147,0.007,-7.7688458,110.3847905,0.001
1788428194.7281458,847.3060784178537,847.1914509479659,10.0,False,False,20.09905592310244,1.9989999999999999,-7.7715869,110.3776147,0.007,-7.7688458,110.3847905,0.001
1788428194.9378793,847.3060784178537,847.1914509479659,10.0,False,False,20.09905592310244,1.9989999999999999,-7.7715869,110.3776147,0.007,-7.7688458,110.3847905,0.001
1788428195.1404178,847.3060784178537,847.1914509479659,10.0,False,False,20.09905592310244,1.9989999999999999,-7.7715869,110.3776147,0.007,-7.7688458,110.3847905,0.001
1788428195.340866,847.3060784178537,847.1914509479659,10.0,False,False,20.09905592310244,1.9989999999999999,-7.7715869,110.3776147,0.007,-7.7688458,110.3847905,0.001
1788428195.544924,847.3060784178537,847.1914509479659,10.0,False,False,20.09905592310244,1.9989999999999999,-7.7715869,110.3776147,0.007,-7.7688458,110.3847905,0.001
1788428195.7479851,847.3060784178537,847.1914509479659,10.0,False,False,20.09905592310244,1.9989999999999999,-7.7715869,110.3776147,0.007,-7.7688458,110.3847905,0.001
1788428195.9540057,847.3060784178537,847.1914509479659,10.0,False,False,20.09905592310244,1.9989999999999999,-7.7715869,110.3776147,0.007,-7.7688458,110.3847905,0.001
1788428196.1552138,847.3060784178537,847.1914509479659,10.0,False,False,20.09905592310244,1.9989999999999999,-7.7715869,110.3776147,0.007,-7.7688458,110.3847905,0.001
1788428196.3596914,847.3060784178537,847.1914509479659,10.0,False,False,20.09905592310244,1.9989999999999999,-7.7715869,110.3776147,0.007,-7.7688458,110.3847905,0.001
1788428196.5603955,847.3060784178537,847.1914509479659,10.0,False,False,20.09905592310244,1.9989999999999999,-7.7715869,110.3776147,0.007,-7.7688458,110.3847905,0.001
1788428196.7643287,847.3060784178537,847.1914509479659,10.0,False,False,20.09905592310244,1.9989999999999999,-7.7715869,110.3776147,0.007,-7.7688458,110.3847905,0.001
1788428196.9706004,847.3060784178537,847.1914509479659,10.0,False,False,20.09905592310244,1.9989999999999999,-7.7715869,110.3776147,0.007,-7.7688458,110.3847905,0.001
1788428197.1814523,847.3060784178537,847.1914509479659,10.0,False,False,20.09905592310244,1.9989999999999999,-7.7715869,110.3776147,0.007,-7.7688458,110.3847905,0.001
1788428197.385903,847.3060784178537,847.1914509479659,10.0,False,False,20.09905592310244,1.9989999999999999,-7.7715869,110.3776147,0.007,-7.7688458,110.3847905,0.001
1788428197.5900118,847.3060784178537,847.1914509479659,10.0,False,False,20.09905592310244,1.9989999999999999,-7.7715869,110.3776147,0.007,-7.7688458,110.3847905,0.001
1788428197.7940798,847.3060784178537,847.1914509479659,10.0,False,False,20.09905592310244,1.9989999999999999,-7.7715869,110.3776147,0.007,-7.7688458,110.3847905,0.001
1788428198.0084264,847.3060784178537,847.1914509479659,10.0,False,False,20.09905592310244,1.9989999999999999,-7.7715869,110.3776147,0.007,-7.7688458,110.3847905,0.001
1788428198.2126732,847.3060784178537,847.1914509479659,10.0,False,False,20.09905592310244,1.9989999999999999,-7.7715869,110.3776147,0.007,-7.7688458,110.3847905,0.001
1788428198.4143674,847.3060784113625,847.1914509414738,10.0,False,False,20.099155106620756,1.9989999999999999,-7.7715869,110.3776147,0.006,-7.7688458,110.3847905,0.001
1788428198.6241221,847.3060784113625,847.1914509414738,10.0,False,False,20.099155106620756,1.9989999999999999,-7.7715869,110.3776147,0.006,-7.7688458,110.3847905,0.001
1788428198.828701,847.3060784113625,847.1914509414738,10.0,False,False,20.099155106620756,1.9989999999999999,-7.7715869,110.3776147,0.006,-7.7688458,110.3847905,0.001
1788428199.041179,847.3060784113625,847.1914509414738,10.0,False,False,20.099155106620756,1.9989999999999999,-7.7715869,110.3776147,0.006,-7.7688458,110.3847905,0.001
1788428199.247474,847.3060784113625,847.1914509414738,10.0,False,False,20.099155106620756,1.9989999999999999,-7.7715869,110.3776147,0.006,-7.7688458,110.3847905,0.001
1788428199.4485936,847.3060784113625,847.1914509414738,10.0,False,False,20.099155106620756,1.9989999999999999,-7.7715869,110.3776147,0.006,-7.7688458,110.3847905,0.001
1788428199.6545537,847.3060784113625,847.1914509414738,10.0,False,False,20.099155106620756,1.9989999999999999,-7.7715869,110.3776147,0.006,-7.7688458,110.3847905,0.001
1788428199.85484,847.3060784178537,847.1914509479659,10.0,False,False,20.099155106620756,2.0,-7.7715869,110.3776147,0.006,-7.7688458,110.3847905,0
1788428200.0630708,847.3060784178537,847.1914509479659,10.0,False,False,20.099155106620756,2.0,-7.7715869,110.3776147,0.006,-7.7688458,110.3847905,0
1788428200.2742462,847.3060784178537,847.1914509479659,10.0,False,False,20.099155106620756,2.0,-7.7715869,110.3776147,0.006,-7.7688458,110.3847905,0
1788428200.478064,847.306078425525,847.1914509556384,10.0,False,False,20.09905592310244,2.0,-7.7715869,110.3776147,0.007,-7.7688458,110.3847905,0
1788428200.6922388,847.306078425525,847.1914509556384,10.0,False,False,20.09905592310244,2.0,-7.7715869,110.3776147,0.007,-7.7688458,110.3847905,0
1788428200.8964567,847.306078425525,847.1914509556384,10.0,False,False,20.09905592310244,2.0,-7.7715869,110.3776147,0.007,-7.7688458,110.3847905,0
1788428201.096944,847.306078425525,847.1914509556384,10.0,False,False,20.09905592310244,2.0,-7.7715869,110.3776147,0.007,-7.7688458,110.3847905,0
1788428201.2991083,847.306078425525,847.1914509556384,10.0,False,False,20.09905592310244,2.0,-7.7715869,110.3776147,0.007,-7.7688458,110.3847905,0
1788428201.5045924,847.306078425525,847.1914509556384,10.0,False,False,20.09905592310244,2.0,-7.7715869,110.3776147,0.007,-7.7688458,110.3847905,0
1788428201.7056494,847.306078425525,847.1914509556384,10.0,False,False,20.09905592310244,2.0,-7.7715869,110.3776147,0.007,-7.7688458,110.3847905,0
1788428201.920394,847.306078425525,847.1914509556384,10.0,False,False,20.09905592310244,2.0,-7.7715869,110.3776147,0.007,-7.7688458,110.3847905,0
1788428202.1215618,847.306078425525,847.1914509556384,10.0,False,False,20.09905592310244,2.0,-7.7715869,110.3776147,0.007,-7.7688458,110.3847905,0
1788428202.3300521,847.306078425525,847.1914509556384,10.0,False,False,20.09905592310244,2.0,-7.7715869,110.3776147,0.007,-7.7688458,110.3847905,0
1788428202.534259,847.306078425525,847.1914509556384,10.0,False,False,20.09905592310244,2.0,-7.7715869,110.3776147,0.007,-7.7688458,110.3847905,0
1788428202.7393687,847.306078425525,847.1914509556384,10.0,False,False,20.09905592310244,2.0,-7.7715869,110.3776147,0.007,-7.7688458,110.3847905,0
1788428202.9492278,847.306078425525,847.1914509556384,10.0,False,False,20.09905592310244,2.0,-7.7715869,110.3776147,0.007,-7.7688458,110.3847905,0
1788428203.1604984,847.3060784178537,847.1914509479659,10.0,False,False,20.099155106620756,2.0,-7.7715869,110.3776147,0.006,-7.7688458,110.3847905,0
1788428203.3691719,847.3060784178537,847.1914509479659,10.0,False,False,20.099155106620756,2.0,-7.7715869,110.3776147,0.006,-7.7688458,110.3847905,0
1788428203.5728824,847.3060784178537,847.1914509479659,10.0,False,False,20.099155106620756,2.0,-7.7715869,110.3776147,0.006,-7.7688458,110.3847905,0
1788428203.7804778,847.3060784113625,847.1914509414738,10.0,False,False,20.099155106620756,1.9989999999999999,-7.7715869,110.3776147,0.006,-7.7688458,110.3847905,0.001
1788428203.9834523,847.3060784113625,847.1914509414738,10.0,False,False,20.099155106620756,1.9989999999999999,-7.7715869,110.3776147,0.006,-7.7688458,110.3847905,0.001
1788428204.188359,847.3060784113625,847.1914509414738,10.0,False,False,20.099155106620756,1.9989999999999999,-7.7715869,110.3776147,0.006,-7.7688458,110.3847905,0.001
1788428204.393816,847.3060784113625,847.1914509414738,10.0,False,False,20.099155106620756,1.9989999999999999,-7.7715869,110.3776147,0.006,-7.7688458,110.3847905,0.001
1788428204.5946684,847.3060784113625,847.1914509414738,10.0,False,False,20.099155106620756,1.9989999999999999,-7.7715869,110.3776147,0.006,-7.7688458,110.3847905,0.001
1788428204.798144,847.3060784113625,847.1914509414738,10.0,False,False,20.099155106620756,1.9989999999999999,-7.7715869,110.3776147,0.006,-7.7688458,110.3847905,0.001
1788428205.0078423,847.3060784113625,847.1914509414738,10.0,False,False,20.099155106620756,1.9989999999999999,-7.7715869,110.3776147,0.006,-7.7688458,110.3847905,0.001
1788428205.2087348,847.3060784113625,847.1914509414738,10.0,False,False,20.099155106620756,1.9989999999999999,-7.7715869,110.3776147,0.006,-7.7688458,110.3847905,0.001
1788428205.4175694,847.3060784113625,847.1914509414738,10.0,False,False,20.099155106620756,1.9989999999999999,-7.7715869,110.3776147,0.006,-7.7688458,110.3847905,0.001
1788428205.620117,847.3060784178537,847.1914509479659,10.0,False,False,20.09905592310244,1.9989999999999999,-7.7715869,110.3776147,0.007,-7.7688458,110.3847905,0.001
1788428205.83221,847.3060784178537,847.1914509479659,10.0,False,False,20.09905592310244,1.9989999999999999,-7.7715869,110.3776147,0.007,-7.7688458,110.3847905,0.001
1788428206.0469499,847.3060784178537,847.1914509479659,10.0,False,False,20.09905592310244,1.9989999999999999,-7.7715869,110.3776147,0.007,-7.7688458,110.3847905,0.001
1788428206.2503567,847.3060784178537,847.1914509479659,10.0,False,False,20.09905592310244,1.9989999999999999,-7.7715869,110.3776147,0.007,-7.7688458,110.3847905,0.001
1788428206.4506993,847.3060784178537,847.1914509479659,10.0,False,False,20.09905592310244,1.9989999999999999,-7.7715869,110.3776147,0.007,-7.7688458,110.3847905,0.001
1788428206.6599782,847.3060784178537,847.1914509479659,10.0,False,False,20.09905592310244,1.9989999999999999,-7.7715869,110.3776147,0.007,-7.7688458,110.3847905,0.001
1788428206.864257,847.3060784178537,847.1914509479659,10.0,False,False,20.09905592310244,1.9989999999999999,-7.7715869,110.3776147,0.007,-7.7688458,110.3847905,0.001
1788428207.0703504,847.3060784178537,847.1914509479659,10.0,False,False,20.09905592310244,1.9989999999999999,-7.7715869,110.3776147,0.007,-7.7688458,110.3847905,0.001
1788428207.27547,847.3060784178537,847.1914509479659,10.0,False,False,20.09905592310244,1.9989999999999999,-7.7715869,110.3776147,0.007,-7.7688458,110.3847905,0.001
1788428207.4768407,847.3060784178537,847.1914509479659,10.0,False,False,20.09905592310244,1.9989999999999999,-7.7715869,110.3776147,0.007,-7.7688458,110.3847905,0.001
1788428207.685462,847.3060784178537,847.1914509479659,10.0,False,False,20.09905592310244,1.9989999999999999,-7.7715869,110.3776147,0.007,-7.7688458,110.3847905,0.001
1788428207.8888805,847.3060784178537,847.1914509479659,10.0,False,False,20.09905592310244,1.9989999999999999,-7.7715869,110.3776147,0.007,-7.7688458,110.3847905,0.001
1788428208.0917773,847.3060784178537,847.1914509479659,10.0,False,False,20.09905592310244,1.9989999999999999,-7.7715869,110.3776147,0.007,-7.7688458,110.3847905,0.001
1788428208.2975245,847.3060784178537,847.1914509479659,10.0,False,False,20.09905592310244,1.9989999999999999,-7.7715869,110.3776147,0.007,-7.7688458,110.3847905,0.001
1788428208.504034,847.3060784178537,847.1914509479659,10.0,False,False,20.09905592310244,1.9989999999999999,-7.7715869,110.3776147,0.007,-7.7688458,110.3847905,0.001
1788428208.7041166,847.3060784178537,847.1914509479659,10.0,False,False,20.09905592310244,1.9989999999999999,-7.7715869,110.3776147,0.007,-7.7688458,110.3847905,0.001
1788428208.9094012,847.3060784178537,847.1914509479659,10.0,False,False,20.09905592310244,1.9989999999999999,-7.7715869,110.3776147,0.007,-7.7688458,110.3847905,0.001
1788428209.1167355,847.3060784178537,847.1914509479659,10.0,False,False,20.09905592310244,1.9989999999999999,-7.7715869,110.3776147,0.007,-7.7688458,110.3847905,0.001
1788428209.3255522,847.3060784178537,847.1914509479659,10.0,False,False,20.09905592310244,1.9989999999999999,-7.7715869,110.3776147,0.007,-7.7688458,110.3847905,0.001
1788428209.5361123,847.3060784178537,847.1914509479659,10.0,False,False,20.09905592310244,1.9989999999999999,-7.7715869,110.3776147,0.007,-7.7688458,110.3847905,0.001
1788428209.7379932,847.3060784178537,847.1914509479659,10.0,False,False,20.09905592310244,1.9989999999999999,-7.7715869,110.3776147,0.007,-7.7688458,110.3847905,0.001
1788428209.9383755,847.3060784178537,847.1914509479659,10.0,False,False,20.09905592310244,1.9989999999999999,-7.7715869,110.3776147,0.007,-7.7688458,110.3847905,0.001
1788428210.1428926,847.3060784178537,847.1914509479659,10.0,False,False,20.09905592310244,1.9989999999999999,-7.7715869,110.3776147,0.007,-7.7688458,110.3847905,0.001
1788428210.3431726,847.3060784178537,847.1914509479659,10.0,False,False,20.09905592310244,1.9989999999999999,-7.7715869,110.3776147,0.007,-7.7688458,110.3847905,0.001
1788428210.5438888,847.3060784178537,847.1914509479659,10.0,False,False,20.09905592310244,1.9989999999999999,-7.7715869,110.3776147,0.007,-7.7688458,110.3847905,0.001
1788428210.7554,847.3060784178537,847.1914509479659,10.0,False,False,20.09905592310244,1.9989999999999999,-7.7715869,110.3776147,0.007,-7.7688458,110.3847905,0.001
1788428210.9578424,847.3060784178537,847.1914509479659,10.0,False,False,20.09905592310244,1.9989999999999999,-7.7715869,110.3776147,0.007,-7.7688458,110.3847905,0.001
1788428211.1629748,847.3060784178537,847.1914509479659,10.0,False,False,20.09905592310244,1.9989999999999999,-7.7715869,110.3776147,0.007,-7.7688458,110.3847905,0.001
1788428211.3697798,847.3060784178537,847.1914509479659,10.0,False,False,20.09905592310244,1.9989999999999999,-7.7715869,110.3776147,0.007,-7.7688458,110.3847905,0.001
1788428211.5742638,847.3060784178537,847.1914509479659,10.0,False,False,20.09905592310244,1.9989999999999999,-7.7715869,110.3776147,0.007,-7.7688458,110.3847905,0.001
1788428211.778714,847.3060784178537,847.1914509479659,10.0,False,False,20.09905592310244,1.9989999999999999,-7.7715869,110.3776147,0.007,-7.7688458,110.3847905,0.001
1788428211.9873815,847.3060784178537,847.1914509479659,10.0,False,False,20.09905592310244,1.9989999999999999,-7.7715869,110.3776147,0.007,-7.7688458,110.3847905,0.001
1788428212.1930466,847.3060784178537,847.1914509479659,10.0,False,False,20.09905592310244,1.9989999999999999,-7.7715869,110.3776147,0.007,-7.7688458,110.3847905,0.001
1788428212.393788,847.3060784178537,847.1914509479659,10.0,False,False,20.09905592310244,1.9989999999999999,-7.7715869,110.3776147,0.007,-7.7688458,110.3847905,0.001
1788428212.5972784,847.3060784178537,847.1914509479659,10.0,False,False,20.09905592310244,1.9989999999999999,-7.7715869,110.3776147,0.007,-7.7688458,110.3847905,0.001
1788428212.804783,847.3060784178537,847.1914509479659,10.0,False,False,20.09905592310244,1.9989999999999999,-7.7715869,110.3776147,0.007,-7.7688458,110.3847905,0.001
1788428213.01064,847.3060784178537,847.1914509479659,10.0,False,False,20.09905592310244,1.9989999999999999,-7.7715869,110.3776147,0.007,-7.7688458,110.3847905,0.001
1788428213.2159703,847.3060784178537,847.1914509479659,10.0,False,False,20.09905592310244,1.9989999999999999,-7.7715869,110.3776147,0.007,-7.7688458,110.3847905,0.001
1788428213.4298759,847.3060784178537,847.1914509479659,10.0,False,False,20.09905592310244,1.9989999999999999,-7.7715869,110.3776147,0.007,-7.7688458,110.3847905,0.001
1788428213.6337876,847.3060784178537,847.1914509479659,10.0,False,False,20.09905592310244,1.9989999999999999,-7.7715869,110.3776147,0.007,-7.7688458,110.3847905,0.001
1788428213.8462236,847.3060784178537,847.1914509479659,10.0,False,False,20.09905592310244,1.9989999999999999,-7.7715869,110.3776147,0.007,-7.7688458,110.3847905,0.001
1788428214.0599568,847.3060784178537,847.1914509479659,10.0,False,False,20.09905592310244,1.9989999999999999,-7.7715869,110.3776147,0.007,-7.7688458,110.3847905,0.001
1788428214.2639382,847.3060784178537,847.1914509479659,10.0,False,False,20.09905592310244,1.9989999999999999,-7.7715869,110.3776147,0.007,-7.7688458,110.3847905,0.001
1788428214.4643435,847.3060784178537,847.1914509479659,10.0,False,False,20.09905592310244,1.9989999999999999,-7.7715869,110.3776147,0.007,-7.7688458,110.3847905,0.001
1788428214.6684985,847.3060784178537,847.1914509479659,10.0,False,False,20.09905592310244,1.9989999999999999,-7.7715869,110.3776147,0.007,-7.7688458,110.3847905,0.001
1788428214.871941,847.3060784178537,847.1914509479659,10.0,False,False,20.09905592310244,1.9989999999999999,-7.7715869,110.3776147,0.007,-7.7688458,110.3847905,0.001
1788428215.0838099,847.3060784178537,847.1914509479659,10.0,False,False,20.09905592310244,1.9989999999999999,-7.7715869,110.3776147,0.007,-7.7688458,110.3847905,0.001
1788428215.287345,847.306078425525,847.1914509556384,10.0,False,False,20.09905592310244,2.0,-7.7715869,110.3776147,0.007,-7.7688458,110.3847905,0
1788428215.5012872,847.306078425525,847.1914509556384,10.0,False,False,20.09905592310244,2.0,-7.7715869,110.3776147,0.007,-7.7688458,110.3847905,0
1788428215.7061305,847.306078425525,847.1914509556384,10.0,False,False,20.09905592310244,2.0,-7.7715869,110.3776147,0.007,-7.7688458,110.3847905,0
1788428215.91587,847.306078425525,847.1914509556384,10.0,False,False,20.09905592310244,2.0,-7.7715869,110.3776147,0.007,-7.7688458,110.3847905,0
1788428216.123717,847.306078425525,847.1914509556384,10.0,False,False,20.09905592310244,2.0,-7.7715869,110.3776147,0.007,-7.7688458,110.3847905,0
1788428216.332172,847.306078425525,847.1914509556384,10.0,False,False,20.09905592310244,2.0,-7.7715869,110.3776147,0.007,-7.7688458,110.3847905,0
1788428216.549213,847.306078425525,847.1914509556384,10.0,False,False,20.09905592310244,2.0,-7.7715869,110.3776147,0.007,-7.7688458,110.3847905,0
1788428216.753267,847.306078425525,847.1914509556384,10.0,False,False,20.09905592310244,2.0,-7.7715869,110.3776147,0.007,-7.7688458,110.3847905,0
1788428216.9541523,847.306078425525,847.1914509556384,10.0,False,False,20.09905592310244,2.0,-7.7715869,110.3776147,0.007,-7.7688458,110.3847905,0
1788428217.154137,847.306078425525,847.1914509556384,10.0,False,False,20.09905592310244,2.0,-7.7715869,110.3776147,0.007,-7.7688458,110.3847905,0
1788428217.3546493,847.306078425525,847.1914509556384,10.0,False,False,20.09905592310244,2.0,-7.7715869,110.3776147,0.007,-7.7688458,110.3847905,0
1788428217.5579538,847.306078425525,847.1914509556384,10.0,False,False,20.09905592310244,2.0,-7.7715869,110.3776147,0.007,-7.7688458,110.3847905,0
1788428217.7700007,847.306078425525,847.1914509556384,10.0,False,False,20.09905592310244,2.0,-7.7715869,110.3776147,0.007,-7.7688458,110.3847905,0
1788428217.9733465,847.306078425525,847.1914509556384,10.0,False,False,20.09905592310244,2.0,-7.7715869,110.3776147,0.007,-7.7688458,110.3847905,0
1788428218.1783366,847.306078425525,847.1914509556384,10.0,False,False,20.09905592310244,2.0,-7.7715869,110.3776147,0.007,-7.7688458,110.3847905,0
1788428218.3857746,847.306078425525,847.1914509556384,10.0,False,False,20.09905592310244,2.0,-7.7715869,110.3776147,0.007,-7.7688458,110.3847905,0
1788428218.5910168,847.306078425525,847.1914509556384,10.0,False,False,20.09905592310244,2.0,-7.7715869,110.3776147,0.007,-7.7688458,110.3847905,0
1788428218.8010921,847.306078425525,847.1914509556384,10.0,False,False,20.09905592310244,2.0,-7.7715869,110.3776147,0.007,-7.7688458,110.3847905,0
1788428219.0031772,847.306078425525,847.1914509556384,10.0,False,False,20.09905592310244,2.0,-7.7715869,110.3776147,0.007,-7.7688458,110.3847905,0
1788428219.2099795,847.306078425525,847.1914509556384,10.0,False,False,20.09905592310244,2.0,-7.7715869,110.3776147,0.007,-7.7688458,110.3847905,0
1788428219.417794,847.306078425525,847.1914509556384,10.0,False,False,20.09905592310244,2.0,-7.7715869,110.3776147,0.007,-7.7688458,110.3847905,0
1788428219.6226664,847.306078425525,847.1914509556384,10.0,False,False,20.09905592310244,2.0,-7.7715869,110.3776147,0.007,-7.7688458,110.3847905,0
1788428219.8303068,847.306078425525,847.1914509556384,10.0,False,False,20.09905592310244,2.0,-7.7715869,110.3776147,0.007,-7.7688458,110.3847905,0
1788428220.035395,847.306078425525,847.1914509556384,10.0,False,False,20.09905592310244,2.0,-7.7715869,110.3776147,0.007,-7.7688458,110.3847905,0
1788428220.243129,847.306078425525,847.1914509556384,10.0,False,False,20.09905592310244,2.0,-7.7715869,110.3776147,0.007,-7.7688458,110.3847905,0
1788428220.4573433,847.306078425525,847.1914509556384,10.0,False,False,20.09905592310244,2.0,-7.7715869,110.3776147,0.007,-7.7688458,110.3847905,0
1788428220.6643603,847.306078425525,847.1914509556384,10.0,False,False,20.09905592310244,2.0,-7.7715869,110.3776147,0.007,-7.7688458,110.3847905,0
1788428220.8748515,847.306078425525,847.1914509556384,10.0,False,False,20.09905592310244,2.0,-7.7715869,110.3776147,0.007,-7.7688458,110.3847905,0
1788428221.0764036,847.306078425525,847.1914509556384,10.0,False,False,20.09905592310244,2.0,-7.7715869,110.3776147,0.007,-7.7688458,110.3847905,0
1788428221.2817192,847.306078425525,847.1914509556384,10.0,False,False,20.09905592310244,2.0,-7.7715869,110.3776147,0.007,-7.7688458,110.3847905,0
1788428221.4934182,847.306078425525,847.1914509556384,10.0,False,False,20.09905592310244,2.0,-7.7715869,110.3776147,0.007,-7.7688458,110.3847905,0
1788428221.7052903,847.306078425525,847.1914509556384,10.0,False,False,20.09905592310244,2.0,-7.7715869,110.3776147,0.007,-7.7688458,110.3847905,0
1788428221.9103365,847.3060784178537,847.1914509479659,10.0,False,False,20.09905592310244,1.9989999999999999,-7.7715869,110.3776147,0.007,-7.7688458,110.3847905,0.001
1788428222.1113865,847.3060784178537,847.1914509479659,10.0,False,False,20.09905592310244,1.9989999999999999,-7.7715869,110.3776147,0.007,-7.7688458,110.3847905,0.001
1788428222.322352,847.3060784178537,847.1914509479659,10.0,False,False,20.09905592310244,1.9989999999999999,-7.7715869,110.3776147,0.007,-7.7688458,110.3847905,0.001
1788428222.5316103,847.3060784178537,847.1914509479659,10.0,False,False,20.09905592310244,1.9989999999999999,-7.7715869,110.3776147,0.007,-7.7688458,110.3847905,0.001
1788428222.7321837,847.3060784178537,847.1914509479659,10.0,False,False,20.09905592310244,1.9989999999999999,-7.7715869,110.3776147,0.007,-7.7688458,110.3847905,0.001
1788428222.933566,847.3060784178537,847.1914509479659,10.0,False,False,20.09905592310244,1.9989999999999999,-7.7715869,110.3776147,0.007,-7.7688458,110.3847905,0.001
1788428223.1388595,847.3060784178537,847.1914509479659,10.0,False,False,20.09905592310244,1.9989999999999999,-7.7715869,110.3776147,0.007,-7.7688458,110.3847905,0.001
1788428223.3399842,847.3060784178537,847.1914509479659,10.0,False,False,20.09905592310244,1.9989999999999999,-7.7715869,110.3776147,0.007,-7.7688458,110.3847905,0.001
1788428223.5428853,847.3060784178537,847.1914509479659,10.0,False,False,20.09905592310244,1.9989999999999999,-7.7715869,110.3776147,0.007,-7.7688458,110.3847905,0.001
1788428223.7453673,847.3060784178537,847.1914509479659,10.0,False,False,20.09905592310244,1.9989999999999999,-7.7715869,110.3776147,0.007,-7.7688458,110.3847905,0.001
1788428223.957073,847.3060784178537,847.1914509479659,10.0,False,False,20.09905592310244,1.9989999999999999,-7.7715869,110.3776147,0.007,-7.7688458,110.3847905,0.001
1788428224.1683898,847.3060784178537,847.1914509479659,10.0,False,False,20.09905592310244,1.9989999999999999,-7.7715869,110.3776147,0.007,-7.7688458,110.3847905,0.001
1788428224.3778694,847.3060784178537,847.1914509479659,10.0,False,False,20.09905592310244,1.9989999999999999,-7.7715869,110.3776147,0.007,-7.7688458,110.3847905,0.001
1788428224.5860994,847.3060784178537,847.1914509479659,10.0,False,False,20.09905592310244,1.9989999999999999,-7.7715869,110.3776147,0.007,-7.7688458,110.3847905,0.001
1788428224.8013568,847.3060784178537,847.1914509479659,10.0,False,False,20.09905592310244,1.9989999999999999,-7.7715869,110.3776147,0.007,-7.7688458,110.3847905,0.001
1788428225.0055814,847.3060784178537,847.1914509479659,10.0,False,False,20.09905592310244,1.9989999999999999,-7.7715869,110.3776147,0.007,-7.7688458,110.3847905,0.001
1788428225.2058682,847.3060784178537,847.1914509479659,10.0,False,False,20.09905592310244,1.9989999999999999,-7.7715869,110.3776147,0.007,-7.7688458,110.3847905,0.001
1788428225.4096944,847.3060784178537,847.1914509479659,10.0,False,False,20.09905592310244,1.9989999999999999,-7.7715869,110.3776147,0.007,-7.7688458,110.3847905,0.001
1788428225.6101055,847.3060784178537,847.1914509479659,10.0,False,False,20.09905592310244,1.9989999999999999,-7.7715869,110.3776147,0.007,-7.7688458,110.3847905,0.001
1788428225.818231,847.3060784178537,847.1914509479659,10.0,False,False,20.09905592310244,1.9989999999999999,-7.7715869,110.3776147,0.007,-7.7688458,110.3847905,0.001
1788428226.0226169,847.3060784178537,847.1914509479659,10.0,False,False,20.09905592310244,1.9989999999999999,-7.7715869,110.3776147,0.007,-7.7688458,110.3847905,0.001
1788428226.2285678,847.3060784178537,847.1914509479659,10.0,False,False,20.09905592310244,1.9989999999999999,-7.7715869,110.3776147,0.007,-7.7688458,110.3847905,0.001
1788428226.4357865,847.3060784178537,847.1914509479659,10.0,False,False,20.09905592310244,1.9989999999999999,-7.7715869,110.3776147,0.007,-7.7688458,110.3847905,0.001
1788428226.640462,847.3060784178537,847.1914509479659,10.0,False,False,20.09905592310244,1.9989999999999999,-7.7715869,110.3776147,0.007,-7.7688458,110.3847905,0.001
1788428226.8408108,847.3060784178537,847.1914509479659,10.0,False,False,20.09905592310244,1.9989999999999999,-7.7715869,110.3776147,0.007,-7.7688458,110.3847905,0.001
1788428227.0425713,847.3060784178537,847.1914509479659,10.0,False,False,20.09905592310244,1.9989999999999999,-7.7715869,110.3776147,0.007,-7.7688458,110.3847905,0.001
1788428227.2527256,847.3060784178537,847.1914509479659,10.0,False,False,20.09905592310244,1.9989999999999999,-7.7715869,110.3776147,0.007,-7.7688458,110.3847905,0.001
1788428227.4586177,847.3060784178537,847.1914509479659,10.0,False,False,20.09905592310244,1.9989999999999999,-7.7715869,110.3776147,0.007,-7.7688458,110.3847905,0.001
1788428227.664917,847.3060784178537,847.1914509479659,10.0,False,False,20.09905592310244,1.9989999999999999,-7.7715869,110.3776147,0.007,-7.7688458,110.3847905,0.001
1788428227.8689713,847.3060784178537,847.1914509479659,10.0,False,False,20.09905592310244,1.9989999999999999,-7.7715869,110.3776147,0.007,-7.7688458,110.3847905,0.001
1788428228.0737052,847.3060784178537,847.1914509479659,10.0,False,False,20.09905592310244,1.9989999999999999,-7.7715869,110.3776147,0.007,-7.7688458,110.3847905,0.001
1788428228.2795715,847.3060784178537,847.1914509479659,10.0,False,False,20.09905592310244,1.9989999999999999,-7.7715869,110.3776147,0.007,-7.7688458,110.3847905,0.001
1788428228.483823,847.3060784178537,847.1914509479659,10.0,False,False,20.09905592310244,1.9989999999999999,-7.7715869,110.3776147,0.007,-7.7688458,110.3847905,0.001
1788428228.6942754,847.3060784178537,847.1914509479659,10.0,False,False,20.09905592310244,1.9989999999999999,-7.7715869,110.3776147,0.007,-7.7688458,110.3847905,0.001
1788428228.907926,847.3060784178537,847.1914509479659,10.0,False,False,20.09905592310244,1.9989999999999999,-7.7715869,110.3776147,0.007,-7.7688458,110.3847905,0.001
1788428229.1084037,847.3060784178537,847.1914509479659,10.0,False,False,20.09905592310244,1.9989999999999999,-7.7715869,110.3776147,0.007,-7.7688458,110.3847905,0.001
1788428229.3109453,847.3060784178537,847.1914509479659,10.0,False,False,20.09905592310244,1.9989999999999999,-7.7715869,110.3776147,0.007,-7.7688458,110.3847905,0.001
1788428229.5164356,847.3060784178537,847.1914509479659,10.0,False,False,20.09905592310244,1.9989999999999999,-7.7715869,110.3776147,0.007,-7.7688458,110.3847905,0.001
1788428229.7171128,847.3060784178537,847.1914509479659,10.0,False,False,20.09905592310244,1.9989999999999999,-7.7715869,110.3776147,0.007,-7.7688458,110.3847905,0.001
1788428229.9284449,847.3060784178537,847.1914509479659,10.0,False,False,20.09905592310244,1.9989999999999999,-7.7715869,110.3776147,0.007,-7.7688458,110.3847905,0.001
1788428230.1341078,847.3060784178537,847.1914509479659,10.0,False,False,20.09905592310244,1.9989999999999999,-7.7715869,110.3776147,0.007,-7.7688458,110.3847905,0.001
1788428230.349645,847.3060784178537,847.1914509479659,10.0,False,False,20.09905592310244,1.9989999999999999,-7.7715869,110.3776147,0.007,-7.7688458,110.3847905,0.001
1788428230.554194,847.3060784178537,847.1914509479659,10.0,False,False,20.09905592310244,1.9989999999999999,-7.7715869,110.3776147,0.007,-7.7688458,110.3847905,0.001
1788428230.7585478,847.3060784178537,847.1914509479659,10.0,False,False,20.09905592310244,1.9989999999999999,-7.7715869,110.3776147,0.007,-7.7688458,110.3847905,0.001
1788428230.9589148,847.3060784178537,847.1914509479659,10.0,False,False,20.09905592310244,1.9989999999999999,-7.7715869,110.3776147,0.007,-7.7688458,110.3847905,0.001
1788428231.1661851,847.3060784178537,847.1914509479659,10.0,False,False,20.09905592310244,1.9989999999999999,-7.7715869,110.3776147,0.007,-7.7688458,110.3847905,0.001
1788428231.380724,847.3060784178537,847.1914509479659,10.0,False,False,20.09905592310244,1.9989999999999999,-7.7715869,110.3776147,0.007,-7.7688458,110.3847905,0.001
1788428231.5847583,847.3060784178537,847.1914509479659,10.0,False,False,20.09905592310244,1.9989999999999999,-7.7715869,110.3776147,0.007,-7.7688458,110.3847905,0.001
1788428231.7900321,847.3060784178537,847.1914509479659,10.0,False,False,20.09905592310244,1.9989999999999999,-7.7715869,110.3776147,0.007,-7.7688458,110.3847905,0.001
1788428232.0029426,847.3060784178537,847.1914509479659,10.0,False,False,20.09905592310244,1.9989999999999999,-7.7715869,110.3776147,0.007,-7.7688458,110.3847905,0.001
1788428232.2068303,847.3060784178537,847.1914509479659,10.0,False,False,20.09905592310244,1.9989999999999999,-7.7715869,110.3776147,0.007,-7.7688458,110.3847905,0.001
1788428232.4133337,847.3060784178537,847.1914509479659,10.0,False,False,20.09905592310244,1.9989999999999999,-7.7715869,110.3776147,0.007,-7.7688458,110.3847905,0.001
1788428232.6138444,847.3060784178537,847.1914509479659,10.0,False,False,20.09905592310244,1.9989999999999999,-7.7715869,110.3776147,0.007,-7.7688458,110.3847905,0.001
1788428232.8171527,847.3060784178537,847.1914509479659,10.0,False,False,20.09905592310244,1.9989999999999999,-7.7715869,110.3776147,0.007,-7.7688458,110.3847905,0.001
1788428233.0266993,847.3060784178537,847.1914509479659,10.0,False,False,20.09905592310244,1.9989999999999999,-7.7715869,110.3776147,0.007,-7.7688458,110.3847905,0.001
1788428233.2311282,847.3060784178537,847.1914509479659,10.0,False,False,20.09905592310244,1.9989999999999999,-7.7715869,110.3776147,0.007,-7.7688458,110.3847905,0.001
1788428233.4425821,847.3060784178537,847.1914509479659,10.0,False,False,20.09905592310244,1.9989999999999999,-7.7715869,110.3776147,0.007,-7.7688458,110.3847905,0.001
1788428233.6494405,847.3060784178537,847.1914509479659,10.0,False,False,20.09905592310244,1.9989999999999999,-7.7715869,110.3776147,0.007,-7.7688458,110.3847905,0.001
1788428233.8501387,847.3060784178537,847.1914509479659,10.0,False,False,20.09905592310244,1.9989999999999999,-7.7715869,110.3776147,0.007,-7.7688458,110.3847905,0.001
1788428234.0504284,847.3060784178537,847.1914509479659,10.0,False,False,20.09905592310244,1.9989999999999999,-7.7715869,110.3776147,0.007,-7.7688458,110.3847905,0.001
1788428234.2537081,847.3060784178537,847.1914509479659,10.0,False,False,20.09905592310244,1.9989999999999999,-7.7715869,110.3776147,0.007,-7.7688458,110.3847905,0.001
1788428234.454489,847.3060784178537,847.1914509479659,10.0,False,False,20.09905592310244,1.9989999999999999,-7.7715869,110.3776147,0.007,-7.7688458,110.3847905,0.001
1788428234.6557975,847.3060784178537,847.1914509479659,10.0,False,False,20.09905592310244,1.9989999999999999,-7.7715869,110.3776147,0.007,-7.7688458,110.3847905,0.001
1788428234.8560894,847.3060784178537,847.1914509479659,10.0,False,False,20.09905592310244,1.9989999999999999,-7.7715869,110.3776147,0.007,-7.7688458,110.3847905,0.001
1788428235.0608566,847.3060784178537,847.1914509479659,10.0,False,False,20.09905592310244,1.9989999999999999,-7.7715869,110.3776147,0.007,-7.7688458,110.3847905,0.001
1788428235.2750068,847.3060784178537,847.1914509479659,10.0,False,False,20.09905592310244,1.9989999999999999,-7.7715869,110.3776147,0.007,-7.7688458,110.3847905,0.001
1788428235.47687,847.3060784178537,847.1914509479659,10.0,False,False,20.09905592310244,1.9989999999999999,-7.7715869,110.3776147,0.007,-7.7688458,110.3847905,0.001
1788428235.686777,847.3060784178537,847.1914509479659,10.0,False,False,20.09905592310244,1.9989999999999999,-7.7715869,110.3776147,0.007,-7.7688458,110.3847905,0.001
1788428235.8907182,847.3060784178537,847.1914509479659,10.0,False,False,20.09905592310244,1.9989999999999999,-7.7715869,110.3776147,0.007,-7.7688458,110.3847905,0.001
1788428236.0912611,847.3060784178537,847.1914509479659,10.0,False,False,20.09905592310244,1.9989999999999999,-7.7715869,110.3776147,0.007,-7.7688458,110.3847905,0.001
1788428236.3025792,847.3060784178537,847.1914509479659,10.0,False,False,20.09905592310244,1.9989999999999999,-7.7715869,110.3776147,0.007,-7.7688458,110.3847905,0.001
1788428236.5143387,847.3060784178537,847.1914509479659,10.0,False,False,20.09905592310244,1.9989999999999999,-7.7715869,110.3776147,0.007,-7.7688458,110.3847905,0.001
1788428236.714781,847.3060784178537,847.1914509479659,10.0,False,False,20.09905592310244,1.9989999999999999,-7.7715869,110.3776147,0.007,-7.7688458,110.3847905,0.001
1788428236.9220672,847.3060784178537,847.1914509479659,10.0,False,False,20.09905592310244,1.9989999999999999,-7.7715869,110.3776147,0.007,-7.7688458,110.3847905,0.001
1788428237.1225471,847.3060784178537,847.1914509479659,10.0,False,False,20.09905592310244,1.9989999999999999,-7.7715869,110.3776147,0.007,-7.7688458,110.3847905,0.001
1788428237.3333106,847.3060784178537,847.1914509479659,10.0,False,False,20.09905592310244,1.9989999999999999,-7.7715869,110.3776147,0.007,-7.7688458,110.3847905,0.001
1788428237.545692,847.3060784178537,847.1914509479659,10.0,False,False,20.09905592310244,1.9989999999999999,-7.7715869,110.3776147,0.007,-7.7688458,110.3847905,0.001
1788428237.7550378,847.3060784178537,847.2847466019118,10.0,False,False,20.09905592310244,1.9989999999999999,-7.7715869,110.3776147,0.007,-7.7688458,110.3847905,0.001
1788428237.9573514,847.3060784178537,847.2847466019118,10.0,False,False,20.09905592310244,1.9989999999999999,-7.7715869,110.3776147,0.007,-7.7688458,110.3847905,0.001
1788428238.164705,847.3060784178537,847.2847466019118,10.0,False,False,20.09905592310244,1.9989999999999999,-7.7715869,110.3776147,0.007,-7.7688458,110.3847905,0.001
1788428238.3651855,847.3060784178537,847.2847466019118,10.0,False,False,20.09905592310244,1.9989999999999999,-7.7715869,110.3776147,0.007,-7.7688458,110.3847905,0.001
1788428238.5805168,847.3060784178537,847.2847466019118,10.0,False,False,20.09905592310244,1.9989999999999999,-7.7715869,110.3776147,0.007,-7.7688458,110.3847905,0.001
1788428238.7904668,847.3060784178537,847.2487548185485,10.0,False,False,20.09905592310244,1.9989999999999999,-7.7715869,110.3776147,0.007,-7.7688458,110.3847905,0.001
1788428239.0056598,847.3060784178537,847.2487548185485,10.0,False,False,20.09905592310244,1.9989999999999999,-7.7715869,110.3776147,0.007,-7.7688458,110.3847905,0.001
1788428239.2096543,847.3060784178537,847.2487548185485,10.0,False,False,20.09905592310244,1.9989999999999999,-7.7715869,110.3776147,0.007,-7.7688458,110.3847905,0.001
1788428239.4200625,847.3060784178537,847.2487548185485,10.0,False,False,20.09905592310244,1.9989999999999999,-7.7715869,110.3776147,0.007,-7.7688458,110.3847905,0.001
1788428239.6343195,847.3060784178537,847.2487548185485,10.0,False,False,20.09905592310244,1.9989999999999999,-7.7715869,110.3776147,0.007,-7.7688458,110.3847905,0.001
1788428239.8412457,847.3060784178537,847.2487548185485,10.0,False,False,20.09905592310244,1.9989999999999999,-7.7715869,110.3776147,0.007,-7.7688458,110.3847905,0.001
1788428240.0478013,847.3060784178537,847.2487548185485,10.0,False,False,20.09905592310244,1.9989999999999999,-7.7715869,110.3776147,0.007,-7.7688458,110.3847905,0.001
1788428240.2521334,847.3060784178537,847.2487548185485,10.0,False,False,20.09905592310244,1.9989999999999999,-7.7715869,110.3776147,0.007,-7.7688458,110.3847905,0.001
1788428240.4564493,847.3060784178537,847.2487548185485,10.0,False,False,20.09905592310244,1.9989999999999999,-7.7715869,110.3776147,0.007,-7.7688458,110.3847905,0.001
1788428240.6636581,847.3060784178537,847.2487548185485,10.0,False,False,20.09905592310244,1.9989999999999999,-7.7715869,110.3776147,0.007,-7.7688458,110.3847905,0.001
1788428240.8640604,847.3060784178537,847.2487548185485,10.0,False,False,20.09905592310244,1.9989999999999999,-7.7715869,110.3776147,0.007,-7.7688458,110.3847905,0.001
1788428241.078054,847.3060784178537,847.2487548185485,10.0,False,False,20.09905592310244,1.9989999999999999,-7.7715869,110.3776147,0.007,-7.7688458,110.3847905,0.001
1788428241.2824101,847.3060784178537,847.2487548185485,10.0,False,False,20.09905592310244,1.9989999999999999,-7.7715869,110.3776147,0.007,-7.7688458,110.3847905,0.001
1788428241.489827,847.3060784178537,847.2487548185485,10.0,False,False,20.09905592310244,1.9989999999999999,-7.7715869,110.3776147,0.007,-7.7688458,110.3847905,0.001
1788428241.7040436,847.3060784178537,847.2487548185485,10.0,False,False,20.09905592310244,1.9989999999999999,-7.7715869,110.3776147,0.007,-7.7688458,110.3847905,0.001
1788428241.9109828,847.3060784178537,847.2487548185485,10.0,False,False,20.09905592310244,1.9989999999999999,-7.7715869,110.3776147,0.007,-7.7688458,110.3847905,0.001
1788428242.1113098,847.3060784178537,847.2487548185485,10.0,False,False,20.09905592310244,1.9989999999999999,-7.7715869,110.3776147,0.007,-7.7688458,110.3847905,0.001
1788428242.3116734,847.3060784178537,847.2487548185485,10.0,False,False,20.09905592310244,1.9989999999999999,-7.7715869,110.3776147,0.007,-7.7688458,110.3847905,0.001
1788428242.5210278,847.3060784178537,847.2487548185485,10.0,False,False,20.09905592310244,1.9989999999999999,-7.7715869,110.3776147,0.007,-7.7688458,110.3847905,0.001
1788428242.7249482,847.3060784178537,847.2487548185485,10.0,False,False,20.09905592310244,1.9989999999999999,-7.7715869,110.3776147,0.007,-7.7688458,110.3847905,0.001
1788428242.9296477,847.3060784178537,847.2487548185485,10.0,False,False,20.09905592310244,1.9989999999999999,-7.7715869,110.3776147,0.007,-7.7688458,110.3847905,0.001
1788428243.14087,847.3060784178537,847.2487548185485,10.0,False,False,20.09905592310244,1.9989999999999999,-7.7715869,110.3776147,0.007,-7.7688458,110.3847905,0.001
1788428243.3450108,847.3060784178537,847.2487548185485,10.0,False,False,20.09905592310244,1.9989999999999999,-7.7715869,110.3776147,0.007,-7.7688458,110.3847905,0.001
1788428243.545042,847.3060784178537,847.2487548185485,10.0,False,False,20.09905592310244,1.9989999999999999,-7.7715869,110.3776147,0.007,-7.7688458,110.3847905,0.001
1788428243.7481155,847.3060784178537,847.2487548185485,10.0,False,False,20.09905592310244,1.9989999999999999,-7.7715869,110.3776147,0.007,-7.7688458,110.3847905,0.001
1788428243.950282,847.3060784178537,847.2487548185485,10.0,False,False,20.09905592310244,1.9989999999999999,-7.7715869,110.3776147,0.007,-7.7688458,110.3847905,0.001
1788428244.1511402,847.3060784178537,847.2487548185485,10.0,False,False,20.09905592310244,1.9989999999999999,-7.7715869,110.3776147,0.007,-7.7688458,110.3847905,0.001
1788428244.3516264,847.3060784178537,847.2487548185485,10.0,False,False,20.09905592310244,1.9989999999999999,-7.7715869,110.3776147,0.007,-7.7688458,110.3847905,0.001
1788428244.5647938,847.3060784178537,847.2487548185485,10.0,False,False,20.09905592310244,1.9989999999999999,-7.7715869,110.3776147,0.007,-7.7688458,110.3847905,0.001
1788428244.768833,847.3060784178537,847.2487548185485,10.0,False,False,20.09905592310244,1.9989999999999999,-7.7715869,110.3776147,0.007,-7.7688458,110.3847905,0.001
1788428244.9865952,847.3060784178537,847.2487548185485,10.0,False,False,20.09905592310244,1.9989999999999999,-7.7715869,110.3776147,0.007,-7.7688458,110.3847905,0.001
1788428245.1909559,847.3060784178537,847.2487548185485,10.0,False,False,20.09905592310244,1.9989999999999999,-7.7715869,110.3776147,0.007,-7.7688458,110.3847905,0.001
1788428245.3947835,847.3060784178537,847.2487548185485,10.0,False,False,20.09905592310244,1.9989999999999999,-7.7715869,110.3776147,0.007,-7.7688458,110.3847905,0.001
1788428245.5969667,847.3060784178537,847.2487548185485,10.0,False,False,20.09905592310244,1.9989999999999999,-7.7715869,110.3776147,0.007,-7.7688458,110.3847905,0.001
1788428245.8046389,847.3060784178537,847.2487548185485,10.0,False,False,20.09905592310244,1.9989999999999999,-7.7715869,110.3776147,0.007,-7.7688458,110.3847905,0.001
1788428246.0179896,847.3163583042117,847.2590341000626,10.0,False,False,20.099055923102476,1.9989999999999999,-7.7715869,110.3776146,0.007,-7.7688458,110.3847905,0.001
1788428246.228241,847.3123585546401,847.255032767448,10.0,False,False,20.09905592310248,1.9989999999999999,-7.7715868,110.3776146,0.007,-7.7688458,110.3847905,0.001
1788428246.4300852,847.3123585546401,847.255032767448,10.0,False,False,20.099055923102476,1.9989999999999999,-7.7715868,110.3776146,0.007,-7.7688458,110.3847905,0.001
1788428246.634526,847.3123585546401,847.255032767448,10.0,False,False,20.099055923102487,1.9989999999999999,-7.7715868,110.3776146,0.007,-7.7688458,110.3847905,0.001
1788428246.8359034,847.3123585546401,847.255032767448,10.0,False,False,20.099055923102473,1.9989999999999999,-7.7715868,110.3776146,0.007,-7.7688458,110.3847905,0.001
1788428247.0497336,847.3123585546401,847.255032767448,10.0,False,False,20.099055923102465,1.9989999999999999,-7.7715868,110.3776146,0.007,-7.7688458,110.3847905,0.001
1788428247.2541683,847.3123585546401,847.255032767448,10.0,False,False,20.09905592310247,1.9989999999999999,-7.7715868,110.3776146,0.007,-7.7688458,110.3847905,0.001
1788428247.459459,847.3123585546401,847.255032767448,10.0,False,False,20.099055923102437,1.9989999999999999,-7.7715868,110.3776146,0.007,-7.7688458,110.3847905,0.001
1788428247.6635883,847.3123585546401,847.255032767448,10.0,False,False,20.099055923102462,1.9989999999999999,-7.7715868,110.3776146,0.007,-7.7688458,110.3847905,0.001
1788428247.8672318,847.3123585546401,847.255032767448,10.0,False,False,20.099055923102437,1.9989999999999999,-7.7715868,110.3776146,0.007,-7.7688458,110.3847905,0.001
1788428248.0967457,847.3123585546401,847.255032767448,10.0,False,False,20.099055923102448,1.9989999999999999,-7.7715868,110.3776146,0.007,-7.7688458,110.3847905,0.001
1788428248.3066378,847.3123585546401,847.255032767448,10.0,False,False,20.099055923102433,1.9989999999999999,-7.7715868,110.3776146,0.007,-7.7688458,110.3847905,0.001
1788428248.5122478,847.3123585546401,847.255032767448,10.0,False,False,20.09905592310247,1.9989999999999999,-7.7715868,110.3776146,0.007,-7.7688458,110.3847905,0.001
1788428248.7163515,847.3123585546401,847.255032767448,10.0,False,False,20.099055923102455,1.9989999999999999,-7.7715868,110.3776146,0.007,-7.7688458,110.3847905,0.001
1788428248.9281974,847.3123585546401,847.255032767448,10.0,False,False,20.099055923102483,1.9989999999999999,-7.7715868,110.3776146,0.007,-7.7688458,110.3847905,0.001
1788428249.1426272,847.3123585546401,847.255032767448,10.0,False,False,20.099055923102476,1.9989999999999999,-7.7715868,110.3776146,0.007,-7.7688458,110.3847905,0.001
1788428249.346414,847.3123585546401,847.255032767448,10.0,False,False,20.09905592310247,1.9989999999999999,-7.7715868,110.3776146,0.007,-7.7688458,110.3847905,0.001
1788428249.5592673,847.3123585546401,847.255032767448,10.0,False,False,20.099055923102444,1.9989999999999999,-7.7715868,110.3776146,0.007,-7.7688458,110.3847905,0.001
1788428249.7681322,847.3123585546401,847.255032767448,10.0,False,False,20.099055923102433,1.9989999999999999,-7.7715868,110.3776146,0.007,-7.7688458,110.3847905,0.001
1788428249.9778495,847.3123585546401,847.255032767448,10.0,False,False,20.099055923102487,1.9989999999999999,-7.7715868,110.3776146,0.007,-7.7688458,110.3847905,0.001
1788428250.178835,847.3123585546401,847.255032767448,10.0,False,False,20.099055923102433,1.9989999999999999,-7.7715868,110.3776146,0.007,-7.7688458,110.3847905,0.001
1788428250.3875473,847.3123585546401,847.255032767448,10.0,False,False,20.099055923102465,1.9989999999999999,-7.7715868,110.3776146,0.007,-7.7688458,110.3847905,0.001
1788428250.594179,847.3123585546401,847.255032767448,10.0,False,False,20.099055923102465,1.9989999999999999,-7.7715868,110.3776146,0.007,-7.7688458,110.3847905,0.001
1788428250.8048553,847.3123585546401,847.255032767448,10.0,False,False,20.09905592310245,1.9989999999999999,-7.7715868,110.3776146,0.007,-7.7688458,110.3847905,0.001
1788428251.0079691,847.3123585546401,847.255032767448,10.0,False,False,20.09905592310246,1.9989999999999999,-7.7715868,110.3776146,0.007,-7.7688458,110.3847905,0.001
1788428251.208146,847.3123585546401,847.255032767448,10.0,False,False,20.099055923102487,1.9989999999999999,-7.7715868,110.3776146,0.007,-7.7688458,110.3847905,0.001
1788428251.4086916,847.3123585546401,847.255032767448,10.0,False,False,20.099055923102487,1.9989999999999999,-7.7715868,110.3776146,0.007,-7.7688458,110.3847905,0.001
1788428251.6097229,847.3123585546401,847.255032767448,10.0,False,False,20.099055923102437,1.9989999999999999,-7.7715868,110.3776146,0.007,-7.7688458,110.3847905,0.001
1788428251.8168998,847.3123585546401,847.255032767448,10.0,False,False,20.099055923102487,1.9989999999999999,-7.7715868,110.3776146,0.007,-7.7688458,110.3847905,0.001
1788428252.0252209,847.3123585546401,847.255032767448,10.0,False,False,20.09905592310244,1.9989999999999999,-7.7715868,110.3776146,0.007,-7.7688458,110.3847905,0.001
1788428252.2270026,847.3123585546401,847.255032767448,10.0,False,False,20.099055923102465,1.9989999999999999,-7.7715868,110.3776146,0.007,-7.7688458,110.3847905,0.001
1788428252.4310215,847.3123585546401,847.255032767448,10.0,False,False,20.099055923102473,1.9989999999999999,-7.7715868,110.3776146,0.007,-7.7688458,110.3847905,0.001
1788428252.63376,847.3123585546401,847.255032767448,10.0,False,False,20.09905592310246,1.9989999999999999,-7.7715868,110.3776146,0.007,-7.7688458,110.3847905,0.001
1788428252.8378716,847.3123585546401,847.255032767448,10.0,False,False,20.099055923102473,1.9989999999999999,-7.7715868,110.3776146,0.007,-7.7688458,110.3847905,0.001
1788428253.042119,847.3123585546401,847.255032767448,10.0,False,False,20.099055923102473,1.9989999999999999,-7.7715868,110.3776146,0.007,-7.7688458,110.3847905,0.001
1788428253.2540252,847.3123585546401,847.255032767448,10.0,False,False,20.09905592310248,1.9989999999999999,-7.7715868,110.3776146,0.007,-7.7688458,110.3847905,0.001
1788428253.4592824,847.3123585546401,847.255032767448,10.0,False,False,20.099055923102476,1.9989999999999999,-7.7715868,110.3776146,0.007,-7.7688458,110.3847905,0.001
1788428253.663128,847.3123585546401,847.255032767448,10.0,False,False,20.099055923102465,1.9989999999999999,-7.7715868,110.3776146,0.007,-7.7688458,110.3847905,0.001
1788428253.8636324,847.3123585546401,847.255032767448,10.0,False,False,20.099055923102433,1.9989999999999999,-7.7715868,110.3776146,0.007,-7.7688458,110.3847905,0.001
1788428254.078453,847.3123585546401,847.255032767448,10.0,False,False,20.09905592310246,1.9989999999999999,-7.7715868,110.3776146,0.007,-7.7688458,110.3847905,0.001
1788428254.2802172,847.3123585546401,847.255032767448,10.0,False,False,20.099055923102455,1.9989999999999999,-7.7715868,110.3776146,0.007,-7.7688458,110.3847905,0.001
1788428254.4843974,847.3123585546401,847.255032767448,10.0,False,False,20.09905592310246,1.9989999999999999,-7.7715868,110.3776146,0.007,-7.7688458,110.3847905,0.001
1788428254.684928,847.3123585546401,847.255032767448,10.0,False,False,20.09905592310248,1.9989999999999999,-7.7715868,110.3776146,0.007,-7.7688458,110.3847905,0.001
1788428254.8866978,847.3123585546401,847.255032767448,10.0,False,False,20.099055923102448,1.9989999999999999,-7.7715868,110.3776146,0.007,-7.7688458,110.3847905,0.001
1788428255.0908844,847.3123585546401,847.255032767448,10.0,False,False,20.099055923102465,1.9989999999999999,-7.7715868,110.3776146,0.007,-7.7688458,110.3847905,0.001
1788428255.2991877,847.3123585546401,847.255032767448,10.0,False,False,20.09905592310247,1.9989999999999999,-7.7715868,110.3776146,0.007,-7.7688458,110.3847905,0.001
1788428255.501785,847.3123585546401,847.255032767448,10.0,False,False,20.099055923102444,1.9989999999999999,-7.7715868,110.3776146,0.007,-7.7688458,110.3847905,0.001
1788428255.710421,847.3123585546401,847.255032767448,10.0,False,False,20.099055923102444,1.9989999999999999,-7.7715868,110.3776146,0.007,-7.7688458,110.3847905,0.001
1788428255.9196064,847.3123585546401,847.255032767448,10.0,False,False,20.099055923102433,1.9989999999999999,-7.7715868,110.3776146,0.007,-7.7688458,110.3847905,0.001
1788428256.1233475,847.3123585546401,847.255032767448,10.0,False,False,20.099055923102462,1.9989999999999999,-7.7715868,110.3776146,0.007,-7.7688458,110.3847905,0.001
1788428256.338507,847.3123585546401,847.255032767448,10.0,False,False,20.099055923102483,1.9989999999999999,-7.7715868,110.3776146,0.007,-7.7688458,110.3847905,0.001
1788428256.5409102,847.3123585546401,847.255032767448,10.0,False,False,20.09905592310244,1.9989999999999999,-7.7715868,110.3776146,0.007,-7.7688458,110.3847905,0.001
1788428256.7417593,847.3123585546401,847.255032767448,10.0,False,False,20.099055923102448,1.9989999999999999,-7.7715868,110.3776146,0.007,-7.7688458,110.3847905,0.001
1788428256.950155,847.3123585546401,847.255032767448,10.0,False,False,20.09905592310246,1.9989999999999999,-7.7715868,110.3776146,0.007,-7.7688458,110.3847905,0.001
1788428257.1566327,847.3123585546401,847.255032767448,10.0,False,False,20.09905592310246,1.9989999999999999,-7.7715868,110.3776146,0.007,-7.7688458,110.3847905,0.001
1788428257.3567467,847.3123585546401,847.255032767448,10.0,False,False,20.09905592310247,1.9989999999999999,-7.7715868,110.3776146,0.007,-7.7688458,110.3847905,0.001
1788428257.5722609,847.3123585546401,847.255032767448,10.0,False,False,20.09905592310247,1.9989999999999999,-7.7715868,110.3776146,0.007,-7.7688458,110.3847905,0.001
1788428257.7813103,847.3123585546401,847.255032767448,10.0,False,False,20.09905592310247,1.9989999999999999,-7.7715868,110.3776146,0.007,-7.7688458,110.3847905,0.001
1788428257.9905634,847.3123585546401,847.2190528375663,10.0,False,False,20.09905592310247,1.9989999999999999,-7.7715868,110.3776146,0.007,-7.7688458,110.3847905,0.001
1788428258.2045896,847.3123585546401,847.2190528375663,10.0,False,False,20.09905592310247,1.9989999999999999,-7.7715868,110.3776146,0.007,-7.7688458,110.3847905,0.001
1788428258.4073339,847.3123585546401,847.2190528375663,10.0,False,False,20.09905592310247,1.9989999999999999,-7.7715868,110.3776146,0.007,-7.7688458,110.3847905,0.001
1788428258.6108758,847.3123585546401,847.2190528375663,10.0,False,False,20.09905592310247,1.9989999999999999,-7.7715868,110.3776146,0.007,-7.7688458,110.3847905,0.001
1788428258.820585,847.3123585546401,847.2190528375663,10.0,False,False,20.09905592310247,1.9989999999999999,-7.7715868,110.3776146,0.007,-7.7688458,110.3847905,0.001
1788428259.0309703,847.3123585546401,847.2190528375663,10.0,False,False,20.09905592310247,1.9989999999999999,-7.7715868,110.3776146,0.007,-7.7688458,110.3847905,0.001
1788428259.241751,847.3123585546401,847.2190528375663,10.0,False,False,20.09905592310247,1.9989999999999999,-7.7715868,110.3776146,0.007,-7.7688458,110.3847905,0.001
1788428259.4586968,847.3123585546401,847.3123585546401,0.0,False,False,20.09905592310247,1.9989999999999999,-7.7715868,110.3776146,0.007,-7.7688458,110.3847905,0.001
1788428259.6616077,847.3123585546401,847.3123585546401,0.0,False,False,20.09905592310247,1.9989999999999999,-7.7715868,110.3776146,0.007,-7.7688458,110.3847905,0.001
1788428259.8660657,847.3123585546401,847.3123585546401,0.0,False,False,20.09905592310247,1.9989999999999999,-7.7715868,110.3776146,0.007,-7.7688458,110.3847905,0.001
1788428260.0685945,847.3123585546401,847.3123585546401,0.0,False,False,20.09905592310247,1.9989999999999999,-7.7715868,110.3776146,0.007,-7.7688458,110.3847905,0.001
1788428260.2733803,847.3123585546401,847.3123585546401,0.0,False,False,20.09905592310247,1.9989999999999999,-7.7715868,110.3776146,0.007,-7.7688458,110.3847905,0.001
1788428260.482878,847.3123585546401,847.3123585546401,0.0,False,False,20.09905592310247,1.9989999999999999,-7.7715868,110.3776146,0.007,-7.7688458,110.3847905,0.001
1788428260.6908405,847.3123585546401,847.3123585546401,0.0,False,False,20.09905592310247,1.9989999999999999,-7.7715868,110.3776146,0.007,-7.7688458,110.3847905,0.001
1788428260.8947978,847.3123585546401,847.3123585546401,0.0,False,False,20.09905592310247,1.9989999999999999,-7.7715868,110.3776146,0.007,-7.7688458,110.3847905,0.001
1788428261.095556,847.3123585546401,847.3123585546401,0.0,False,False,20.09905592310247,1.9989999999999999,-7.7715868,110.3776146,0.007,-7.7688458,110.3847905,0.001
1788428261.2967129,847.3123585546401,847.3123585546401,0.0,False,False,20.09905592310247,1.9989999999999999,-7.7715868,110.3776146,0.007,-7.7688458,110.3847905,0.001
1788428261.49809,847.3123585546401,847.3123585546401,0.0,False,False,20.09905592310247,1.9989999999999999,-7.7715868,110.3776146,0.007,-7.7688458,110.3847905,0.001
1788428261.7074172,847.3123585546401,847.3123585546401,0.0,False,False,20.09905592310247,1.9989999999999999,-7.7715868,110.3776146,0.007,-7.7688458,110.3847905,0.001
1788428261.9124606,847.3123585546401,847.3123585546401,0.0,False,False,20.09905592310247,1.9989999999999999,-7.7715868,110.3776146,0.007,-7.7688458,110.3847905,0.001
1788428262.1130095,847.3123585546401,847.3123585546401,0.0,False,False,20.09905592310247,1.9989999999999999,-7.7715868,110.3776146,0.007,-7.7688458,110.3847905,0.001
1788428262.3200672,847.3123585546401,847.3123585546401,0.0,False,False,20.09905592310247,1.9989999999999999,-7.7715868,110.3776146,0.007,-7.7688458,110.3847905,0.001
1788428262.5326893,847.3123585546401,847.3123585546401,0.0,False,False,20.09905592310247,1.9989999999999999,-7.7715868,110.3776146,0.007,-7.7688458,110.3847905,0.001
1788428262.7455735,847.3123585546401,847.3123585546401,0.0,False,False,20.09905592310247,1.9989999999999999,-7.7715868,110.3776146,0.007,-7.7688458,110.3847905,0.001
1788428262.9502783,847.3123585546401,847.3123585546401,0.0,False,False,20.09905592310247,1.9989999999999999,-7.7715868,110.3776146,0.007,-7.7688458,110.3847905,0.001
1788428263.1631157,847.3123585546401,847.3123585546401,0.0,False,False,20.09905592310247,1.9989999999999999,-7.7715868,110.3776146,0.007,-7.7688458,110.3847905,0.001
1788428263.3741348,847.3123585546401,847.3123585546401,0.0,False,False,20.09905592310247,1.9989999999999999,-7.7715868,110.3776146,0.007,-7.7688458,110.3847905,0.001
1788428263.5787535,847.3123585546401,847.3123585546401,0.0,False,False,20.09905592310247,1.9989999999999999,-7.7715868,110.3776146,0.007,-7.7688458,110.3847905,0.001
1788428263.7854965,847.3123585546401,847.3123585546401,0.0,False,False,20.09905592310247,1.9989999999999999,-7.7715868,110.3776146,0.007,-7.7688458,110.3847905,0.001
1788428263.9896243,847.3123585546401,847.3123585546401,0.0,False,False,20.09905592310247,1.9989999999999999,-7.7715868,110.3776146,0.007,-7.7688458,110.3847905,0.001
1788428264.2071013,847.3123585546401,847.3123585546401,0.0,False,False,20.09905592310247,1.9989999999999999,-7.7715868,110.3776146,0.007,-7.7688458,110.3847905,0.001
1788428264.4290998,847.3123585546401,847.3123585546401,0.0,False,False,20.09905592310247,1.9989999999999999,-7.7715868,110.3776146,0.007,-7.7688458,110.3847905,0.001
1788428264.6357381,847.3123585546401,847.3123585546401,0.0,False,False,20.09905592310247,1.9989999999999999,-7.7715868,110.3776146,0.007,-7.7688458,110.3847905,0.001
1788428264.8392346,847.3123585546401,847.3123585546401,0.0,False,False,20.09905592310247,1.9989999999999999,-7.7715868,110.3776146,0.007,-7.7688458,110.3847905,0.001
1788428265.0429044,847.3123585546401,847.3123585546401,0.0,False,False,20.09905592310247,1.9989999999999999,-7.7715868,110.3776146,0.007,-7.7688458,110.3847905,0.001
1788428265.2474227,847.3123585546401,847.3123585546401,0.0,False,False,20.09905592310247,1.9989999999999999,-7.7715868,110.3776146,0.007,-7.7688458,110.3847905,0.001
1788428265.4605112,847.3123585546401,847.3123585546401,0.0,False,False,20.09905592310247,1.9989999999999999,-7.7715868,110.3776146,0.007,-7.7688458,110.3847905,0.001
1788428265.663638,847.3123585546401,847.3123585546401,0.0,False,False,20.09905592310247,1.9989999999999999,-7.7715868,110.3776146,0.007,-7.7688458,110.3847905,0.001
1788428265.8719866,847.3123585546401,847.3123585546401,0.0,False,False,20.09905592310247,1.9989999999999999,-7.7715868,110.3776146,0.007,-7.7688458,110.3847905,0.001
1788428266.0753365,847.3123585546401,847.3123585546401,0.0,False,False,20.09905592310247,1.9989999999999999,-7.7715868,110.3776146,0.007,-7.7688458,110.3847905,0.001
1788428266.2809448,847.3123585546401,847.3123585546401,0.0,False,False,20.09905592310247,1.9989999999999999,-7.7715868,110.3776146,0.007,-7.7688458,110.3847905,0.001
1788428266.4919417,847.3123585546401,847.3123585546401,0.0,False,False,20.09905592310247,1.9989999999999999,-7.7715868,110.3776146,0.007,-7.7688458,110.3847905,0.001
1788428266.6948545,847.3123585546401,847.3123585546401,0.0,False,False,20.09905592310247,1.9989999999999999,-7.7715868,110.3776146,0.007,-7.7688458,110.3847905,0.001
1788428266.898737,847.3123585546401,847.3123585546401,0.0,False,False,20.09905592310247,1.9989999999999999,-7.7715868,110.3776146,0.007,-7.7688458,110.3847905,0.001
1788428267.0993276,847.3123585546401,847.3123585546401,0.0,False,False,20.09905592310247,1.9989999999999999,-7.7715868,110.3776146,0.007,-7.7688458,110.3847905,0.001
1788428267.3117054,847.3123585546401,847.3123585546401,0.0,False,False,20.09905592310247,1.9989999999999999,-7.7715868,110.3776146,0.007,-7.7688458,110.3847905,0.001
1788428267.5146644,847.3123585546401,847.3123585546401,0.0,False,False,20.09905592310247,1.9989999999999999,-7.7715868,110.3776146,0.007,-7.7688458,110.3847905,0.001
1788428267.7151518,847.3123585546401,847.3123585546401,0.0,False,False,20.09905592310247,1.9989999999999999,-7.7715868,110.3776146,0.007,-7.7688458,110.3847905,0.001
1788428267.920216,847.3123585546401,847.3123585546401,0.0,False,False,20.09905592310247,1.9989999999999999,-7.7715868,110.3776146,0.007,-7.7688458,110.3847905,0.001
1788428268.1321914,847.3123585546401,847.3123585546401,0.0,False,False,20.09905592310247,1.9989999999999999,-7.7715868,110.3776146,0.007,-7.7688458,110.3847905,0.001
1788428268.3378417,847.3123585546401,847.3123585546401,0.0,False,False,20.09905592310247,1.9989999999999999,-7.7715868,110.3776146,0.007,-7.7688458,110.3847905,0.001
1788428268.5479126,847.3123585546401,847.3123585546401,0.0,False,False,20.09905592310247,1.9989999999999999,-7.7715868,110.3776146,0.007,-7.7688458,110.3847905,0.001
1788428268.752783,847.3123585546401,847.3123585546401,0.0,False,False,20.09905592310247,1.9989999999999999,-7.7715868,110.3776146,0.007,-7.7688458,110.3847905,0.001
1788428268.957664,847.3123585546401,847.3123585546401,0.0,False,False,20.09905592310247,1.9989999999999999,-7.7715868,110.3776146,0.007,-7.7688458,110.3847905,0.001
1788428269.162958,847.3123585546401,847.3123585546401,0.0,False,False,20.09905592310247,1.9989999999999999,-7.7715868,110.3776146,0.007,-7.7688458,110.3847905,0.001
1788428269.363526,847.3083589321477,847.3083589321477,0.0,False,False,20.099055923102448,1.9989999999999999,-7.7715867,110.3776146,0.007,-7.7688458,110.3847905,0.001
1788428269.5713418,847.3083589321477,847.3083589321477,0.0,False,False,20.09905592310247,1.9989999999999999,-7.7715867,110.3776146,0.007,-7.7688458,110.3847905,0.001
1788428269.7723224,847.3123585546401,847.3123585546401,0.0,False,False,20.099055923102473,1.9989999999999999,-7.7715868,110.3776146,0.007,-7.7688458,110.3847905,0.001
1788428269.975358,847.3123585546401,847.3123585546401,0.0,False,False,20.099055923102437,1.9989999999999999,-7.7715868,110.3776146,0.007,-7.7688458,110.3847905,0.001
1788428270.184736,847.3123585546401,847.3123585546401,0.0,False,False,20.099055923102448,1.9989999999999999,-7.7715868,110.3776146,0.007,-7.7688458,110.3847905,0.001
1788428270.400783,847.3083589321477,847.3083589321477,0.0,False,False,20.099055923102448,1.9989999999999999,-7.7715867,110.3776146,0.007,-7.7688458,110.3847905,0.001
1788428270.6014633,847.3083589321477,847.3083589321477,0.0,False,False,20.09905592310245,1.9989999999999999,-7.7715867,110.3776146,0.007,-7.7688458,110.3847905,0.001
1788428270.8099654,847.3083589321477,847.3083589321477,0.0,False,False,20.099055923102462,1.9989999999999999,-7.7715867,110.3776146,0.007,-7.7688458,110.3847905,0.001
1788428271.013302,847.3083589321477,847.3083589321477,0.0,False,False,20.09905592310248,1.9989999999999999,-7.7715867,110.3776146,0.007,-7.7688458,110.3847905,0.001
1788428271.2138944,847.3083589321477,847.3083589321477,0.0,False,False,20.099055923102444,1.9989999999999999,-7.7715867,110.3776146,0.007,-7.7688458,110.3847905,0.001
1788428271.4356678,847.3083589321477,847.3083589321477,0.0,False,False,20.09905592310244,1.9989999999999999,-7.7715867,110.3776146,0.007,-7.7688458,110.3847905,0.001
1788428271.6578398,847.3083589321477,847.3083589321477,0.0,False,False,20.099055923102473,1.9989999999999999,-7.7715867,110.3776146,0.007,-7.7688458,110.3847905,0.001
1788428271.8615623,847.3083589321477,847.3083589321477,0.0,False,False,20.099055923102483,1.9989999999999999,-7.7715867,110.3776146,0.007,-7.7688458,110.3847905,0.001
1788428272.0757105,847.3083589321477,847.3083589321477,0.0,False,False,20.099055923102487,1.9989999999999999,-7.7715867,110.3776146,0.007,-7.7688458,110.3847905,0.001
1788428272.2880673,847.3083589321477,847.3083589321477,0.0,False,False,20.099055923102465,1.9989999999999999,-7.7715867,110.3776146,0.007,-7.7688458,110.3847905,0.001
1788428272.4898999,847.3083589321477,847.3083589321477,0.0,False,False,20.09905592310248,1.9989999999999999,-7.7715867,110.3776146,0.007,-7.7688458,110.3847905,0.001
1788428272.694332,847.3083589321477,847.3083589321477,0.0,False,False,20.099055923102448,1.9989999999999999,-7.7715867,110.3776146,0.007,-7.7688458,110.3847905,0.001
1788428272.900211,847.3083589321477,847.3083589321477,0.0,False,False,20.09905592310245,1.9989999999999999,-7.7715867,110.3776146,0.007,-7.7688458,110.3847905,0.001
1788428273.1003652,847.3083589321477,847.3083589321477,0.0,False,False,20.099055923102465,1.9989999999999999,-7.7715867,110.3776146,0.007,-7.7688458,110.3847905,0.001
1788428273.3060894,847.3083589321477,847.3083589321477,0.0,False,False,20.099055923102448,1.9989999999999999,-7.7715867,110.3776146,0.007,-7.7688458,110.3847905,0.001
1788428273.5112298,847.3083589321477,847.3083589321477,0.0,False,False,20.099055923102465,1.9989999999999999,-7.7715867,110.3776146,0.007,-7.7688458,110.3847905,0.001
1788428273.7149124,847.3083589321477,847.3083589321477,0.0,False,False,20.099055923102437,1.9989999999999999,-7.7715867,110.3776146,0.007,-7.7688458,110.3847905,0.001
1788428273.9244864,847.3083589321477,847.3083589321477,0.0,False,False,20.099055923102455,1.9989999999999999,-7.7715867,110.3776146,0.007,-7.7688458,110.3847905,0.001
1788428274.1251125,847.3083589321477,847.3083589321477,0.0,False,False,20.099055923102437,1.9989999999999999,-7.7715867,110.3776146,0.007,-7.7688458,110.3847905,0.001
1788428274.3328261,847.3083589321477,847.3083589321477,0.0,False,False,20.09905592310244,1.9989999999999999,-7.7715867,110.3776146,0.007,-7.7688458,110.3847905,0.001
1788428274.5398557,847.3186389340983,847.3186389340983,0.0,False,False,20.099055923102465,1.9989999999999999,-7.7715867,110.3776145,0.007,-7.7688458,110.3847905,0.001
1788428274.744492,847.3083589321477,847.3083589321477,0.0,False,False,20.099055923102455,1.9989999999999999,-7.7715867,110.3776146,0.007,-7.7688458,110.3847905,0.001
1788428274.9557452,847.3083589321477,847.3083589321477,0.0,False,False,20.09905592310248,1.9989999999999999,-7.7715867,110.3776146,0.007,-7.7688458,110.3847905,0.001
1788428275.1719356,847.3186389340983,847.3186389340983,0.0,False,False,20.09905592310245,1.9989999999999999,-7.7715867,110.3776145,0.007,-7.7688458,110.3847905,0.001
1788428275.374005,847.3186389340983,847.3186389340983,0.0,False,False,20.099055923102462,1.9989999999999999,-7.7715867,110.3776145,0.007,-7.7688458,110.3847905,0.001
1788428275.5809944,847.3186389340983,847.3186389340983,0.0,False,False,20.09905592310245,1.9989999999999999,-7.7715867,110.3776145,0.007,-7.7688458,110.3847905,0.001
1788428275.7820096,847.3186389340983,847.3186389340983,0.0,False,False,20.099055923102455,1.9989999999999999,-7.7715867,110.3776145,0.007,-7.7688458,110.3847905,0.001
1788428275.9878356,847.3186389340983,847.3186389340983,0.0,False,False,20.099055923102455,1.9989999999999999,-7.7715867,110.3776145,0.007,-7.7688458,110.3847905,0.001
1788428276.2016613,847.3186389340983,847.3186389340983,0.0,False,False,20.099055923102483,1.9989999999999999,-7.7715867,110.3776145,0.007,-7.7688458,110.3847905,0.001
1788428276.4069357,847.3186389340983,847.3186389340983,0.0,False,False,20.099055923102433,1.9989999999999999,-7.7715867,110.3776145,0.007,-7.7688458,110.3847905,0.001
1788428276.6079838,847.3186389340983,847.3186389340983,0.0,False,False,20.09905592310244,1.9989999999999999,-7.7715867,110.3776145,0.007,-7.7688458,110.3847905,0.001
1788428276.8214629,847.3186389340983,847.3186389340983,0.0,False,False,20.099055923102444,1.9989999999999999,-7.7715867,110.3776145,0.007,-7.7688458,110.3847905,0.001
1788428277.0332596,847.3186389340983,847.3186389340983,0.0,False,False,20.099055923102448,1.9989999999999999,-7.7715867,110.3776145,0.007,-7.7688458,110.3847905,0.001
1788428277.236567,847.3186389340983,847.3186389340983,0.0,False,False,20.099055923102455,1.9989999999999999,-7.7715867,110.3776145,0.007,-7.7688458,110.3847905,0.001
1788428277.4379,847.3186389340983,847.3186389340983,0.0,False,False,20.09905592310247,1.9989999999999999,-7.7715867,110.3776145,0.007,-7.7688458,110.3847905,0.001
1788428277.6496818,847.3186389340983,847.3186389340983,0.0,False,False,20.09905592310245,1.9989999999999999,-7.7715867,110.3776145,0.007,-7.7688458,110.3847905,0.001
1788428277.854659,847.3186389340983,847.3186389340983,0.0,False,False,20.09905592310244,1.9989999999999999,-7.7715867,110.3776145,0.007,-7.7688458,110.3847905,0.001
1788428278.0660708,847.3186389340983,847.3186389340983,0.0,False,False,20.09905592310245,1.9989999999999999,-7.7715867,110.3776145,0.007,-7.7688458,110.3847905,0.001
1788428278.270013,847.3186389340983,847.3186389340983,0.0,False,False,20.099055923102476,1.9989999999999999,-7.7715867,110.3776145,0.007,-7.7688458,110.3847905,0.001
1788428278.484101,847.3186389340983,847.3186389340983,0.0,False,False,20.099055923102455,1.9989999999999999,-7.7715867,110.3776145,0.007,-7.7688458,110.3847905,0.001
1788428278.6965525,847.3186389340983,847.3186389340983,0.0,False,False,20.099055923102473,1.9989999999999999,-7.7715867,110.3776145,0.007,-7.7688458,110.3847905,0.001
1788428278.9056907,847.3186389340983,847.3186389340983,0.0,False,False,20.099055923102448,1.9989999999999999,-7.7715867,110.3776145,0.007,-7.7688458,110.3847905,0.001
1788428279.112704,847.3186389340983,847.3186389340983,0.0,False,False,20.099055923102448,1.9989999999999999,-7.7715867,110.3776145,0.007,-7.7688458,110.3847905,0.001
1788428279.3163404,847.3186389340983,847.3186389340983,0.0,False,False,20.09905592310245,1.9989999999999999,-7.7715867,110.3776145,0.007,-7.7688458,110.3847905,0.001
1788428279.531265,847.3186389340983,847.3186389340983,0.0,False,False,20.099055923102462,1.9989999999999999,-7.7715867,110.3776145,0.007,-7.7688458,110.3847905,0.001
1788428279.7323568,847.3186389340983,847.3186389340983,0.0,False,False,20.09905592310248,1.9989999999999999,-7.7715867,110.3776145,0.007,-7.7688458,110.3847905,0.001
1788428279.9430592,847.3186389340983,847.3186389340983,0.0,False,False,20.099055923102465,1.9989999999999999,-7.7715867,110.3776145,0.007,-7.7688458,110.3847905,0.001
1788428280.152721,847.3186389340983,847.3186389340983,0.0,False,False,20.09905592310245,1.9989999999999999,-7.7715867,110.3776145,0.007,-7.7688458,110.3847905,0.001
1788428280.3579724,847.3186389340983,847.3186389340983,0.0,False,False,20.099055923102465,1.9989999999999999,-7.7715867,110.3776145,0.007,-7.7688458,110.3847905,0.001
1788428280.5648034,847.3186389340983,847.3186389340983,0.0,False,False,20.099055923102465,1.9989999999999999,-7.7715867,110.3776145,0.007,-7.7688458,110.3847905,0.001
1788428280.773299,847.3186389340983,847.3186389340983,0.0,False,False,20.09905592310245,1.9989999999999999,-7.7715867,110.3776145,0.007,-7.7688458,110.3847905,0.001
1788428280.9812326,847.3186389340983,847.3186389340983,0.0,False,False,20.099055923102476,1.9989999999999999,-7.7715867,110.3776145,0.007,-7.7688458,110.3847905,0.001
1788428281.184771,847.3186389340983,847.3186389340983,0.0,False,False,20.099055923102473,1.9989999999999999,-7.7715867,110.3776145,0.007,-7.7688458,110.3847905,0.001
1788428281.385749,847.3186389340983,847.3186389340983,0.0,False,False,20.09905592310246,1.9989999999999999,-7.7715867,110.3776145,0.007,-7.7688458,110.3847905,0.001
1788428281.586052,847.3186389417696,847.3186389417696,0.0,False,False,20.099055923102448,2.0,-7.7715867,110.3776145,0.007,-7.7688458,110.3847905,0
1788428281.788927,847.3186389417696,847.3186389417696,0.0,False,False,20.099055923102473,2.0,-7.7715867,110.3776145,0.007,-7.7688458,110.3847905,0
1788428282.001159,847.3186389417696,847.3186389417696,0.0,False,False,20.09905592310249,2.0,-7.7715867,110.3776145,0.007,-7.7688458,110.3847905,0
1788428282.2058682,847.3186389417696,847.3186389417696,0.0,False,False,20.099055923102473,2.0,-7.7715867,110.3776145,0.007,-7.7688458,110.3847905,0
1788428282.4062686,847.3186389417696,847.3186389417696,0.0,False,False,20.099055923102465,2.0,-7.7715867,110.3776145,0.007,-7.7688458,110.3847905,0
1788428282.607407,847.3186389417696,847.3186389417696,0.0,False,False,20.099055923102455,2.0,-7.7715867,110.3776145,0.007,-7.7688458,110.3847905,0
1788428282.8163402,847.3186389417696,847.3186389417696,0.0,False,False,20.099055923102444,2.0,-7.7715867,110.3776145,0.007,-7.7688458,110.3847905,0
1788428283.017282,847.3186389417696,847.3186389417696,0.0,False,False,20.099055923102487,2.0,-7.7715867,110.3776145,0.007,-7.7688458,110.3847905,0
1788428283.2253807,847.3186389417696,847.3186389417696,0.0,False,False,20.099055923102448,2.0,-7.7715867,110.3776145,0.007,-7.7688458,110.3847905,0
1788428283.433692,847.3186389417696,847.3186389417696,0.0,False,False,20.099055923102465,2.0,-7.7715867,110.3776145,0.007,-7.7688458,110.3847905,0
1788428283.648723,847.3186389417696,847.3186389417696,0.0,False,False,20.09905592310245,2.0,-7.7715867,110.3776145,0.007,-7.7688458,110.3847905,0
1788428283.8492544,847.3186389417696,847.3186389417696,0.0,False,False,20.09905592310246,2.0,-7.7715867,110.3776145,0.007,-7.7688458,110.3847905,0
1788428284.0523832,847.3186389417696,847.3186389417696,0.0,False,False,20.099055923102448,2.0,-7.7715867,110.3776145,0.007,-7.7688458,110.3847905,0
1788428284.2534297,847.3186389417696,847.3186389417696,0.0,False,False,20.099055923102476,2.0,-7.7715867,110.3776145,0.007,-7.7688458,110.3847905,0
1788428284.4595027,847.3186389417696,847.3186389417696,0.0,False,False,20.099055923102444,2.0,-7.7715867,110.3776145,0.007,-7.7688458,110.3847905,0
1788428284.668043,847.3186389417696,847.3186389417696,0.0,False,False,20.099055923102455,2.0,-7.7715867,110.3776145,0.007,-7.7688458,110.3847905,0
1788428284.8769307,847.3186389417696,847.3186389417696,0.0,False,False,20.099055923102465,2.0,-7.7715867,110.3776145,0.007,-7.7688458,110.3847905,0
1788428285.0836911,847.3186389417696,847.3186389417696,0.0,False,False,20.099055923102476,2.0,-7.7715867,110.3776145,0.007,-7.7688458,110.3847905,0
1788428285.284224,847.3186389417696,847.3186389417696,0.0,False,False,20.099055923102476,2.0,-7.7715867,110.3776145,0.007,-7.7688458,110.3847905,0
1788428285.495627,847.3186389417696,847.3186389417696,0.0,False,False,20.099055923102487,2.0,-7.7715867,110.3776145,0.007,-7.7688458,110.3847905,0
1788428285.6968012,847.3186389417696,847.3186389417696,0.0,False,False,20.099055923102487,2.0,-7.7715867,110.3776145,0.007,-7.7688458,110.3847905,0
1788428285.9055605,847.3186389417696,847.3186389417696,0.0,False,False,20.099055923102487,2.0,-7.7715867,110.3776145,0.007,-7.7688458,110.3847905,0
1788428286.1066682,847.3186389417696,847.3186389417696,0.0,False,False,20.099055923102433,2.0,-7.7715867,110.3776145,0.007,-7.7688458,110.3847905,0
1788428286.3175836,847.3186389417696,847.3186389417696,0.0,False,False,20.099055923102433,2.0,-7.7715867,110.3776145,0.007,-7.7688458,110.3847905,0
1788428286.51855,847.3186389417696,847.3186389417696,0.0,False,False,20.099055923102433,2.0,-7.7715867,110.3776145,0.007,-7.7688458,110.3847905,0
1788428286.720028,847.3186389417696,847.3186389417696,0.0,False,False,20.099055923102433,2.0,-7.7715867,110.3776145,0.007,-7.7688458,110.3847905,0
1788428286.923334,847.3186389417696,847.3186389417696,0.0,False,False,20.099055923102433,2.0,-7.7715867,110.3776145,0.007,-7.7688458,110.3847905,0
1788428287.1343975,847.3186389417696,847.3186389417696,0.0,False,False,20.099055923102433,2.0,-7.7715867,110.3776145,0.007,-7.7688458,110.3847905,0
1788428287.3382256,847.3186389417696,847.3186389417696,0.0,False,False,20.099055923102433,2.0,-7.7715867,110.3776145,0.007,-7.7688458,110.3847905,0
1788428287.5421498,847.3186389417696,847.3186389417696,0.0,False,False,20.099055923102433,2.0,-7.7715867,110.3776145,0.007,-7.7688458,110.3847905,0
1788428287.7492714,847.3186389417696,847.3186389417696,0.0,False,False,20.099055923102433,2.0,-7.7715867,110.3776145,0.007,-7.7688458,110.3847905,0
1788428287.9530575,847.3186389417696,847.3186389417696,0.0,False,False,20.099055923102433,2.0,-7.7715867,110.3776145,0.007,-7.7688458,110.3847905,0
1788428288.1656084,847.3186389417696,847.3186389417696,0.0,False,False,20.099055923102433,2.0,-7.7715867,110.3776145,0.007,-7.7688458,110.3847905,0
1788428288.3695045,847.3186389417696,847.3186389417696,0.0,False,False,20.099055923102433,2.0,-7.7715867,110.3776145,0.007,-7.7688458,110.3847905,0
1788428288.575017,847.3186389340983,847.3186389340983,0.0,False,False,20.099055923102433,1.9989999999999999,-7.7715867,110.3776145,0.007,-7.7688458,110.3847905,0.001
1788428288.781144,847.3186389340983,847.3186389340983,0.0,False,False,20.099055923102433,1.9989999999999999,-7.7715867,110.3776145,0.007,-7.7688458,110.3847905,0.001
1788428288.9848778,847.3186389340983,847.3186389340983,0.0,False,False,20.099055923102433,1.9989999999999999,-7.7715867,110.3776145,0.007,-7.7688458,110.3847905,0.001
1788428289.1964588,847.3186389340983,847.3186389340983,0.0,False,False,20.099055923102433,1.9989999999999999,-7.7715867,110.3776145,0.007,-7.7688458,110.3847905,0.001
1788428289.4023936,847.3186389340983,847.3186389340983,0.0,False,False,20.099055923102433,1.9989999999999999,-7.7715867,110.3776145,0.007,-7.7688458,110.3847905,0.001
1788428289.6025338,847.3186389340983,847.3186389340983,0.0,False,False,20.099055923102433,1.9989999999999999,-7.7715867,110.3776145,0.007,-7.7688458,110.3847905,0.001
1788428289.8069367,847.3186389340983,847.3186389340983,0.0,False,False,20.099055923102433,1.9989999999999999,-7.7715867,110.3776145,0.007,-7.7688458,110.3847905,0.001
1788428290.011975,847.3186389340983,847.3186389340983,0.0,False,False,20.099055923102433,1.9989999999999999,-7.7715867,110.3776145,0.007,-7.7688458,110.3847905,0.001
1788428290.2123528,847.3186389340983,847.3186389340983,0.0,False,False,20.099055923102433,1.9989999999999999,-7.7715867,110.3776145,0.007,-7.7688458,110.3847905,0.001
1788428290.4235787,847.3186389340983,847.3186389340983,0.0,False,False,20.099055923102433,1.9989999999999999,-7.7715867,110.3776145,0.007,-7.7688458,110.3847905,0.001
1788428290.624939,847.3186389340983,847.3186389340983,0.0,False,False,20.099055923102433,1.9989999999999999,-7.7715867,110.3776145,0.007,-7.7688458,110.3847905,0.001
1788428290.8377736,847.3186389340983,847.3186389340983,0.0,False,False,20.099055923102433,1.9989999999999999,-7.7715867,110.3776145,0.007,-7.7688458,110.3847905,0.001
1788428291.0471728,847.3186389340983,847.3186389340983,0.0,False,False,20.099055923102433,1.9989999999999999,-7.7715867,110.3776145,0.007,-7.7688458,110.3847905,0.001
1788428291.2622678,847.3186389340983,847.3186389340983,0.0,False,False,20.099055923102433,1.9989999999999999,-7.7715867,110.3776145,0.007,-7.7688458,110.3847905,0.001
1788428291.4662383,847.3186389340983,847.3186389340983,0.0,False,False,20.099055923102433,1.9989999999999999,-7.7715867,110.3776145,0.007,-7.7688458,110.3847905,0.001
1788428291.6706374,847.3186389340983,847.3186389340983,0.0,False,False,20.099055923102433,1.9989999999999999,-7.7715867,110.3776145,0.007,-7.7688458,110.3847905,0.001
1788428291.8779733,847.3186389340983,847.3186389340983,0.0,False,False,20.099055923102433,1.9989999999999999,-7.7715867,110.3776145,0.007,-7.7688458,110.3847905,0.001
1788428292.0840054,847.3186389340983,847.3186389340983,0.0,False,False,20.099055923102433,1.9989999999999999,-7.7715867,110.3776145,0.007,-7.7688458,110.3847905,0.001
1788428292.2878132,847.3186389340983,847.3186389340983,0.0,False,False,20.099055923102433,1.9989999999999999,-7.7715867,110.3776145,0.007,-7.7688458,110.3847905,0.001
1788428292.5033357,847.3186389340983,847.3186389340983,0.0,False,False,20.099055923102433,1.9989999999999999,-7.7715867,110.3776145,0.007,-7.7688458,110.3847905,0.001
1788428292.7074852,847.3186389340983,847.3186389340983,0.0,False,False,20.099055923102433,1.9989999999999999,-7.7715867,110.3776145,0.007,-7.7688458,110.3847905,0.001
1788428292.9154744,847.3186389340983,847.3186389340983,0.0,False,False,20.099055923102433,1.9989999999999999,-7.7715867,110.3776145,0.007,-7.7688458,110.3847905,0.001
1788428293.116645,847.3186389340983,847.3186389340983,0.0,False,False,20.099055923102433,1.9989999999999999,-7.7715867,110.3776145,0.007,-7.7688458,110.3847905,0.001
1788428293.3224118,847.3186389340983,847.3186389340983,0.0,False,False,20.099055923102433,1.9989999999999999,-7.7715867,110.3776145,0.007,-7.7688458,110.3847905,0.001
1788428293.5260205,847.3186389340983,847.3186389340983,0.0,False,False,20.099055923102433,1.9989999999999999,-7.7715867,110.3776145,0.007,-7.7688458,110.3847905,0.001
1788428293.7376108,847.3186389340983,847.3186389340983,0.0,False,False,20.099055923102433,1.9989999999999999,-7.7715867,110.3776145,0.007,-7.7688458,110.3847905,0.001
1788428293.940718,847.3186389340983,847.3186389340983,0.0,False,False,20.099055923102433,1.9989999999999999,-7.7715867,110.3776145,0.007,-7.7688458,110.3847905,0.001
1788428294.1435053,847.3186389340983,847.3186389340983,0.0,False,False,20.099055923102433,1.9989999999999999,-7.7715867,110.3776145,0.007,-7.7688458,110.3847905,0.001
1788428294.346576,847.3186389340983,847.3186389340983,0.0,False,False,20.099055923102433,1.9989999999999999,-7.7715867,110.3776145,0.007,-7.7688458,110.3847905,0.001
1788428294.558683,847.3186389340983,847.3186389340983,0.0,False,False,20.099055923102433,1.9989999999999999,-7.7715867,110.3776145,0.007,-7.7688458,110.3847905,0.001
1788428294.7639954,847.3186389340983,847.3186389340983,0.0,False,False,20.099055923102433,1.9989999999999999,-7.7715867,110.3776145,0.007,-7.7688458,110.3847905,0.001
1788428294.9723222,847.3186389417696,847.3186389417696,0.0,False,False,20.099055923102433,2.0,-7.7715867,110.3776145,0.007,-7.7688458,110.3847905,0
1788428295.1772094,847.3186389417696,847.3186389417696,0.0,False,False,20.099055923102433,2.0,-7.7715867,110.3776145,0.007,-7.7688458,110.3847905,0
1788428295.39236,847.3186389417696,847.3186389417696,0.0,False,False,20.099055923102433,2.0,-7.7715867,110.3776145,0.007,-7.7688458,110.3847905,0
1788428295.596417,847.3186389417696,847.3186389417696,0.0,False,False,20.099055923102433,2.0,-7.7715867,110.3776145,0.007,-7.7688458,110.3847905,0
1788428295.7991195,847.3186389417696,847.3186389417696,0.0,False,False,20.099055923102433,2.0,-7.7715867,110.3776145,0.007,-7.7688458,110.3847905,0
1788428296.0111227,847.3186389417696,847.3186389417696,0.0,False,False,20.099055923102433,2.0,-7.7715867,110.3776145,0.007,-7.7688458,110.3847905,0
1788428296.2156618,847.3186389417696,847.3186389417696,0.0,False,False,20.099055923102433,2.0,-7.7715867,110.3776145,0.007,-7.7688458,110.3847905,0
1788428296.4246113,847.3186389417696,847.3186389417696,0.0,False,False,20.099055923102433,2.0,-7.7715867,110.3776145,0.007,-7.7688458,110.3847905,0
1788428296.6291409,847.3186389417696,847.3186389417696,0.0,False,False,20.099055923102433,2.0,-7.7715867,110.3776145,0.007,-7.7688458,110.3847905,0
1788428296.8403876,847.3186389417696,847.3186389417696,0.0,False,False,20.099055923102433,2.0,-7.7715867,110.3776145,0.007,-7.7688458,110.3847905,0
1788428297.0555725,847.3186389417696,847.3186389417696,0.0,False,False,20.099055923102433,2.0,-7.7715867,110.3776145,0.007,-7.7688458,110.3847905,0
1788428297.2562432,847.3186389417696,847.3186389417696,0.0,False,False,20.099055923102433,2.0,-7.7715867,110.3776145,0.007,-7.7688458,110.3847905,0
1788428297.4621103,847.3186389417696,847.3186389417696,0.0,False,False,20.099055923102433,2.0,-7.7715867,110.3776145,0.007,-7.7688458,110.3847905,0
1788428297.6689036,847.3186389417696,847.3186389417696,0.0,False,False,20.099055923102433,2.0,-7.7715867,110.3776145,0.007,-7.7688458,110.3847905,0
1788428297.8730764,847.3186389417696,847.3186389417696,0.0,False,False,20.099055923102433,2.0,-7.7715867,110.3776145,0.007,-7.7688458,110.3847905,0
1788428298.0765595,847.3186389417696,847.3186389417696,0.0,False,False,20.099055923102433,2.0,-7.7715867,110.3776145,0.007,-7.7688458,110.3847905,0
1788428298.280722,847.3186389417696,847.3186389417696,0.0,False,False,20.099055923102433,2.0,-7.7715867,110.3776145,0.007,-7.7688458,110.3847905,0
1788428298.488875,847.3186389417696,847.3186389417696,0.0,False,False,20.099055923102433,2.0,-7.7715867,110.3776145,0.007,-7.7688458,110.3847905,0
1788428298.6946385,847.3186389417696,847.3186389417696,0.0,False,False,20.099055923102433,2.0,-7.7715867,110.3776145,0.007,-7.7688458,110.3847905,0
1788428298.9102137,847.3186389417696,847.3186389417696,0.0,False,False,20.099055923102433,2.0,-7.7715867,110.3776145,0.007,-7.7688458,110.3847905,0
1788428299.1134999,847.3186389417696,847.3186389417696,0.0,False,False,20.099055923102433,2.0,-7.7715867,110.3776145,0.007,-7.7688458,110.3847905,0
1788428299.3222368,847.3186389417696,847.3186389417696,0.0,False,False,20.099055923102433,2.0,-7.7715867,110.3776145,0.007,-7.7688458,110.3847905,0
1788428299.5249023,847.3186389417696,847.3186389417696,0.0,False,False,20.099055923102433,2.0,-7.7715867,110.3776145,0.007,-7.7688458,110.3847905,0
1788428299.7293687,847.3186389417696,847.3186389417696,0.0,False,False,20.099055923102433,2.0,-7.7715867,110.3776145,0.007,-7.7688458,110.3847905,0
1788428299.9419172,847.3186389417696,847.3186389417696,0.0,False,False,20.099055923102433,2.0,-7.7715867,110.3776145,0.007,-7.7688458,110.3847905,0
1788428300.145106,847.3186389417696,847.3186389417696,0.0,False,False,20.099055923102433,2.0,-7.7715867,110.3776145,0.007,-7.7688458,110.3847905,0
1788428300.3465223,847.3186389417696,847.3186389417696,0.0,False,False,20.099055923102433,2.0,-7.7715867,110.3776145,0.007,-7.7688458,110.3847905,0
1788428300.5506275,847.3186389417696,847.3186389417696,0.0,False,False,20.099055923102433,2.0,-7.7715867,110.3776145,0.007,-7.7688458,110.3847905,0
1788428300.7542243,847.3186389417696,847.3186389417696,0.0,False,False,20.099055923102433,2.0,-7.7715867,110.3776145,0.007,-7.7688458,110.3847905,0
1788428300.9637997,847.3186389417696,847.3186389417696,0.0,False,False,20.099055923102433,2.0,-7.7715867,110.3776145,0.007,-7.7688458,110.3847905,0
1788428301.1688955,847.3186389417696,847.3186389417696,0.0,False,False,20.099055923102433,2.0,-7.7715867,110.3776145,0.007,-7.7688458,110.3847905,0
1788428301.3703122,847.3186389417696,847.3186389417696,0.0,False,False,20.099055923102433,2.0,-7.7715867,110.3776145,0.007,-7.7688458,110.3847905,0
1788428301.5733263,847.3186389417696,847.3186389417696,0.0,False,False,20.099055923102433,2.0,-7.7715867,110.3776145,0.007,-7.7688458,110.3847905,0
1788428301.7784863,847.3186389417696,847.3186389417696,0.0,False,False,20.099055923102433,2.0,-7.7715867,110.3776145,0.007,-7.7688458,110.3847905,0
1788428301.9883597,847.3186389417696,847.3186389417696,0.0,False,False,20.099055923102433,2.0,-7.7715867,110.3776145,0.007,-7.7688458,110.3847905,0
1788428302.1932316,847.3186389417696,847.3186389417696,0.0,False,False,20.099055923102433,2.0,-7.7715867,110.3776145,0.007,-7.7688458,110.3847905,0
1788428302.4036252,847.3186389417696,847.3186389417696,0.0,False,False,20.099055923102433,2.0,-7.7715867,110.3776145,0.007,-7.7688458,110.3847905,0
1788428302.6050754,847.3186389417696,847.3186389417696,0.0,False,False,20.099055923102433,2.0,-7.7715867,110.3776145,0.007,-7.7688458,110.3847905,0
1788428302.8047948,847.3186389417696,847.3186389417696,0.0,False,False,20.099055923102433,2.0,-7.7715867,110.3776145,0.007,-7.7688458,110.3847905,0
1788428303.0097308,847.3186389417696,847.3186389417696,0.0,False,False,20.099055923102433,2.0,-7.7715867,110.3776145,0.007,-7.7688458,110.3847905,0
1788428303.2135203,847.3186389417696,847.3186389417696,0.0,False,False,20.099055923102433,2.0,-7.7715867,110.3776145,0.007,-7.7688458,110.3847905,0
1788428303.4258037,847.3186389417696,847.3186389417696,0.0,False,False,20.099055923102433,2.0,-7.7715867,110.3776145,0.007,-7.7688458,110.3847905,0
1788428303.6300461,847.3186389417696,847.3186389417696,0.0,False,False,20.099055923102433,2.0,-7.7715867,110.3776145,0.007,-7.7688458,110.3847905,0
1788428303.8389678,847.3186389417696,847.3186389417696,0.0,False,False,20.099055923102433,2.0,-7.7715867,110.3776145,0.007,-7.7688458,110.3847905,0
1788428304.0426583,847.3186389417696,847.3186389417696,0.0,False,False,20.099055923102433,2.0,-7.7715867,110.3776145,0.007,-7.7688458,110.3847905,0
1788428304.2472076,847.3186389417696,847.3186389417696,0.0,False,False,20.099055923102433,2.0,-7.7715867,110.3776145,0.007,-7.7688458,110.3847905,0
1788428304.4569058,847.3186389417696,847.3186389417696,0.0,False,False,20.099055923102433,2.0,-7.7715867,110.3776145,0.007,-7.7688458,110.3847905,0
1788428304.6606894,847.3186389417696,847.3186389417696,0.0,False,False,20.099055923102433,2.0,-7.7715867,110.3776145,0.007,-7.7688458,110.3847905,0
1788428304.8613875,847.3186389417696,847.3186389417696,0.0,False,False,20.099055923102433,2.0,-7.7715867,110.3776145,0.007,-7.7688458,110.3847905,0
1788428305.0621245,847.3186389417696,847.3186389417696,0.0,False,False,20.099055923102433,2.0,-7.7715867,110.3776145,0.007,-7.7688458,110.3847905,0
1788428305.2706041,847.3186389417696,847.3186389417696,0.0,False,False,20.099055923102433,2.0,-7.7715867,110.3776145,0.007,-7.7688458,110.3847905,0
1788428305.470994,847.3186389417696,847.3186389417696,0.0,False,False,20.099055923102433,2.0,-7.7715867,110.3776145,0.007,-7.7688458,110.3847905,0
1788428305.6727939,847.3186389417696,847.3186389417696,0.0,False,False,20.099055923102433,2.0,-7.7715867,110.3776145,0.007,-7.7688458,110.3847905,0
1788428305.8775485,847.3186389417696,847.3186389417696,0.0,False,False,20.099055923102433,2.0,-7.7715867,110.3776145,0.007,-7.7688458,110.3847905,0
1788428306.0791483,847.3186389417696,847.3186389417696,0.0,False,False,20.099055923102433,2.0,-7.7715867,110.3776145,0.007,-7.7688458,110.3847905,0
1788428306.2847064,847.3186389417696,847.3186389417696,0.0,False,False,20.099055923102433,2.0,-7.7715867,110.3776145,0.007,-7.7688458,110.3847905,0
1788428306.4904907,847.3186389417696,847.3186389417696,0.0,False,False,20.099055923102433,2.0,-7.7715867,110.3776145,0.007,-7.7688458,110.3847905,0
1788428306.6938002,847.3186389417696,847.3186389417696,0.0,False,False,20.099055923102433,2.0,-7.7715867,110.3776145,0.007,-7.7688458,110.3847905,0
1788428306.8948963,847.3186389417696,847.3186389417696,0.0,False,False,20.099055923102433,2.0,-7.7715867,110.3776145,0.007,-7.7688458,110.3847905,0
1788428307.095232,847.3186389417696,847.3186389417696,0.0,False,False,20.099055923102433,2.0,-7.7715867,110.3776145,0.007,-7.7688458,110.3847905,0
1788428307.2987506,847.3186389417696,847.3186389417696,0.0,False,False,20.099055923102433,2.0,-7.7715867,110.3776145,0.007,-7.7688458,110.3847905,0
1788428307.511376,847.3186389417696,847.3186389417696,0.0,False,False,20.099055923102433,2.0,-7.7715867,110.3776145,0.007,-7.7688458,110.3847905,0
1788428307.7120879,847.3186389417696,847.3186389417696,0.0,False,False,20.099055923102433,2.0,-7.7715867,110.3776145,0.007,-7.7688458,110.3847905,0
1788428307.9128227,847.3186389417696,847.3186389417696,0.0,False,False,20.099055923102433,2.0,-7.7715867,110.3776145,0.007,-7.7688458,110.3847905,0
1788428308.1206653,847.3186389417696,847.3186389417696,0.0,False,False,20.099055923102433,2.0,-7.7715867,110.3776145,0.007,-7.7688458,110.3847905,0
1788428308.3244462,847.3186389417696,847.3186389417696,0.0,False,False,20.099055923102433,2.0,-7.7715867,110.3776145,0.007,-7.7688458,110.3847905,0
1788428308.5373309,847.3186389417696,847.3186389417696,0.0,False,False,20.099055923102433,2.0,-7.7715867,110.3776145,0.007,-7.7688458,110.3847905,0
1788428308.74172,847.3186389417696,847.3186389417696,0.0,False,False,20.099055923102433,2.0,-7.7715867,110.3776145,0.007,-7.7688458,110.3847905,0
1788428308.956692,847.3186389417696,847.3186389417696,0.0,False,False,20.099055923102433,2.0,-7.7715867,110.3776145,0.007,-7.7688458,110.3847905,0
1788428309.161346,847.3186389417696,847.3186389417696,0.0,False,False,20.099055923102433,2.0,-7.7715867,110.3776145,0.007,-7.7688458,110.3847905,0
1788428309.3616529,847.3186389417696,847.3186389417696,0.0,False,False,20.099055923102433,2.0,-7.7715867,110.3776145,0.007,-7.7688458,110.3847905,0
1788428309.574206,847.3186389417696,847.3186389417696,0.0,False,False,20.099055923102433,2.0,-7.7715867,110.3776145,0.007,-7.7688458,110.3847905,0
1788428309.780391,847.3186389417696,847.3186389417696,0.0,False,False,20.099055923102433,2.0,-7.7715867,110.3776145,0.007,-7.7688458,110.3847905,0
1788428309.9886038,847.3186389417696,847.3186389417696,0.0,False,False,20.099055923102433,2.0,-7.7715867,110.3776145,0.007,-7.7688458,110.3847905,0
1788428310.1961036,847.3186389417696,847.3186389417696,0.0,False,False,20.099055923102433,2.0,-7.7715867,110.3776145,0.007,-7.7688458,110.3847905,0
1788428310.4022677,847.3186389417696,847.3186389417696,0.0,False,False,20.099055923102433,2.0,-7.7715867,110.3776145,0.007,-7.7688458,110.3847905,0
1788428310.6052818,847.3186389417696,847.3186389417696,0.0,False,False,20.099055923102433,2.0,-7.7715867,110.3776145,0.007,-7.7688458,110.3847905,0
1788428310.8060336,847.3186389417696,847.3186389417696,0.0,False,False,20.099055923102433,2.0,-7.7715867,110.3776145,0.007,-7.7688458,110.3847905,0
1788428311.012929,847.3186389417696,847.3186389417696,0.0,False,False,20.099055923102433,2.0,-7.7715867,110.3776145,0.007,-7.7688458,110.3847905,0
1788428311.2160985,847.3186389340983,847.3186389340983,0.0,False,False,20.099055923102433,1.9989999999999999,-7.7715867,110.3776145,0.007,-7.7688458,110.3847905,0.001
1788428311.4198225,847.3186389340983,847.3186389340983,0.0,False,False,20.099055923102433,1.9989999999999999,-7.7715867,110.3776145,0.007,-7.7688458,110.3847905,0.001
1788428311.6229594,847.3186389340983,847.3186389340983,0.0,False,False,20.099055923102433,1.9989999999999999,-7.7715867,110.3776145,0.007,-7.7688458,110.3847905,0.001
1788428311.8262987,847.3186389340983,847.3186389340983,0.0,False,False,20.099055923102433,1.9989999999999999,-7.7715867,110.3776145,0.007,-7.7688458,110.3847905,0.001
1788428312.035331,847.3186389340983,847.3186389340983,0.0,False,False,20.099055923102433,1.9989999999999999,-7.7715867,110.3776145,0.007,-7.7688458,110.3847905,0.001
1788428312.2389755,847.3186389340983,847.3186389340983,0.0,False,False,20.099055923102433,1.9989999999999999,-7.7715867,110.3776145,0.007,-7.7688458,110.3847905,0.001
1788428312.4481814,847.3186389340983,847.3186389340983,0.0,False,False,20.099055923102433,1.9989999999999999,-7.7715867,110.3776145,0.007,-7.7688458,110.3847905,0.001
1788428312.6528668,847.3186389340983,847.3186389340983,0.0,False,False,20.099055923102433,1.9989999999999999,-7.7715867,110.3776145,0.007,-7.7688458,110.3847905,0.001
1788428312.853384,847.3186389340983,847.3186389340983,0.0,False,False,20.099055923102433,1.9989999999999999,-7.7715867,110.3776145,0.007,-7.7688458,110.3847905,0.001
1788428313.0681376,847.3186389340983,847.3186389340983,0.0,False,False,20.099055923102433,1.9989999999999999,-7.7715867,110.3776145,0.007,-7.7688458,110.3847905,0.001
1788428313.2724905,847.3186389340983,847.3186389340983,0.0,False,False,20.099055923102433,1.9989999999999999,-7.7715867,110.3776145,0.007,-7.7688458,110.3847905,0.001
1788428313.4733763,847.3186389340983,847.3186389340983,0.0,False,False,20.099055923102433,1.9989999999999999,-7.7715867,110.3776145,0.007,-7.7688458,110.3847905,0.001
1788428313.6777718,847.3186389340983,847.3186389340983,0.0,False,False,20.099055923102433,1.9989999999999999,-7.7715867,110.3776145,0.007,-7.7688458,110.3847905,0.001
1788428313.8790429,847.3186389340983,847.3186389340983,0.0,False,False,20.099055923102433,1.9989999999999999,-7.7715867,110.3776145,0.007,-7.7688458,110.3847905,0.001
1788428314.086962,847.3186389340983,847.3186389340983,0.0,False,False,20.099055923102433,1.9989999999999999,-7.7715867,110.3776145,0.007,-7.7688458,110.3847905,0.001
1788428314.2910748,847.3186389340983,847.3186389340983,0.0,False,False,20.099055923102433,1.9989999999999999,-7.7715867,110.3776145,0.007,-7.7688458,110.3847905,0.001
1788428314.4932263,847.3186389340983,847.3186389340983,0.0,False,False,20.099055923102433,1.9989999999999999,-7.7715867,110.3776145,0.007,-7.7688458,110.3847905,0.001
1788428314.698215,847.3186389340983,847.3186389340983,0.0,False,False,20.099055923102433,1.9989999999999999,-7.7715867,110.3776145,0.007,-7.7688458,110.3847905,0.001
1788428314.9144247,847.3186389340983,847.3186389340983,0.0,False,False,20.099055923102433,1.9989999999999999,-7.7715867,110.3776145,0.007,-7.7688458,110.3847905,0.001
1788428315.1179721,847.3186389340983,847.3186389340983,0.0,False,False,20.099055923102433,1.9989999999999999,-7.7715867,110.3776145,0.007,-7.7688458,110.3847905,0.001
1788428315.3220499,847.3186389340983,847.3186389340983,0.0,False,False,20.099055923102433,1.9989999999999999,-7.7715867,110.3776145,0.007,-7.7688458,110.3847905,0.001
1788428315.5224497,847.3186389340983,847.3186389340983,0.0,False,False,20.099055923102433,1.9989999999999999,-7.7715867,110.3776145,0.007,-7.7688458,110.3847905,0.001
1788428315.7245817,847.3186389340983,847.3186389340983,0.0,False,False,20.099055923102433,1.9989999999999999,-7.7715867,110.3776145,0.007,-7.7688458,110.3847905,0.001
1788428315.9264479,847.3186389276073,847.3186389276073,0.0,False,False,20.09915510662075,1.9989999999999999,-7.7715867,110.3776145,0.006,-7.7688458,110.3847905,0.001
1788428316.1351883,847.3186389276073,847.3186389276073,0.0,False,False,20.09915510662075,1.9989999999999999,-7.7715867,110.3776145,0.006,-7.7688458,110.3847905,0.001
1788428316.3369,847.3186389276073,847.3186389276073,0.0,False,False,20.09915510662075,1.9989999999999999,-7.7715867,110.3776145,0.006,-7.7688458,110.3847905,0.001
1788428316.5373611,847.3186389276073,847.3186389276073,0.0,False,False,20.09915510662075,1.9989999999999999,-7.7715867,110.3776145,0.006,-7.7688458,110.3847905,0.001
1788428316.7487721,847.3186389276073,847.3186389276073,0.0,False,False,20.09915510662075,1.9989999999999999,-7.7715867,110.3776145,0.006,-7.7688458,110.3847905,0.001
1788428316.952849,847.3186389276073,847.3186389276073,0.0,False,False,20.09915510662075,1.9989999999999999,-7.7715867,110.3776145,0.006,-7.7688458,110.3847905,0.001
1788428317.1550546,847.3186389276073,847.3186389276073,0.0,False,False,20.09915510662075,1.9989999999999999,-7.7715867,110.3776145,0.006,-7.7688458,110.3847905,0.001
1788428317.3555489,847.3186389276073,847.3186389276073,0.0,False,False,20.09915510662075,1.9989999999999999,-7.7715867,110.3776145,0.006,-7.7688458,110.3847905,0.001
1788428317.5588467,847.3186389276073,847.3186389276073,0.0,False,False,20.09915510662075,1.9989999999999999,-7.7715867,110.3776145,0.006,-7.7688458,110.3847905,0.001
1788428317.774087,847.3186389276073,847.3186389276073,0.0,False,False,20.09915510662075,1.9989999999999999,-7.7715867,110.3776145,0.006,-7.7688458,110.3847905,0.001
1788428317.975415,847.3186389276073,847.3186389276073,0.0,False,False,20.09915510662075,1.9989999999999999,-7.7715867,110.3776145,0.006,-7.7688458,110.3847905,0.001
1788428318.184102,847.3186389276073,847.3186389276073,0.0,False,False,20.09915510662075,1.9989999999999999,-7.7715867,110.3776145,0.006,-7.7688458,110.3847905,0.001
1788428318.3848972,847.3186389276073,847.3186389276073,0.0,False,False,20.09915510662075,1.9989999999999999,-7.7715867,110.3776145,0.006,-7.7688458,110.3847905,0.001
1788428318.587884,847.3186389276073,847.3186389276073,0.0,False,False,20.09915510662075,1.9989999999999999,-7.7715867,110.3776145,0.006,-7.7688458,110.3847905,0.001
1788428318.7969244,847.3186389276073,847.3186389276073,0.0,False,False,20.09915510662075,1.9989999999999999,-7.7715867,110.3776145,0.006,-7.7688458,110.3847905,0.001
1788428319.0027108,847.3186389276073,847.3186389276073,0.0,False,False,20.09915510662075,1.9989999999999999,-7.7715867,110.3776145,0.006,-7.7688458,110.3847905,0.001
1788428319.2041855,847.3186389276073,847.3186389276073,0.0,False,False,20.09915510662075,1.9989999999999999,-7.7715867,110.3776145,0.006,-7.7688458,110.3847905,0.001
1788428319.405882,847.3186389276073,847.3186389276073,0.0,False,False,20.09915510662075,1.9989999999999999,-7.7715867,110.3776145,0.006,-7.7688458,110.3847905,0.001
1788428319.6067302,847.3186389276073,847.3186389276073,0.0,False,False,20.09915510662075,1.9989999999999999,-7.7715867,110.3776145,0.006,-7.7688458,110.3847905,0.001
1788428319.808085,847.3186389276073,847.3186389276073,0.0,False,False,20.09915510662075,1.9989999999999999,-7.7715867,110.3776145,0.006,-7.7688458,110.3847905,0.001
1788428320.0098479,847.3186389276073,847.3186389276073,0.0,False,False,20.09915510662075,1.9989999999999999,-7.7715867,110.3776145,0.006,-7.7688458,110.3847905,0.001
1788428320.2110856,847.3186389276073,847.3186389276073,0.0,False,False,20.09915510662075,1.9989999999999999,-7.7715867,110.3776145,0.006,-7.7688458,110.3847905,0.001
1788428320.4260502,847.3186389276073,847.3186389276073,0.0,False,False,20.09915510662075,1.9989999999999999,-7.7715867,110.3776145,0.006,-7.7688458,110.3847905,0.001
1788428320.6272855,847.3186389276073,847.3186389276073,0.0,False,False,20.09915510662075,1.9989999999999999,-7.7715867,110.3776145,0.006,-7.7688458,110.3847905,0.001
1788428320.8297343,847.3186389276073,847.3186389276073,0.0,False,False,20.09915510662075,1.9989999999999999,-7.7715867,110.3776145,0.006,-7.7688458,110.3847905,0.001
1788428321.0416827,847.3186389276073,847.3186389276073,0.0,False,False,20.09915510662075,1.9989999999999999,-7.7715867,110.3776145,0.006,-7.7688458,110.3847905,0.001
1788428321.2445176,847.3186389276073,847.3186389276073,0.0,False,False,20.09915510662075,1.9989999999999999,-7.7715867,110.3776145,0.006,-7.7688458,110.3847905,0.001
1788428321.4485536,847.3186389276073,847.3186389276073,0.0,False,False,20.09915510662075,1.9989999999999999,-7.7715867,110.3776145,0.006,-7.7688458,110.3847905,0.001
1788428321.6541166,847.3186389340983,847.3186389340983,0.0,False,False,20.099055923102433,1.9989999999999999,-7.7715867,110.3776145,0.007,-7.7688458,110.3847905,0.001
1788428321.8548994,847.3186389340983,847.3186389340983,0.0,False,False,20.099055923102433,1.9989999999999999,-7.7715867,110.3776145,0.007,-7.7688458,110.3847905,0.001
1788428322.0651538,847.3186389340983,847.3186389340983,0.0,False,False,20.099055923102433,1.9989999999999999,-7.7715867,110.3776145,0.007,-7.7688458,110.3847905,0.001
1788428322.2694986,847.3186389340983,847.3186389340983,0.0,False,False,20.099055923102433,1.9989999999999999,-7.7715867,110.3776145,0.007,-7.7688458,110.3847905,0.001
1788428322.4736588,847.3186389340983,847.3186389340983,0.0,False,False,20.099055923102433,1.9989999999999999,-7.7715867,110.3776145,0.007,-7.7688458,110.3847905,0.001
1788428322.6782262,847.3186389340983,847.3186389340983,0.0,False,False,20.099055923102433,1.9989999999999999,-7.7715867,110.3776145,0.007,-7.7688458,110.3847905,0.001
1788428322.882182,847.3186389340983,847.3186389340983,0.0,False,False,20.099055923102433,1.9989999999999999,-7.7715867,110.3776145,0.007,-7.7688458,110.3847905,0.001
1788428323.0868316,847.3186389340983,847.3186389340983,0.0,False,False,20.099055923102433,1.9989999999999999,-7.7715867,110.3776145,0.007,-7.7688458,110.3847905,0.001
1788428323.2914405,847.3186389340983,847.3186389340983,0.0,False,False,20.099055923102433,1.9989999999999999,-7.7715867,110.3776145,0.007,-7.7688458,110.3847905,0.001
1788428323.4952934,847.3186389340983,847.3186389340983,0.0,False,False,20.099055923102433,1.9989999999999999,-7.7715867,110.3776145,0.007,-7.7688458,110.3847905,0.001
1788428323.699844,847.3186389340983,847.3186389340983,0.0,False,False,20.099055923102433,1.9989999999999999,-7.7715867,110.3776145,0.007,-7.7688458,110.3847905,0.001
1788428323.9030807,847.3186389340983,847.3186389340983,0.0,False,False,20.099055923102433,1.9989999999999999,-7.7715867,110.3776145,0.007,-7.7688458,110.3847905,0.001
1788428324.1035554,847.3186389340983,847.3186389340983,0.0,False,False,20.099055923102433,1.9989999999999999,-7.7715867,110.3776145,0.007,-7.7688458,110.3847905,0.001
1788428324.31085,847.3186389340983,847.3186389340983,0.0,False,False,20.099055923102433,1.9989999999999999,-7.7715867,110.3776145,0.007,-7.7688458,110.3847905,0.001
1788428324.5156684,847.3186389340983,847.3186389340983,0.0,False,False,20.099055923102433,1.9989999999999999,-7.7715867,110.3776145,0.007,-7.7688458,110.3847905,0.001
1788428324.7159407,847.3186389340983,847.3186389340983,0.0,False,False,20.099055923102433,1.9989999999999999,-7.7715867,110.3776145,0.007,-7.7688458,110.3847905,0.001
1788428324.9231205,847.3186389340983,847.3186389340983,0.0,False,False,20.099055923102433,1.9989999999999999,-7.7715867,110.3776145,0.007,-7.7688458,110.3847905,0.001
1788428325.1272206,847.3186389340983,847.3186389340983,0.0,False,False,20.099055923102433,1.9989999999999999,-7.7715867,110.3776145,0.007,-7.7688458,110.3847905,0.001
1788428325.3320796,847.3186389340983,847.3186389340983,0.0,False,False,20.099055923102433,1.9989999999999999,-7.7715867,110.3776145,0.007,-7.7688458,110.3847905,0.001
1788428325.5352042,847.3186389340983,847.3186389340983,0.0,False,False,20.099055923102433,1.9989999999999999,-7.7715867,110.3776145,0.007,-7.7688458,110.3847905,0.001
1788428325.7394216,847.3186389340983,847.3186389340983,0.0,False,False,20.099055923102433,1.9989999999999999,-7.7715867,110.3776145,0.007,-7.7688458,110.3847905,0.001
1788428325.9439628,847.3186389340983,847.3186389340983,0.0,False,False,20.099055923102433,1.9989999999999999,-7.7715867,110.3776145,0.007,-7.7688458,110.3847905,0.001
1788428326.1483395,847.3186389340983,847.3186389340983,0.0,False,False,20.099055923102433,1.9989999999999999,-7.7715867,110.3776145,0.007,-7.7688458,110.3847905,0.001
1788428326.3525207,847.3186389340983,847.3186389340983,0.0,False,False,20.099055923102433,1.9989999999999999,-7.7715867,110.3776145,0.007,-7.7688458,110.3847905,0.001
1788428326.5566385,847.3186389340983,847.3186389340983,0.0,False,False,20.099055923102433,1.9989999999999999,-7.7715867,110.3776145,0.007,-7.7688458,110.3847905,0.001
1788428326.7605412,847.3186389340983,847.3186389340983,0.0,False,False,20.099055923102433,1.9989999999999999,-7.7715867,110.3776145,0.007,-7.7688458,110.3847905,0.001
1788428326.965082,847.3186389340983,847.3186389340983,0.0,False,False,20.099055923102433,1.9989999999999999,-7.7715867,110.3776145,0.007,-7.7688458,110.3847905,0.001
1788428327.1691458,847.3186389340983,847.3186389340983,0.0,False,False,20.099055923102433,1.9989999999999999,-7.7715867,110.3776145,0.007,-7.7688458,110.3847905,0.001
1788428327.3731015,847.3186389340983,847.3186389340983,0.0,False,False,20.099055923102433,1.9989999999999999,-7.7715867,110.3776145,0.007,-7.7688458,110.3847905,0.001
1788428327.5796278,847.3186389340983,847.3186389340983,0.0,False,False,20.099055923102433,1.9989999999999999,-7.7715867,110.3776145,0.007,-7.7688458,110.3847905,0.001
1788428327.7834275,847.3186389340983,847.3186389340983,0.0,False,False,20.099055923102433,1.9989999999999999,-7.7715867,110.3776145,0.007,-7.7688458,110.3847905,0.001
1788428327.985084,847.3186389340983,847.3186389340983,0.0,False,False,20.099055923102433,1.9989999999999999,-7.7715867,110.3776145,0.007,-7.7688458,110.3847905,0.001
