timestamp,d_ij,d_cpa,t_cpa,uav3_avoid,uav4_avoid,uav3_offset,uav4_offset,uav3_lat,uav3_lon,uav3_alt,uav4_lat,uav4_lon,uav4_alt
1788935971.523105,0.0,0.0,0.0,True,True,1.999,1.999,-7.7688458,110.3847905,0.001,-7.7688458,110.3847905,0.001
1788935971.7351604,0.0,0.0,0.0,True,True,1.999,1.999,-7.7688458,110.3847905,0.001,-7.7688458,110.3847905,0.001
1788935971.937054,0.0,0.0,0.0,True,True,1.999,1.999,-7.7688458,110.3847905,0.001,-7.7688458,110.3847905,0.001
1788935972.1399517,0.0,0.0,0.0,True,True,1.999,1.999,-7.7688458,110.3847905,0.001,-7.7688458,110.3847905,0.001
1788935972.3555377,0.0,0.0,0.0,True,True,1.999,1.999,-7.7688458,110.3847905,0.001,-7.7688458,110.3847905,0.001
1788935972.5656354,0.0,0.0,0.0,True,True,1.999,1.999,-7.7688458,110.3847905,0.001,-7.7688458,110.3847905,0.001
1788935972.781044,0.0,0.0,0.0,True,True,1.999,1.999,-7.7688458,110.3847905,0.001,-7.7688458,110.3847905,0.001
1788935972.982503,0.0,0.0,0.0,True,True,1.999,1.999,-7.7688458,110.3847905,0.001,-7.7688458,110.3847905,0.001
1788935973.1882496,0.0,0.0,0.0,True,True,1.999,1.999,-7.7688458,110.3847905,0.001,-7.7688458,110.3847905,0.001
1788935973.3902574,0.0,0.0,0.0,True,True,1.999,1.999,-7.7688458,110.3847905,0.001,-7.7688458,110.3847905,0.001
1788935973.6050546,0.0,0.0,0.0,True,True,1.999,1.999,-7.7688458,110.3847905,0.001,-7.7688458,110.3847905,0.001
1788935973.8080928,0.0,0.0,0.0,True,True,1.999,1.999,-7.7688458,110.3847905,0.001,-7.7688458,110.3847905,0.001
1788935974.010293,0.0,0.0,0.0,True,True,1.999,1.999,-7.7688458,110.3847905,0.001,-7.7688458,110.3847905,0.001
1788935974.2118292,0.0,0.0,0.0,True,True,1.999,1.999,-7.7688458,110.3847905,0.001,-7.7688458,110.3847905,0.001
1788935974.4131594,0.0,0.0,0.0,True,True,1.999,1.999,-7.7688458,110.3847905,0.001,-7.7688458,110.3847905,0.001
1788935974.613971,0.0,0.0,0.0,True,True,1.999,1.999,-7.7688458,110.3847905,0.001,-7.7688458,110.3847905,0.001
1788935974.8289118,0.002,0.002,0.0,True,True,1.9989999999999999,3.0,-7.7688458,110.3847905,0.001,-7.7688458,110.3847905,0.003
1788935975.0293021,0.002,0.002,0.0,True,True,1.9989999999999999,5.1,-7.7688458,110.3847905,0.001,-7.7688458,110.3847905,0.003
1788935975.244536,0.002,0.002,0.0,True,True,1.9989999999999999,6.569999999999999,-7.7688458,110.3847905,0.001,-7.7688458,110.3847905,0.003
1788935975.4454265,0.259,0.259,0.0,True,True,1.9989999999999999,7.598999999999999,-7.7688458,110.3847905,0.001,-7.7688458,110.3847905,0.26
1788935975.649248,0.127,0.127,0.0,True,True,1.613,2.3192999999999993,-7.7688458,110.3847905,0.387,-7.7688458,110.3847905,0.26
1788935975.8510377,0.12399204389617527,0.015653336690656536,6.149999999999994,True,True,6.1558691279217435,6.171783858820722,-7.7688459,110.3847906,0.677,-7.7688458,110.3847905,0.554
1788935976.0650437,0.16899999999999993,0.16899999999999993,0.0,True,True,4.403445128532884,4.667671487245969,-7.7688459,110.3847906,0.677,-7.7688459,110.3847906,0.846
1788935976.2656353,0.20699999999999996,0.20699999999999996,0.0,True,True,3.1096252185753825,5.313080686879882,-7.7688459,110.3847906,0.987,-7.7688459,110.3847906,1.194
1788935976.4669116,0.2470000000000001,0.2470000000000001,0.0,True,True,2.1549211122451783,6.435783441726037,-7.7688459,110.3847906,1.361,-7.7688459,110.3847906,1.608
1788935976.6680515,0.18899999999999983,0.18899999999999983,0.0,True,True,1.4548324164658961,1.9194876043646565,-7.7688459,110.3847906,1.797,-7.7688459,110.3847906,1.608
1788935976.8705187,0.2150000000000003,0.2150000000000003,0.0,True,True,2.340438431324715,1.0117484353336057,-7.7688459,110.3847906,2.297,-7.7688459,110.3847906,2.082
1788935977.0814953,0.22627338137264033,0.22627338137264033,0.0,True,True,7.910240550840357,6.549239831799757,-7.768846,110.3847906,2.84,-7.7688459,110.3847906,2.614
1788935977.2835312,0.31519261380837105,0.01101743161326524,3.1499999999999964,True,True,7.257919450959536,7.257919450959536,-7.768846,110.3847906,2.84,-7.768846,110.3847907,3.155
1788935977.4866538,0.2809999999999997,0.0,1.6529411764705872,True,True,5.259869867816564,5.8519510742172836,-7.768846,110.3847907,3.365,-7.768846,110.3847907,3.646
1788935977.688717,0.2360000000000002,2.7755575615628914e-17,1.311111111111113,True,True,3.9985889952480327,6.163083476212983,-7.768846,110.3847907,3.829,-7.768846,110.3847907,4.065
1788935977.9035635,0.15199999999999925,0.0,1.1692307692307644,True,True,2.5435394817723314,2.5435394817723314,-7.768846,110.3847907,4.217,-7.768846,110.3847907,4.065
1788935978.1167674,0.1200000000000001,1.3877787807814457e-17,0.9230769230769248,True,True,3.1576006225965805,2.9689920606151463,-7.768846,110.3847907,4.524,-7.768846,110.3847907,4.404
1788935978.3174767,0.14400000000000013,0.0,0.9000000000000006,True,True,1.6808562331196273,1.6808562331196273,-7.768846,110.3847907,4.524,-7.768846,110.3847907,4.668
1788935978.5188468,0.10499999999999954,0.006984496104996231,0.6969026548672536,True,True,2.8852048549842326,3.9041284475080094,-7.768846,110.3847907,4.756,-7.768846,110.3847907,4.861
1788935978.7343976,0.0649999999999995,0.0,0.43333333333332996,True,True,2.981507641623621,5.698172539438595,-7.768846,110.3847907,4.921,-7.768846,110.3847907,4.986
1788935978.9375815,0.02800000000000047,3.469446951953614e-18,0.20000000000000331,True,True,3.048836161613054,6.979271562962742,-7.768846,110.3847907,5.02,-7.768846,110.3847907,5.048
1788935979.1381414,0.009999999999999787,0.0,0.09999999999999787,True,True,1.8994148529975894,1.8994148529975894,-7.768846,110.3847907,5.058,-7.768846,110.3847907,5.048
1788935979.339358,0.008000000000000007,0.008000000000000007,0.0,True,True,3.048898484023418,4.318561832011975,-7.768846,110.3847907,5.042,-7.768846,110.3847907,5.05
1788935979.5407913,0.019999999999999574,0.019999999999999574,0.0,True,True,0.1448185571258141,0.1448185571258141,-7.768846,110.3847907,5.042,-7.768846,110.3847907,5.022
1788935979.7439013,0.01699999999999946,0.0,0.8499999999999729,True,True,2.98797846434682,2.98797846434682,-7.768846,110.3847907,5.012,-7.768846,110.3847907,4.995
1788935979.944759,0.009999999999999787,1.734723475976807e-18,0.3333333333333262,True,True,5.090888397212913,2.976830423733917,-7.768846,110.3847907,4.986,-7.768846,110.3847907,4.976
1788935980.1583726,0.004999999999999893,0.0,0.24999999999999467,True,True,0.5654280394198233,0.5654280394198242,-7.768846,110.3847907,4.971,-7.768846,110.3847907,4.976
1788935980.358837,0.0019999999999997797,0.0019999999999997797,0.0,True,True,2.605930338639182,2.6059303386391823,-7.768846,110.3847907,4.965,-7.768846,110.3847907,4.967
1788935980.5594702,0.001000000000000334,0.001000000000000334,0.0,True,True,2.965098073037948,4.82405209806728,-7.768846,110.3847907,4.965,-7.768846,110.3847907,4.966
1788935980.7631514,0.0039999999999995595,0.0039999999999995595,0.0,True,True,2.9660480399918243,6.376816617439847,-7.768846,110.3847907,4.966,-7.768846,110.3847907,4.97
1788935980.9642856,0.004000000000000448,0.004000000000000448,0.0,True,True,2.970023507990177,7.463765345322312,-7.768846,110.3847907,4.97,-7.768846,110.3847907,4.974
1788935981.1653259,0.0009999999999994458,0.0009999999999994458,0.0,True,True,2.2246445720261776,2.2246445720261776,-7.768846,110.3847907,4.975,-7.768846,110.3847907,4.974
1788935981.3671389,0.0019999999999997797,0.0019999999999997797,0.0,True,True,2.9770056310136916,4.557244113991942,-7.768846,110.3847907,4.977,-7.768846,110.3847907,4.979
1788935981.5689425,0.0030000000000001137,0.0030000000000001137,0.0,True,True,2.97700275919804,6.190069631872398,-7.768846,110.3847907,4.977,-7.768846,110.3847907,4.98
1788935981.7700603,0.0030000000000001137,0.0,0.30000000000001137,True,True,2.9780013515533605,7.333048362295313,-7.768846,110.3847907,4.978,-7.768846,110.3847907,4.981
1788935981.9726787,0.004000000000000448,0.0,0.40000000000004476,True,True,2.978000662261223,8.133133711885515,-7.768846,110.3847907,4.978,-7.768846,110.3847907,4.982
1788935982.172821,0.0039999999999995595,0.0,0.39999999999995595,True,True,2.980000324290228,8.693193539741648,-7.768846,110.3847907,4.98,-7.768846,110.3847907,4.984
1788935982.3759162,0.0019999999999997797,0.0019999999999997797,0.0,True,True,2.9820001587956417,9.085235452123841,-7.768846,110.3847907,4.982,-7.768846,110.3847907,4.984
1788935982.5783165,0.0039999999999995595,0.0039999999999995595,0.0,True,True,2.982000077809866,9.35966480479253,-7.768846,110.3847907,4.982,-7.768846,110.3847907,4.986
1788935982.793093,0.013615573210567803,0.013615573210567803,0.0,True,True,6.700951146820591,11.280100996762053,-7.768846,110.3847907,4.983,-7.768846,110.3847908,4.991
1788935983.000823,0.04818489433286844,0.04818489433286844,0.0,True,True,10.556004331549175,14.012001794932042,-7.7688461,110.3847908,4.986,-7.7688462,110.3847912,5.002
1788935983.2017615,0.11446844284372575,0.11446844284372575,0.0,True,True,13.329319128799797,16.2595886895347,-7.7688465,110.384791,4.992,-7.7688464,110.384792,5.021
1788935983.4055738,0.11261872343473729,0.11261872343473729,0.0,True,True,13.778885173533382,16.667346017469697,-7.7688472,110.3847914,5.001,-7.7688464,110.384792,5.021
1788935983.6063728,0.22440344700301698,0.22440344700301698,0.0,True,True,15.087518344727593,17.787696430506607,-7.7688484,110.384792,5.015,-7.7688468,110.3847932,5.05
1788935983.8068013,0.3607426340998568,0.3607426340998568,0.0,True,True,16.537181887711558,19.049596823899957,-7.7688484,110.384792,5.015,-7.7688473,110.384795,5.092
1788935984.006905,0.5405351295280534,0.5405351295280534,0.0,True,True,17.61880880243559,19.999999999999996,-7.76885,110.3847929,5.035,-7.7688481,110.3847973,5.147
1788935984.2216682,0.7907226968082874,0.7907226968082874,0.0,True,True,17.799501805785578,20.0,-7.7688522,110.3847941,5.062,-7.7688491,110.3848004,5.219
1788935984.4245892,0.860325241005144,0.860325241005144,0.0,True,True,17.836470304200404,19.999999999999996,-7.7688551,110.3847956,5.095,-7.7688491,110.3848004,5.219
1788935984.62579,1.202872292570532,1.202872292570532,0.0,True,True,18.41588573803574,20.0,-7.7688587,110.3847976,5.138,-7.7688503,110.3848043,5.31
1788935984.8260322,1.5083735434950762,1.5083735434950762,0.0,True,True,18.94575839585982,20.0,-7.7688587,110.3847976,5.138,-7.7688518,110.3848091,5.423
1788935985.027348,1.986676123983613,1.986676123983613,0.0,True,True,15.871722391973611,20.0,-7.7688631,110.3848,5.19,-7.7688536,110.3848149,5.559
1788935985.2279797,2.5531236496054603,2.5531236496054603,0.0,True,True,12.45063615653626,16.44896214522191,-7.7688685,110.3848029,5.253,-7.7688556,110.3848216,5.718
1788935985.4280868,2.7499334251774146,2.7499334251774146,0.0,True,True,9.749169698005193,13.37910762452581,-7.7688749,110.3848064,5.328,-7.7688556,110.3848216,5.718
1788935985.629654,3.4519612996253177,3.4519612996253177,0.0,True,True,7.2561942493904725,10.29057718299868,-7.7688825,110.3848106,5.415,-7.7688579,110.3848292,5.899
1788935985.8308735,3.9099143944597,3.9099143944597,0.0,True,True,5.382678721930613,7.852731038462497,-7.7688825,110.3848106,5.415,-7.7688604,110.3848375,6.097
1788935986.0327024,4.697801303808213,4.697801303808213,0.0,True,True,3.9372694458707316,5.859854585643135,-7.7688911,110.3848153,5.515,-7.7688632,110.3848465,6.308
1788935986.2346048,5.568300682089127,5.568300682089127,0.0,True,True,2.8540049835067087,4.311871082536627,-7.7689008,110.3848205,5.627,-7.7688661,110.384856,6.533
1788935986.4381566,6.487870980089901,6.487870980089901,0.0,True,True,2.0570824340532563,3.145539337824484,-7.7689114,110.3848264,5.75,-7.7688691,110.3848659,6.765
1788935986.6461642,7.0803379718107395,7.0803379718107395,0.0,True,True,1.4823111588914808,2.29312382103828,-7.7689231,110.3848328,5.883,-7.7688691,110.3848659,6.765
1788935986.860996,8.169479734281538,8.169479734281538,0.0,True,True,1.0637063345890263,1.6614816672151071,-7.7689357,110.3848398,6.027,-7.7688723,110.3848762,7.006
1788935987.0634756,8.542214197682192,8.542214197682192,0.0,True,True,0.7680505477195287,1.2135199059140416,-7.7689357,110.3848398,6.027,-7.7688756,110.3848868,7.25
1788935987.26437,9.662930976716734,9.662930976716734,0.0,True,True,0.5528721387180306,0.8822973926576989,-7.7689492,110.3848472,6.181,-7.768879,110.3848975,7.496
1788935987.4666798,10.861267930492424,10.861267930492424,0.0,True,True,0.39701822760349936,0.6392022241920917,-7.7689635,110.384855,6.343,-7.7688823,110.3849083,7.743
1788935987.6670966,11.84881506130612,11.84881506130612,0.0,True,True,0.28488028464176507,0.4625453601167122,-7.7689784,110.3848632,6.511,-7.7688823,110.3849083,7.743
1788935987.8778949,13.180158694001742,13.180158694001742,0.0,True,True,0.20407565705860206,0.3338985921775885,-7.7689939,110.3848716,6.687,-7.7688857,110.384919,7.988
1788935988.079814,13.399640516013273,13.399640516013273,0.0,True,True,0.14741491695880196,0.24360638963561437,-7.7689939,110.3848716,6.687,-7.768889,110.3849298,8.229
1788935988.284691,14.734392268632668,14.734392268632668,0.0,True,True,0.1063207199744673,0.1773119985213621,-7.7690099,110.3848803,6.868,-7.7688924,110.3849404,8.466
1788935988.4852278,16.12391978159121,16.12391978159121,0.0,True,True,0.07657729272957252,0.12879362264809294,-7.7690263,110.3848892,7.053,-7.7688955,110.3849506,8.691
1788935988.6863956,17.532697657295397,17.532697657295397,0.0,True,True,0.0550956718785082,0.093399865147263,-7.769043,110.3848983,7.241,-7.7688986,110.3849604,8.906
1788935988.9013965,18.916516604450692,18.916516604450692,0.0,True,True,0.039585925347642076,0.06760589076706125,-7.7690599,110.3849075,7.431,-7.7688986,110.3849604,8.906
1788935989.1160917,20.405638579707244,20.405638579707244,0.0,True,True,0.028409328412368193,0.04885377456274917,-7.7690768,110.3849167,7.621,-7.7689015,110.3849698,9.107
1788935989.3194742,20.42899739647436,20.42899739647436,0.0,True,True,0.020603378948812374,0.03576218885060756,-7.7690768,110.3849167,7.621,-7.7689042,110.3849784,9.292
1788935989.522114,21.91540559069351,21.91540559069351,0.0,True,True,0.014909373288306257,0.02609808680745221,-7.7690938,110.3849259,7.81,-7.7689066,110.3849863,9.456
1788935989.7237566,23.41814896642739,23.41814896642739,0.0,True,True,0.01075881978537883,0.018974243445806612,-7.7691108,110.3849352,7.997,-7.7689087,110.3849932,9.598
1788935989.9247596,24.978266197613923,24.978266197613923,0.0,True,True,0.007729076642890932,0.013716729936533835,-7.7691277,110.3849444,8.183,-7.7689087,110.3849932,9.598
1788935990.125636,26.510564184756472,26.510564184756472,0.0,True,True,0.005524472215726774,0.009852792032318824,-7.7691444,110.3849535,8.367,-7.7689106,110.384999,9.715
1788935990.3256848,26.466134741750334,26.466134741750334,0.0,True,True,0.003985458522162386,0.007156887964323298,-7.7691444,110.3849535,8.367,-7.768912,110.3850037,9.807
1788935990.5285459,28.013336565118465,28.013336565118465,0.0,True,True,0.0028453021631076555,0.005131917828113531,-7.7691608,110.3849625,8.546,-7.7689131,110.3850073,9.876
1788935990.730919,29.548296952828043,29.548296952828043,0.0,True,True,0.002002309304865418,0.0036157098089998115,-7.7691767,110.3849711,8.719,-7.768914,110.38501,9.926
1788935990.931794,31.122797557777677,31.122797557777677,0.0,True,True,0.0014016165134057156,0.002530996866300245,-7.7691921,110.3849795,8.884,-7.768914,110.38501,9.926
1788935991.1436539,32.615184505078126,32.615184505078126,0.0,True,True,0.0009811315593845594,0.0017716978064102956,-7.7692068,110.3849875,9.038,-7.7689146,110.3850119,9.959
1788935991.3490036,34.07113237269123,34.07113237269123,0.0,True,True,0.0006867920915689928,0.0012401884644873042,-7.7692207,110.3849951,9.182,-7.7689149,110.3850132,9.978
1788935991.5514033,34.04201235538975,34.04201235538975,0.0,True,True,0.0004807544640977634,0.0008681319251413891,-7.7692207,110.3849951,9.182,-7.7689152,110.3850138,9.988
1788935991.766626,35.44630930054564,35.44630930054564,0.0,False,False,0.00033652812487006703,0.0006076923475982084,-7.7692337,110.3850022,9.313,-7.7689152,110.3850141,9.99
1788935991.9675722,36.76969554451355,36.76969554451355,0.0,False,False,0.00023556968740725558,0.0004253846433195563,-7.7692458,110.3850088,9.432,-7.7689152,110.385014,9.987
1788935992.170705,37.975836001918545,37.975836001918545,0.0,False,False,0.00016489878118556675,0.00029776925032209484,-7.7692567,110.3850148,9.537,-7.7689152,110.385014,9.987
1788935992.373186,39.070344403800554,39.070344403800554,0.0,False,False,0.0001154291468310733,0.00020843847522741623,-7.7692665,110.3850201,9.63,-7.7689152,110.3850139,9.983
1788935992.5758016,39.070708868887436,39.070708868887436,0.0,False,False,8.0800402781261e-05,0.00014590693265999254,-7.7692665,110.3850201,9.63,-7.7689152,110.3850137,9.98
1788935992.7906988,40.02785645334424,40.02785645334424,0.0,False,False,5.6560281945971446e-05,0.00010213485286189254,-7.769275,110.3850247,9.71,-7.7689152,110.3850135,9.978
1788935992.9927452,40.854922879729905,40.854922879729905,0.0,False,False,3.959219736318167e-05,7.149439700199236e-05,-7.7692823,110.3850287,9.779,-7.7689152,110.3850134,9.976
1788935993.1945057,41.537639987202375,41.537639987202375,0.0,False,False,2.7714538152686702e-05,5.00460779008906e-05,-7.7692883,110.385032,9.836,-7.7689152,110.3850134,9.975
1788935993.4094713,42.09663206235855,42.09663206235855,0.0,False,False,1.9400176707333266e-05,3.503225453228462e-05,-7.7692932,110.3850346,9.882,-7.7689152,110.3850134,9.975
1788935993.6106036,42.52003674769846,42.52003674769846,0.0,False,False,1.3580123694258648e-05,2.452257817094249e-05,-7.7692969,110.3850366,9.918,-7.7689152,110.3850134,9.974
1788935993.8133678,42.52003674769846,42.52003674769846,0.0,False,False,9.506086586240258e-06,1.7165804720503835e-05,-7.7692969,110.3850366,9.918,-7.7689152,110.3850134,9.974
1788935994.0156975,42.829878851659544,42.829878851659544,0.0,False,False,6.654260609616251e-06,1.2016063304264142e-05,-7.7692996,110.385038,9.945,-7.7689152,110.3850133,9.973
1788935994.2300348,43.03672735660279,43.03672735660279,0.0,False,False,4.657982427589297e-06,8.411244311806532e-06,-7.7693014,110.385039,9.964,-7.7689152,110.3850133,9.974
1788935994.4310665,43.16316366057641,43.16316366057641,0.0,False,False,3.26058769957591e-06,5.887871020409101e-06,-7.7693025,110.3850396,9.976,-7.7689152,110.3850133,9.974
1788935994.6332889,43.22011930025351,43.22011930025351,0.0,False,False,2.2824113901078366e-06,4.121509713799085e-06,-7.769303,110.3850398,9.982,-7.7689152,110.3850133,9.975
1788935994.8377938,43.22011914986059,43.22011914986059,0.0,False,False,1.5976879737226996e-06,2.8850567984160286e-06,-7.769303,110.3850398,9.982,-7.7689152,110.3850133,9.976
1788935995.044691,43.22011930025351,42.98967245263523,10.0,False,False,1.1183815812670288e-06,2.019539759358335e-06,-7.769303,110.3850398,9.983,-7.7689152,110.3850133,9.976
1788935995.247705,43.19718775467632,41.938303979755986,10.0,False,False,7.828671056290974e-07,1.4136778313642964e-06,-7.7693028,110.3850397,9.983,-7.7689152,110.3850133,9.977
1788935995.451932,43.150595316494275,41.38467777186455,10.0,False,False,5.480069732404834e-07,9.895744825565025e-07,-7.7693024,110.3850394,9.981,-7.7689152,110.3850133,9.978
1788935995.6669376,43.092928693755084,41.53564467248069,10.0,False,False,3.836048820167212e-07,6.927021370704401e-07,-7.7693019,110.3850391,9.979,-7.7689152,110.3850133,9.978
1788935995.87009,43.04709837867378,42.3182676594491,10.0,False,False,2.685234168926447e-07,4.848914956451535e-07,-7.7693015,110.3850389,9.977,-7.7689152,110.3850133,9.979
1788935996.0804818,43.04709837867378,42.362417576842574,10.0,False,False,1.8796639335152357e-07,3.39424046532693e-07,-7.7693015,110.3850389,9.977,-7.7689152,110.3850133,9.979
1788935996.2830405,43.027086930359715,43.027086930359715,0.0,False,False,1.3157647513470986e-07,2.3759683243850494e-07,-7.7693013,110.3850388,9.974,-7.7689152,110.3850129,9.98
1788935996.4856994,43.02117704298619,43.02117704298619,0.0,False,False,9.210353322352097e-08,1.6631778219059302e-07,-7.7693012,110.3850387,9.972,-7.7689152,110.3850121,9.98
1788935996.6881616,43.0303858071316,43.0303858071316,0.0,False,False,6.447247259191026e-08,1.1642244935757604e-07,-7.7693012,110.3850387,9.971,-7.7689152,110.3850109,9.981
1788935996.8886273,43.04147710311857,43.04147710311857,0.0,False,False,4.513073050663362e-08,8.149571412457471e-08,-7.7693013,110.3850387,9.971,-7.7689152,110.3850109,9.981
1788935997.088661,43.044122722654194,43.044122722654194,0.0,False,False,3.1591511042117915e-08,5.70469991311565e-08,-7.7693012,110.3850386,9.972,-7.7689152,110.3850091,9.982
1788935997.289597,43.06489558339288,43.06489558339288,0.0,False,False,2.211405821321239e-08,3.993290042738711e-08,-7.7693012,110.3850386,9.972,-7.7689152,110.3850067,9.983
1788935997.5045228,43.09510037502344,43.09510037502344,0.0,False,False,1.5479840986940773e-08,2.7953028946082318e-08,-7.7693012,110.3850386,9.973,-7.7689152,110.3850035,9.983
1788935997.708967,43.13687915714594,43.13687915714594,0.0,False,False,1.0835887819745796e-08,1.9567120469460998e-08,-7.7693012,110.3850386,9.974,-7.7689152,110.3849995,9.984
1788935997.9093862,43.13687893691675,43.13687893691675,0.0,False,False,7.58512288133566e-09,1.3696984076625955e-08,-7.7693012,110.3850386,9.975,-7.7689152,110.3849995,9.984
1788935998.1117158,43.18308169348013,43.18308169348013,0.0,False,False,5.309586289933573e-09,9.587889742524175e-09,-7.7693012,110.3850386,9.976,-7.7689153,110.3849946,9.985
1788935998.3158445,43.25668745495287,43.25668745495287,0.0,False,False,3.7167105963443525e-09,6.711522738039361e-09,-7.7693012,110.3850386,9.976,-7.7689153,110.384989,9.986
1788935998.5161386,43.349841933898894,43.349841933898894,0.0,False,False,2.6016963433410438e-09,4.698064621138564e-09,-7.7693012,110.3850386,9.977,-7.7689153,110.3849827,9.988
1788935998.719009,43.44987799297272,43.44987799297272,0.0,False,False,1.821187203272267e-09,3.288645794905638e-09,-7.7693012,110.3850386,9.978,-7.7689154,110.384976,9.989
1788935998.921357,43.44987799297272,43.44987799297272,0.0,False,False,1.274830597438509e-09,2.3020520742427076e-09,-7.7693012,110.3850386,9.978,-7.7689154,110.384976,9.989
1788935999.1365438,43.58795790042466,43.58795790042466,0.0,False,False,8.923821402542964e-10,1.6114375367931665e-09,-7.7693013,110.3850385,9.978,-7.7689154,110.384969,9.99
1788935999.3371902,43.73215433284133,43.73215433284133,0.0,False,False,6.24666451063794e-10,1.1280060730042259e-09,-7.7693013,110.3850382,9.979,-7.7689154,110.3849616,9.991
1788935999.5401168,43.89910151082131,43.89910151082131,0.0,False,False,4.3726665161806464e-10,7.89602891695835e-10,-7.7693013,110.3850382,9.979,-7.7689154,110.3849541,9.992
1788935999.743032,44.06001317796798,44.06001317796798,0.0,False,False,3.0608727638690994e-10,5.52723852249392e-10,-7.7693013,110.3850377,9.979,-7.7689155,110.3849465,9.993
1788935999.946915,44.21803840699278,44.21803840699278,0.0,False,False,2.1425993266731662e-10,3.869068275475811e-10,-7.7693012,110.3850367,9.98,-7.7689155,110.384939,9.993
1788936000.1497974,44.178099232071915,44.178099232071915,0.0,False,False,1.499835495280715e-10,2.708348529305353e-10,-7.7693012,110.3850352,9.981,-7.7689155,110.384939,9.993
1788936000.3529427,44.30586202780313,44.30586202780313,0.0,False,False,1.0498777576654662e-10,1.895833910437555e-10,-7.7693011,110.3850331,9.981,-7.7689156,110.3849314,9.994
1788936000.554196,44.50832647295298,44.50832647295298,0.0,False,False,7.349173887368109e-11,1.327088856377483e-10,-7.7693011,110.3850331,9.981,-7.7689157,110.384924,9.994
1788936000.754656,44.6065745902962,44.6065745902962,0.0,False,False,5.14439532060584e-11,9.289635960428526e-11,-7.7693009,110.3850302,9.982,-7.7689158,110.3849168,9.995
1788936000.9565656,44.68847075402095,44.68847075402095,0.0,False,False,3.601208671768392e-11,6.502670166870745e-11,-7.7693007,110.3850267,9.982,-7.7689158,110.38491,9.995
1788936001.1583688,44.52699382870893,44.52699382870893,0.0,False,False,2.520759314219633e-11,4.551885462718469e-11,-7.7693005,110.3850222,9.982,-7.7689158,110.38491,9.995
1788936001.3611894,44.51500735704893,43.50337328678632,10.0,False,False,1.7644604101613172e-11,3.186476541569509e-11,-7.7693002,110.3850169,9.983,-7.7689159,110.3849037,9.995
1788936001.5622463,44.69178946278339,42.768017381941775,10.0,False,False,1.2352696215156458e-11,2.230432977182003e-11,-7.7693002,110.3850169,9.983,-7.7689159,110.3848981,9.995
1788936001.7654238,44.6106859959565,41.287492043477876,10.0,False,False,8.646627484946803e-12,1.561335280858557e-11,-7.7692999,110.3850109,9.984,-7.768916,110.3848933,9.995
1788936001.980677,44.48255923016665,41.028343181127596,10.0,False,False,6.051896352931721e-12,1.093058245717202e-11,-7.7692995,110.3850043,9.986,-7.768916,110.3848894,9.996
1788936002.1820362,44.22641369396606,41.20448724470745,9.404589197045341,False,False,4.2354420243627595e-12,7.6497903430669e-12,-7.7692991,110.3849973,9.987,-7.768916,110.3848894,9.996
1788936002.3963017,44.044879246566545,41.563151726382365,6.459749742744098,False,False,2.9647220035601816e-12,5.35571358774558e-12,-7.7692987,110.3849899,9.987,-7.7689161,110.3848864,9.997
1788936002.599775,43.8433713907293,41.737624464524764,4.962138124064062,False,False,2.075995794780179e-12,3.749624634283288e-12,-7.7692983,110.3849821,9.988,-7.7689161,110.3848843,9.998
1788936002.8004138,43.8787909303217,41.805323421418755,4.4805573984405935,False,False,1.4527493247304727e-12,2.624960794492611e-12,-7.7692983,110.3849821,9.988,-7.7689161,110.384883,9.999
1788936003.002032,43.636639547690635,41.88964836812705,3.779727297484233,False,False,1.0160578670493037e-12,1.8376694825605317e-12,-7.7692978,110.3849742,9.988,-7.7689161,110.3848822,10.0
1788936003.2041273,43.406330180851754,41.883039927791195,3.3384539257066588,False,False,7.108762794927718e-13,1.2863206289039575e-12,-7.7692974,110.3849662,9.989,-7.7689161,110.3848818,9.999
1788936003.4059699,43.18031594647411,41.88305123335772,3.0767498582794786,False,False,4.973236076771729e-13,9.011470676915023e-13,-7.769297,110.3849581,9.991,-7.7689161,110.3848818,9.999
1788936003.6087852,42.96267604457938,41.88235003470592,2.740000001223289,False,False,3.499434244900084e-13,6.302427012590465e-13,-7.7692965,110.38495,9.992,-7.7689161,110.3848817,9.999
1788936003.8109975,42.962675893285265,41.88499929739034,2.7211238194547094,False,False,2.45080921706348e-13,4.416098218567426e-13,-7.7692965,110.38495,9.992,-7.7689161,110.3848817,9.998
1788936004.0167804,42.7731553618347,41.89861092389421,2.5060754345914114,False,False,1.7209588555691176e-13,3.0998349368698216e-13,-7.7692961,110.3849421,9.993,-7.7689161,110.3848818,9.997
1788936004.217765,42.605560683538776,41.853058472889586,2.427277890316379,False,False,1.1880361659568426e-13,2.1496303227562458e-13,-7.7692957,110.3849344,9.993,-7.7689161,110.3848818,9.997
1788936004.4222753,42.45946363297531,41.84941970475284,2.325312371633658,False,False,8.257671381648961e-14,1.5268985692614977e-13,-7.7692953,110.3849271,9.994,-7.7689161,110.3848818,9.997
1788936004.6229582,42.34363896587899,41.86904371669474,2.247014015606531,False,False,5.905551677855417e-14,1.0530065946510753e-13,-7.769295,110.3849202,9.994,-7.7689161,110.3848818,9.996
1788936004.8246067,42.34363896587899,41.86904371669474,2.247014015606531,False,False,4.120468278317311e-14,7.453425863180414e-14,-7.769295,110.3849202,9.994,-7.7689161,110.3848818,9.996
1788936005.0254965,42.236532294754795,41.84626601722173,2.288272329474391,False,False,2.7840710177476083e-14,5.224610939860504e-14,-7.7692946,110.384914,9.994,-7.7689161,110.3848818,9.995
1788936005.2369812,42.16854176445084,41.85800686976432,2.383837867431274,False,False,1.8929872323833686e-14,3.5588839362065614e-14,-7.7692944,110.3849086,9.994,-7.7689161,110.3848818,9.995
1788936005.4384277,42.114527997092054,41.85556038194985,2.7232545574415434,False,False,1.4050353786704384e-14,2.604745059111633e-14,-7.7692941,110.3849041,9.995,-7.768916,110.3848818,9.995
1788936005.6398976,42.08268644949987,41.85398932962671,3.444639797125436,False,False,9.325873406851315e-15,1.7607451142963812e-14,-7.769294,110.3849006,9.995,-7.768916,110.3848818,9.995
1788936005.8427365,42.047810511320016,41.84257433075766,4.654883057986789,False,False,8.397426353102003e-15,1.2811415694315237e-14,-7.7692938,110.3848981,9.996,-7.768916,110.3848818,9.995
1788936006.045825,42.05891986053969,41.8536763173775,4.655582749435412,False,False,4.910148818092704e-15,8.803725571481906e-15,-7.7692938,110.3848981,9.996,-7.7689159,110.3848818,9.995
1788936006.2467287,42.039390348724275,41.877803292873466,6.129644942454237,False,False,4.076197102228689e-15,5.183683495748049e-15,-7.7692937,110.3848963,9.997,-7.7689159,110.3848819,9.995
1788936006.450012,42.03499119627012,41.764033955739066,10.0,False,False,3.834691684006085e-15,4.249413978253322e-15,-7.7692937,110.3848952,9.997,-7.7689159,110.3848819,9.995
1788936006.6513133,42.02162541597131,41.800245288203236,10.0,False,False,9.992007221626409e-16,3.923660740106592e-15,-7.7692936,110.3848946,9.997,-7.7689159,110.3848819,9.995
1788936006.8540323,42.02053784403717,41.807297334615534,10.0,False,False,6.661338147750939e-16,1.1102230246251565e-15,-7.7692936,110.3848943,9.997,-7.7689159,110.3848819,9.995
1788936007.054215,42.03165145990259,41.818414441156435,10.0,False,False,4.440892098500626e-16,7.771561172376096e-16,-7.7692936,110.3848943,9.997,-7.7689158,110.3848819,9.995
1788936007.2560313,42.0316514242152,41.742708967326095,10.0,False,False,3.3306690738754696e-16,5.551115123125783e-16,-7.7692936,110.3848943,9.996,-7.7689158,110.3848819,9.995
1788936007.457212,42.020897446779365,41.03261485155527,10.0,False,False,2.220446049250313e-16,4.440892098500626e-16,-7.7692936,110.3848944,9.996,-7.7689159,110.3848819,9.995
1788936007.6579936,42.020897434880524,41.02492668222885,10.0,False,False,1.1102230246251565e-16,3.3306690738754696e-16,-7.7692936,110.3848944,9.995,-7.7689159,110.3848819,9.995
1788936007.8601327,41.97644339498992,39.57446025539015,10.0,False,False,1.1102230246251565e-16,2.220446049250313e-16,-7.7692935,110.3848944,9.994,-7.7689162,110.3848819,9.995
1788936008.0750308,41.89864892652727,37.70117111077407,10.0,False,False,1.1102230246251565e-16,1.1102230246251565e-16,-7.7692935,110.3848944,9.994,-7.7689169,110.3848819,9.995
1788936008.2771385,41.77676543773549,35.281016085491046,10.0,False,False,1.1102230246251565e-16,1.1102230246251565e-16,-7.7692935,110.3848945,9.994,-7.768918,110.3848819,9.995
1788936008.4786701,41.58820817973188,32.399368702786205,10.0,False,False,0.0,1.1102230246251565e-16,-7.7692935,110.3848945,9.993,-7.7689197,110.3848818,9.995
1788936008.6842647,41.58820823984507,32.399368779948205,10.0,False,False,0.0,0.0,-7.7692935,110.3848945,9.992,-7.7689197,110.3848818,9.995
1788936008.885962,41.33298011191093,29.053571587682388,10.0,False,False,0.0,0.0,-7.7692935,110.3848945,9.991,-7.768922,110.3848817,9.995
1788936009.0860782,40.999971676981446,25.23410357894029,10.0,False,False,0.0,0.0,-7.7692935,110.3848945,9.991,-7.768925,110.3848816,9.996
1788936009.295299,40.5669623695816,20.922056306556495,10.0,True,True,0.0,0.0,-7.7692935,110.3848945,9.991,-7.7689289,110.3848815,9.996
1788936009.497257,40.023246296877936,16.11575064339836,10.0,True,True,0.0,0.0,-7.7692934,110.3848945,9.991,-7.7689337,110.3848813,9.997
1788936009.699254,39.36845702356405,10.645223843647015,10.0,True,True,0.0,0.0,-7.7692934,110.3848945,9.991,-7.7689396,110.3848811,9.998
1788936009.9008327,39.36845685845724,10.645223233044526,10.0,True,True,0.0,0.0,-7.7692934,110.3848945,9.992,-7.7689396,110.3848811,9.998
1788936010.1011627,38.580389060435984,5.144547901313237,10.0,True,True,0.0,0.0,-7.7692933,110.3848945,9.993,-7.7689466,110.3848809,9.999
1788936010.31522,37.670624605413,2.583942001317461,9.559080705310096,True,True,0.0,0.0,-7.7692933,110.3848945,9.993,-7.7689548,110.3848806,10.0
1788936010.5167336,36.62767810332837,2.7170085304260008,8.222662578134212,True,True,0.0,0.0,-7.7692933,110.3848945,9.993,-7.7689642,110.3848803,10.001
1788936010.719782,35.46370525263106,2.6286385571567656,7.19995591032995,True,True,0.0,0.0,-7.7692933,110.3848946,9.994,-7.7689747,110.3848799,10.003
1788936010.9222033,35.46370525263106,2.564345780364031,7.2604262143790645,True,True,0.0,0.0,-7.7692933,110.3848946,9.994,-7.7689747,110.3848799,10.003
1788936011.1235442,34.21067672469893,2.588006979756314,6.595772869380534,True,True,0.0,0.0,-7.7692934,110.3848946,9.994,-7.7689861,110.3848795,10.004
1788936011.3247988,32.83582219001994,2.537073347571217,5.9181148895410995,True,True,0.0,0.0,-7.7692934,110.3848946,9.994,-7.7689985,110.3848791,10.005
1788936011.539894,31.450273643753007,2.468582773514419,5.508798348085946,True,True,0.0,0.0,-7.7692938,110.3848946,9.994,-7.7690114,110.3848787,10.005
1788936011.7410648,30.020139302311357,2.5112107560497483,5.183036508188963,True,True,0.0,0.0,-7.7692947,110.3848945,9.994,-7.7690252,110.3848783,10.005
1788936011.9424455,28.569688669158644,2.480543752327271,4.922941707532642,True,True,8.292703554332776e-05,0.00017770079045100018,-7.7692959,110.3848945,9.994,-7.7690395,110.3848778,10.005
1788936012.1549883,28.779821424709233,2.4549869145284706,5.212381724263676,True,True,0.0001253810605200251,0.0002686737011133301,-7.7692978,110.3848944,9.994,-7.7690395,110.3848778,10.005
1788936012.3588643,27.428344334802652,2.4705935377466224,5.06680548915066,True,True,0.0002539908092679579,0.0005442660198606632,-7.7693004,110.3848943,9.995,-7.7690543,110.3848774,10.005
1788936012.5612526,25.745561170332014,2.5078236323950986,4.623840681997367,True,True,0.0005242637607576969,0.0011234223444810249,-7.7693004,110.3848943,9.995,-7.7690695,110.384877,10.005
1788936012.7640345,24.374227556997216,2.500596872158741,4.582113821050888,True,True,0.0009090412370506935,0.0019479455079672943,-7.7693036,110.3848942,9.995,-7.7690851,110.3848765,10.004
1788936012.9667356,23.101682312450844,2.5293879240027346,4.637585801749212,True,True,0.0014126104618833878,0.0030270224183190034,-7.7693078,110.384894,9.995,-7.7691008,110.3848761,10.004
1788936013.171812,23.66492983268611,2.5258539793291197,5.227271038728443,True,True,0.0016159383460553503,0.003462725027261708,-7.7693129,110.3848938,9.995,-7.7691008,110.3848761,10.004
1788936013.3727252,22.59402848586934,2.5518354743564315,5.568871438414975,True,True,0.0019450630685150275,0.004167992289674811,-7.7693191,110.3848937,9.996,-7.7691167,110.3848756,10.003
1788936013.575386,20.83777748565795,2.603306088228536,5.128243791754549,True,True,0.0027010387973758617,0.005787940280091397,-7.7693191,110.3848937,9.996,-7.7691326,110.3848752,10.002
1788936013.7899535,19.89963645239733,2.518545156867803,5.720090337422993,True,True,0.0034914110536688322,0.00748159511500362,-7.7693264,110.3848934,9.997,-7.7691484,110.3848747,10.001
1788936013.9910865,19.104706348754622,2.477681732750905,6.763933041216077,True,True,0.004187085091120948,0.008972325195260918,-7.769335,110.3848931,9.998,-7.7691642,110.3848743,10.001
1788936014.1909702,18.475997263922416,2.4266212595461805,8.597521159686718,True,True,0.004539657257900255,0.00972783698121634,-7.7693446,110.3848928,10.0,-7.7691795,110.3848739,10.0
1788936014.391753,19.65404088960667,3.458314835945051,10.0,True,True,0.004131681585727512,0.008853603397989787,-7.7693553,110.3848924,10.002,-7.7691795,110.3848739,10.0
1788936014.5926704,19.279224568804334,8.597204629221691,10.0,True,True,0.0039394390645643845,0.00844165513835225,-7.7693669,110.384892,10.003,-7.7691945,110.3848734,10.0
1788936014.795684,17.70280996180423,9.84803082387892,10.0,True,True,0.004309123860219084,0.009233836843326857,-7.7693669,110.384892,10.003,-7.7692088,110.3848731,9.998
1788936014.99852,17.580050158954606,16.389018128971593,10.0,True,True,0.004616491243874275,0.009892481236874431,-7.7693794,110.3848915,10.004,-7.7692224,110.3848727,9.996
1788936015.2134218,17.624220129525447,17.624220129525447,0.0,True,True,0.004814020446990076,0.010315758100693783,-7.7693926,110.3848911,10.004,-7.7692352,110.3848723,9.994
1788936015.4241297,19.144208350265174,19.144208350265174,0.0,True,True,0.004452832525377974,0.009541783982952785,-7.7694064,110.3848907,10.004,-7.7692352,110.3848723,9.994
1788936015.6392334,19.429428503269403,19.429428503269403,0.0,True,True,0.004125777950569934,0.00884095275122282,-7.7694207,110.3848902,10.004,-7.7692469,110.384872,9.992
1788936015.8405755,19.89290634641074,19.89290634641074,0.0,True,True,0.0037867423524556576,0.008114447898120032,-7.7694355,110.3848898,10.004,-7.7692575,110.3848717,9.989
1788936016.0561166,18.86781195284384,18.86781195284384,0.0,True,True,0.0038108690598327,0.008166147985357551,-7.7694355,110.3848898,10.004,-7.7692668,110.3848714,9.987
1788936016.2569306,19.65064706711493,19.65064706711493,0.0,True,True,0.0036223275289612956,0.007762130419201514,-7.7694506,110.3848894,10.003,-7.7692748,110.3848712,9.987
1788936016.4574063,20.62005743395664,20.62005743395664,0.0,True,True,0.003284501939595569,0.0070382184419887275,-7.769466,110.3848889,10.003,-7.7692814,110.3848711,9.988
1788936016.6576219,22.321462775510042,22.321462775510042,0.0,True,True,0.002782378775293427,0.005962240232770108,-7.7694814,110.3848885,10.003,-7.7692814,110.3848711,9.988
1788936016.8597908,23.471149801641392,23.471149801641392,0.0,True,True,0.0023010560957333363,0.004930834490856384,-7.769497,110.384888,10.003,-7.7692866,110.3848709,9.99
1788936017.061604,23.01765417856396,23.01765417856396,0.0,True,True,0.0020114917263690897,0.004310339413648811,-7.769497,110.384888,10.003,-7.7692907,110.3848708,9.992
1788936017.2618752,24.42276912841167,24.42276912841167,0.0,True,True,0.0016760049273564347,0.0035914391300482396,-7.7695127,110.3848876,10.002,-7.7692937,110.3848707,9.994
1788936017.4637806,25.906339001400458,25.906339001400458,0.0,True,True,0.0013379847179986048,0.0028671101099977713,-7.7695282,110.3848872,10.002,-7.7692958,110.3848706,9.995
1788936017.6652474,27.60004253526703,27.60004253526703,0.0,True,True,0.0010164714503281685,0.00217815310784356,-7.7695435,110.3848867,10.001,-7.7692958,110.3848706,9.995
1788936017.865741,29.10667704219767,29.10667704219767,0.0,True,True,0.000736879448205718,0.0015790273890125177,-7.7695584,110.3848863,10.0,-7.7692971,110.3848706,9.995
1788936018.0806942,29.040736591900906,29.040736591900906,0.0,True,True,0.000543223250398708,0.0011640498222849648,-7.7695584,110.3848863,10.0,-7.7692977,110.3848705,9.995
1788936018.2820873,30.61453764350662,30.61453764350662,0.0,True,True,0.00038025627527909145,0.0008148348755998273,-7.7695728,110.3848859,9.999,-7.7692979,110.3848705,9.994
1788936018.483776,32.155590674807996,32.155590674807996,0.0,True,True,0.00026617939269412647,0.0005703844129195218,-7.7695865,110.3848855,9.998,-7.7692977,110.3848705,9.993
1788936018.690328,33.63153909402938,33.63153909402938,0.0,True,True,0.00018632557488800787,0.00039926908904472537,-7.7695995,110.3848852,9.996,-7.7692974,110.3848704,9.991
1788936018.8919508,34.96234104562455,34.96234104562455,0.0,True,True,0.000130427902421962,0.0002794883623302466,-7.7696115,110.3848848,9.993,-7.7692974,110.3848704,9.991
1788936019.0936778,36.23837996922031,36.23837996922031,0.0,False,False,9.129953169466745e-05,0.00019564185363294385,-7.7696226,110.3848845,9.991,-7.769297,110.3848704,9.99
1788936019.294136,36.27170785224959,36.27170785224959,0.0,False,False,6.390967218661847e-05,0.00013694929754022695,-7.7696226,110.3848845,9.991,-7.7692967,110.3848704,9.989
1788936019.4975376,37.38221096475222,37.38221096475222,0.0,False,False,4.4736770528866555e-05,9.586450827815775e-05,-7.7696324,110.3848843,9.989,-7.7692965,110.3848703,9.987
1788936019.698014,38.32526683014994,38.32526683014994,0.0,False,False,3.1315739371975104e-05,6.710515579507023e-05,-7.7696409,110.384884,9.988,-7.7692965,110.3848703,9.986
1788936019.8999245,39.10219509935948,39.10219509935948,0.0,False,False,2.1921017561086363e-05,4.697360905796223e-05,-7.7696479,110.3848838,9.988,-7.7692965,110.3848703,9.986
1788936020.1010153,39.735144092394876,39.735144092394876,0.0,False,False,1.5344712292407403e-05,3.2881526339864284e-05,-7.7696536,110.3848837,9.99,-7.7692965,110.3848703,9.986
1788936020.315613,39.746666665051706,39.746666665051706,0.0,False,False,1.0741298605393256e-05,2.301706843861154e-05,-7.7696536,110.3848837,9.99,-7.7692964,110.3848702,9.986
1788936020.5187335,40.246292318826846,40.246292318826846,0.0,False,False,7.518909023776047e-06,1.6111947908094586e-05,-7.7696581,110.3848836,9.992,-7.7692964,110.3848702,9.986
1788936020.7202337,40.62370443436347,40.62370443436347,0.0,False,False,5.2632363152311955e-06,1.1278363535664069e-05,-7.7696615,110.3848835,9.994,-7.7692964,110.3848702,9.986
1788936020.9222784,40.89000660032834,40.89000660032834,0.0,False,False,3.684265421725959e-06,7.89485447460692e-06,-7.7696639,110.3848834,9.995,-7.7692964,110.3848702,9.986
1788936021.1238894,41.05708562160713,41.05708562160713,0.0,False,False,2.578985793434528e-06,5.52639813080913e-06,-7.7696654,110.3848834,9.996,-7.7692964,110.3848701,9.987
1788936021.3252087,41.05708562160713,41.05708562160713,0.0,False,False,1.8052900578863937e-06,3.868478691926029e-06,-7.7696654,110.3848834,9.996,-7.7692964,110.3848701,9.987
1788936021.5261374,41.15670667156649,41.15670667156649,0.0,False,False,1.263703039103648e-06,2.7079350832853864e-06,-7.7696663,110.3848833,9.996,-7.7692964,110.3848701,9.987
1788936021.740931,41.19004394482636,41.19004394482636,0.0,False,False,8.845921270215561e-07,1.8955545604207346e-06,-7.7696666,110.3848833,9.994,-7.7692964,110.3848701,9.987
1788936021.942333,41.178931095630226,40.369748563767445,10.0,False,False,6.192144889104719e-07,1.3268881905271964e-06,-7.7696665,110.3848833,9.993,-7.7692964,110.3848701,9.988
1788936022.1443055,41.13409266314812,39.62526109961115,10.0,False,False,4.334501411769717e-07,9.28821735135241e-07,-7.7696661,110.3848832,9.991,-7.7692964,110.3848701,9.988
1788936022.3467958,41.101143040445365,39.59527777374058,10.0,False,False,3.034150981201771e-07,6.501752153053912e-07,-7.7696658,110.3848832,9.99,-7.7692964,110.38487,9.988
1788936022.5500212,41.10114300395003,39.614269119085954,10.0,False,False,2.1239056868497808e-07,4.551226507150616e-07,-7.7696658,110.3848832,9.99,-7.7692964,110.38487,9.989
1788936022.7520158,41.057876969812106,40.349216846478015,10.0,False,False,1.4867339949032036e-07,3.1858585302232936e-07,-7.7696654,110.3848832,9.989,-7.7692964,110.3848697,9.99
1788936022.961157,41.03810183745921,41.03810183745921,0.0,False,False,1.0407137787471859e-07,2.2301009747021784e-07,-7.7696652,110.3848832,9.987,-7.7692964,110.3848691,9.99
1788936023.1637843,41.026574712978345,41.026574712978345,0.0,False,False,7.284996415848309e-08,1.5610706858117746e-07,-7.7696651,110.3848831,9.986,-7.7692964,110.3848691,9.99
1788936023.3646164,41.031309875461254,41.031309875461254,0.0,False,False,5.09949773935092e-08,1.0927494801196201e-07,-7.769665,110.3848831,9.985,-7.7692963,110.384868,9.99
1788936023.5666661,41.0383427952992,41.0383427952992,0.0,False,False,3.569648346541458e-08,7.649246254092177e-08,-7.769665,110.3848831,9.985,-7.7692963,110.3848665,9.991
1788936023.7668478,41.07206954768713,41.07206954768713,0.0,False,False,2.4987538073938677e-08,5.354472341918033e-08,-7.769665,110.3848831,9.985,-7.7692961,110.3848643,9.991
1788936023.9678476,41.11034714806955,41.11034714806955,0.0,False,False,1.749127593948666e-08,3.748130711090802e-08,-7.7696651,110.384883,9.985,-7.769296,110.3848615,9.991
1788936024.1687074,41.11034701428328,41.11034701428328,0.0,False,False,1.2243892453503963e-08,2.62369139096636e-08,-7.7696651,110.384883,9.986,-7.769296,110.3848615,9.991
1788936024.3697839,41.15803661212448,41.15803661212448,0.0,False,False,8.570726836201674e-09,1.8365842211214984e-08,-7.7696651,110.384883,9.986,-7.7692958,110.3848578,9.991
1788936024.5707579,41.22770359611389,41.22770359611389,0.0,False,False,5.999509141042737e-09,1.2856088492876686e-08,-7.7696651,110.384883,9.986,-7.7692955,110.3848533,9.99
1788936024.7711215,41.2992675477624,41.2992675477624,0.0,False,False,4.199656758108121e-09,8.999261950571954e-09,-7.769665,110.3848829,9.986,-7.7692952,110.384848,9.991
1788936024.972897,41.41026268264753,41.41026268264753,0.0,False,False,2.9397590078090795e-09,6.299481597228465e-09,-7.769665,110.3848829,9.986,-7.7692948,110.384842,9.991
1788936025.17359,41.41026257397881,41.41026257397881,0.0,False,False,2.0578298973665527e-09,4.4096385117136195e-09,-7.769665,110.3848829,9.987,-7.7692948,110.384842,9.991
1788936025.3753269,41.53703759505575,41.53703759505575,0.0,False,False,1.4404816209165039e-09,3.086748385116165e-09,-7.769665,110.3848828,9.987,-7.7692944,110.3848355,9.991
1788936025.5765207,41.695846171870244,41.695846171870244,0.0,False,False,1.0083382002115714e-09,2.160724220158233e-09,-7.769665,110.3848828,9.987,-7.7692939,110.3848285,9.991
1788936025.7801952,41.86449387401499,41.86449387401499,0.0,False,False,7.058378097415715e-10,1.5125055307841562e-09,-7.769665,110.3848828,9.987,-7.7692935,110.3848211,9.992
1788936025.9829113,42.05431969496902,42.05431969496902,0.0,False,False,4.9408398903909e-10,1.058754944645483e-09,-7.769665,110.3848828,9.987,-7.7692931,110.3848134,9.993
1788936026.1854172,42.06125427542977,42.06125427542977,0.0,False,False,3.458609123507556e-10,7.411295046757764e-10,-7.7696651,110.3848826,9.987,-7.7692931,110.3848134,9.993
1788936026.386948,42.26892701753887,42.26892701753887,0.0,False,False,2.4210013854699984e-10,5.187896366267566e-10,-7.7696651,110.3848821,9.987,-7.7692926,110.3848056,9.993
1788936026.5881298,42.50770741421005,42.50770741421005,0.0,False,False,1.694701497576188e-10,3.631537849518676e-10,-7.7696651,110.3848821,9.987,-7.7692921,110.3847976,9.994
1788936026.7911246,42.72646860448399,42.72646860448399,0.0,False,False,1.1862910491797763e-10,2.5420514893277307e-10,-7.7696651,110.3848812,9.987,-7.7692917,110.3847897,9.994
1788936026.9913652,42.95765919845557,42.95765919845557,0.0,False,False,8.304141275484164e-11,1.7794538927309038e-10,-7.7696651,110.3848799,9.987,-7.7692912,110.3847818,9.994
1788936027.1936588,43.17939609580722,43.17939609580722,0.0,False,False,5.812898131479177e-11,1.2456215633193193e-10,-7.7696651,110.384878,9.987,-7.7692907,110.384774,9.995
1788936027.3956313,43.104267428075445,43.104267428075445,0.0,False,False,4.0689917702196376e-11,8.71917020050418e-11,-7.7696651,110.3848754,9.988,-7.7692907,110.384774,9.995
1788936027.5997906,43.26934563367893,43.26934563367893,0.0,False,False,2.8481571842146924e-11,6.10348769862739e-11,-7.7696651,110.384872,9.989,-7.7692903,110.3847664,9.995
1788936027.812831,43.54263211353688,43.54263211353688,0.0,False,False,1.993847059971749e-11,4.2725822427322974e-11,-7.7696651,110.384872,9.989,-7.7692898,110.3847592,9.995
1788936028.0134306,43.65395744044186,43.65395744044186,0.0,False,False,1.3955559034800044e-11,2.9907706308412137e-11,-7.769665,110.3848678,9.99,-7.7692894,110.3847525,9.995
1788936028.2152174,43.71387074134953,43.71387074134953,0.0,False,False,9.769569387978448e-12,2.093326327741829e-11,-7.7696649,110.3848629,9.991,-7.7692891,110.3847464,9.994
1788936028.416746,43.52294511124409,43.52294511124409,0.0,False,False,6.8386683837717805e-12,1.465435362440279e-11,-7.7696648,110.3848572,9.992,-7.7692891,110.3847464,9.994
1788936028.617125,43.51353390326329,43.06494876144909,8.573260558355507,False,False,4.788528677171485e-12,1.0258077823987831e-11,-7.7696647,110.384851,9.993,-7.7692888,110.3847412,9.994
1788936028.8196132,43.67955845528759,42.59730666610312,8.310420298315483,False,False,3.351623852073921e-12,7.180985799529781e-12,-7.7696647,110.384851,9.993,-7.7692885,110.3847369,9.994
1788936029.0203502,43.590074937716274,42.172747219427706,6.261765804515877,False,False,2.3461370394147384e-12,5.027435385832904e-12,-7.7696646,110.3848444,9.994,-7.7692883,110.3847335,9.995
1788936029.2287314,43.45074191463115,41.94509622362779,5.0394143779615925,False,False,1.6437264880351559e-12,3.5192049987250556e-12,-7.7696645,110.3848375,9.994,-7.7692882,110.3847312,9.996
1788936029.43222,43.23292036103923,41.92331865462124,4.512800476268954,False,False,1.1481381809277751e-12,2.4637827625640607e-12,-7.7696644,110.3848303,9.994,-7.7692882,110.3847312,9.996
1788936029.6322093,43.081242724145014,41.83153151123808,3.8437625784864644,False,False,8.058206437093491e-13,1.7256719289372698e-12,-7.7696643,110.384823,9.994,-7.7692881,110.3847295,9.997
1788936029.8344724,43.11850992334402,41.80662595115472,3.6271898291581017,False,False,5.633740290487501e-13,1.2051533883986123e-12,-7.7696643,110.384823,9.994,-7.769288,110.3847285,9.997
1788936030.0499597,42.92797726568858,41.73596999894274,3.2509460406573387,False,False,3.9579287330469774e-13,8.450610435731251e-13,-7.7696642,110.3848155,9.994,-7.769288,110.384728,9.997
1788936030.2527273,42.745947201273346,41.70656651015289,2.927586310668434,False,False,2.7453191232498904e-13,5.918441395055765e-13,-7.7696641,110.3848081,9.994,-7.769288,110.3847278,9.997
1788936030.4559448,42.562840633293455,41.69518334289288,2.6551579826797314,False,False,1.9251151998590406e-13,4.1356795679465315e-13,-7.7696639,110.3848007,9.995,-7.769288,110.3847278,9.996
1788936030.6598823,42.40746990580631,41.69160165441829,2.4708550464168897,False,False,1.3549597723625823e-13,2.888044986596544e-13,-7.7696638,110.3847934,9.995,-7.769288,110.3847278,9.996
1788936030.8747845,42.27019171513659,41.709167121656144,2.2955363788811254,False,False,9.625575999295203e-14,2.0324396585438734e-13,-7.7696637,110.3847864,9.995,-7.769288,110.3847279,9.995
1788936031.0770838,42.279503218791056,41.719933560157116,2.308270292189189,False,False,6.774798861812911e-14,1.4261349541202063e-13,-7.7696637,110.3847864,9.995,-7.7692879,110.384728,9.993
1788936031.2785578,42.16395093398588,41.710701145907734,2.2583710756332,False,False,4.6357893837493755e-14,9.983319033161551e-14,-7.7696636,110.3847798,9.995,-7.7692879,110.384728,9.992
1788936031.4797742,42.068534902139966,41.69990120834947,2.267979252728198,False,False,3.2085253330984006e-14,7.128842238863239e-14,-7.7696635,110.3847738,9.995,-7.7692879,110.384728,9.99
1788936031.6822948,41.991439458000606,41.68637936696933,2.3829697713017266,False,False,2.1390168887322673e-14,4.9898318930639525e-14,-7.7696634,110.3847685,9.995,-7.7692879,110.384728,9.99
1788936031.8833854,41.94061371493151,41.70488451523466,2.581488365386854,False,False,1.4273168140722167e-14,3.5644211194316193e-14,-7.7696634,110.3847639,9.994,-7.7692879,110.384728,9.99
1788936032.0850503,41.94061371493151,41.70518283907519,2.564948484296219,False,False,1.0695084443661336e-14,2.4949159465319763e-14,-7.7696634,110.3847639,9.994,-7.7692879,110.384728,9.99
1788936032.2866683,41.89492766752843,41.714111031734596,2.9679860720018842,False,False,7.136584070361083e-15,1.7813458370713757e-14,-7.7696633,110.3847604,9.993,-7.7692879,110.384728,9.99
1788936032.4892783,41.8706308521452,41.70498001847927,4.0006313974009915,False,False,7.119291619286993e-15,1.0695084443661336e-14,-7.7696633,110.3847577,9.993,-7.7692879,110.384728,9.99
1788936032.6901896,41.8666892353023,41.75369514669035,4.957837089098621,False,False,3.5596458096434965e-15,7.136584070361083e-15,-7.7696633,110.3847559,9.994,-7.7692878,110.384728,9.99
1788936032.8934398,41.85719020863701,41.75369525446524,7.950405422294652,False,False,3.5596458096434965e-15,7.119291619286993e-15,-7.7696633,110.3847547,9.995,-7.7692878,110.384728,9.99
1788936033.108163,41.85108828452519,41.76458128627799,10.0,False,False,3.5596458096434965e-15,3.580361673049448e-15,-7.7696633,110.384754,9.995,-7.7692878,110.3847281,9.99
1788936033.309775,41.8510881770011,41.76458117853119,10.0,False,False,2.220446049250313e-16,3.5596458096434965e-15,-7.7696633,110.384754,9.995,-7.7692878,110.3847281,9.991
1788936033.5114505,41.83775338141692,41.70173309099462,10.0,False,False,0.0,3.5596458096434965e-15,-7.7696632,110.3847537,9.996,-7.7692878,110.3847281,9.992
1788936033.7167385,41.83775338141692,41.744858181557184,10.0,False,False,0.0,2.220446049250313e-16,-7.7696632,110.3847537,9.996,-7.7692878,110.3847281,9.992
1788936033.9245834,41.83775338141692,41.751973322046226,10.0,False,False,0.0,0.0,-7.7696632,110.3847537,9.996,-7.7692878,110.3847281,9.992
1788936034.1253338,41.8495914183313,41.75672230982546,10.0,False,False,0.0,0.0,-7.7696632,110.3847538,9.995,-7.7692877,110.3847281,9.993
1788936034.328448,41.8495914183313,41.8495914183313,0.0,False,False,0.0,0.0,-7.7696632,110.3847538,9.995,-7.7692877,110.3847281,9.993
1788936034.5287302,41.882873469990294,41.882873469990294,0.0,False,False,0.0,0.0,-7.7696632,110.3847538,9.994,-7.7692874,110.3847281,9.994
1788936034.7295651,41.93834391733169,41.93834391733169,0.0,False,False,0.0,0.0,-7.7696632,110.3847538,9.993,-7.7692869,110.3847281,9.994
1788936034.9330812,41.937601550663125,41.937601550663125,0.0,False,False,0.0,0.0,-7.7696632,110.3847537,9.992,-7.7692869,110.3847281,9.994
1788936035.136943,42.026356572893036,42.026356572893036,0.0,False,False,0.0,0.0,-7.7696631,110.3847537,9.991,-7.769286,110.3847281,9.994
1788936035.3391976,42.18167979493984,42.18167979493984,0.0,False,False,0.0,0.0,-7.7696631,110.3847537,9.991,-7.7692846,110.3847281,9.994
1788936035.541215,42.40284316638509,42.40284316638509,0.0,False,False,0.0,0.0,-7.7696631,110.3847537,9.991,-7.7692826,110.3847282,9.994
1788936035.7523386,42.69059538541136,42.69059538541136,0.0,False,False,0.0,0.0,-7.7696631,110.3847537,9.991,-7.76928,110.3847283,9.994
1788936035.9536119,43.07752243240573,43.07752243240573,0.0,False,False,0.0,0.0,-7.7696631,110.3847537,9.99,-7.7692765,110.3847285,9.994
1788936036.15467,43.078233837457184,43.078233837457184,0.0,False,False,0.0,0.0,-7.7696631,110.3847538,9.991,-7.7692765,110.3847285,9.994
1788936036.369765,43.543580455449806,43.543580455449806,0.0,False,False,0.0,0.0,-7.769663,110.3847538,9.991,-7.7692722,110.3847286,9.994
1788936036.572013,44.118565366550435,44.118565366550435,0.0,False,False,0.0,0.0,-7.769663,110.3847538,9.991,-7.769267,110.3847289,9.994
1788936036.7725353,44.81574790103853,44.81574790103853,0.0,False,False,0.0,0.0,-7.769663,110.3847538,9.992,-7.7692607,110.3847292,9.994
1788936036.9734344,45.646260734933755,45.646260734933755,0.0,False,False,0.0,0.0,-7.769663,110.3847538,9.993,-7.7692532,110.3847295,9.994
1788936037.1874404,45.646260734933755,45.646260734933755,0.0,False,False,0.0,0.0,-7.769663,110.3847538,9.993,-7.7692532,110.3847295,9.994
1788936037.4025717,46.58793587480597,46.58793587480597,0.0,False,False,0.0,0.0,-7.7696629,110.3847538,9.994,-7.7692446,110.3847298,9.994
1788936037.6040006,47.663005197044114,47.663005197044114,0.0,False,False,0.0,0.0,-7.7696628,110.3847538,9.994,-7.7692348,110.3847301,9.994
1788936037.819387,48.87092024443851,48.87092024443851,0.0,False,False,0.0,0.0,-7.7696628,110.3847538,9.994,-7.7692239,110.3847305,9.996
1788936038.021907,50.12349421086325,50.12349421086325,0.0,False,False,0.0,0.0,-7.7696624,110.3847538,9.994,-7.7692122,110.3847309,9.997
1788936038.2243264,51.43130080235381,51.43130080235381,0.0,False,False,0.0,0.0,-7.7696616,110.3847538,9.994,-7.7691996,110.3847314,9.998
1788936038.4267876,51.2980209952091,51.2980209952091,0.0,False,False,0.0,0.0,-7.7696604,110.3847538,9.994,-7.7691996,110.3847314,9.998
1788936038.6271555,52.561653189914146,52.561653189914146,0.0,False,False,0.0,0.0,-7.7696587,110.3847538,9.995,-7.7691865,110.3847319,9.999
1788936038.8297603,54.09214234111424,54.09214234111424,0.0,False,False,0.0,0.0,-7.7696587,110.3847538,9.995,-7.7691727,110.3847324,9.999
1788936039.0395243,55.4224711915793,55.4224711915793,0.0,False,False,0.0,0.0,-7.7696563,110.3847538,9.995,-7.7691583,110.384733,9.999
1788936039.2408738,56.73127673129907,56.73127673129907,0.0,False,False,0.0,0.0,-7.7696532,110.3847538,9.995,-7.7691434,110.3847335,9.999
1788936039.4538755,57.98431174425647,57.98431174425647,0.0,False,False,0.0,0.0,-7.7696493,110.3847538,9.995,-7.7691282,110.3847341,9.999
1788936039.659836,57.45137097181056,57.45137097181056,0.0,False,False,0.0,0.0,-7.7696445,110.3847539,9.994,-7.7691282,110.3847341,9.999
1788936039.875399,58.526771769106524,58.526771769106524,0.0,False,False,0.0,0.0,-7.7696387,110.3847539,9.994,-7.7691127,110.3847347,9.999
1788936040.0754762,60.25802757584479,60.25802757584479,0.0,False,False,0.0,0.0,-7.7696387,110.3847539,9.994,-7.7690971,110.3847353,9.999
1788936040.2762575,61.22305352421035,61.22305352421035,0.0,False,False,0.0,0.0,-7.7696317,110.384754,9.995,-7.7690814,110.3847359,9.998
1788936040.4915283,62.04303433570522,62.04303433570522,0.0,False,False,0.0,0.0,-7.7696235,110.384754,9.995,-7.7690658,110.3847366,9.998
1788936040.6940851,62.741246648541285,62.741246648541285,0.0,False,False,0.0,0.0,-7.7696142,110.384754,9.996,-7.7690502,110.3847372,9.998
1788936040.8949633,61.58533217002638,61.58533217002638,0.0,False,False,0.0,0.0,-7.7696038,110.384754,9.997,-7.7690502,110.3847372,9.998
1788936041.095135,62.0168601799951,62.0168601799951,0.0,False,False,0.0,0.0,-7.7695924,110.384754,9.998,-7.7690349,110.3847378,9.998
1788936041.308284,63.67147582239697,63.67147582239697,0.0,False,False,0.0,0.0,-7.7695924,110.384754,9.998,-7.76902,110.3847383,9.998
1788936041.508775,63.91454767248457,63.91454767248457,0.0,False,False,0.0,0.0,-7.7695802,110.3847541,9.999,-7.7690056,110.3847389,9.997
1788936041.7108612,64.00205555066842,64.00205555066842,0.0,False,False,0.0,0.0,-7.7695673,110.3847541,9.999,-7.7689919,110.3847394,9.995
1788936041.925325,62.490587028500464,59.77202229893034,10.0,False,False,0.0,0.0,-7.7695537,110.3847542,9.999,-7.7689919,110.3847394,9.995
1788936042.1398668,62.34466662107561,53.327336121947745,10.0,False,False,0.0,0.0,-7.7695394,110.3847542,9.999,-7.7689789,110.3847399,9.994
1788936042.3403614,62.054549546238746,46.63710658150159,10.0,False,False,0.0,0.0,-7.7695247,110.3847543,9.999,-7.7689668,110.3847404,9.992
1788936042.544117,63.27627743354521,42.859322246704444,10.0,False,False,0.0,0.0,-7.7695247,110.3847543,9.999,-7.7689558,110.3847408,9.99
1788936042.7458684,62.66384578051067,35.04726929147546,10.0,False,False,0.0,0.0,-7.7695095,110.3847543,9.999,-7.7689461,110.3847412,9.988
1788936042.9497418,61.88492836938305,27.169672770017826,10.0,False,False,0.0,0.0,-7.769494,110.3847544,9.999,-7.7689376,110.3847416,9.988
1788936043.1514964,60.150750980524,24.935105005979164,10.0,True,True,0.0,0.0,-7.7694784,110.3847544,9.999,-7.7689376,110.3847416,9.988
1788936043.3522322,59.183363891423795,17.673875629947297,10.0,True,True,0.0,0.0,-7.7694627,110.3847545,9.999,-7.7689306,110.3847418,9.988
1788936043.5543127,59.82760467940697,12.5303864281558,10.0,True,True,0.0,0.0,-7.7694627,110.3847545,9.999,-7.7689248,110.384742,9.989
1788936043.7553053,58.582044233026274,6.226075113315766,10.0,True,True,0.0,0.0,-7.769447,110.3847545,9.998,-7.7689203,110.3847422,9.991
1788936043.9666822,57.203604714156555,1.2416724930148544,10.0,True,True,0.0,0.0,-7.7694313,110.3847546,9.998,-7.768917,110.3847423,9.994
1788936044.1699224,55.480852274452396,0.9846765324415989,10.0,True,True,0.0,0.0,-7.7694158,110.3847547,9.998,-7.768917,110.3847423,9.994
1788936044.373385,54.05772276925931,1.1671721881586503,9.399094615754228,True,True,0.0,0.0,-7.7694005,110.3847547,9.998,-7.7689145,110.3847424,9.995
1788936044.577088,54.235304712193496,1.2550966679465108,8.903235983664196,True,True,0.0,0.0,-7.7694005,110.3847547,9.998,-7.7689129,110.3847425,9.996
1788936044.77994,52.69046607026586,1.3551435596726753,8.578670480715239,True,True,0.0,0.0,-7.7693858,110.3847548,9.997,-7.7689121,110.3847425,9.996
1788936044.980094,51.145092565331055,1.4284925371910058,8.436480202317085,True,True,0.0,0.0,-7.7693716,110.3847548,9.996,-7.7689118,110.3847426,9.996
1788936045.1815948,49.644794744262,1.441900639040273,8.675485132976497,True,True,0.0,0.0,-7.7693581,110.3847549,9.995,-7.7689118,110.3847426,9.996
1788936045.393882,48.23316082574168,1.4437711009685035,8.862401876676563,True,True,0.0,0.0,-7.7693455,110.3847549,9.993,-7.7689119,110.3847426,9.995
1788936045.596029,46.910797850339684,1.4591967000137047,9.303175663279188,True,True,0.0,0.0,-7.7693338,110.384755,9.991,-7.7689121,110.3847426,9.993
1788936045.7990806,46.85522396464505,1.551635202425097,9.27310060638298,True,True,0.0,0.0,-7.7693338,110.384755,9.991,-7.7689126,110.3847426,9.992
1788936046.000002,45.654842758828416,1.916602830261118,10.0,True,True,0.0,0.0,-7.7693233,110.384755,9.989,-7.7689129,110.3847426,9.99
1788936046.2026842,44.599314053436586,7.034882681893831,10.0,True,True,0.0,0.0,-7.7693141,110.3847551,9.988,-7.7689132,110.3847426,9.989
1788936046.4064574,43.72130148152086,12.28871230358682,10.0,True,True,0.0,0.0,-7.7693062,110.3847551,9.987,-7.7689132,110.3847426,9.989
1788936046.608762,42.99854764248724,18.03652888200085,10.0,True,True,0.0,0.0,-7.7692998,110.3847551,9.988,-7.7689133,110.3847427,9.987
1788936046.8111534,42.99854764248724,18.13619976568581,10.0,True,True,0.0,0.0,-7.7692998,110.3847551,9.988,-7.7689133,110.3847427,9.987
1788936047.0121608,42.4206300168265,23.03939626981381,10.0,True,True,0.0,0.0,-7.7692946,110.3847551,9.989,-7.7689133,110.3847427,9.986
1788936047.2140017,41.98719739619145,27.304563667294893,10.0,True,True,0.0,0.0,-7.7692907,110.3847552,9.992,-7.7689133,110.3847428,9.986
1788936047.416287,41.653790998685004,31.166073629324654,10.0,True,True,0.0,0.0,-7.7692877,110.3847552,9.994,-7.7689133,110.3847428,9.986
1788936047.6286757,41.431521437238864,34.54012347028342,10.0,True,True,0.0,0.0,-7.7692857,110.3847552,9.995,-7.7689133,110.3847428,9.987
1788936047.8305714,41.431521437238864,34.44461588349189,10.0,True,True,0.0,0.0,-7.7692857,110.3847552,9.995,-7.7689133,110.3847428,9.987
1788936048.033841,41.29816052786187,37.408357147660844,10.0,False,False,0.0,0.0,-7.7692845,110.3847552,9.996,-7.7689133,110.3847428,9.987
1788936048.2488375,41.23147994098543,39.64386897347037,10.0,False,False,0.0,0.0,-7.7692839,110.3847552,9.996,-7.7689133,110.3847428,9.988
1788936048.460045,41.20888921535871,41.20888921535871,0.0,False,False,0.0,0.0,-7.7692837,110.3847552,9.995,-7.7689133,110.3847429,9.988
1788936048.6726155,41.231116178869975,41.231116178869975,0.0,False,False,0.0,0.0,-7.7692839,110.3847552,9.995,-7.7689133,110.3847429,9.988
1788936048.8749645,41.275569854115346,41.275569854115346,0.0,False,False,0.0,0.0,-7.7692843,110.3847552,9.993,-7.7689133,110.3847429,9.988
1788936049.07922,41.275569745092014,41.275569745092014,0.0,False,False,0.0,0.0,-7.7692843,110.3847552,9.993,-7.7689133,110.3847429,9.989
1788936049.2944977,41.32038641581495,41.32038641581495,0.0,False,False,0.0,0.0,-7.7692847,110.3847553,9.992,-7.7689133,110.3847429,9.99
1788936049.4973152,41.36557365699866,41.36557365699866,0.0,False,False,0.0,0.0,-7.7692851,110.3847553,9.99,-7.7689133,110.3847427,9.99
1788936049.6979768,41.37857180764669,41.37857180764669,0.0,False,False,0.0,0.0,-7.7692852,110.3847553,9.988,-7.7689133,110.3847422,9.991
1788936049.8987312,41.37895764452892,41.14078248850857,10.0,False,False,0.0,0.0,-7.7692852,110.3847554,9.987,-7.7689133,110.3847422,9.991
1788936050.0988514,41.38256124769909,41.27201571644113,5.5634715653457745,False,False,0.0,0.0,-7.7692852,110.3847554,9.987,-7.7689133,110.3847413,9.991
1788936050.300202,41.388638408843526,41.363963758703974,1.8036001676636104,False,False,0.0,0.0,-7.7692852,110.3847554,9.987,-7.7689133,110.3847399,9.991
1788936050.5149045,41.40993742274025,41.4023852732972,0.7444439225732067,False,False,0.0,0.0,-7.7692853,110.3847555,9.987,-7.7689133,110.3847379,9.992
1788936050.715781,41.413829275785275,41.413446933299944,0.12967409212521397,False,False,0.0,0.0,-7.7692853,110.3847555,9.987,-7.7689134,110.3847352,9.992
1788936050.9161587,41.413829275785275,41.413829275785275,0.0,False,False,0.0,0.0,-7.7692853,110.3847555,9.987,-7.7689134,110.3847352,9.992
1788936051.1163383,41.42534573564552,41.42534573564552,0.0,False,False,0.0,0.0,-7.7692853,110.3847555,9.988,-7.7689135,110.3847317,9.992
1788936051.3180873,41.43585249217633,41.43585249217633,0.0,False,False,0.0,0.0,-7.7692853,110.3847555,9.988,-7.7689137,110.3847274,9.993
1788936051.5253444,41.472491984285995,41.472491984285995,0.0,False,False,0.0,0.0,-7.7692853,110.3847556,9.988,-7.7689138,110.3847222,9.994
1788936051.7282145,41.52530656412914,41.52530656412914,0.0,False,False,0.0,0.0,-7.7692854,110.3847556,9.989,-7.768914,110.3847162,9.995
1788936051.929386,41.52530656412914,41.52530656412914,0.0,False,False,0.0,0.0,-7.7692854,110.3847556,9.989,-7.768914,110.3847162,9.995
1788936052.1309626,41.56211612329222,41.56211612329222,0.0,False,False,0.0,0.0,-7.7692853,110.3847556,9.99,-7.7689143,110.3847097,9.996
1788936052.3324978,41.63942521481509,41.63942521481509,0.0,False,False,0.0,0.0,-7.7692853,110.3847556,9.99,-7.7689145,110.3847028,9.997
1788936052.5343168,41.73917154542552,41.73917154542552,0.0,False,False,0.0,0.0,-7.7692853,110.3847556,9.991,-7.7689147,110.3846954,9.997
1788936052.73738,41.84756180231007,41.84756180231007,0.0,False,False,0.0,0.0,-7.7692853,110.3847555,9.991,-7.768915,110.3846877,9.997
1788936052.9412405,41.8416744586106,41.8416744586106,0.0,False,False,0.0,0.0,-7.7692853,110.3847552,9.992,-7.768915,110.3846877,9.997
1788936053.1432617,41.95505036351729,41.95505036351729,0.0,False,False,0.0,0.0,-7.7692853,110.3847545,9.992,-7.7689153,110.3846799,9.997
1788936053.3443027,42.07563268562701,42.07563268562701,0.0,False,False,0.0,0.0,-7.7692853,110.3847534,9.992,-7.7689156,110.384672,9.997
1788936053.5456297,42.239829440854464,42.239829440854464,0.0,False,False,0.0,0.0,-7.7692853,110.3847534,9.992,-7.7689159,110.384664,9.997
1788936053.746405,42.36671597222528,42.36671597222528,0.0,False,False,0.0,0.0,-7.7692852,110.3847518,9.993,-7.7689162,110.384656,9.997
1788936053.94668,42.49243364889431,42.49243364889431,0.0,False,False,0.0,0.0,-7.7692852,110.3847495,9.993,-7.7689165,110.3846481,9.997
1788936054.1475456,42.39316923865338,42.39316923865338,0.0,False,False,0.0,0.0,-7.7692851,110.3847464,9.993,-7.7689165,110.3846481,9.997
1788936054.359636,42.46988378388835,42.46988378388835,0.0,False,False,0.0,0.0,-7.7692851,110.3847425,9.993,-7.7689168,110.3846404,9.997
1788936054.5742,42.66106666178543,42.66106666178543,0.0,False,False,0.0,0.0,-7.7692851,110.3847425,9.993,-7.7689171,110.384633,9.996
1788936054.7760909,42.69829845634385,42.69829845634385,0.0,False,False,0.0,0.0,-7.7692851,110.3847378,9.994,-7.7689174,110.3846261,9.996
1788936054.9773304,42.69611265789792,41.5379124238786,10.0,False,False,0.0,0.0,-7.7692851,110.3847322,9.995,-7.7689176,110.3846199,9.996
1788936055.1781,42.50016777478994,40.65797520334084,10.0,False,False,0.0,0.0,-7.7692851,110.3847259,9.996,-7.7689176,110.3846199,9.996
1788936055.3786983,42.42122834440002,39.90098474007406,10.0,False,False,0.0,0.0,-7.769285,110.3847192,9.997,-7.7689179,110.3846144,9.995
1788936055.5800598,42.55129992688612,40.03120483990498,10.0,False,False,0.0,0.0,-7.769285,110.3847192,9.997,-7.768918,110.3846098,9.995
1788936055.781145,42.419272844347,40.408515861632814,6.614967715564856,False,False,0.0,0.0,-7.769285,110.384712,9.998,-7.7689182,110.3846062,9.995
1788936055.982337,42.24975945130887,40.578892263166935,4.762197111136629,False,False,0.0,0.0,-7.7692849,110.3847045,9.998,-7.7689183,110.3846037,9.996
1788936056.1852508,42.0320512611953,40.640704151562275,4.205607301567816,False,False,0.0,0.0,-7.7692849,110.3846967,9.998,-7.7689183,110.3846037,9.996
1788936056.386823,41.85164512892009,40.67505881194102,3.3861477249537306,False,False,0.0,0.0,-7.7692848,110.3846888,9.998,-7.7689184,110.3846019,9.997
1788936056.5900893,41.88208754364157,40.710802175950604,3.1224101307931633,False,False,0.0,0.0,-7.7692848,110.3846888,9.998,-7.7689184,110.3846007,9.997
1788936056.7929175,41.70068320174056,40.74182112265151,2.6461495321964392,False,False,0.0,0.0,-7.7692848,110.3846808,9.997,-7.7689184,110.3846001,9.997
1788936056.9958322,41.512907102450384,40.730701629955874,2.2981907758871682,False,False,0.0,0.0,-7.7692848,110.3846727,9.997,-7.7689185,110.3845999,9.997
1788936057.197372,41.364512699830875,40.74182113492391,2.037125125191537,False,False,0.0,0.0,-7.7692848,110.3846647,9.997,-7.7689184,110.3845998,9.996
1788936057.3993444,41.224653318482964,40.74182113492391,1.8448533709534214,False,False,0.0,0.0,-7.7692848,110.3846569,9.997,-7.7689184,110.3845998,9.996
1788936057.6006522,41.105206752403625,40.74182113492391,1.672891304732169,False,False,0.0,0.0,-7.7692848,110.3846494,9.997,-7.7689184,110.3845999,9.996
1788936057.81579,41.10520678889535,40.741821171741115,1.6832177942675524,False,False,0.0,0.0,-7.7692848,110.3846494,9.997,-7.7689184,110.3845999,9.995
1788936058.0163624,41.00875344763454,40.74182113492391,1.5571294793356536,False,False,0.0,0.0,-7.7692848,110.3846423,9.996,-7.7689184,110.3845999,9.995
1788936058.2282722,40.932297865696746,40.741821171741115,1.4608290191936222,False,False,0.0,0.0,-7.7692848,110.3846357,9.996,-7.7689184,110.3845999,9.994
1788936058.4317281,40.8747820852422,40.74182113492391,1.3958517979339602,False,False,0.0,0.0,-7.7692848,110.3846298,9.995,-7.7689184,110.3845999,9.994
1788936058.6324494,40.83333895702447,40.74182113492391,1.4011905325048575,False,False,0.0,0.0,-7.7692848,110.3846248,9.995,-7.7689184,110.3846,9.994
1788936058.8353076,40.83333895702447,40.74182113492391,1.3940416012165673,False,False,0.0,0.0,-7.7692848,110.3846248,9.995,-7.7689184,110.3846,9.994
1788936059.0451689,40.80560204299898,40.74182113492391,1.5103358215566793,False,False,0.0,0.0,-7.7692848,110.3846207,9.995,-7.7689184,110.3846,9.994
1788936059.2493346,40.78846431606504,40.741821171741115,1.7890681876424148,False,False,0.0,0.0,-7.7692848,110.3846177,9.996,-7.7689184,110.3846,9.994
1788936059.4531868,40.77759476675889,40.741821171741115,2.307704001220498,False,False,0.0,0.0,-7.7692848,110.3846155,9.996,-7.7689184,110.3846,9.994
1788936059.6537173,40.771008293168116,40.741821233103124,3.353129517158678,False,False,0.0,0.0,-7.7692848,110.384614,9.997,-7.7689184,110.3846,9.994
1788936059.853771,40.76776896502968,40.741821233103124,5.593462207438582,False,False,0.0,0.0,-7.7692848,110.3846132,9.997,-7.7689184,110.3846,9.994
1788936060.0656774,40.76776896502968,40.741821233103124,5.593462207438582,False,False,0.0,0.0,-7.7692848,110.3846132,9.997,-7.7689184,110.3846,9.994
1788936060.2665756,40.76622066579086,40.6438915730898,10.0,False,False,0.0,0.0,-7.7692848,110.3846128,9.997,-7.7689184,110.3846,9.994
1788936060.4696057,40.776577405040086,40.67663551409059,10.0,False,False,0.0,0.0,-7.7692848,110.3846126,9.997,-7.7689183,110.3846,9.994
1788936060.679175,40.776953907069405,40.68843705088795,10.0,False,False,0.0,0.0,-7.7692848,110.3846127,9.996,-7.7689183,110.3846,9.994
1788936060.8948243,40.776953907069405,40.684383576930166,10.0,False,False,0.0,0.0,-7.7692848,110.3846127,9.996,-7.7689183,110.3846,9.994
1788936061.0956511,40.776953907069405,40.28469578565273,10.0,False,False,0.0,0.0,-7.7692848,110.3846127,9.996,-7.7689183,110.3846,9.994
1788936061.3016975,40.76584092765618,39.36669515460428,10.0,False,False,0.0,0.0,-7.7692848,110.3846127,9.995,-7.7689184,110.3846,9.994
1788936061.5031512,40.72138919260963,37.71641278867781,10.0,False,False,0.0,0.0,-7.7692848,110.3846127,9.995,-7.7689188,110.3846,9.994
1788936061.7036412,40.62175397669202,35.61783439199056,10.0,False,False,0.0,0.0,-7.7692848,110.3846128,9.994,-7.7689197,110.3846,9.994
1788936061.9058363,40.621753989000695,35.61783440602847,10.0,False,False,0.0,0.0,-7.7692848,110.3846128,9.993,-7.7689197,110.3846,9.994
1788936062.1194665,40.47728806726535,33.17479657993375,10.0,False,False,0.0,0.0,-7.7692847,110.3846128,9.992,-7.7689209,110.3846,9.994
1788936062.3216379,40.26614670358035,30.16188429512857,10.0,False,False,0.0,0.0,-7.7692847,110.3846128,9.992,-7.7689228,110.3846,9.995
1788936062.5219557,39.988331201108316,26.790805976573715,10.0,False,False,0.0,0.0,-7.7692847,110.3846128,9.991,-7.7689253,110.3846,9.995
1788936062.7269847,39.62161831173586,22.82861572572862,10.0,True,True,0.0,0.0,-7.7692847,110.3846128,9.991,-7.7689286,110.3846,9.995
1788936062.9271595,39.62161831173586,22.928475715333025,10.0,True,True,0.0,0.0,-7.7692847,110.3846128,9.991,-7.7689286,110.3846,9.995
1788936063.142158,39.15489905891293,18.46918915721395,10.0,True,True,0.0,0.0,-7.7692847,110.3846128,9.991,-7.7689328,110.3846,9.995
1788936063.3440242,38.58817827865616,13.41709441157955,10.0,True,True,0.0,0.0,-7.7692847,110.3846128,9.991,-7.7689379,110.3846,9.995
1788936063.5590878,37.92105402819554,7.985786960569892,10.0,True,True,0.0,0.0,-7.7692847,110.3846128,9.992,-7.7689439,110.3846001,9.995
1788936063.7730625,37.10989590728347,2.0669591449306455,10.0,True,True,0.0,0.0,-7.7692847,110.3846128,9.993,-7.7689512,110.3846001,9.996
1788936063.975877,36.16542876123299,1.310423109553257,8.87999283724271,True,True,0.0,0.0,-7.7692847,110.3846128,9.993,-7.7689597,110.3846001,9.997
1788936064.1769178,36.16542866445548,1.3102017208347694,8.901866561350337,True,True,0.0,0.0,-7.7692847,110.3846128,9.994,-7.7689597,110.3846001,9.997
1788936064.380167,35.099222059096434,1.2540101859047192,7.812130413215458,True,True,0.0,0.0,-7.7692847,110.3846128,9.994,-7.7689693,110.3846,9.999
1788936064.5821242,33.91043093794337,1.2725059746745861,6.887452609121454,True,True,0.0,0.0,-7.7692847,110.3846128,9.994,-7.76898,110.3846,10.0
1788936064.7953594,32.64394819168798,1.2209834059214792,6.309585446660374,True,True,0.0,0.0,-7.7692849,110.3846128,9.994,-7.7689916,110.3846,10.001
1788936064.9989502,31.34373900572432,1.22297678113109,5.876055278315784,True,True,0.0,0.0,-7.7692856,110.3846128,9.994,-7.769004,110.3846001,10.002
1788936065.2004476,29.988574467664954,1.1777223646781054,5.538746865623849,True,True,5.507710617208186e-07,1.180223702673919e-06,-7.7692866,110.3846128,9.994,-7.7690172,110.3846001,10.002
1788936065.4055693,30.166293475893635,1.16514963306368,5.852985318496769,True,True,3.85539743557856e-07,8.261565908044526e-07,-7.7692882,110.3846128,9.995,-7.7690172,110.3846001,10.002
1788936065.609199,28.86677616816593,1.117059544477824,5.644574143570321,True,True,6.0904120398462906e-05,0.00013050882942553568,-7.7692903,110.3846128,9.995,-7.769031,110.3846001,10.002
1788936065.8121328,27.27810378225223,1.1326066287764507,5.1132047251698305,True,True,0.00022478389421806398,0.0004816797733221477,-7.7692903,110.3846128,9.995,-7.7690453,110.3846002,10.002
1788936066.01415,25.956686122619285,1.137975307110804,5.0058920847493775,True,True,0.00047470713802672047,0.0010172295814858355,-7.7692932,110.3846128,9.995,-7.7690601,110.3846002,10.002
1788936066.2158551,24.679252074051025,1.1267268907961239,5.010618985511401,True,True,0.0008180509145588842,0.0017529662454833252,-7.7692969,110.3846128,9.995,-7.7690753,110.3846003,10.002
1788936066.4177384,25.17886501621511,1.1536764788736467,5.589206049441528,True,True,0.0009633829256685956,0.0020643919835760713,-7.7693014,110.3846128,9.995,-7.7690753,110.3846003,10.002
1788936066.6320918,24.090232152943017,1.132045248274657,5.85461786587067,True,True,0.0012063344760349216,0.002585002448645243,-7.7693069,110.3846128,9.996,-7.7690906,110.3846004,10.002
1788936066.8359556,22.369027916535078,1.085419306024031,5.396388657690235,True,True,0.0017451754610418682,0.0037396617022338345,-7.7693069,110.3846128,9.996,-7.7691061,110.3846005,10.002
1788936067.0508995,21.392391741014535,1.0617932307463822,5.8692333654214845,True,True,0.002327549874887012,0.0049876068747583945,-7.7693135,110.3846129,9.996,-7.7691215,110.3846006,10.001
1788936067.2550626,20.53725783768334,1.0123953007657363,6.637412462620358,True,True,0.002890885816184062,0.006194755320393655,-7.7693214,110.3846129,9.997,-7.7691371,110.3846007,10.001
1788936067.4615047,19.825708916494097,0.9246859527208994,7.95186411862526,True,True,0.0033003843528538065,0.007072252184687235,-7.7693304,110.3846128,9.998,-7.7691525,110.3846008,10.0
1788936067.6623628,20.946411547496,1.2238082435570636,10.0,True,True,0.0029998570075157795,0.006428265016103976,-7.7693405,110.3846128,10.0,-7.7691525,110.3846008,10.0
1788936067.8709824,20.490733907729442,6.116976677488081,10.0,True,True,0.0028735997088137314,0.006157713661742957,-7.7693515,110.3846128,10.002,-7.7691676,110.3846009,9.999
1788936068.0806794,18.836859282356606,6.455001666040191,10.0,True,True,0.0031806300343064325,0.006815635787797228,-7.7693515,110.3846128,10.002,-7.7691825,110.384601,9.998
1788936068.280863,18.59205484777107,12.494865355062114,10.0,True,True,0.003469013037233885,0.007433599365500673,-7.7693635,110.3846128,10.003,-7.7691967,110.3846011,9.997
1788936068.481998,18.50255049010928,18.50255049010928,0.0,True,True,0.0036988954660445586,0.007926204570094474,-7.7693763,110.3846128,10.004,-7.7692103,110.3846012,9.996
1788936068.6827776,20.011462163465712,20.011462163465712,0.0,True,True,0.003461717913529031,0.007417966957563723,-7.7693899,110.3846128,10.004,-7.7692103,110.3846012,9.996
1788936068.883925,20.155723467521593,20.155723467521593,0.0,True,True,0.0032647620169677046,0.006995918607789705,-7.769404,110.3846129,10.004,-7.7692231,110.3846013,9.994
1788936069.0841076,20.487964650975403,20.487964650975403,0.0,True,True,0.0030595675804602437,0.006556216243844134,-7.7694188,110.3846129,10.004,-7.7692349,110.3846014,9.992
1788936069.2974458,19.278407051233973,19.278407051233973,0.0,True,True,0.0031891726265141974,0.006833941342531682,-7.7694188,110.3846129,10.004,-7.7692458,110.3846014,9.99
1788936069.5008357,19.89979503722919,19.89979503722919,0.0,True,True,0.0031296059586790863,0.006706298482886043,-7.7694341,110.384613,10.003,-7.7692555,110.3846015,9.988
1788936069.715751,20.709936075470367,20.709936075470367,0.0,True,True,0.0029228376411394546,0.006263223516726131,-7.7694497,110.3846131,10.003,-7.7692638,110.3846016,9.987
1788936069.9159756,22.464405753308863,22.464405753308863,0.0,True,True,0.0025112746792353,0.005381302884077923,-7.7694655,110.3846132,10.003,-7.7692638,110.3846016,9.987
1788936070.1214414,23.464210778682077,23.464210778682077,0.0,True,True,0.002112026335215093,0.004525770718318053,-7.7694814,110.3846133,10.002,-7.7692707,110.3846016,9.986
1788936070.3224,22.830762845937233,22.830762845937233,0.0,True,True,0.0019001197513101313,0.004071685181377083,-7.7694814,110.3846133,10.002,-7.7692764,110.3846017,9.988
1788936070.5234969,24.108191498976474,24.108191498976474,0.0,True,True,0.0016244208648063096,0.003480901853155364,-7.7694973,110.3846134,10.002,-7.7692808,110.3846017,9.989
1788936070.7258687,25.507351846717473,25.507351846717473,0.0,True,True,0.0013265867711646621,0.002842685938211515,-7.7695132,110.3846135,10.001,-7.7692841,110.3846018,9.991
1788936070.9264433,27.26265442986684,27.26265442986684,0.0,True,True,0.0010231698558000686,0.002192506833859323,-7.769529,110.3846136,10.001,-7.7692841,110.3846018,9.991
1788936071.1411133,28.729343177607873,28.729343177607873,0.0,True,True,0.000753726865044526,0.001615128996523987,-7.7695445,110.3846137,10.001,-7.7692864,110.3846018,9.992
1788936071.3413064,28.562725282354613,28.562725282354613,0.0,True,True,0.000570782323041434,0.0012231049779476983,-7.7695445,110.3846137,10.001,-7.7692879,110.3846018,9.993
1788936071.5421302,30.162814432871116,30.162814432871116,0.0,True,True,0.0003995476261293562,0.0008561734845639256,-7.7695597,110.3846138,10.0,-7.7692887,110.3846018,9.994
1788936071.7446654,31.75191064052438,31.75191064052438,0.0,True,True,0.0002796833382901928,0.0005993214391940375,-7.7695743,110.3846139,9.999,-7.769289,110.3846018,9.994
1788936071.9467273,33.31888427830322,33.31888427830322,0.0,True,True,0.00019577833680508964,0.0004195250074344085,-7.7695883,110.384614,9.998,-7.7692889,110.3846018,9.993
1788936072.149341,34.77482904414681,34.77482904414681,0.0,True,True,0.0001370448357628498,0.00029366750520408723,-7.7696014,110.3846141,9.996,-7.7692889,110.3846018,9.993
1788936072.362559,36.175276385533955,36.175276385533955,0.0,False,False,9.593138503541754e-05,0.0002055672536442804,-7.7696136,110.3846142,9.993,-7.7692885,110.3846018,9.992
1788936072.5654688,36.208611199564395,36.208611199564395,0.0,False,False,6.715196952372631e-05,0.0001438970775513527,-7.7696136,110.3846142,9.993,-7.7692882,110.3846018,9.99
1788936072.7686853,37.49839945365358,37.49839945365358,0.0,False,False,4.7006378666609736e-05,0.00010072795428558993,-7.7696248,110.3846143,9.99,-7.7692878,110.3846017,9.971
1788936072.9706225,38.643438112525395,38.643438112525395,0.0,False,False,3.290446506485248e-05,7.050956799813839e-05,-7.7696347,110.3846144,9.988,-7.7692874,110.3846017,9.9
1788936073.1718998,39.59909574067636,39.59909574067636,0.0,False,False,2.3033125545395695e-05,4.935669760082597e-05,-7.7696433,110.3846144,9.986,-7.7692874,110.3846017,9.9
1788936073.3754547,40.4333267469925,40.4333267469925,0.0,False,False,1.6123187882131478e-05,3.454968831987025e-05,-7.7696505,110.3846145,9.986,-7.7692871,110.3846017,9.787
1788936073.5889654,40.46791438527435,40.46791438527435,0.0,False,False,1.1286231517490422e-05,2.4184781823196265e-05,-7.7696505,110.3846145,9.986,-7.7692868,110.3846016,9.655
1788936073.7908194,41.158223247695666,41.158223247695666,0.0,False,False,7.900362062243485e-06,1.692934727624179e-05,-7.7696564,110.3846145,9.987,-7.7692865,110.3846016,9.518
1788936073.9914286,41.70524522946921,41.70524522946921,0.0,False,False,5.530253442861131e-06,1.185054309336783e-05,-7.769661,110.3846146,9.989,-7.7692862,110.3846015,9.383
1788936074.1939545,42.11852059221174,42.11852059221174,0.0,False,False,3.871177409650199e-06,8.295380166068874e-06,-7.7696645,110.3846146,9.991,-7.769286,110.3846015,9.251
1788936074.3941495,42.396320532865396,42.396320532865396,0.0,False,False,2.7098241885309905e-06,5.806766116245844e-06,-7.769667,110.3846146,9.992,-7.769286,110.3846015,9.251
1788936074.5941522,42.60983481991191,42.60983481991191,0.0,False,False,1.8968769326784903e-06,4.064736282789378e-06,-7.7696686,110.3846146,9.992,-7.7692857,110.3846015,9.124
1788936074.7949693,42.635159021521446,42.635159021521446,0.0,False,False,1.3278138528720055e-06,2.845315395470012e-06,-7.7696686,110.3846146,9.992,-7.7692855,110.3846014,8.999
1788936074.9952466,42.76040273192375,42.76040273192375,0.0,False,False,9.294696977254437e-07,1.9917207793146393e-06,-7.7696695,110.3846146,9.992,-7.7692853,110.3846014,8.876
1788936075.205084,42.83041119599593,42.83041119599593,0.0,False,False,6.506287884061039e-07,1.3942045430342862e-06,-7.7696699,110.3846146,9.992,-7.7692851,110.3846014,8.754
1788936075.405953,42.819273866212754,42.81457303836324,1.318095519290028,False,False,4.554401515276564e-07,9.75943180835532e-07,-7.7696698,110.3846146,9.991,-7.7692851,110.3846014,8.754
1788936075.6080623,42.8118962315039,42.13428091566108,10.0,False,False,3.188081042992384e-07,6.831602255169093e-07,-7.7696696,110.3846146,9.991,-7.769285,110.3846014,8.631
1788936075.8107655,42.827496635365605,42.163882222370965,10.0,False,False,2.2316567584849666e-07,4.782121599899504e-07,-7.7696696,110.3846146,9.991,-7.7692849,110.3846013,8.507
1788936076.0130007,42.80968724875586,41.97805813035314,10.0,False,False,1.56215973092101e-07,3.347485102224189e-07,-7.7696692,110.3846146,9.99,-7.7692847,110.3846013,8.384
1788936076.2154784,42.76928333192933,42.08935108496796,10.0,False,False,1.0935118187609722e-07,2.3432395609042762e-07,-7.7696688,110.3846145,9.979,-7.7692847,110.3846013,8.26
1788936076.424199,42.72253396410162,42.000446897896225,10.0,False,False,7.654582482707161e-08,1.6402677103436612e-07,-7.7696684,110.3846145,9.92,-7.7692847,110.3846013,8.26
1788936076.6265118,42.68958920422799,41.88840051900193,10.0,False,False,5.358207986064746e-08,1.1481873901635819e-07,-7.769668,110.3846144,9.815,-7.7692846,110.3846013,8.136
1788936076.8285122,42.70574918539221,41.90495309521281,10.0,False,False,3.7507455551091516e-08,8.037311802090038e-08,-7.769668,110.3846144,9.815,-7.7692845,110.3846013,8.012
1788936077.0291548,42.67227074050315,41.85176632045217,10.0,False,False,2.6255217817706005e-08,5.6261181553013125e-08,-7.7696677,110.3846144,9.686,-7.7692845,110.3846013,7.887
1788936077.2299318,42.649559798774206,41.92586217094791,10.0,False,False,1.8378653892714864e-08,3.9382826733190144e-08,-7.7696674,110.3846144,9.55,-7.7692844,110.3846013,7.763
1788936077.444823,42.61039187692253,41.891118062050445,10.0,False,False,1.2865057370791132e-08,2.756797906852593e-08,-7.7696671,110.3846143,9.414,-7.7692844,110.3846013,7.763
1788936077.6455882,42.58750369914428,41.87475241065696,10.0,False,False,9.00554122533989e-09,1.929758428256255e-08,-7.7696669,110.3846142,9.281,-7.7692844,110.3846013,7.638
1788936077.846965,42.59250927480826,41.87924622595087,10.0,False,False,6.30387708240707e-09,1.350831006391006e-08,-7.7696669,110.3846142,9.281,-7.7692844,110.3846013,7.513
1788936078.0474527,42.559073657409215,41.95666883934075,10.0,False,False,4.412714665287939e-09,9.455815627163957e-09,-7.7696666,110.3846142,9.153,-7.7692844,110.3846013,7.388
1788936078.249551,42.547928471781795,42.04969900537202,10.0,False,False,3.0889016858319914e-09,6.619071997931909e-09,-7.7696664,110.3846142,9.027,-7.7692843,110.3846013,7.263
1788936078.4609218,42.52580405360971,42.12743390109305,10.0,False,False,2.1622286966784106e-09,4.633350758201618e-09,-7.7696662,110.3846142,8.904,-7.7692843,110.3846013,7.138
1788936078.6622694,42.49829679147437,42.102842509455876,10.0,False,False,1.5135604450970706e-09,3.2433448212439217e-09,-7.769666,110.3846141,8.781,-7.7692843,110.3846013,7.138
1788936078.875925,42.476164111659536,42.18057608582014,10.0,False,False,1.0594930165186413e-09,2.270340665043325e-09,-7.7696658,110.3846141,8.658,-7.7692843,110.3846013,7.013
1788936079.0894947,42.492292398293564,42.19703452681891,10.0,False,False,7.416436976387209e-10,1.5892395283310229e-09,-7.7696658,110.3846141,8.658,-7.7692842,110.3846013,6.888
1788936079.2904649,42.48127206938608,42.28586679763417,10.0,False,False,5.191502334773461e-10,1.1124673165282672e-09,-7.7696657,110.3846141,8.535,-7.7692842,110.3846013,6.763
1788936079.49123,42.46988747939657,42.27448692182723,10.0,False,False,3.6340481070176186e-10,7.787271186347947e-10,-7.7696656,110.3846141,8.412,-7.7692842,110.3846014,6.638
1788936079.6920986,42.45374472840492,42.353874868288685,10.0,False,False,2.5438549276242963e-10,5.451107597462921e-10,-7.7696655,110.3846141,8.287,-7.7692842,110.3846014,6.638
1788936079.894001,42.453783582449994,42.35391381395099,10.0,False,False,1.7806948845780792e-10,3.8157646812072685e-10,-7.7696654,110.3846141,8.163,-7.7692841,110.3846014,6.513
1788936080.0965264,42.453783582449994,42.453783582449994,0.0,False,False,1.246468691037649e-10,2.6710246166335194e-10,-7.7696654,110.3846141,8.038,-7.7692841,110.3846014,6.388
1788936080.2975116,42.45882553092467,42.45882553092467,0.0,False,False,8.725387012979246e-11,1.8697207987868728e-10,-7.7696654,110.3846141,8.038,-7.7692841,110.3846014,6.263
1788936080.4992764,42.44780548739031,42.44780548739031,0.0,False,False,6.107629170707565e-11,1.3088081182337843e-10,-7.7696653,110.3846141,7.914,-7.7692841,110.3846014,6.137
1788936080.6999154,42.44776363597172,42.44776363597172,0.0,False,False,4.275517540484278e-11,9.161621094684575e-11,-7.7696653,110.3846141,7.789,-7.7692841,110.3846014,6.013
1788936080.900255,42.43165132562897,42.43165132562897,0.0,False,False,2.992791508490436e-11,6.413276618494352e-11,-7.7696652,110.3846141,7.665,-7.7692841,110.3846014,6.013
1788936081.1002839,42.43165132562897,42.43165132562897,0.0,False,False,2.095060369574267e-11,4.489364625160245e-11,-7.7696652,110.3846141,7.54,-7.7692841,110.3846014,5.888
1788936081.314572,42.4366599324187,42.4366599324187,0.0,False,False,1.466329788318119e-11,3.142590530200486e-11,-7.7696652,110.3846141,7.54,-7.7692841,110.3846014,5.764
1788936081.529964,42.425556237037625,42.425556237037625,0.0,False,False,1.0265367626232628e-11,2.19967140549006e-11,-7.7696651,110.3846141,7.415,-7.7692841,110.3846014,5.639
1788936081.730206,42.425556237037625,42.425556237037625,0.0,False,False,7.183988550007143e-12,1.539628397101107e-11,-7.7696651,110.3846141,7.29,-7.7692841,110.3846014,5.514
1788936081.9452221,42.42050738760726,42.42050738760726,0.0,False,False,5.031273302539193e-12,1.0777753845115664e-11,-7.7696651,110.3846141,7.165,-7.7692841,110.3846014,5.514
1788936082.1472707,42.42054631923123,42.42054631923123,0.0,False,False,3.522598255432255e-12,7.543362953776175e-12,-7.7696651,110.3846141,7.041,-7.7692841,110.3846014,5.389
1788936082.3492148,42.409402378606664,42.409402378606664,0.0,False,False,2.4658215660904406e-12,5.28035628784608e-12,-7.769665,110.3846141,6.916,-7.7692841,110.3846014,5.265
1788936082.5511413,42.42555623704861,42.42555623704861,0.0,False,False,1.7257219985166e-12,3.6969551133761204e-12,-7.769665,110.3846141,6.916,-7.769284,110.3846014,5.14
1788936082.766244,42.425598110374054,42.425598110374054,0.0,False,False,1.2062294811662992e-12,2.586803027332194e-12,-7.769665,110.3846141,6.791,-7.769284,110.3846014,5.014
1788936082.9688916,42.42596289779886,42.42596289779886,0.0,False,False,8.46842871268341e-13,1.8111206493150135e-12,-7.769665,110.3846142,6.666,-7.769284,110.3846014,4.889
1788936083.171978,42.420872218819426,42.420872218819426,0.0,False,False,5.906653606294945e-13,1.266717361152306e-12,-7.769665,110.3846142,6.54,-7.769284,110.3846014,4.889
1788936083.375386,42.420911150108566,42.420911150108566,0.0,False,False,4.127550752594813e-13,8.859923161624096e-13,-7.769665,110.3846142,6.416,-7.769284,110.3846014,4.764
1788936083.5766113,42.42596289779886,42.42596289779886,0.0,False,False,2.882197347854544e-13,6.226767761136525e-13,-7.769665,110.3846142,6.416,-7.769284,110.3846014,4.639
1788936083.7773407,42.42596289779886,42.42596289779886,0.0,False,False,2.0281489671552807e-13,4.3410011304988235e-13,-7.769665,110.3846142,6.291,-7.769284,110.3846014,4.514
1788936083.9921203,42.414817433325176,42.414817433325176,0.0,False,False,1.4232699777588124e-13,3.059990569707992e-13,-7.7696649,110.3846142,6.165,-7.769284,110.3846014,4.389
1788936084.1947074,42.409767305448696,42.409767305448696,0.0,False,False,9.963074863817178e-14,2.1348742945054902e-13,-7.7696649,110.3846142,6.04,-7.769284,110.3846014,4.389
1788936084.3950312,42.409767305448696,42.409767305448696,0.0,False,False,7.116044606506111e-14,1.4944612295725768e-13,-7.7696649,110.3846142,5.915,-7.769284,110.3846014,4.264
1788936084.5966945,42.414817433325176,42.414817433325176,0.0,False,False,4.980931184949339e-14,1.0319031792711718e-13,-7.7696649,110.3846142,5.915,-7.769284,110.3846014,4.139
1788936084.8061624,42.425921024943236,42.425921024943236,0.0,False,False,3.5577234973768795e-14,7.471998912633889e-14,-7.7696649,110.3846142,5.79,-7.7692839,110.3846014,4.014
1788936085.0076463,42.42596289790864,42.32610629864725,10.0,False,False,2.4904655924746694e-14,4.982168345293533e-14,-7.7696649,110.3846142,5.665,-7.7692839,110.3846014,3.888
1788936085.2088454,42.41485931726348,42.31500279323466,10.0,False,False,1.778575899402738e-14,3.558329743975817e-14,-7.7696648,110.3846142,5.54,-7.7692839,110.3846014,3.763
1788936085.4090266,42.409806246943084,42.309937797064386,10.0,False,False,1.067893742893049e-14,2.4910841726467663e-14,-7.7696648,110.3846142,5.415,-7.7692839,110.3846014,3.763
1788936085.6160953,42.409806246943084,42.309937797064386,10.0,False,False,7.119291619286993e-15,1.7791648719879085e-14,-7.7696648,110.3846142,5.29,-7.7692839,110.3846014,3.638
1788936085.8175645,42.41485931726348,42.31500279323466,10.0,False,False,7.113229329843195e-15,1.067893742893049e-14,-7.7696648,110.3846142,5.29,-7.7692839,110.3846014,3.513
1788936086.0189638,42.41485931726348,42.31500279323466,10.0,False,False,3.5596458096434965e-15,7.119291619286993e-15,-7.7696648,110.3846142,5.165,-7.7692839,110.3846014,3.388
1788936086.2343311,42.41485931726348,42.31500279323466,10.0,False,False,3.554447978966673e-15,7.113229329843195e-15,-7.7696648,110.3846142,5.04,-7.7692839,110.3846014,3.263
1788936086.4350016,42.40984521196997,42.3099768540643,10.0,False,False,3.554447978966673e-15,3.5596458096434965e-15,-7.7696648,110.3846142,4.916,-7.7692839,110.3846014,3.263
1788936086.642197,42.409806246943084,42.309937797064386,10.0,False,False,1.1102230246251565e-16,3.554447978966673e-15,-7.7696648,110.3846142,4.791,-7.7692839,110.3846014,3.139
1788936086.845103,42.41485931726348,42.31500279323466,10.0,False,False,0.0,3.554447978966673e-15,-7.7696648,110.3846142,4.791,-7.7692839,110.3846014,3.014
1788936087.047102,42.41485931726348,42.31500279323466,10.0,False,False,0.0,1.1102230246251565e-16,-7.7696648,110.3846142,4.667,-7.7692839,110.3846014,2.89
1788936087.248789,42.41485931726348,42.31500279323466,10.0,False,False,0.0,1.1102230246251565e-16,-7.7696648,110.3846142,4.542,-7.7692839,110.3846014,2.765
1788936087.4488993,42.414817433336346,42.31496081046817,10.0,False,False,0.0,0.0,-7.7696648,110.3846142,4.417,-7.7692839,110.3846014,2.641
1788936087.6507974,42.409806246943084,42.309937797064386,10.0,False,False,0.0,0.0,-7.7696648,110.3846142,4.293,-7.7692839,110.3846014,2.641
1788936087.8522835,42.398701351315225,42.29883297048234,10.0,False,False,0.0,0.0,-7.7696647,110.3846142,4.168,-7.7692839,110.3846014,2.516
1788936088.0541685,42.403755744957536,42.30389929622048,10.0,False,False,0.0,0.0,-7.7696647,110.3846142,4.168,-7.7692839,110.3846014,2.391
1788936088.2693183,42.40371385006294,42.40371385006294,0.0,False,False,0.0,0.0,-7.7696647,110.3846142,4.042,-7.7692839,110.3846014,2.266
1788936088.470764,42.40371385006294,42.40371385006294,0.0,False,False,0.0,0.0,-7.7696647,110.3846142,3.917,-7.7692839,110.3846014,2.141
1788936088.6847024,42.398662399632606,42.398662399632606,0.0,False,False,0.0,0.0,-7.7696647,110.3846142,3.792,-7.7692839,110.3846014,2.141
1788936088.885618,42.398662399632606,42.398662399632606,0.0,False,False,0.0,0.0,-7.7696647,110.3846142,3.667,-7.7692839,110.3846014,2.016
1788936089.086208,42.40371385006294,42.40371385006294,0.0,False,False,0.0,0.10899999999999999,-7.7696647,110.3846142,3.667,-7.7692839,110.3846014,1.891
1788936089.2997751,42.403755744957536,42.403755744957536,0.0,False,False,0.0,0.2350000000000001,-7.7696647,110.3846142,3.542,-7.7692839,110.3846014,1.765
1788936089.4999204,42.40371385006294,42.40371385006294,0.0,False,False,0.0,0.3600000000000001,-7.7696647,110.3846142,3.416,-7.7692839,110.3846014,1.64
1788936089.702868,42.40379766339354,42.40379766339354,0.0,False,False,0.0,0.486,-7.7696647,110.3846142,3.292,-7.7692839,110.3846014,1.514
1788936089.903667,42.39874032654767,42.39874032654767,0.0,False,False,0.0,0.486,-7.7696647,110.3846142,3.167,-7.7692839,110.3846014,1.514
1788936090.105511,42.398701351315225,42.398701351315225,0.0,False,False,0.0,0.611,-7.7696647,110.3846142,3.041,-7.7692839,110.3846014,1.389
1788936090.3095365,42.40379766339354,42.40379766339354,0.0,False,False,0.0,0.7370000000000001,-7.7696647,110.3846142,3.041,-7.7692839,110.3846014,1.263
1788936090.5105724,42.40379766339354,42.40379766339354,0.0,False,False,0.0,0.8620000000000001,-7.7696647,110.3846142,2.916,-7.7692839,110.3846014,1.138
1788936090.7106001,42.40379766339354,42.40379766339354,0.0,False,False,0.0,0.986,-7.7696647,110.3846142,2.792,-7.7692839,110.3846014,1.014
1788936090.911233,42.39874032654767,42.39874032654767,0.0,False,False,0.0,0.986,-7.7696647,110.3846142,2.667,-7.7692839,110.3846014,1.014
1788936091.112494,42.39874032654767,42.39874032654767,0.0,False,False,0.0,1.111,-7.7696647,110.3846142,2.542,-7.7692839,110.3846014,0.889
1788936091.3241487,42.40379766339354,42.40379766339354,0.0,False,False,0.0,1.236,-7.7696647,110.3846142,2.542,-7.7692839,110.3846014,0.764
1788936091.525763,42.40383960537088,42.40383960537088,0.0,False,False,0.0,1.361,-7.7696647,110.3846142,2.418,-7.7692839,110.3846014,0.639
1788936091.7263865,42.40383960537088,42.40383960537088,0.0,False,False,0.0,1.486,-7.7696647,110.3846142,2.293,-7.7692839,110.3846014,0.514
1788936091.9271028,42.39877932532987,42.39877932532987,0.0,False,False,0.0,1.486,-7.7696647,110.3846142,2.168,-7.7692839,110.3846014,0.514
1788936092.141438,42.39874032654767,42.39874032654767,0.0,False,False,0.0,1.6099999999999999,-7.7696647,110.3846142,2.043,-7.7692839,110.3846014,0.39
1788936092.3423026,42.40383960537088,42.40383960537088,0.0,False,False,0.0,1.736,-7.7696647,110.3846142,2.043,-7.7692839,110.3846014,0.264
1788936092.543807,42.40379766339354,42.40379766339354,0.0,False,False,0.08200000000000007,1.8599999999999999,-7.7696647,110.3846142,1.918,-7.7692839,110.3846014,0.14
1788936092.7463899,42.403755744957536,42.403755744957536,0.0,False,False,0.20699999999999996,1.984,-7.7696647,110.3846142,1.793,-7.7692839,110.3846014,0.016
1788936092.9464633,42.39992053386444,42.366505311130155,2.6714285714285713,False,False,0.3320000000000001,2.015,-7.7696647,110.3846142,1.668,-7.7692839,110.3846014,-0.015
1788936093.1606185,42.395142838278296,42.366505311130155,2.4730158730158727,False,False,0.4570000000000001,2.015,-7.7696647,110.3846142,1.543,-7.7692839,110.3846014,-0.015
1788936093.3618248,42.390262245921754,42.366505311130155,2.895918367346939,False,False,0.5820000000000002,2.0010000000000003,-7.7696647,110.3846142,1.418,-7.7692839,110.3846014,-0.001
1788936093.5645018,42.390530797313914,42.366505311130155,2.972916666666667,False,False,0.5820000000000002,2.0090000000000003,-7.7696647,110.3846142,1.418,-7.7692839,110.3846014,-0.009
1788936093.7781498,42.38650700727791,42.366505311130155,2.6571428571428575,False,False,0.7070000000000002,2.0090000000000003,-7.7696647,110.3846142,1.293,-7.7692839,110.3846014,-0.009
1788936093.98063,42.38282374120464,42.366505311130155,2.4,False,False,0.832,2.008,-7.7696647,110.3846142,1.168,-7.7692839,110.3846014,-0.008
1788936094.1813436,42.379539559532965,42.366505311130155,2.144897959183673,False,False,0.957,2.008,-7.7696647,110.3846142,1.043,-7.7692839,110.3846014,-0.008
1788936094.3879232,42.37658018620686,42.366505311130155,1.885714285714286,False,False,1.083,2.007,-7.7696647,110.3846142,0.917,-7.7692839,110.3846014,-0.007
1788936094.587936,42.376558393503586,42.366505311130155,1.8836734693877553,False,False,1.083,2.0060000000000002,-7.7696647,110.3846142,0.917,-7.7692839,110.3846014,-0.006
1788936094.8031435,42.374001242247815,42.366505311130155,1.6265306122448981,False,False,1.208,2.005,-7.7696647,110.3846142,0.792,-7.7692839,110.3846014,-0.005
1788936095.003887,42.371818621319754,42.366505311130155,1.369387755102041,False,False,1.3329999999999997,2.004,-7.7696647,110.3846142,0.667,-7.7692839,110.3846014,-0.004
1788936095.2189107,42.369984910051826,42.366505311130155,1.1081632653061226,False,False,1.458,2.001,-7.7696647,110.3846142,0.542,-7.7692839,110.3846014,-0.001
1788936095.4236877,42.36856731443748,42.366505311130155,0.8530612244897959,False,False,1.583,2.001,-7.7696647,110.3846142,0.417,-7.7692839,110.3846014,-0.001
1788936095.6337206,42.36751156579791,42.366505311130155,0.5959183673469388,False,False,1.7080000000000002,2.0,-7.7696647,110.3846142,0.292,-7.7692839,110.3846014,0
1788936095.8360364,42.36749099578614,42.366505311130155,0.5897959183673469,False,False,1.708,1.997,-7.7696647,110.3846142,0.292,-7.7692839,110.3846014,0.003
1788936096.03935,42.36681887135285,42.366505311130155,0.3326530612244898,False,False,1.832,1.9949999999999999,-7.7696647,110.3846142,0.168,-7.7692839,110.3846014,0.005
1788936096.2396202,42.36652060622892,42.366505311130155,0.07346938775510205,False,False,1.957,1.993,-7.7696647,110.3846142,0.043,-7.7692839,110.3846014,0.007
1788936096.4421368,42.3665967039839,42.3665967039839,0.0,False,False,2.081,1.9929999999999999,-7.7696647,110.3846142,-0.081,-7.7692839,110.3846014,0.007
1788936096.6455238,42.36704578181041,42.36704578181041,0.0,False,False,2.2060000000000004,1.9920000000000002,-7.7696647,110.3846142,-0.206,-7.7692839,110.3846014,0.008
1788936096.8456237,42.36705084470737,42.36705084470737,0.0,False,False,2.206,1.991,-7.7696647,110.3846142,-0.206,-7.7692839,110.3846014,0.009
1788936097.0472174,42.36787761120469,42.36787761120469,0.0,False,False,2.331,1.9899999999999998,-7.7696647,110.3846142,-0.331,-7.7692839,110.3846014,0.01
1788936097.2489452,42.36907907044971,42.36907907044971,0.0,False,False,2.456,1.989,-7.7696647,110.3846142,-0.456,-7.7692839,110.3846014,0.011
1788936097.450232,42.370655190568144,42.370655190568144,0.0,False,False,2.581,1.988,-7.7696647,110.3846142,-0.581,-7.7692839,110.3846014,0.012
1788936097.6528347,42.37258897303798,42.37258897303798,0.0,False,False,2.706,1.988,-7.7696647,110.3846142,-0.706,-7.7692839,110.3846014,0.012
1788936097.8550625,42.37491130702246,42.37491130702246,0.0,False,False,2.831,1.9869999999999999,-7.7696647,110.3846142,-0.831,-7.7692839,110.3846014,0.013
1788936098.0553846,42.37493123626302,42.37493123626302,0.0,False,False,2.831,1.9860000000000002,-7.7696647,110.3846142,-0.831,-7.7692839,110.3846014,0.014
1788936098.257131,42.377608147204576,42.377608147204576,0.0,False,False,2.956,1.9860000000000002,-7.7696647,110.3846142,-0.956,-7.7692839,110.3846014,0.014
1788936098.4585958,42.380679422090665,42.380679422090665,0.0,False,False,3.081,1.9849999999999999,-7.7696647,110.3846142,-1.081,-7.7692839,110.3846014,0.015
1788936098.660309,42.38409623052047,42.38409623052047,0.0,False,False,3.206,1.9849999999999999,-7.7696647,110.3846142,-1.206,-7.7692839,110.3846014,0.015
1788936098.8605409,42.38788138463657,42.38788138463657,0.0,False,False,3.331,1.9849999999999999,-7.7696647,110.3846142,-1.331,-7.7692839,110.3846014,0.015
1788936099.0610685,42.387913150779426,42.387913150779426,0.0,False,False,3.3309999999999995,1.9839999999999998,-7.7696647,110.3846142,-1.331,-7.7692839,110.3846014,0.016
1788936099.2625678,42.39210423272262,42.39210423272262,0.0,False,False,3.457,1.984,-7.7696647,110.3846142,-1.457,-7.7692839,110.3846014,0.016
1788936099.465673,42.396669365387886,42.396669365387886,0.0,False,False,3.5820000000000003,1.983,-7.7696647,110.3846142,-1.582,-7.7692839,110.3846014,0.017
1788936099.6669674,42.40120278102992,42.40120278102992,0.0,False,False,3.698,1.983,-7.7696647,110.3846142,-1.698,-7.7692839,110.3846014,0.017
1788936099.8698046,42.400879958769956,42.37085344051993,10.0,False,False,3.69,1.983,-7.7696647,110.3846142,-1.69,-7.7692839,110.3846014,0.017
1788936100.08456,42.400879958769956,42.37085344051993,10.0,False,False,3.69,1.983,-7.7696647,110.3846142,-1.69,-7.7692839,110.3846014,0.017
1788936100.2894573,42.40096052305914,42.40096052305914,0.0,False,False,3.6919999999999997,1.9829999999999999,-7.7696647,110.3846142,-1.692,-7.7692839,110.3846014,0.017
1788936100.4920728,42.401283722052796,42.401283722052796,0.0,False,False,3.699,1.982,-7.7696647,110.3846142,-1.699,-7.7692839,110.3846014,0.018
1788936100.702232,42.401283722052796,42.401283722052796,0.0,False,False,3.699,1.982,-7.7696647,110.3846142,-1.699,-7.7692839,110.3846014,0.018
1788936100.902765,42.40124323976856,42.40124323976856,0.0,False,False,3.698,1.9819999999999998,-7.7696647,110.3846142,-1.698,-7.7692839,110.3846014,0.018
1788936101.1060615,42.40120278102992,42.40120278102992,0.0,False,False,3.697,1.9820000000000002,-7.7696647,110.3846142,-1.697,-7.7692839,110.3846014,0.018
1788936101.3075602,42.40120278102992,42.40120278102992,0.0,False,False,3.697,1.9820000000000002,-7.7696647,110.3846142,-1.697,-7.7692839,110.3846014,0.018
1788936101.5094755,42.40116234583693,42.40116234583693,0.0,False,False,3.6959999999999997,1.982,-7.7696647,110.3846142,-1.696,-7.7692839,110.3846014,0.018
1788936101.712018,42.40112193418966,42.40112193418966,0.0,False,False,3.694,1.9809999999999999,-7.7696647,110.3846142,-1.694,-7.7692839,110.3846014,0.019
1788936101.9155269,42.40108154608818,42.40108154608818,0.0,False,False,3.693,1.981,-7.7696647,110.3846142,-1.693,-7.7692839,110.3846014,0.019
1788936102.1278403,42.400920229141484,42.400920229141484,0.0,False,False,3.689,1.9809999999999999,-7.7696647,110.3846142,-1.689,-7.7692839,110.3846014,0.019
1788936102.3292155,42.400920229141484,42.400920229141484,0.0,False,False,3.689,1.9809999999999999,-7.7696647,110.3846142,-1.689,-7.7692839,110.3846014,0.019
1788936102.530409,42.400799488665534,42.400799488665534,0.0,False,False,3.686,1.9809999999999999,-7.7696647,110.3846142,-1.686,-7.7692839,110.3846014,0.019
1788936102.7329938,42.40067896010652,42.40067896010652,0.0,False,False,3.683,1.9809999999999999,-7.7696647,110.3846142,-1.683,-7.7692839,110.3846014,0.019
1788936102.9330287,42.40055864346624,42.40055864346624,0.0,False,False,3.6799999999999997,1.9809999999999999,-7.7696647,110.3846142,-1.68,-7.7692839,110.3846014,0.019
1788936103.1353383,42.40047855010624,42.40047855010624,0.0,False,False,3.678,1.9809999999999999,-7.7696647,110.3846142,-1.678,-7.7692839,110.3846014,0.019
1788936103.3381824,42.40047855010624,42.40047855010624,0.0,False,False,3.678,1.9809999999999999,-7.7696647,110.3846142,-1.678,-7.7692839,110.3846014,0.019
1788936103.539216,42.40039855093369,42.40039855093369,0.0,False,False,3.676,1.9809999999999999,-7.7696647,110.3846142,-1.676,-7.7692839,110.3846014,0.019
1788936103.7401676,42.40039855093369,42.40039855093369,0.0,False,False,3.6750000000000003,1.98,-7.7696647,110.3846142,-1.675,-7.7692839,110.3846014,0.02
1788936103.942029,42.400318645949106,42.400318645949106,0.0,False,False,3.673,1.9800000000000002,-7.7696647,110.3846142,-1.673,-7.7692839,110.3846014,0.02
1788936104.1483598,42.40027872877747,42.300414072024914,10.0,False,False,3.672,1.98,-7.7696647,110.3846142,-1.672,-7.7692839,110.3846014,0.02
1788936104.348501,42.40023883515303,42.297158318503286,10.0,False,False,3.671,1.98,-7.7696647,110.3846142,-1.671,-7.7692839,110.3846014,0.02
1788936104.5638156,42.40023883515303,42.297158318503286,10.0,False,False,3.671,1.98,-7.7696647,110.3846142,-1.671,-7.7692839,110.3846014,0.02
1788936104.7650368,42.40019896507585,42.29711835126043,10.0,False,False,3.67,1.9800000000000002,-7.7696647,110.3846142,-1.67,-7.7692839,110.3846014,0.02
