timestamp,d_ij,d_cpa,t_cpa,uav3_avoid,uav4_avoid,uav3_offset,uav4_offset,uav3_lat,uav3_lon,uav3_alt,uav4_lat,uav4_lon,uav4_alt
1789018089.721617,36.68300522733468,36.68300522733468,0.0,False,False,3.981,3.46,-7.7695555,110.3850877,-1.981,-7.7695644,110.3847549,-1.46
1789018089.9517303,36.68300522733468,36.68300522733468,0.0,False,False,3.981,3.46,-7.7695555,110.3850877,-1.981,-7.7695644,110.3847549,-1.46
1789018090.1802692,36.68300522733468,36.68300522733468,0.0,False,False,3.981,3.46,-7.7695555,110.3850877,-1.981,-7.7695644,110.3847549,-1.46
1789018090.401337,36.68300522733468,36.68300522733468,0.0,False,False,3.981,3.46,-7.7695555,110.3850877,-1.981,-7.7695644,110.3847549,-1.46
1789018090.612877,36.68300522733468,36.68300522733468,0.0,False,False,3.981,3.46,-7.7695555,110.3850877,-1.981,-7.7695644,110.3847549,-1.46
1789018090.8471088,36.68300522733468,36.68300522733468,0.0,False,False,3.981,3.46,-7.7695555,110.3850877,-1.981,-7.7695644,110.3847549,-1.46
1789018091.194695,36.68300522733468,36.68300522733468,0.0,False,False,3.981,3.46,-7.7695555,110.3850877,-1.981,-7.7695644,110.3847549,-1.46
1789018091.4171717,36.73324831142304,36.73324831142304,0.0,False,False,3.9810000000000003,1.991,-7.7695555,110.3850877,-1.981,-7.7695644,110.3847549,0.009
1789018091.6256626,36.73324831142304,36.73324831142304,0.0,False,False,3.9810000000000003,1.991,-7.7695555,110.3850877,-1.981,-7.7695644,110.3847549,0.009
1789018091.8322816,36.679305275709126,36.679305275709126,0.0,False,False,1.992,1.9900000000000002,-7.7695555,110.3850877,0.008,-7.7695644,110.3847549,0.01
1789018092.0322795,36.679305275709126,36.679305275709126,0.0,False,False,1.992,1.9900000000000002,-7.7695555,110.3850877,0.008,-7.7695644,110.3847549,0.01
1789018092.2354968,36.679305275709126,36.679305275709126,0.0,False,False,1.992,1.9900000000000002,-7.7695555,110.3850877,0.008,-7.7695644,110.3847549,0.01
1789018092.4442995,36.679305275709126,36.679305275709126,0.0,False,False,1.992,1.9900000000000002,-7.7695555,110.3850877,0.008,-7.7695644,110.3847549,0.01
1789018092.6510112,36.67930718414217,36.67930718414217,0.0,False,False,1.992,1.98,-7.7695555,110.3850877,0.008,-7.7695644,110.3847549,0.02
1789018092.8526855,36.679535595596946,36.679535595596946,0.0,False,False,1.992,1.862,-7.7695555,110.3850877,0.008,-7.7695644,110.3847549,0.138
1789018093.060373,36.679535595596946,36.679535595596946,0.0,False,False,1.992,1.862,-7.7695555,110.3850877,0.008,-7.7695644,110.3847549,0.138
1789018093.258057,36.681171348645115,36.681171348645115,0.0,False,False,1.992,1.6219999999999999,-7.7695555,110.3850877,0.008,-7.7695644,110.3847549,0.378
1789018093.459973,36.68542396522989,36.68542396522989,0.0,False,False,1.992,1.322,-7.7695555,110.3850877,0.008,-7.7695644,110.3847549,0.678
1789018093.6640642,36.69242145877897,36.69242145877897,0.0,False,False,1.992,1.0110000000000001,-7.7695555,110.3850877,0.008,-7.7695644,110.3847549,0.989
1789018093.8899314,36.70432476573658,36.70432476573658,0.0,False,False,1.992,0.637,-7.7695555,110.3850877,0.008,-7.7695644,110.3847549,1.363
1789018094.0703511,36.70887582739186,36.70887582739186,0.0,False,False,1.933,0.20100000000000018,-7.7695555,110.3850877,0.067,-7.7695643,110.384755,1.799
1789018094.2768078,36.694405629617094,36.694405629617094,0.0,False,False,1.593,0.20100000000000007,-7.7695555,110.3850877,0.407,-7.7695643,110.384755,1.799
1789018094.4785552,36.70253675852494,36.70253675852494,0.0,False,False,1.294,0.0,-7.7695555,110.3850877,0.706,-7.7695643,110.384755,2.298
1789018094.6804602,36.69610110775904,36.69610110775904,0.0,False,False,0.595,0.0,-7.7695555,110.3850877,1.405,-7.7695643,110.384755,2.841
1789018094.8832333,36.69348487332539,36.67930522991076,7.846153846153839,False,False,0.0,0.0,-7.7695554,110.3850878,2.35,-7.7695643,110.384755,3.37
1789018095.1095572,36.681721240271145,36.67930522991076,1.5592592592592602,False,False,0.0,0.0,-7.7695554,110.3850878,3.42,-7.7695643,110.384755,3.841
1789018095.2924876,36.679324914029685,36.67930522991076,1.8999999999999888,False,False,0.0,0.0,-7.7695554,110.3850878,3.879,-7.7695643,110.384755,3.841
1789018095.4934776,36.68097507085872,36.67930522991076,1.206896551724139,False,False,0.0,0.0,-7.7695554,110.3850878,3.879,-7.7695643,110.384755,4.229
1789018095.700667,36.68033611008709,36.67930522991076,0.9821428571428584,False,False,0.0,0.0,-7.7695554,110.3850878,4.26,-7.7695643,110.384755,4.535
1789018095.9161968,36.67987809615728,36.67930522991076,0.8200000000000003,False,False,0.0,0.0,-7.7695554,110.3850878,4.562,-7.7695643,110.384755,4.767
1789018096.117731,36.67957624004071,36.67930522991076,0.6130434782608697,False,False,0.0,0.0,-7.7695554,110.3850878,4.787,-7.7695643,110.384755,4.928
1789018096.3195124,36.679306334075605,36.67930522991076,0.3000000000000113,False,False,0.0,0.0,-7.7695554,110.3850878,5.033,-7.7695643,110.384755,5.024
1789018096.5202885,36.67932389165535,36.67930522991076,0.142307692307692,False,False,0.0,0.0,-7.7695554,110.3850878,5.061,-7.7695643,110.384755,5.024
1789018096.7299614,36.67931015094148,36.67931015094148,0.0,False,False,0.0,0.0,-7.7695554,110.3850878,5.039,-7.7695643,110.384755,5.058
1789018096.931711,36.67932007479091,36.67932007479091,0.0,False,False,0.0,0.0,-7.7695554,110.3850878,5.007,-7.7695643,110.384755,5.04
1789018097.1320143,36.67931374970038,36.67930522991076,0.49999999999998923,False,False,0.0,0.0,-7.7695554,110.3850878,4.982,-7.7695643,110.384755,5.007
1789018097.3373823,36.67930524354243,36.67930524354243,0.0,False,False,0.0,0.0,-7.7695554,110.3850878,4.982,-7.7695643,110.384755,4.981
1789018097.5479891,36.679307901716996,36.67930522991076,0.2800000000000047,False,False,0.0,0.0,-7.7695554,110.3850878,4.967,-7.7695643,110.384755,4.981
1789018097.7602537,36.67930535259575,36.67930522991076,0.1000000000000038,False,False,0.0,0.0,-7.7695554,110.3850878,4.963,-7.7695643,110.384755,4.966
1789018097.9642394,36.67930535259575,36.67930535259575,0.0,False,False,0.0,0.0,-7.7695554,110.3850878,4.965,-7.7695643,110.384755,4.962
1789018098.174307,36.67930589786234,36.67930589786234,0.0,False,False,0.0,0.0,-7.7695554,110.3850878,4.97,-7.7695643,110.384755,4.963
1789018098.3754141,36.67930528443742,36.67930528443742,0.0,False,False,0.0,0.0,-7.7695554,110.3850878,4.97,-7.7695643,110.384755,4.968
1789018098.5762665,36.67930524354243,36.67930524354243,0.0,False,False,0.0,0.0,-7.7695554,110.3850878,4.975,-7.7695643,110.384755,4.974
1789018098.785718,36.67930535259575,36.67930522991076,0.3000000000000114,False,False,0.0,0.0,-7.7695554,110.3850878,4.977,-7.7695643,110.384755,4.974
1789018098.9914198,36.67930522991076,36.67930522991076,0.0,False,False,0.0,0.0,-7.7695554,110.3850878,4.978,-7.7695643,110.384755,4.978
1789018099.2052698,36.67930524354243,36.67930524354243,0.0,False,False,0.0,0.0,-7.7695554,110.3850878,4.978,-7.7695643,110.384755,4.979
1789018099.4077444,36.67930528443742,36.67930528443742,0.0,False,False,0.0,0.0,-7.7695554,110.3850878,4.98,-7.7695643,110.384755,4.978
1789018099.6251395,36.67930524354243,36.67930524354243,0.0,False,False,0.0,0.0,-7.7695554,110.3850878,4.98,-7.7695643,110.384755,4.979
1789018099.820053,36.67930528443742,36.67930528443742,0.0,False,False,0.0,0.0,-7.7695554,110.3850878,4.982,-7.7695643,110.384755,4.98
1789018100.0218396,36.67930535259575,36.38227311154876,10.0,False,False,0.0,0.0,-7.7695554,110.3850878,4.983,-7.7695643,110.384755,4.98
1789018100.227386,36.66829204725276,35.37187495784758,10.0,False,False,0.0,0.0,-7.7695554,110.3850877,4.986,-7.7695643,110.384755,4.982
1789018100.428428,36.61322552560356,33.02568637146975,10.0,False,False,0.0,0.0,-7.7695554,110.3850873,4.993,-7.7695643,110.3847551,4.986
1789018100.6313002,36.56887210208891,31.570945908258025,10.0,False,False,0.0,0.0,-7.7695554,110.3850873,4.993,-7.7695642,110.3847555,4.993
1789018100.8324733,36.392957597769914,27.49389649040032,10.0,False,False,0.0,0.0,-7.7695552,110.3850865,5.007,-7.7695641,110.3847563,5.007
1789018101.0350296,36.261728989341684,25.084247575616217,10.0,False,False,0.0,0.0,-7.7695549,110.3850853,5.027,-7.7695641,110.3847563,5.007
1789018101.2444584,35.931346380733814,19.86553580780028,10.0,True,True,0.0,0.0,-7.7695546,110.3850835,5.057,-7.7695638,110.3847575,5.027
1789018101.4453497,35.447111005060655,13.704162051089051,10.0,True,True,0.0,0.0,-7.7695541,110.385081,5.096,-7.7695634,110.3847594,5.057
1789018101.6468177,34.84143013068994,6.664442148339473,10.0,True,True,0.0,0.0,-7.7695535,110.3850779,5.146,-7.7695628,110.3847618,5.096
1789018101.8511133,34.48674788345186,2.6971218547699607,10.0,True,True,0.0,0.0,-7.7695535,110.3850779,5.146,-7.7695621,110.384765,5.146
1789018102.0532148,33.60507719693929,0.25535907503277105,8.484154491292385,True,True,0.0,0.0,-7.7695528,110.3850739,5.209,-7.7695612,110.384769,5.21
1789018102.2681227,33.06850617025572,1.1614104036894877,7.510234659887543,True,True,0.0,0.0,-7.7695519,110.385069,5.288,-7.7695612,110.384769,5.21
1789018102.4709833,31.857252721049615,1.2082206057917106,5.9833686716874706,True,True,0.0,0.0,-7.7695508,110.385063,5.382,-7.7695601,110.384774,5.288
1789018102.6720397,30.404201450318613,1.2246365892357771,4.776342465365005,True,True,0.0,0.0,-7.7695494,110.3850559,5.495,-7.7695588,110.3847801,5.384
1789018102.8801968,29.605480507054498,0.4822706598465325,4.302178559009111,True,True,2.257568812385767e-05,4.837647455061814e-05,-7.7695494,110.3850559,5.495,-7.7695572,110.3847873,5.497
1789018103.0815237,27.754716501289053,0.4956526195863231,3.4947216332078437,True,True,0.00018337821447615035,0.00039295331673460835,-7.7695478,110.3850475,5.627,-7.7695554,110.3847957,5.629
1789018103.2934666,26.70548157938049,1.0486478381496687,3.176681975573338,True,True,0.00040890793477207145,0.0008762312887967883,-7.7695459,110.3850379,5.776,-7.7695554,110.3847957,5.629
1789018103.4971018,24.503047682500355,0.89748028028044,2.652821519540992,True,True,0.0009206222841381698,0.0019727620374369137,-7.7695439,110.3850275,5.941,-7.7695532,110.3848053,5.781
1789018103.700887,22.10274937472489,0.8385670723786598,2.2308513051835637,True,True,0.0019296484043742571,0.0041349608665157455,-7.7695418,110.3850162,6.12,-7.7695509,110.3848158,5.947
1789018103.9008932,19.57138971893737,0.8910456297181157,1.8619415380753777,True,True,0.0038623617168067562,0.008276489393156575,-7.7695395,110.3850043,6.311,-7.7695485,110.3848269,6.124
1789018104.1080022,18.23669330903426,0.45827529452782034,1.689450689639281,True,True,0.006283276447059042,0.01346416381512728,-7.7695395,110.3850043,6.311,-7.7695459,110.3848389,6.312
1789018104.3119464,15.483313661912524,0.4866082301307929,1.3694227997258106,True,True,0.011784704129703377,0.025252937420793205,-7.769537,110.3849918,6.51,-7.7695431,110.3848514,6.511
1789018104.5190847,14.070976677565762,0.8879405441084626,1.2179083551002416,True,True,3.0000717078403056,3.0003020921053487,-7.7695344,110.3849788,6.716,-7.7695431,110.3848514,6.511
1789018104.724445,11.13674081619907,0.8650043478091813,0.9290813143486363,True,True,5.100162623459328,4.7167689333428156,-7.7695317,110.3849652,6.928,-7.7695402,110.3848645,6.716
1789018104.9246683,8.119054632164257,0.8454399632257655,0.6575165820798441,True,True,6.570899023389379,4.932468841553504,-7.769529,110.3849512,7.145,-7.7695372,110.384878,6.927
1789018105.1262891,6.556940915846413,0.46132630232679006,0.5261469298743746,True,True,7.602877205552266,5.1682245504454025,-7.769529,110.3849512,7.145,-7.769534,110.3848919,7.142
1789018105.3308802,3.431697321981727,0.4603974303089643,0.2692231855045709,True,True,8.455521658719595,6.263616863889194,-7.7695262,110.384937,7.362,-7.7695308,110.3849062,7.361
1789018105.536457,1.9975480398747,0.8255330078487961,0.14343669196532044,True,True,11.27660824697097,9.797883471155258,-7.7695234,110.3849226,7.581,-7.7695308,110.3849062,7.361
1789018105.7491376,1.6159110381678103,1.6159110381678103,0.0,True,True,7.972257100268579,7.417548347848791,-7.7695206,110.3849081,7.799,-7.7695276,110.3849208,7.581
1789018105.9495606,4.668433967717734,4.668433967717734,0.0,True,True,5.594037755292288,6.339155676551275,-7.7695178,110.3848936,8.015,-7.7695244,110.3849354,7.798
1789018106.1508358,7.821799586021013,7.821799586021013,0.0,True,True,3.9172516362061023,4.445739589104548,-7.769515,110.3848791,8.229,-7.7695211,110.3849498,8.012
1789018106.355151,9.392375814292368,9.392375814292368,0.0,True,True,2.7420879621514325,3.1150863020171204,-7.769515,110.3848791,8.229,-7.7695179,110.3849643,8.224
1789018106.555191,12.52964485245716,12.52964485245716,0.0,True,True,1.9194535286497711,2.181681177728125,-7.7695123,110.3848649,8.438,-7.7695147,110.3849786,8.431
1789018106.7608979,14.060214506027226,14.060214506027226,0.0,True,True,1.3437138495972683,1.528142839291047,-7.7695096,110.3848511,8.641,-7.7695147,110.3849786,8.431
1789018106.9698012,17.085857578883058,17.085857578883058,0.0,True,True,0.9406331175618904,1.070122002598478,-7.769507,110.3848376,8.836,-7.7695116,110.3849926,8.633
1789018107.1747544,19.969703126056594,19.969703126056594,0.0,True,True,0.6584559857003123,0.7492857022742366,-7.7695045,110.3848248,9.019,-7.7695086,110.385006,8.825
1789018107.3787835,21.385221093363786,21.385221093363786,0.0,True,True,0.46091877430073835,0.5246212240795787,-7.7695045,110.3848248,9.019,-7.7695057,110.3850189,9.009
1789018107.5811908,24.073217240073852,24.073217240073852,0.0,True,True,0.32264283858415327,0.36729368895137277,-7.7695022,110.3848126,9.189,-7.769503,110.3850311,9.182
1789018107.7861614,25.320742010981526,25.320742010981526,0.0,True,True,0.22585201897521331,0.25715068145198355,-7.7695,110.3848013,9.345,-7.769503,110.3850311,9.182
1789018107.9911036,27.69956137602869,27.69956137602869,0.0,True,True,0.1580970290438103,0.1800221844918865,-7.769498,110.384791,9.484,-7.7695005,110.3850424,9.338
1789018108.1919026,29.82524242998961,29.82524242998961,0.0,True,True,0.1106679488236137,0.12601652840251878,-7.7694962,110.3847818,9.605,-7.7694982,110.3850525,9.478
1789018108.3941338,31.708740243911585,31.708740243911585,0.0,True,True,0.07746756417652974,0.0882115698817626,-7.7694947,110.3847739,9.707,-7.7694962,110.3850617,9.6
1789018108.6010587,32.56749681673496,32.56749681673496,0.0,True,True,0.05422729492357021,0.061748098917233867,-7.7694947,110.3847739,9.707,-7.7694944,110.3850695,9.703
1789018108.8043401,33.28391097444461,33.28391097444461,0.0,True,True,0.037959106446499746,0.043223669242063265,-7.7694934,110.3847674,9.79,-7.7694944,110.3850695,9.703
1789018109.004486,34.57278244362309,34.57278244362309,0.0,True,True,0.026571374512549067,0.030256568469444575,-7.7694924,110.3847622,9.856,-7.769493,110.385076,9.787
1789018109.2130013,35.59732400421929,35.59732400421929,0.0,False,False,0.018599962158785257,0.021179597928610648,-7.7694916,110.3847581,9.907,-7.7694919,110.3850812,9.854
1789018109.4140034,36.37952637701712,36.37952637701712,0.0,False,False,0.013019973511149072,0.014825718550028453,-7.769491,110.384755,9.944,-7.769491,110.3850852,9.905
1789018109.6236906,36.721127886059556,36.721127886059556,0.0,False,False,0.009113981457804957,0.01037800298502005,-7.769491,110.384755,9.944,-7.7694903,110.3850883,9.943
1789018109.830414,37.18385833877415,37.18385833877415,0.0,False,False,0.006379787020462866,0.007264602089514398,-7.7694906,110.3847529,9.97,-7.7694899,110.3850904,9.969
1789018110.0346947,37.338065945699654,37.338065945699654,0.0,False,False,0.004465850914324309,0.005085221462660107,-7.7694904,110.3847515,9.986,-7.7694899,110.3850904,9.969
1789018110.2468004,37.569467904567325,37.569467904567325,0.0,False,False,0.0031260956400267132,0.0035596550238612746,-7.7694903,110.3847508,9.994,-7.7694896,110.3850918,9.986
1789018110.4628556,37.66867615956851,37.66867615956851,0.0,False,False,0.0021882669480182467,0.0024917585167027424,-7.7694903,110.3847506,9.996,-7.7694894,110.3850925,9.994
1789018110.6643536,37.679724706015456,36.88185290826324,10.0,False,False,0.001531786863612618,0.0017442309616925574,-7.7694904,110.3847507,9.995,-7.7694894,110.3850927,9.997
1789018110.8729784,37.66870729791192,35.7691666726182,10.0,False,False,0.001072250804529135,0.0012209616731847428,-7.7694904,110.3847507,9.995,-7.7694894,110.3850926,9.996
1789018111.074375,37.62463782971266,34.72465155318085,10.0,False,False,0.0007505755631705495,0.0008546731712296975,-7.7694904,110.3847509,9.993,-7.7694894,110.3850924,9.994
1789018111.2768888,37.5805684668366,34.8804057682076,10.0,False,False,0.000525402894218777,0.0005982712198601641,-7.7694904,110.3847513,9.991,-7.7694894,110.3850924,9.994
1789018111.4836762,37.514498801068676,35.61474265140976,10.0,False,False,0.00036778202595344445,0.0004187898539018373,-7.7694905,110.3847515,9.99,-7.7694894,110.385092,9.992
1789018111.6898692,37.47039468173966,36.970231388777144,10.0,False,False,0.0002574474181671084,0.0002931528977316796,-7.7694905,110.3847516,9.99,-7.7694895,110.3850917,9.991
1789018111.8903778,37.43737725523655,37.43737725523655,0.0,False,False,0.00018021319271652216,0.00020520702841242042,-7.7694906,110.3847517,9.99,-7.7694895,110.3850915,9.991
1789018112.1046147,37.43737725523655,37.43737725523655,0.0,False,False,0.00012614923490232056,0.00014364491988912257,-7.7694906,110.3847517,9.99,-7.7694895,110.3850915,9.991
1789018112.305456,37.43737725523655,37.43737725523655,0.0,False,False,8.8304464431323e-05,0.0001005514439218091,-7.7694906,110.3847517,9.99,-7.7694895,110.3850915,9.991
1789018112.5099754,37.43737725523655,37.43737725523655,0.0,False,False,6.181312510253514e-05,7.038601074557603e-05,-7.7694906,110.3847517,9.99,-7.7694895,110.3850915,9.991
1789018112.7118802,37.43737725523655,37.43737725523655,0.0,False,False,4.326918757177306e-05,4.927020752177446e-05,-7.7694906,110.3847517,9.99,-7.7694895,110.3850915,9.991
1789018112.910252,37.43741523140789,37.43741523140789,0.0,False,False,3.0288431299782146e-05,3.448914526578253e-05,-7.7694907,110.3847517,9.99,-7.7694895,110.3850915,9.991
1789018113.1230917,37.43741523140789,37.43741523140789,0.0,False,False,2.1201901910458185e-05,2.4142401684968474e-05,-7.7694907,110.3847517,9.99,-7.7694895,110.3850915,9.991
1789018113.324338,37.437415218052266,37.437177425654916,6.671695602568907,False,False,1.4841331336562517e-05,1.6899681180826164e-05,-7.7694907,110.3847517,9.991,-7.7694895,110.3850915,9.991
1789018113.533644,37.437415218052266,37.437177425654916,6.671695602568907,False,False,1.0388931935442497e-05,1.1829776825230842e-05,-7.7694907,110.3847517,9.991,-7.7694895,110.3850915,9.991
1789018113.7367008,37.437456496842934,37.43717742119739,4.8184468216085214,False,False,7.272252355721862e-06,8.28084377758192e-06,-7.7694908,110.3847517,9.991,-7.7694895,110.3850915,9.991
1789018113.9414747,37.437501100512875,37.437177439010625,5.18909657483777,False,False,5.090576648849826e-06,5.796590644731811e-06,-7.7694908,110.3847517,9.992,-7.7694894,110.3850915,9.991
1789018114.1439998,37.437501100512875,37.437177439010625,3.8918224311283276,False,False,3.563403653890854e-06,4.0576134511925176e-06,-7.7694908,110.3847517,9.992,-7.7694894,110.3850915,9.991
1789018114.3447654,37.43750108715728,37.437177425654916,3.8918224311283276,False,False,2.494382557119926e-06,2.8403294160055067e-06,-7.7694908,110.3847517,9.992,-7.7694894,110.3850915,9.992
1789018114.5557733,37.43750108715728,37.437177425654916,3.113457944902662,False,False,1.746067789982757e-06,1.988230590394512e-06,-7.7694908,110.3847517,9.992,-7.7694894,110.3850915,9.992
1789018114.760953,37.43750108715728,37.437177425654916,1.729698858279257,False,False,1.2222474526888827e-06,1.3917614140662201e-06,-7.7694908,110.3847517,9.992,-7.7694894,110.3850915,9.992
1789018114.9632733,37.448473847287474,37.38057079479152,10.0,False,False,8.555732177914001e-07,9.74232989189996e-07,-7.7694906,110.3847516,9.992,-7.7694893,110.3850915,9.992
1789018115.1646836,37.44832860847421,37.41156384679663,6.9064133976714865,False,False,5.989012513879157e-07,6.81963092189431e-07,-7.76949,110.3847516,9.992,-7.7694891,110.3850915,9.992
1789018115.3730729,37.44856635681618,37.352000935044636,10.0,False,False,4.1923087612893216e-07,4.773741644147546e-07,-7.76949,110.3847516,9.992,-7.7694885,110.3850915,9.992
1789018115.5805862,37.44856644599158,37.15359126696547,10.0,False,False,2.9346161404204345e-07,3.341619160597671e-07,-7.769489,110.3847516,9.992,-7.7694875,110.3850915,9.992
1789018115.7819207,37.448196727543944,37.304242280044484,9.610860298576286,False,False,2.0542312876827695e-07,2.3391334138902318e-07,-7.7694874,110.3847516,9.992,-7.7694875,110.3850915,9.992
1789018115.989086,37.44827614238959,37.2607111094172,9.548286236465321,False,False,1.4379619059494726e-07,1.6373933836690682e-07,-7.7694853,110.3847516,9.993,-7.769486,110.3850915,9.992
1789018116.1929278,37.44856691413983,37.142542466558446,10.0,False,False,1.006573335639256e-07,1.1461753659588886e-07,-7.7694824,110.3847516,9.993,-7.7694839,110.3850915,9.992
1789018116.3954425,37.43829463685221,36.94720145196762,10.0,False,False,7.046013320245905e-08,8.023227612657937e-08,-7.7694786,110.3847516,9.993,-7.7694812,110.3850914,9.992
1789018116.6016047,37.43734364101477,36.46363609306757,10.0,False,False,4.932209308267109e-08,5.6162593304081987e-08,-7.7694786,110.3847516,9.993,-7.7694776,110.3850914,9.992
1789018116.8032966,37.415249826071374,36.04682866985533,10.0,False,False,3.452546576577066e-08,3.931381503567462e-08,-7.769474,110.3847517,9.993,-7.7694732,110.3850913,9.992
1789018117.005108,37.407934809385594,36.55698790800601,10.0,False,False,2.416782604883375e-08,2.7519670245393394e-08,-7.7694684,110.3847518,9.994,-7.7694732,110.3850913,9.992
1789018117.2075741,37.37683334340144,36.34594015761247,10.0,False,False,1.6917477622735385e-08,1.926376929532579e-08,-7.7694619,110.3847519,9.996,-7.7694678,110.3850911,9.993
1789018117.4142115,37.356920821530885,36.304414684329316,10.0,False,False,1.1842234339355384e-08,1.3484638425539276e-08,-7.7694547,110.384752,9.997,-7.7694616,110.385091,9.994
1789018117.6209133,37.33802554668812,35.96112865719974,10.0,False,False,8.289564792830477e-09,9.439246916683145e-09,-7.7694547,110.384752,9.997,-7.7694546,110.3850909,9.995
1789018117.823165,37.30497406119654,35.82544988745973,10.0,False,False,5.802695352279261e-09,6.607472841345509e-09,-7.7694468,110.3847521,9.998,-7.7694469,110.3850907,9.995
1789018118.0271144,37.30565022869058,35.93255795913615,10.0,False,False,4.061886285599541e-09,4.62523041267926e-09,-7.7694385,110.3847522,9.999,-7.7694469,110.3850907,9.995
1789018118.229495,37.27434067447315,35.643248194047224,10.0,False,False,2.843321147079466e-09,3.2376611985614532e-09,-7.7694297,110.3847524,10.0,-7.7694387,110.3850906,9.996
1789018118.429991,37.23182364338955,35.466641612849884,10.0,False,False,1.9903241882302186e-09,2.2663638000671927e-09,-7.7694206,110.3847526,10.0,-7.7694301,110.3850904,9.996
1789018118.6387525,37.205877866536305,35.21908810582627,10.0,False,False,1.3932274023169604e-09,1.586454422562783e-09,-7.7694206,110.3847526,10.0,-7.7694212,110.3850903,9.996
1789018118.8395455,37.161855671612294,35.170599359779885,10.0,False,False,9.752588777046766e-10,1.1105185561578728e-09,-7.7694112,110.3847528,10.0,-7.769412,110.3850901,9.996
1789018119.0416472,37.15736989270086,35.2051401721749,10.0,False,False,6.826812005968132e-10,7.773626782411364e-10,-7.7694017,110.384753,9.999,-7.769412,110.3850901,9.996
1789018119.2483695,37.1246789004236,35.150573871897535,10.0,False,False,4.778770205074807e-10,5.441537210238082e-10,-7.7693922,110.3847532,9.999,-7.7694026,110.38509,9.996
1789018119.4559076,37.08133170535803,35.08968865975083,10.0,False,False,3.3451448095736056e-10,3.809079236593214e-10,-7.7693826,110.3847534,9.999,-7.7693932,110.3850898,9.996
1789018119.6638312,37.03764069206966,34.92745614028125,10.0,False,False,2.34159233483301e-10,2.666351157439919e-10,-7.7693731,110.3847536,9.999,-7.7693838,110.3850896,9.996
1789018119.874847,37.00774915947078,34.90776363811895,10.0,False,False,1.6391162567568321e-10,1.866449806157861e-10,-7.7693731,110.3847536,9.999,-7.7693743,110.3850895,9.996
1789018120.0767858,36.95258963128043,34.952932275618636,10.0,False,False,1.1473783464039398e-10,1.3065072732835932e-10,-7.7693639,110.3847539,9.999,-7.7693649,110.3850893,9.996
1789018120.2832296,36.94712405523215,35.04728128767265,10.0,False,False,8.031633899081707e-11,9.145652831386488e-11,-7.7693549,110.3847541,9.998,-7.7693649,110.3850893,9.996
1789018120.4842129,36.90112509740954,35.040885090603034,10.0,False,False,5.6221448856249946e-11,6.401882896386872e-11,-7.7693465,110.3847543,9.998,-7.7693559,110.3850891,9.996
1789018120.6848981,36.86596222159167,35.275379146528124,10.0,False,False,3.9355015628163786e-11,4.481371661206458e-11,-7.7693387,110.3847544,9.997,-7.7693474,110.3850889,9.995
1789018120.8963125,36.84233252361918,35.1543474131369,10.0,False,False,2.7548804666581867e-11,3.137003625102584e-11,-7.7693387,110.3847544,9.997,-7.7693394,110.3850888,9.995
1789018121.0968275,36.8092407218884,35.331120181533365,10.0,False,False,1.92841625439482e-11,2.1958957397827355e-11,-7.7693317,110.3847546,9.997,-7.7693322,110.3850887,9.994
1789018121.3124924,36.79448377817106,35.819238978815285,10.0,False,False,1.3499532415229865e-11,1.53710992570686e-11,-7.7693256,110.3847548,9.997,-7.7693322,110.3850887,9.994
1789018121.5186908,36.75866034039958,36.094600899848345,10.0,False,False,9.448756618032227e-12,1.0759467849670333e-11,-7.7693205,110.3847549,9.997,-7.7693257,110.3850885,9.994
1789018121.720735,36.73463780188967,36.31379260380514,8.578955098739131,False,False,6.614580919354934e-12,7.532332634807049e-12,-7.7693164,110.384755,9.997,-7.7693203,110.3850884,9.994
1789018121.921398,36.72211318581275,36.39211872895377,8.859360045051504,False,False,4.629751585254281e-12,5.272030485399827e-12,-7.7693134,110.3847551,9.999,-7.7693159,110.3850884,9.995
1789018122.123773,36.71015139396532,36.02966635356746,10.0,False,False,3.2415839519225183e-12,3.690466277963877e-12,-7.7693134,110.3847551,9.999,-7.7693126,110.3850883,9.996
1789018122.3382673,36.710328405426026,36.371763480637824,10.0,False,False,2.26820173982944e-12,2.5835072567218997e-12,-7.7693113,110.3847551,10.0,-7.7693126,110.3850883,9.996
1789018122.535087,36.69904161438383,36.47382970443533,10.0,False,False,1.5877432450059372e-12,1.8081452014782856e-12,-7.7693099,110.3847552,10.001,-7.7693102,110.3850883,9.998
1789018122.7468553,36.699053447384436,36.51792820382809,10.0,False,False,1.111266217287671e-12,1.2652076456728464e-12,-7.769309,110.3847552,10.002,-7.7693086,110.3850883,10.0
1789018122.9497252,36.68817764198233,36.561132815243106,10.0,False,False,7.781887296959015e-13,8.864993658872541e-13,-7.7693086,110.3847553,10.002,-7.7693076,110.3850883,10.0
1789018123.1505644,36.688339392129244,36.51703428869872,10.0,False,False,5.450379733498381e-13,6.197765805396833e-13,-7.7693085,110.3847553,10.002,-7.7693071,110.3850883,10.001
1789018123.351277,36.67737095564064,36.47796735043195,10.0,False,False,3.809200315757097e-13,4.3378129879861623e-13,-7.7693085,110.3847553,10.002,-7.769307,110.3850882,10.001
1789018123.5637088,36.677478821975924,36.48349883767645,10.0,False,False,2.664881028492491e-13,3.035987028333421e-13,-7.7693087,110.3847553,10.002,-7.769307,110.3850882,10.001
1789018123.7658935,36.67747885413976,36.47710038025651,10.0,False,False,1.871518973495971e-13,2.1353730769550345e-13,-7.7693088,110.3847553,10.002,-7.7693071,110.3850882,10.0
1789018123.9712455,36.67742322672985,36.478413699094425,10.0,False,False,1.3100849264256947e-13,1.4940685848042792e-13,-7.7693088,110.3847553,10.002,-7.7693072,110.3850882,10.0
1789018124.1710176,36.666405896000825,36.56617807962336,10.0,False,False,9.154991493626722e-14,1.0465477459383448e-13,-7.7693088,110.3847553,10.001,-7.7693072,110.3850881,10.0
1789018124.3787317,36.666405896000825,36.666405896000825,0.0,False,False,6.439211142933588e-14,7.277865610870823e-14,-7.7693088,110.3847553,10.001,-7.7693072,110.3850881,10.0
1789018124.5799067,36.666405896000825,36.666405896000825,0.0,False,False,4.552748895703149e-14,5.1124174916225963e-14,-7.7693088,110.3847553,10.001,-7.7693072,110.3850881,10.0
1789018124.7822511,36.666405896000825,36.666405896000825,0.0,False,False,3.126072666451655e-14,3.6173555368850107e-14,-7.7693088,110.3847553,10.001,-7.7693072,110.3850881,10.0
1789018124.9928846,36.666405896000825,36.666405896000825,0.0,False,False,2.264712531353209e-14,2.5593048897195355e-14,-7.7693088,110.3847553,10.001,-7.7693072,110.3850881,10.0
1789018125.1953459,36.65533632560879,36.65533632560879,0.0,False,False,1.478974409747539e-14,1.7151508488336645e-14,-7.7693087,110.3847553,10.001,-7.7693072,110.385088,10.0
1789018125.3964145,36.6663536310739,36.6663536310739,0.0,False,False,1.0503349403995464e-14,1.259809647752641e-14,-7.7693087,110.3847552,10.001,-7.7693072,110.385088,10.0
1789018125.5969691,36.6663536310739,36.6663536310739,0.0,False,False,8.118600757873717e-15,8.521741456300896e-15,-7.7693087,110.3847552,10.001,-7.7693072,110.385088,10.0
1789018125.8055582,36.6663536310739,36.6663536310739,0.0,False,False,5.9957825462513355e-15,6.2623277215892405e-15,-7.7693087,110.3847552,10.001,-7.7693072,110.385088,10.0
1789018126.0060472,36.655336316880316,36.655336316880316,0.0,False,False,4.042630793071112e-15,4.2342492886330696e-15,-7.7693088,110.3847552,10.001,-7.7693073,110.3850879,10.0
1789018126.2069938,36.655336316880316,36.655336316880316,0.0,False,False,2.22880037364453e-15,2.3972849129904254e-15,-7.7693088,110.3847552,10.001,-7.7693073,110.3850879,10.0
1789018126.4078863,36.655336316880316,36.655336316880316,0.0,False,False,2.0114655421281033e-15,2.1021527673783635e-15,-7.7693088,110.3847552,10.001,-7.7693073,110.3850879,10.0
1789018126.6148374,36.644319009920736,36.644319009920736,0.0,False,False,1.897149936107019e-15,1.9445252016406115e-15,-7.7693088,110.3847552,10.001,-7.7693073,110.3850878,10.0
1789018126.8162577,36.64431905085477,36.64431905085477,0.0,False,False,4.579669976578771e-16,5.551115123125783e-16,-7.7693088,110.3847552,10.002,-7.7693073,110.3850878,10.0
1789018127.0240755,36.65533635623639,36.65533635623639,0.0,False,False,3.191891195797325e-16,3.885780586188048e-16,-7.7693088,110.3847551,10.002,-7.7693073,110.3850878,10.0
1789018127.2283595,36.64431905085477,36.64431905085477,0.0,False,False,2.220446049250313e-16,2.7755575615628914e-16,-7.7693088,110.3847551,10.002,-7.7693073,110.3850877,10.0
1789018127.430777,36.67737097033661,36.67737097033661,0.0,False,False,1.5265566588595902e-16,1.942890293094024e-16,-7.7693088,110.3847548,10.002,-7.7693073,110.3850877,10.0
1789018127.6376584,36.666353664817905,36.666353664817905,0.0,False,False,1.1102230246251565e-16,1.3877787807814457e-16,-7.7693088,110.3847548,10.002,-7.7693073,110.3850876,10.0
1789018127.8464115,36.666353664817905,36.666353664817905,0.0,False,False,8.326672684688674e-17,9.71445146547012e-17,-7.7693088,110.3847543,10.002,-7.7693073,110.3850871,10.0
1789018128.0499475,36.77652668855366,36.77652668855366,0.0,False,False,5.551115123125783e-17,6.938893903907228e-17,-7.7693088,110.3847533,10.001,-7.7693073,110.3850871,10.0
1789018128.2566843,36.8536478772975,36.8536478772975,0.0,False,False,4.163336342344337e-17,4.163336342344337e-17,-7.7693088,110.3847518,10.001,-7.7693073,110.3850863,9.999
1789018128.4625287,36.930769030126335,36.930769030126335,0.0,False,False,2.7755575615628914e-17,2.7755575615628914e-17,-7.7693088,110.3847497,10.001,-7.7693073,110.3850849,9.999
1789018128.664204,37.02992480309765,37.02992480309765,0.0,False,False,1.3877787807814457e-17,2.7755575615628914e-17,-7.7693088,110.384747,10.001,-7.7693073,110.3850831,9.999
1789018128.8780854,36.74347487605478,36.74347487605478,0.0,False,False,1.3877787807814457e-17,1.3877787807814457e-17,-7.7693088,110.384747,10.001,-7.7693073,110.3850805,9.998
1789018129.0837967,36.77652679731869,36.77652679731869,0.0,False,False,1.3877787807814457e-17,1.3877787807814457e-17,-7.7693088,110.3847435,10.001,-7.7693073,110.3850773,9.998
1789018129.2851894,37.26128829372005,37.26128829372005,0.0,False,False,0.0,1.3877787807814457e-17,-7.7693088,110.3847391,10.0,-7.7693073,110.3850773,9.998
1789018129.489116,37.39354732756913,37.39354732756913,0.0,False,False,0.0,0.0,-7.7693089,110.3847338,10.0,-7.7693073,110.3850732,9.997
1789018129.6916523,37.55875595232646,37.55875595232646,0.0,False,False,0.0,0.0,-7.7693089,110.3847273,10.001,-7.7693074,110.3850682,9.996
1789018129.895396,37.72401561961377,37.72401561961377,0.0,False,False,0.0,0.0,-7.769309,110.3847197,10.001,-7.7693075,110.3850621,9.996
1789018130.0963619,36.91975186798046,36.91975186798046,0.0,False,False,0.0,0.0,-7.769309,110.3847197,10.001,-7.7693075,110.3850548,9.997
1789018130.297923,37.88927531314219,37.88927531314219,0.0,False,False,0.0,0.0,-7.769309,110.3847109,10.002,-7.7693075,110.3850548,9.997
1789018130.5008152,38.03250052606931,38.03250052606931,0.0,False,False,0.0,0.0,-7.7693091,110.3847012,10.003,-7.7693076,110.3850464,9.997
1789018130.7132177,38.14267352518115,38.14267352518115,0.0,False,False,0.0,0.0,-7.7693091,110.3846906,10.004,-7.7693076,110.3850368,9.999
1789018130.9143631,38.25284645831935,38.25284645831935,0.0,False,False,0.0,0.0,-7.7693092,110.3846792,10.004,-7.7693077,110.3850264,10.001
1789018131.1161947,37.018907460158935,37.018907460158935,0.0,False,False,0.0,0.0,-7.7693092,110.3846792,10.004,-7.7693077,110.3850152,10.002
1789018131.3403575,37.04094202624585,37.04094202624585,0.0,False,False,0.0,0.0,-7.7693093,110.3846671,10.004,-7.7693078,110.3850033,10.003
1789018131.5498576,38.429173263213414,38.429173263213414,0.0,False,False,0.0,0.0,-7.7693094,110.3846545,10.004,-7.7693078,110.3850033,10.003
1789018131.7558331,38.46222514713454,38.46222514713454,0.0,False,False,0.0,0.0,-7.7693095,110.3846415,10.003,-7.7693079,110.3849906,10.003
1789018131.9584224,38.506294348064756,38.506294348064756,0.0,False,False,0.0,0.0,-7.7693096,110.3846279,10.003,-7.769308,110.3849774,10.003
1789018132.1639235,38.51731164236634,38.51731164236634,0.0,False,False,0.0,0.0,-7.7693097,110.3846141,10.003,-7.7693081,110.3849637,10.003
1789018132.3663692,36.963820821568135,35.76532538453265,10.0,False,False,0.0,0.0,-7.7693097,110.3846141,10.003,-7.7693082,110.3849496,10.003
1789018132.5680926,36.91975158096315,35.52126861839375,10.0,False,False,0.0,0.0,-7.7693098,110.3846,10.003,-7.7693083,110.3849351,10.003
1789018132.771691,38.4732424266917,37.27474685427565,10.0,False,False,0.0,0.0,-7.7693099,110.3845859,10.002,-7.7693083,110.3849351,10.003
1789018132.979247,38.45120779978062,36.95272868688824,10.0,False,False,0.0,0.0,-7.76931,110.3845716,10.002,-7.7693084,110.3849206,10.002
1789018133.187728,38.40713859495753,36.408687888399626,10.0,False,False,0.0,0.0,-7.7693101,110.3845575,10.001,-7.7693085,110.3849061,10.002
1789018133.3947694,36.798561173546155,34.80131387160882,10.0,False,False,0.0,0.0,-7.7693101,110.3845575,10.001,-7.7693086,110.3848915,10.001
1789018133.601543,36.754491938633315,34.35607151438787,10.0,False,False,0.0,0.0,-7.7693102,110.3845434,10.001,-7.7693087,110.384877,10.001
1789018133.8172054,38.26391365841734,34.26462710386023,10.0,False,False,0.0,0.0,-7.7693103,110.3845297,10.0,-7.7693087,110.384877,10.001
1789018134.018929,38.153740682248454,33.25448717620551,10.0,False,False,0.0,0.0,-7.7693104,110.3845164,9.999,-7.7693088,110.3848627,10.001
1789018134.2230842,38.03255037336079,32.13333606712657,10.0,False,False,0.0,0.0,-7.7693105,110.3845036,9.998,-7.7693089,110.3848488,10.0
1789018134.4240074,37.867344917743566,30.96745009320949,10.0,False,False,0.0,0.0,-7.7693106,110.3844916,9.996,-7.7693089,110.3848353,10.0
1789018134.636796,36.43504269698877,32.635093281455426,10.0,False,False,0.0,0.0,-7.7693106,110.3844916,9.996,-7.769309,110.3848223,9.998
1789018134.8393185,36.346904381538295,32.14696127727367,10.0,False,False,0.0,0.0,-7.7693107,110.3844803,9.995,-7.7693091,110.3848102,9.997
1789018135.041778,37.47072277276317,28.570871369939205,10.0,False,False,0.0,0.0,-7.7693108,110.3844701,9.993,-7.7693091,110.3848102,9.997
1789018135.2551498,37.23935982014996,27.239535997249195,10.0,False,False,0.0,0.0,-7.7693108,110.384461,9.992,-7.7693091,110.384799,9.995
1789018135.4637015,36.985962370400365,25.886169531994135,10.0,False,False,0.0,0.0,-7.7693109,110.3844532,9.992,-7.7693092,110.3847889,9.994
1789018135.6651645,36.699513176227946,25.199735351795486,10.0,False,False,0.0,0.0,-7.7693109,110.3844468,9.992,-7.7693092,110.3847799,9.993
1789018135.8680305,35.862143724019475,30.46222195752672,10.0,False,False,0.0,0.0,-7.7693109,110.3844468,9.992,-7.7693093,110.3847723,9.993
1789018136.0700538,36.43504262979163,25.634726661631486,10.0,False,False,0.0,0.0,-7.7693109,110.3844416,9.994,-7.7693093,110.3847723,9.993
1789018136.2781236,36.18170150235468,26.481882421908022,10.0,False,False,0.0,0.0,-7.769311,110.3844376,9.997,-7.7693093,110.384766,9.994
1789018136.4840887,35.950338858856824,27.550490423647847,10.0,False,False,0.0,0.0,-7.769311,110.3844347,9.999,-7.7693093,110.384761,9.996
1789018136.6870081,35.75202794198933,28.352158378416124,10.0,False,False,0.0,0.0,-7.769311,110.3844327,10.0,-7.7693093,110.3847572,9.999
1789018136.8878744,35.432527251817724,32.232577312185455,10.0,False,False,0.0,0.0,-7.769311,110.3844327,10.0,-7.7693093,110.3847543,10.0
1789018137.0892508,35.35534871948129,32.75499374374254,10.0,False,False,0.0,0.0,-7.769311,110.3844314,10.001,-7.7693094,110.3847523,10.002
1789018137.2891471,35.43252725905745,30.432153253693063,10.0,False,False,0.0,0.0,-7.7693111,110.3844307,10.001,-7.7693094,110.3847523,10.002
1789018137.495931,35.322354631284924,31.521974549876074,10.0,False,False,0.0,0.0,-7.7693111,110.3844305,10.001,-7.7693094,110.3847511,10.002
1789018137.6944616,35.23421657746863,32.73383057859718,10.0,False,False,0.0,0.0,-7.7693111,110.3844307,10.0,-7.7693094,110.3847505,10.002
1789018137.8957334,35.22319931666146,34.322807551066106,10.0,False,False,0.0,0.0,-7.7693111,110.3844307,10.0,-7.7693094,110.3847504,10.002
1789018138.1036878,35.20110683218139,34.900744197351194,10.0,False,False,0.0,0.0,-7.7693111,110.384431,9.999,-7.7693095,110.3847505,10.001
1789018138.3199644,35.16811300104467,35.06760668368892,10.0,False,False,0.0,0.0,-7.7693112,110.3844313,9.999,-7.7693095,110.3847505,10.001
1789018138.5111642,35.1791302629176,35.1791302629176,0.0,False,False,0.0,0.0,-7.7693112,110.3844315,9.998,-7.7693095,110.3847508,10.0
1789018138.71485,35.21212410410288,35.21212410410288,0.0,False,False,0.0,0.0,-7.7693112,110.3844316,9.998,-7.7693096,110.3847512,10.0
1789018138.916558,35.23421651811635,35.23421651811635,0.0,False,False,0.0,0.0,-7.7693113,110.3844316,9.998,-7.7693096,110.3847514,9.999
1789018139.1211133,35.24517589145857,35.24517589145857,0.0,False,False,0.0,0.0,-7.7693113,110.3844316,9.998,-7.7693097,110.3847515,9.999
1789018139.326706,35.234158612446116,35.234158612446116,0.0,False,False,0.0,0.0,-7.7693113,110.3844317,9.998,-7.7693097,110.3847515,9.999
1789018139.5329607,35.234158612446116,35.23379557683906,10.0,False,False,0.0,0.0,-7.7693113,110.3844317,9.998,-7.7693097,110.3847515,9.999
1789018139.7356472,35.245233770638116,35.145235213039825,10.0,False,False,0.0,0.0,-7.7693114,110.3844316,9.998,-7.7693097,110.3847515,9.999
1789018139.9418437,35.245233770638116,35.145235213039825,10.0,False,False,0.0,0.0,-7.7693114,110.3844316,9.998,-7.7693097,110.3847515,9.999
1789018140.145045,35.23421650133579,35.03421939618549,10.0,False,False,0.0,0.0,-7.7693115,110.3844317,9.998,-7.7693098,110.3847515,9.999
1789018140.3453834,35.23421650133579,35.13421794464097,10.0,False,False,0.0,0.0,-7.7693115,110.3844317,9.998,-7.7693098,110.3847515,9.999
1789018140.5549328,35.23421650133579,35.13382222739913,10.0,False,False,0.0,0.0,-7.7693115,110.3844317,9.998,-7.7693098,110.3847515,9.999
1789018140.7636673,35.23415859566606,35.23415859566606,0.0,False,False,0.0,0.0,-7.7693115,110.3844317,9.998,-7.7693099,110.3847515,9.999
1789018140.9715822,35.23415859566606,35.23415859566606,0.0,False,False,0.0,0.0,-7.7693115,110.3844317,9.998,-7.7693099,110.3847515,9.999
1789018141.172103,35.23415858727603,35.23415858727603,0.0,False,False,0.0,0.0,-7.7693116,110.3844317,9.998,-7.76931,110.3847515,9.999
1789018141.3820407,35.23415858727603,35.23415858727603,0.0,False,False,0.0,0.0,-7.7693116,110.3844317,9.998,-7.76931,110.3847515,9.999
1789018141.58219,35.23415857308525,35.23415857308525,0.0,False,False,0.0,0.0,-7.7693116,110.3844317,9.999,-7.76931,110.3847515,9.999
1789018141.7874308,35.23410418489864,35.23370939896834,3.33584779881543,False,False,0.0,0.0,-7.7693115,110.3844317,9.999,-7.76931,110.3847515,9.999
1789018141.9965394,35.24502326260069,35.244726826781736,0.9034587790515977,False,False,0.0,0.0,-7.7693113,110.3844316,9.999,-7.76931,110.3847515,9.999
1789018142.1999612,35.24481281525003,35.24481281525003,0.0,False,False,0.0,0.0,-7.7693107,110.3844316,9.998,-7.76931,110.3847515,9.999
1789018142.4010146,35.24486895355627,35.24486895355627,0.0,False,False,0.0,0.0,-7.7693107,110.3844316,9.998,-7.7693098,110.3847515,9.999
1789018142.614275,35.25578824158368,35.25578824158368,0.0,False,False,0.0,0.0,-7.7693097,110.3844315,9.997,-7.7693092,110.3847515,9.999
1789018142.8205748,35.26693718418176,35.26693718418176,0.0,False,False,0.0,0.0,-7.7693082,110.3844314,9.997,-7.7693092,110.3847515,9.999
1789018143.0209131,35.27848040338847,35.27848040338847,0.0,False,False,0.0,0.0,-7.7693061,110.3844313,9.997,-7.7693081,110.3847515,9.999
1789018143.227983,35.301721686875034,35.301721686875034,0.0,False,False,0.0,0.0,-7.7693032,110.3844311,9.997,-7.7693065,110.3847515,10.0
1789018143.4277155,35.325715685467095,35.325715685467095,0.0,False,False,0.0,0.0,-7.7692996,110.3844309,9.997,-7.7693043,110.3847515,10.0
1789018143.636171,35.322355567239676,35.322355567239676,0.0,False,False,0.0,0.0,-7.7692996,110.3844309,9.997,-7.7693013,110.3847515,10.0
1789018143.8388927,35.367012305465984,35.367012305465984,0.0,False,False,0.0,0.0,-7.769295,110.3844306,9.997,-7.7692975,110.3847516,10.0
1789018144.0439265,35.39941478382261,35.39941478382261,0.0,False,False,0.0,0.0,-7.7692894,110.3844304,9.998,-7.7692975,110.3847516,10.0
1789018144.255995,35.448777937065756,35.448777937065756,0.0,False,False,0.0,0.0,-7.769283,110.38443,9.999,-7.7692928,110.3847516,10.0
1789018144.4683292,35.52036077294383,35.52036077294383,0.0,False,False,0.0,0.0,-7.7692758,110.3844296,10.001,-7.7692871,110.3847518,10.001
1789018144.6705556,35.5803767612799,35.5803767612799,0.0,False,False,0.0,0.0,-7.769268,110.3844292,10.002,-7.7692805,110.3847519,10.002
1789018144.8717191,35.557919521977816,35.557919521977816,0.0,False,False,0.0,0.0,-7.769268,110.3844292,10.002,-7.7692732,110.3847519,10.003
1789018145.0746634,35.62438391296923,35.62438391296923,0.0,False,False,0.0,0.0,-7.7692598,110.3844287,10.003,-7.7692652,110.384752,10.004
1789018145.2797308,35.708846614261255,35.708846614261255,0.0,False,False,0.0,0.0,-7.7692511,110.3844282,10.003,-7.7692652,110.384752,10.004
1789018145.485564,35.77838401521137,35.77838401521137,0.0,False,False,0.0,0.0,-7.769242,110.3844277,10.002,-7.7692568,110.3847521,10.004
1789018145.6859708,35.85854937885972,35.85854937885972,0.0,False,False,0.0,0.0,-7.7692327,110.3844272,10.002,-7.7692481,110.3847523,10.004
1789018145.8947601,35.83550425416862,35.83550425416862,0.0,False,False,0.0,0.0,-7.7692327,110.3844272,10.002,-7.769239,110.3847524,10.003
1789018146.0994453,35.901815667429474,35.901815667429474,0.0,False,False,0.0,0.0,-7.7692233,110.3844268,10.002,-7.7692297,110.3847526,10.003
1789018146.3108044,35.99329787553025,35.99329787553025,0.0,False,False,0.0,0.0,-7.7692138,110.3844263,10.001,-7.7692297,110.3847526,10.003
1789018146.520646,36.07032774931432,36.07032774931432,0.0,False,False,0.0,0.0,-7.7692043,110.3844258,10.001,-7.7692202,110.3847528,10.003
1789018146.7268577,36.15890766282568,36.15890766282568,0.0,False,False,0.0,0.0,-7.7691948,110.3844253,10.0,-7.7692108,110.3847531,10.002
1789018146.9285698,36.223310038306025,36.223310038306025,0.0,False,False,0.0,0.0,-7.7691855,110.3844249,10.0,-7.7692012,110.3847533,10.001
1789018147.1370616,36.2098164234851,36.2098164234851,0.0,False,False,0.0,0.0,-7.7691855,110.3844249,10.0,-7.7691917,110.3847535,10.001
1789018147.3385475,36.28610744395983,36.28610744395983,0.0,False,False,0.0,0.0,-7.7691766,110.3844245,9.999,-7.7691824,110.3847538,10.0
1789018147.538955,36.35874721944092,36.35874721944092,0.0,False,False,0.0,0.0,-7.7691682,110.3844241,9.998,-7.7691824,110.3847538,10.0
1789018147.7425773,36.42058932605682,36.42058932605682,0.0,False,False,0.0,0.0,-7.7691603,110.3844237,9.997,-7.7691736,110.384754,9.999
1789018147.9561846,36.48066188637234,36.48066188637234,0.0,False,False,0.0,0.0,-7.7691532,110.3844233,9.997,-7.7691651,110.3847542,9.998
1789018148.15833,36.48154010726818,36.48154010726818,0.0,False,False,0.0,0.0,-7.7691532,110.3844233,9.997,-7.7691573,110.3847544,9.997
1789018148.3639934,36.535621801841295,36.535621801841295,0.0,False,False,0.0,0.0,-7.769147,110.384423,9.996,-7.7691503,110.3847546,9.996
1789018148.5656333,36.568319808142654,36.568319808142654,0.0,False,False,0.0,0.0,-7.7691417,110.3844228,9.995,-7.7691503,110.3847546,9.996
1789018148.7702312,36.59622614534282,36.59622614534282,0.0,False,False,0.0,0.0,-7.7691376,110.3844226,9.995,-7.7691442,110.3847547,9.995
1789018148.971871,36.62564833660744,36.62564833660744,0.0,False,False,0.0,0.0,-7.7691345,110.3844225,9.996,-7.7691392,110.3847549,9.995
1789018149.1723807,36.64537354848465,36.64537354848465,0.0,False,False,0.0,0.0,-7.7691323,110.3844224,9.998,-7.7691352,110.384755,9.995
1789018149.379386,36.65497217838007,36.65497217838007,0.0,False,False,4.220302126099978e-33,5.056829392384741e-33,-7.7691323,110.3844224,9.998,-7.7691323,110.3847551,9.997
1789018149.5871809,36.66605045980243,36.66605045980243,0.0,False,False,0.0,0.0,-7.7691308,110.3844223,9.999,-7.7691302,110.3847551,9.998
1789018149.794878,36.66600501606075,36.66600501606075,0.0,False,False,0.0,0.0,-7.7691299,110.3844223,10.0,-7.7691302,110.3847551,9.998
1789018149.9990983,36.67706797925149,36.67706797925149,0.0,False,False,0.0,0.0,-7.7691295,110.3844223,10.0,-7.7691289,110.3847552,9.999
1789018150.2008862,36.68826740109422,36.68826740109422,0.0,False,False,0.0,0.0,-7.7691293,110.3844223,10.0,-7.7691281,110.3847553,10.0
1789018150.4016197,36.68851174560882,36.68851174560882,0.0,False,False,0.0,0.0,-7.7691294,110.3844223,10.0,-7.7691277,110.3847553,10.0
1789018150.6075494,36.68851174560882,36.68851174560882,0.0,False,False,0.0,0.0,-7.7691294,110.3844223,10.0,-7.7691277,110.3847553,10.0
1789018150.8113482,36.68851173687321,36.68813278420716,10.0,False,False,0.0,0.0,-7.7691295,110.3844223,10.0,-7.7691278,110.3847553,10.0
1789018151.0231245,36.688570708809024,36.68802475311675,4.003017360553736,False,False,0.0,0.0,-7.7691296,110.3844223,10.0,-7.7691278,110.3847553,10.0
1789018151.227016,36.68851172813708,36.68802474874863,3.150522922200806,False,False,0.0,0.0,-7.7691296,110.3844223,10.0,-7.7691279,110.3847553,10.0
1789018151.4272559,36.68851172813708,36.68802474874863,6.301045844401612,False,False,0.0,0.0,-7.7691296,110.3844223,10.0,-7.7691279,110.3847553,10.0
1789018151.6343331,36.68851172813708,36.68813277547095,10.0,False,False,0.0,0.0,-7.7691296,110.3844223,10.0,-7.7691279,110.3847553,10.0
1789018151.843694,36.68851172813708,36.68851172813708,0.0,False,False,0.0,0.0,-7.7691296,110.3844223,10.0,-7.7691279,110.3847553,10.0
1789018152.058907,36.69947342088467,36.69947342088467,0.0,False,False,0.0,0.0,-7.7691295,110.3844222,10.0,-7.7691279,110.3847553,10.0
1789018152.2620008,36.69947342088467,36.69947342088467,0.0,False,False,0.0,0.0,-7.7691295,110.3844222,10.0,-7.7691279,110.3847553,10.0
1789018152.474891,36.688456139817205,36.58908022004918,10.0,False,False,0.0,0.0,-7.7691295,110.3844222,9.999,-7.7691279,110.3847552,10.0
1789018152.676454,36.688456139817205,36.58845731884124,10.0,False,False,0.0,0.0,-7.7691295,110.3844222,9.999,-7.7691279,110.3847552,10.0
1789018152.8851116,36.688456139817205,36.58845731884124,10.0,False,False,0.0,0.0,-7.7691295,110.3844222,9.999,-7.7691279,110.3847552,10.0
1789018153.0872254,36.688456139817205,36.688456139817205,0.0,False,False,0.0,0.0,-7.7691295,110.3844222,9.999,-7.7691279,110.3847552,10.0
1789018153.2979226,36.6994734360745,36.6994734360745,0.0,False,False,0.0,0.0,-7.7691295,110.3844221,9.999,-7.7691279,110.3847552,10.0
1789018153.5000334,36.69947342245032,36.69947342245032,0.0,False,False,0.0,0.0,-7.7691295,110.3844221,10.0,-7.7691279,110.3847552,10.0
1789018153.7115476,36.69947342245032,36.69947342245032,0.0,False,False,0.0,0.0,-7.7691295,110.3844221,10.0,-7.7691279,110.3847552,10.0
1789018153.9133415,36.68845612775459,36.58845730674138,10.0,False,False,0.0,0.0,-7.7691295,110.3844221,10.0,-7.7691279,110.3847551,10.0
1789018154.1279063,36.68845612775459,36.58845730674138,10.0,False,False,0.0,0.0,-7.7691295,110.3844221,10.0,-7.7691279,110.3847551,10.0
1789018154.331513,36.68845614138286,36.28846089646718,10.0,False,False,0.0,0.0,-7.7691295,110.3844221,10.0,-7.7691279,110.3847551,9.999
1789018154.541631,36.65540425464372,35.05542396175916,10.0,False,False,0.0,0.0,-7.7691295,110.3844224,10.0,-7.7691279,110.3847551,9.999
1789018154.747434,36.600317780393915,33.900352221026445,10.0,False,False,0.0,0.0,-7.7691295,110.3844229,10.0,-7.7691279,110.3847551,9.999
1789018154.949402,36.5231967057345,33.02324263212772,10.0,False,False,0.0,0.0,-7.7691295,110.3844239,9.999,-7.7691279,110.3847554,9.999
1789018155.159699,36.60031776673283,35.00033753394834,10.0,False,False,0.0,0.0,-7.7691295,110.3844239,9.999,-7.7691279,110.3847561,9.999
1789018155.3598075,36.55624858810042,34.55627364481428,10.0,False,False,0.0,0.0,-7.7691295,110.3844254,9.999,-7.7691279,110.3847572,9.999
1789018155.5684083,36.31386813136957,31.414661615488676,10.0,False,False,0.0,0.0,-7.7691295,110.3844276,9.999,-7.7691279,110.3847572,9.999
1789018155.769133,36.19267791673547,30.692756275787573,10.0,False,False,0.0,0.0,-7.7691295,110.3844304,9.999,-7.7691279,110.3847589,9.999
1789018155.9725056,36.04945314556596,29.850307862407398,10.0,False,False,0.0,0.0,-7.7691295,110.384434,9.998,-7.7691279,110.3847612,9.999
1789018156.172934,35.8731764924715,28.774077440558,10.0,False,False,0.0,0.0,-7.7691295,110.3844386,9.998,-7.7691279,110.3847642,9.998
1789018156.3739862,36.30285083943913,33.10289298250203,10.0,False,False,0.0,0.0,-7.7691295,110.3844386,9.998,-7.7691279,110.3847681,9.998
1789018156.5750248,36.21471250063023,32.71475925499056,10.0,False,False,0.0,0.0,-7.7691295,110.3844442,9.997,-7.7691279,110.3847729,9.997
1789018156.7881327,35.4876289138237,26.887789948976234,10.0,False,False,0.0,0.0,-7.7691296,110.3844508,9.998,-7.7691279,110.3847729,9.997
1789018156.9999022,35.24524907083383,26.144744470386783,10.0,False,False,0.0,0.0,-7.7691296,110.3844588,9.999,-7.7691279,110.3847787,9.997
1789018157.196246,35.02484558360187,26.424508623414383,10.0,False,False,0.0,0.0,-7.7691296,110.3844678,10.001,-7.769128,110.3847857,9.998
1789018157.3965943,34.82653451093269,27.426657157605014,10.0,False,False,0.0,0.0,-7.7691296,110.3844778,10.003,-7.769128,110.3847939,10.0
1789018157.5992239,35.87317649630185,33.1732124052713,10.0,False,False,0.0,0.0,-7.7691296,110.3844778,10.003,-7.769128,110.3848034,10.002
1789018157.798466,34.68330986416425,28.384214140826344,10.0,False,False,0.0,0.0,-7.7691296,110.3844886,10.005,-7.769128,110.3848034,10.002
1789018158.0125086,34.529126962332526,29.030048413459326,10.0,False,False,0.0,0.0,-7.7691297,110.3845003,10.006,-7.769128,110.3848137,10.004
1789018158.2130456,34.385965458807014,29.38691581765335,10.0,False,False,0.0,0.0,-7.7691298,110.3845127,10.005,-7.769128,110.3848248,10.005
1789018158.4147172,35.70797427239622,33.80800239204509,10.0,False,False,0.0,0.0,-7.7691298,110.3845127,10.005,-7.7691281,110.3848368,10.005
1789018158.6150768,35.66390518229419,33.96393025741809,10.0,False,False,0.0,0.0,-7.7691299,110.3845257,10.005,-7.7691282,110.3848494,10.005
1789018158.8195632,34.17663793669386,30.477529872257133,10.0,False,False,0.0,0.0,-7.76913,110.3845392,10.005,-7.7691282,110.3848494,10.005
1789018159.0197778,34.088500062002936,30.988558845088395,10.0,False,False,0.0,0.0,-7.7691301,110.3845532,10.004,-7.7691283,110.3848626,10.005
1789018159.2263455,34.01137939765486,31.71142211230802,10.0,False,False,0.0,0.0,-7.7691302,110.3845676,10.004,-7.7691284,110.3848763,10.004
1789018159.4276874,33.96731045379875,32.46687522714908,10.0,False,False,0.0,0.0,-7.7691303,110.3845821,10.003,-7.7691285,110.3848904,10.003
1789018159.6305654,35.57576699137127,35.07537777372249,10.0,False,False,0.0,0.0,-7.7691303,110.3845821,10.003,-7.7691286,110.384905,10.003
1789018159.8463795,35.55373244983487,35.353342032601894,10.0,False,False,0.0,0.0,-7.7691305,110.3845968,10.003,-7.7691288,110.3849195,10.002
1789018160.0417445,33.9452759624163,33.74483450303481,10.0,False,False,0.0,0.0,-7.7691306,110.3846114,10.002,-7.7691288,110.3849195,10.002
1789018160.2473207,33.93432613754459,33.93432613754459,0.0,False,False,0.0,0.0,-7.7691308,110.3846261,10.001,-7.7691289,110.3849341,10.002
1789018160.447785,33.94527593816774,33.94527593816774,0.0,False,False,0.0,0.0,-7.7691309,110.3846406,10.001,-7.7691291,110.3849487,10.001
1789018160.6484306,35.553732401908036,35.553732401908036,0.0,False,False,0.0,0.0,-7.7691309,110.3846406,10.001,-7.7691292,110.3849633,10.001
1789018160.8582945,35.564749675985254,35.564749675985254,0.0,False,False,0.0,0.0,-7.769131,110.3846548,10.0,-7.7691293,110.3849776,10.001
1789018161.0626054,34.04449827026459,34.04449827026459,0.0,False,False,0.0,0.0,-7.7691312,110.3846686,9.999,-7.7691293,110.3849776,10.001
1789018161.2653887,34.12155171338303,34.12155171338303,0.0,False,False,0.0,0.0,-7.7691313,110.3846819,9.998,-7.7691295,110.3849916,10.0
1789018161.468565,34.242741372356065,34.242741372356065,0.0,False,False,0.0,0.0,-7.7691314,110.3846944,9.996,-7.7691296,110.3850052,9.999
1789018161.6701286,34.385965450482466,34.385965450482466,0.0,False,False,0.0,0.0,-7.7691315,110.3847061,9.995,-7.7691297,110.3850182,9.998
1789018161.8716054,35.76306049498176,35.76306049498176,0.0,False,False,0.0,0.0,-7.7691315,110.3847061,9.995,-7.7691298,110.3850307,9.996
1789018162.0739188,35.81814684195086,35.81814684195086,0.0,False,False,0.0,0.0,-7.7691316,110.3847169,9.993,-7.7691299,110.385042,9.994
1789018162.2757363,34.76055152611312,34.76055152611312,0.0,False,False,0.0,0.0,-7.7691317,110.3847265,9.992,-7.7691299,110.385042,9.994
1789018162.489915,35.002930829483844,35.002930829483844,0.0,False,False,0.0,0.0,-7.7691318,110.3847348,9.991,-7.76913,110.3850525,9.992
1789018162.692308,35.25632747887639,35.25632747887639,0.0,False,False,0.0,0.0,-7.7691319,110.3847418,9.991,-7.7691301,110.3850618,9.99
1789018162.897634,36.12663045141738,36.12663045141738,0.0,False,False,0.0,0.0,-7.7691319,110.3847418,9.991,-7.7691302,110.3850697,9.99
1789018163.1002367,36.24776422432313,36.24776422432313,0.0,False,False,0.0,0.0,-7.7691319,110.3847473,9.993,-7.7691303,110.3850763,9.991
1789018163.304128,35.76306078794476,35.76306078794476,0.0,False,False,0.0,0.0,-7.769132,110.3847517,9.996,-7.7691303,110.3850763,9.991
1789018163.506105,35.98340622330265,35.98340622330265,0.0,False,False,0.0,0.0,-7.769132,110.384755,9.998,-7.7691303,110.3850816,9.993
1789018163.7112417,36.159682587963495,36.159682587963495,0.0,False,False,0.0,0.0,-7.7691321,110.3847574,10.0,-7.7691304,110.3850856,9.995
1789018163.910336,36.33595876609282,36.33595876609282,0.0,False,False,0.0,0.0,-7.7691321,110.3847589,10.001,-7.7691304,110.3850887,9.998
1789018164.1251264,36.56732146566653,36.56732146566653,0.0,False,False,0.0,0.0,-7.7691321,110.3847589,10.001,-7.7691304,110.3850908,10.0
1789018164.3255763,36.611334834142056,36.611334834142056,0.0,False,False,0.0,0.0,-7.7691321,110.3847598,10.001,-7.7691305,110.3850921,10.001
1789018164.536484,36.57828295080211,36.57828295080211,0.0,False,False,0.0,0.0,-7.7691321,110.3847601,10.001,-7.7691305,110.3850921,10.001
1789018164.7417653,36.655404014068175,36.655404014068175,0.0,False,False,0.0,0.0,-7.7691321,110.3847601,10.001,-7.7691305,110.3850928,10.001
1789018164.9425452,36.71049050356783,36.71049050356783,0.0,False,False,0.0,0.0,-7.7691321,110.3847598,10.0,-7.7691305,110.385093,10.001
1789018165.1449478,36.688455899049316,36.688455899049316,0.0,False,False,0.0,0.0,-7.7691321,110.3847598,10.0,-7.7691305,110.3850928,10.0
1789018165.344969,36.699473193676845,36.59912487924892,10.0,False,False,0.0,0.0,-7.7691321,110.3847595,10.0,-7.7691305,110.3850926,10.0
1789018165.5535553,36.73252509320308,35.93253468605168,10.0,False,False,0.0,0.0,-7.7691321,110.3847592,9.999,-7.7691305,110.3850926,10.0
1789018165.7616682,36.710490489947745,35.310507582875545,10.0,False,False,0.0,0.0,-7.7691321,110.384759,9.999,-7.7691305,110.3850922,9.999
1789018165.9628131,36.6773863568619,35.87739481345572,10.0,False,False,0.0,0.0,-7.769132,110.384759,9.999,-7.7691305,110.3850919,9.999
1789018166.1707625,36.666421317192984,36.36642487788667,10.0,False,False,0.0,0.0,-7.769132,110.384759,9.999,-7.7691304,110.3850918,9.999
1789018166.379235,36.666421317192984,36.666421317192984,0.0,False,False,0.0,0.0,-7.769132,110.384759,9.999,-7.7691304,110.3850918,9.999
1789018166.5815685,36.666421317192984,36.666421317192984,0.0,False,False,0.0,0.0,-7.769132,110.384759,9.999,-7.7691304,110.3850918,9.999
1789018166.7834623,36.666421317192984,36.666421317192984,0.0,False,False,0.0,0.0,-7.769132,110.384759,9.999,-7.7691304,110.3850918,9.999
1789018166.9963388,36.666369053853614,36.666369053853614,0.0,False,False,0.0,0.0,-7.7691319,110.384759,9.999,-7.7691304,110.3850918,9.999
1789018167.1996603,36.67743862196663,36.67743862196663,0.0,False,False,0.0,0.0,-7.7691319,110.384759,9.999,-7.7691303,110.3850919,9.999
1789018167.4236114,36.67743862196663,36.67743862196663,0.0,False,False,0.0,0.0,-7.7691319,110.384759,9.999,-7.7691303,110.3850919,9.999
1789018167.6039848,36.66636906258496,36.66636906258496,0.0,False,False,0.0,0.0,-7.7691318,110.384759,9.999,-7.7691303,110.3850918,9.999
1789018167.8188508,36.66636906258496,36.66636906258496,0.0,False,False,0.0,0.0,-7.7691318,110.384759,9.999,-7.7691303,110.3850918,9.999
1789018168.0273569,36.66636906258496,36.66636906258496,0.0,False,False,0.0,0.0,-7.7691318,110.384759,9.999,-7.7691303,110.3850918,9.999
1789018168.2299182,36.66642133465478,36.66642133465478,0.0,False,False,0.0,0.0,-7.7691318,110.384759,9.999,-7.7691302,110.3850918,9.999
1789018168.4311345,36.66642134829123,36.66642134829123,0.0,False,False,0.0,0.0,-7.7691318,110.384759,10.0,-7.7691302,110.3850918,9.999
1789018168.6449692,36.66642134829123,36.66642134829123,0.0,False,False,0.0,0.0,-7.7691318,110.384759,10.0,-7.7691302,110.3850918,9.999
1789018168.8458421,36.66642134829123,36.66598971598126,8.895594131820497,False,False,0.0,0.0,-7.7691318,110.384759,10.0,-7.7691302,110.3850918,9.999
1789018169.0627375,36.666320193655125,36.665989724712254,1.4152081567739376,False,False,0.0,0.0,-7.7691316,110.384759,10.0,-7.7691302,110.3850918,9.999
1789018169.2773962,36.66615834915,36.66615834915,0.0,False,False,0.0,0.0,-7.7691312,110.384759,9.999,-7.7691302,110.3850918,10.0
1789018169.4907906,36.65501453052618,36.654972366040084,0.18532487760223396,False,False,0.0,0.0,-7.7691304,110.3847591,9.999,-7.7691299,110.3850918,10.0
1789018169.6920402,36.654987610175276,36.654987610175276,0.0,False,False,0.0,0.0,-7.7691291,110.3847591,9.999,-7.7691294,110.3850918,9.999
1789018169.8982234,36.6550551169436,36.6550551169436,0.0,False,False,0.0,0.0,-7.7691291,110.3847591,9.999,-7.7691284,110.3850918,9.999
1789018170.1004875,36.65498780219932,36.65498780219932,0.0,False,False,0.0,0.0,-7.7691272,110.3847591,9.999,-7.7691269,110.3850918,9.999
1789018170.3102925,36.66673370291546,36.66673370291546,0.0,False,False,0.0,0.0,-7.7691248,110.384759,9.999,-7.7691269,110.3850918,9.999
1789018170.5108285,36.667826467179104,36.667826467179104,0.0,False,False,0.0,0.0,-7.7691216,110.384759,9.998,-7.7691249,110.3850918,9.998
1789018170.7136998,36.669715024827006,36.669715024827006,0.0,False,False,0.0,0.0,-7.7691175,110.3847589,9.998,-7.7691222,110.3850917,9.998
1789018170.914645,36.666275784807404,36.666275784807404,0.0,False,False,0.0,0.0,-7.7691175,110.3847589,9.998,-7.7691188,110.3850917,9.997
1789018171.1217792,36.67761718969536,36.67761718969536,0.0,False,False,0.0,0.0,-7.7691126,110.3847587,9.998,-7.7691145,110.3850916,9.996
1789018171.3459322,36.67806265995636,36.67806265995636,0.0,False,False,0.0,0.0,-7.7691067,110.3847586,9.998,-7.7691092,110.3850915,9.996
1789018171.5555406,36.7132996442899,36.7132996442899,0.0,False,False,0.0,0.0,-7.7691,110.3847584,9.998,-7.7691092,110.3850915,9.996
1789018171.7602491,36.70660059729255,36.70660059729255,0.0,False,False,0.0,0.0,-7.7690926,110.3847583,9.999,-7.7691031,110.3850913,9.997
1789018171.9629703,36.71030627518396,36.71030627518396,0.0,False,False,0.0,0.0,-7.7690847,110.3847582,9.999,-7.7690962,110.3850912,9.998
1789018172.164951,36.702503451703265,36.702503451703265,0.0,False,False,0.0,0.0,-7.7690763,110.3847581,9.998,-7.7690886,110.385091,9.998
1789018172.3656955,36.66911172133996,36.66911172133996,0.0,False,False,0.0,0.0,-7.7690763,110.3847581,9.998,-7.7690806,110.3850909,9.999
1789018172.5731974,36.71693548132892,36.71693548132892,0.0,False,False,0.0,0.0,-7.7690675,110.3847579,9.998,-7.7690806,110.3850909,9.999
1789018172.7824652,36.73111438584066,36.73111438584066,0.0,False,False,0.0,0.0,-7.7690584,110.3847577,9.998,-7.7690722,110.3850908,9.999
1789018172.9855845,36.72247274426077,36.72247274426077,0.0,False,False,0.0,0.0,-7.769049,110.3847576,9.997,-7.7690633,110.3850906,9.998
1789018173.185842,36.72344321904715,36.72344321904715,0.0,False,False,0.0,0.0,-7.7690397,110.3847574,9.997,-7.7690542,110.3850904,9.998
1789018173.393436,36.67055631906337,36.67055631906337,0.0,False,False,0.0,0.0,-7.7690397,110.3847574,9.997,-7.7690449,110.3850902,9.998
1789018173.603143,36.68157320740145,36.68157320740145,0.0,False,False,0.0,0.0,-7.7690302,110.3847572,9.997,-7.7690354,110.3850901,9.998
1789018173.80388,36.7354344951305,36.731120789620356,10.0,False,False,0.0,0.0,-7.7690207,110.384757,9.997,-7.7690354,110.3850901,9.998
1789018174.0171525,36.73543531419495,36.708539919869544,10.0,False,False,0.0,0.0,-7.7690113,110.3847568,9.996,-7.769026,110.3850899,9.997
1789018174.232259,36.73348392622567,36.6990526206924,8.368881321221325,False,False,0.0,0.0,-7.7690022,110.3847566,9.996,-7.7690165,110.3850897,9.997
1789018174.4298315,36.73112005618822,36.699053408227115,5.480321384473647,False,False,0.0,0.0,-7.7689933,110.3847564,9.996,-7.7690071,110.3850895,9.996
1789018174.6305954,36.68090228442303,36.68090228442303,0.0,False,False,0.0,0.0,-7.7689933,110.3847564,9.996,-7.7689981,110.3850893,9.996
1789018174.8311663,36.72795144129832,36.69905417775034,3.833298787051143,False,False,0.0,0.0,-7.768985,110.3847562,9.995,-7.7689981,110.3850893,9.996
1789018175.0344915,36.72411924023408,36.66189416389126,4.545621077470245,False,False,0.0,0.0,-7.7689773,110.384756,9.994,-7.7689895,110.3850891,9.995
1789018175.2437162,36.7084216834266,36.66150073406237,3.1985260417645835,False,False,0.0,0.0,-7.7689704,110.3847559,9.994,-7.7689814,110.3850889,9.995
1789018175.4440353,36.703243201802636,36.66887847475786,2.301056553935002,False,False,0.0,0.0,-7.7689645,110.3847557,9.994,-7.768974,110.3850887,9.994
1789018175.6447318,36.67843907676078,36.677021542733655,1.1119492664988466,False,False,0.0,0.0,-7.7689645,110.3847557,9.994,-7.7689674,110.3850886,9.994
1789018175.8456762,36.677992873110526,36.67702199967319,0.8339619497038574,False,False,0.0,0.0,-7.7689595,110.3847556,9.994,-7.7689619,110.3850885,9.994
1789018176.0504966,36.68350092451177,36.66554018899008,1.434614994187741,False,False,0.0,0.0,-7.7689557,110.3847556,9.995,-7.7689619,110.3850885,9.994
1789018176.261732,36.68028565632337,36.666291881989316,1.4471548642336531,False,False,0.0,0.0,-7.7689529,110.3847555,9.996,-7.7689573,110.3850884,9.994
1789018176.4630492,36.66752285424189,36.65480626474247,1.6646039384968994,False,False,0.0,0.0,-7.7689509,110.3847555,9.998,-7.7689539,110.3850883,9.995
1789018176.6645153,36.677569066034756,36.67702294657811,0.41698097485192875,False,False,0.0,0.0,-7.7689496,110.3847554,9.999,-7.7689514,110.3850883,9.997
1789018176.8666613,36.66600723553182,36.666005549458944,0.0654087805625789,False,False,0.0,0.0,-7.7689496,110.3847554,9.999,-7.7689497,110.3850882,9.998
1789018177.0736606,36.66614219694273,36.650683577752176,2.8006139834875508,False,False,0.0,0.0,-7.7689488,110.3847554,10.0,-7.7689497,110.3850882,9.998
1789018177.2796707,36.66600733157055,36.66600564549767,0.03834307826082211,False,False,0.0,0.0,-7.7689485,110.3847554,10.0,-7.7689486,110.3850882,9.999
1789018177.4837978,36.666047823488285,36.666047823488285,0.0,False,False,0.0,0.0,-7.7689485,110.3847554,10.0,-7.768948,110.3850882,9.999
1789018177.6843903,36.6771309913747,36.6771309913747,0.0,False,False,0.0,0.0,-7.7689485,110.3847553,9.999,-7.7689477,110.3850882,9.998
1789018177.8883433,36.66608829946539,36.66608829946539,0.0,False,False,0.0,0.0,-7.7689485,110.3847553,9.999,-7.7689478,110.3850881,9.998
1789018178.0943668,36.66611357739735,36.66600566889033,8.895594136758541,False,False,0.0,0.0,-7.7689487,110.3847553,9.999,-7.7689479,110.3850881,9.998
1789018178.2972896,36.66611357739735,36.5683159004921,10.0,False,False,0.0,0.0,-7.7689487,110.3847553,9.999,-7.7689479,110.3850881,9.998
1789018178.5104847,36.677130965174776,36.57834559501562,10.0,False,False,0.0,0.0,-7.7689488,110.3847552,9.998,-7.768948,110.3850881,9.997
1789018178.7119744,36.677130965174776,36.677023089082326,4.447797068379273,False,False,0.0,0.0,-7.7689488,110.3847552,9.998,-7.768948,110.3850881,9.997
1789018178.9219415,36.66611356710091,36.66611356710091,0.0,False,False,0.0,0.0,-7.7689488,110.3847552,9.998,-7.768948,110.385088,9.997
1789018179.1275806,36.66611356710091,36.66611356710091,0.0,False,False,0.0,0.0,-7.7689488,110.3847552,9.998,-7.768948,110.385088,9.997
1789018179.3278575,36.666113616741384,36.666113616741384,0.0,False,False,0.0,0.0,-7.7689487,110.3847552,9.998,-7.7689479,110.385088,9.996
1789018179.5273983,36.66611357583167,36.66611357583167,0.0,False,False,0.0,0.0,-7.7689487,110.3847552,9.997,-7.7689479,110.385088,9.996
1789018179.7402475,36.66614223461016,36.66614223461016,0.0,False,False,0.0,0.0,-7.7689488,110.3847552,9.997,-7.7689479,110.385088,9.996
1789018179.9487352,36.6771596225096,36.6771596225096,0.0,False,False,0.0,0.0,-7.7689488,110.3847551,9.997,-7.7689479,110.385088,9.996
1789018180.1561582,36.66611356710091,36.66611356710091,0.0,False,False,0.0,0.0,-7.7689488,110.3847551,9.997,-7.768948,110.3850879,9.996
1789018180.3641827,36.66611356710091,36.66611356710091,0.0,False,False,0.0,0.0,-7.7689488,110.3847551,9.997,-7.768948,110.3850879,9.996
1789018180.5698476,36.66611360801062,36.66611360801062,0.0,False,False,0.0,0.0,-7.7689488,110.3847551,9.998,-7.768948,110.3850879,9.996
1789018180.7705748,36.66611360801062,36.66611360801062,0.0,False,False,0.0,0.0,-7.7689488,110.3847551,9.998,-7.768948,110.3850879,9.996
1789018180.9823756,36.66611360801062,36.66611360801062,0.0,False,False,0.0,0.0,-7.7689488,110.3847551,9.998,-7.768948,110.3850879,9.996
1789018181.19407,36.65509620996854,36.65509620996854,0.0,False,False,0.0,0.0,-7.7689488,110.3847551,9.998,-7.768948,110.3850878,9.996
1789018181.4055307,36.66611360801062,36.66611360801062,0.0,False,False,0.0,0.0,-7.7689488,110.384755,9.998,-7.768948,110.3850878,9.996
1789018181.6144822,36.677131004506535,36.677131004506535,0.0,False,False,0.0,0.0,-7.7689488,110.3847549,9.998,-7.768948,110.3850878,9.996
1789018181.826214,36.71018319724238,36.71018319724238,0.0,False,False,0.0,0.0,-7.7689488,110.3847546,9.998,-7.768948,110.3850878,9.996
1789018182.0344214,36.76527014263681,36.76527014263681,0.0,False,False,0.0,0.0,-7.7689488,110.384754,9.997,-7.768948,110.3850877,9.996
1789018182.2462378,36.85340932290169,36.85340932290169,0.0,False,False,0.0,0.0,-7.7689488,110.3847529,9.997,-7.768948,110.3850874,9.996
1789018182.4487774,36.952565899818985,36.952565899818985,0.0,False,False,0.0,0.0,-7.7689488,110.3847514,9.997,-7.768948,110.3850868,9.996
1789018182.6506414,36.83137452771997,36.83137452771997,0.0,False,False,0.0,0.0,-7.7689488,110.3847514,9.997,-7.768948,110.3850857,9.996
1789018182.8526506,36.89747891192964,36.89747891192964,0.0,False,False,0.0,0.0,-7.7689488,110.3847492,9.997,-7.768948,110.3850841,9.996
1789018183.0556746,37.21698344890223,37.21698344890223,0.0,False,False,0.0,0.0,-7.7689488,110.3847463,9.997,-7.768948,110.3850841,9.996
1789018183.2669735,37.39326180808595,37.39326180808595,0.0,False,False,0.0,0.0,-7.7689488,110.3847426,9.996,-7.768948,110.385082,9.996
1789018183.476374,37.56954019715045,37.56954019715045,0.0,False,False,0.0,0.0,-7.7689488,110.3847381,9.995,-7.768948,110.3850791,9.996
1789018183.677233,37.76788119980727,37.76788119980727,0.0,False,False,0.0,0.0,-7.7689489,110.3847326,9.995,-7.768948,110.3850754,9.996
1789018183.8929303,37.27209863223345,37.27209863223345,0.0,False,False,0.0,0.0,-7.7689489,110.3847326,9.995,-7.768948,110.3850709,9.996
1789018184.099104,38.01026380469291,38.01026380469291,0.0,False,False,0.0,0.0,-7.7689489,110.3847259,9.995,-7.768948,110.3850709,9.996
1789018184.3026245,38.263663790910556,38.263663790910556,0.0,False,False,0.0,0.0,-7.768949,110.3847181,9.996,-7.7689481,110.3850654,9.996
1789018184.6136494,37.53651597334074,37.53651597334074,0.0,False,False,0.0,0.0,-7.768949,110.3847181,9.996,-7.7689481,110.3850588,9.996
1789018184.7471566,38.73741170467952,38.73741170467952,0.0,False,False,0.0,0.0,-7.7689491,110.3846992,9.999,-7.7689482,110.3850508,9.997
1789018185.027979,38.94674217161675,38.94674217161675,0.0,False,False,0.0,0.0,-7.7689491,110.3846883,10.0,-7.7689482,110.3850418,9.998
1789018185.2282913,39.134037810968,39.134037810968,0.0,False,False,0.0,0.0,-7.7689492,110.3846767,10.0,-7.7689483,110.3850319,9.999
1789018185.5091503,37.93314202511066,37.93314202511066,0.0,False,False,0.0,0.0,-7.7689492,110.3846767,10.0,-7.7689483,110.385021,10.0
1789018185.6804974,39.299328587385965,39.299328587385965,0.0,False,False,0.0,0.0,-7.7689493,110.3846643,10.0,-7.7689483,110.385021,10.0
1789018185.9503424,38.010263755335295,38.010263755335295,0.0,False,False,0.0,0.0,-7.7689493,110.3846643,10.0,-7.7689484,110.3850093,10.0
1789018186.1074371,38.07634049871881,38.07634049871881,0.0,False,False,0.0,0.0,-7.7689493,110.3846513,10.0,-7.7689485,110.3849969,10.0
1789018186.3119385,39.68493706605072,39.68493706605072,0.0,False,False,0.0,0.0,-7.7689496,110.3846238,9.999,-7.7689486,110.384984,9.999
1789018186.5116625,39.77307614732515,39.77307614732515,0.0,False,False,0.0,0.0,-7.7689497,110.3846095,9.999,-7.7689487,110.3849705,9.999
1789018186.710158,39.82816307051531,39.82816307051531,0.0,False,False,0.0,0.0,-7.7689498,110.384595,9.999,-7.7689488,110.3849565,9.999
1789018186.988226,38.252646338317405,38.252646338317405,0.0,False,False,0.0,0.0,-7.7689498,110.384595,9.999,-7.7689489,110.3849422,10.0
1789018187.1931696,39.883220578962884,39.883220578962884,0.0,False,False,0.0,0.0,-7.76895,110.3845659,9.998,-7.7689491,110.3849279,10.0
1789018187.5217414,38.28567108087985,38.28567108087985,0.0,False,False,0.0,0.0,-7.76895,110.3845659,9.998,-7.7689492,110.3849134,10.0
1789018187.7223895,39.88325000643283,38.58325523081869,10.0,False,False,0.0,0.0,-7.7689503,110.3845369,9.998,-7.7689493,110.3848989,10.0
1789018187.9438868,39.88325000643283,38.58325523081869,10.0,False,False,0.0,0.0,-7.7689503,110.3845369,9.998,-7.7689493,110.3848989,10.0
1789018188.1924624,38.26366387242995,36.56366996683911,10.0,False,False,0.0,0.0,-7.7689504,110.3845228,9.997,-7.7689495,110.3848701,10.001
1789018188.4081373,39.78409366005162,35.984110091123426,10.0,False,False,0.0,0.0,-7.7689505,110.384509,9.997,-7.7689495,110.3848701,10.001
1789018188.7470732,38.241629079513636,35.94205502313416,10.0,False,False,0.0,0.0,-7.7689505,110.384509,9.997,-7.7689496,110.3848561,10.001
1789018188.9798203,36.72120051481605,36.42158292620179,10.0,False,False,0.0,0.0,-7.7689505,110.384509,9.997,-7.7689497,110.3848423,10.0
1789018189.2220929,38.164507328577685,35.16451854039401,10.0,False,False,0.0,0.0,-7.7689506,110.3844959,9.996,-7.7689497,110.3848423,10.0
1789018189.4555564,36.69916570994838,36.3991665995342,10.0,False,False,0.0,0.0,-7.7689506,110.3844959,9.996,-7.7689498,110.384829,9.999
1789018189.700541,36.69916570994838,36.3991665995342,10.0,False,False,0.0,0.0,-7.7689506,110.3844959,9.996,-7.7689498,110.384829,9.999
1789018189.9432101,35.50928680769583,35.50928680769583,0.0,False,False,0.0,0.0,-7.7689508,110.3844717,9.995,-7.76895,110.384794,9.994
1789018190.1455479,36.66611336138745,36.36611425157199,10.0,False,False,0.0,0.0,-7.768951,110.3844431,9.991,-7.7689502,110.3847759,9.991
1789018190.3466995,37.28311586794281,31.48298156630731,10.0,False,False,0.0,0.0,-7.7689511,110.3844305,9.993,-7.7689502,110.3847689,9.991
1789018190.5601857,37.767881319689245,26.96774886468052,10.0,False,False,0.0,0.0,-7.7689511,110.3844261,9.996,-7.7689502,110.3847689,9.991
1789018190.7542248,37.51448133946937,28.11434796772065,10.0,False,False,0.0,0.0,-7.7689511,110.3844228,9.998,-7.7689502,110.3847633,9.993
1789018190.963952,37.28308795631695,29.183117504591383,10.0,False,False,0.0,0.0,-7.7689511,110.3844204,10.0,-7.7689503,110.3847588,9.995
1789018191.1648986,36.91951354577448,33.2195254881971,10.0,False,False,0.0,0.0,-7.7689511,110.3844204,10.0,-7.7689503,110.3847555,9.998
1789018191.365647,36.820356927722464,33.720251281078006,10.0,False,False,0.0,0.0,-7.7689511,110.3844189,10.001,-7.7689503,110.3847531,10.0
1789018191.5814404,36.919541967162296,31.219406335447523,10.0,False,False,0.0,0.0,-7.7689512,110.384418,10.001,-7.7689503,110.3847531,10.0
1789018191.783089,36.798350674971466,32.298369634584034,10.0,False,False,0.0,0.0,-7.7689512,110.3844176,10.001,-7.7689503,110.3847516,10.001
1789018192.1102223,36.68817680233487,33.48818984605278,10.0,False,False,0.0,0.0,-7.7689512,110.3844177,10.0,-7.7689503,110.3847507,10.001
1789018192.312095,36.62204377041095,34.82204935576978,10.0,False,False,0.0,0.0,-7.7689512,110.384418,10.0,-7.7689504,110.3847504,10.001
1789018192.5132973,36.60000897616962,35.90001108430124,10.0,False,False,0.0,0.0,-7.7689512,110.3844182,9.999,-7.7689504,110.3847504,10.0
1789018192.8048158,36.62204377041095,36.62204377041095,0.0,False,False,0.0,0.0,-7.7689512,110.3844182,9.999,-7.7689504,110.3847506,10.0
1789018193.006125,36.58907980983943,36.58907980983943,0.0,False,False,0.0,0.0,-7.7689513,110.3844189,9.933,-7.7689504,110.384751,9.999
1789018193.3161933,36.589331866616156,36.589331866616156,0.0,False,False,0.0,0.0,-7.7689513,110.3844192,9.83,-7.7689504,110.3847513,9.981
1789018193.5264776,36.589588465559764,36.589588465559764,0.0,False,False,0.0,0.0,-7.7689513,110.3844195,9.701,-7.7689505,110.3847516,9.91
1789018193.7220397,36.622172207127626,36.622172207127626,0.0,False,False,0.0,0.0,-7.7689513,110.3844195,9.701,-7.7689505,110.3847519,9.798
1789018193.9921958,36.63323183153852,36.63323183153852,0.0,False,False,0.0,0.0,-7.7689514,110.3844197,9.564,-7.7689505,110.3847522,9.666
1789018194.1990216,36.633200367572364,36.633200367572364,0.0,False,False,0.0,0.0,-7.7689514,110.38442,9.427,-7.7689506,110.3847525,9.528
1789018194.436467,36.600763377008946,36.600763377008946,0.0,False,False,0.0,0.0,-7.7689514,110.3844203,9.293,-7.7689506,110.3847525,9.528
1789018194.6560578,36.63318955770442,36.63318955770442,0.0,False,False,0.0,0.0,-7.7689514,110.3844205,9.163,-7.7689506,110.384753,9.26
1789018194.895922,36.61173418980433,36.61173418980433,0.0,False,False,0.0,0.0,-7.7689515,110.3844207,9.037,-7.7689506,110.384753,9.26
1789018195.0971742,36.644222698706905,36.644222698706905,0.0,False,False,0.0,0.0,-7.7689515,110.3844209,8.913,-7.7689506,110.3847535,9.005
1789018195.3087819,36.62270353562258,36.62270353562258,0.0,False,False,0.0,0.0,-7.7689515,110.3844211,8.79,-7.7689506,110.3847535,9.005
1789018195.524826,36.63371487829419,36.63371487829419,0.0,False,False,0.0,0.0,-7.7689515,110.3844212,8.667,-7.7689506,110.3847537,8.881
1789018195.7344615,36.63369792324562,36.63369792324562,0.0,False,False,0.0,0.0,-7.7689515,110.3844213,8.543,-7.7689507,110.3847538,8.759
1789018195.934987,36.644721037820595,36.644721037820595,0.0,False,False,0.0,0.0,-7.7689515,110.3844214,8.419,-7.7689507,110.384754,8.636
1789018196.1443713,36.65521389926049,36.65521389926049,0.0,False,False,0.0,0.0,-7.7689515,110.3844214,8.419,-7.7689507,110.3847541,8.512
1789018196.344638,36.65521137574491,36.65521137574491,0.0,False,False,0.0,0.0,-7.7689515,110.3844215,8.296,-7.7689507,110.3847542,8.388
1789018196.546713,36.64471512973858,36.64471512973858,0.0,False,False,0.0,0.0,-7.7689515,110.3844216,8.172,-7.7689507,110.3847542,8.388
1789018196.7486901,36.655738241106796,36.655738241106796,0.0,False,False,0.0,0.0,-7.7689515,110.3844216,8.047,-7.7689507,110.3847543,8.264
1789018196.949225,36.655732334800504,36.655732334800504,0.0,False,False,0.0,0.0,-7.7689515,110.3844217,7.923,-7.7689507,110.3847544,8.139
1789018197.1504178,36.65520641055701,36.65520641055701,0.0,False,False,0.0,0.0,-7.7689515,110.3844217,7.923,-7.7689507,110.3847544,8.013
1789018197.3523998,36.66622377377938,36.66622377377938,0.0,False,False,0.0,0.0,-7.7689515,110.3844217,7.798,-7.7689507,110.3847545,7.888
1789018197.5685253,36.65572060402768,36.65572060402768,0.0,False,False,0.0,0.0,-7.7689515,110.3844218,7.674,-7.7689507,110.3847545,7.888
1789018197.7688708,36.65572645577413,36.65572645577413,0.0,False,False,0.0,0.0,-7.7689515,110.3844218,7.549,-7.7689507,110.3847545,7.764
1789018197.9821782,36.666749539996914,36.666749539996914,0.0,False,False,0.0,0.0,-7.7689515,110.3844218,7.423,-7.7689507,110.3847546,7.639
1789018198.1850588,36.66622624199093,36.66622624199093,0.0,False,False,0.0,0.0,-7.7689515,110.3844218,7.423,-7.7689507,110.3847546,7.514
1789018198.395985,36.65520640899135,36.65520640899135,0.0,False,False,0.0,0.0,-7.7689515,110.3844219,7.299,-7.7689507,110.3847546,7.389
1789018198.5960667,36.66622377377938,36.66622377377938,0.0,False,False,0.0,0.0,-7.7689515,110.3844219,7.174,-7.7689507,110.3847547,7.264
1789018198.803145,36.666749539996914,36.666749539996914,0.0,False,False,0.0,0.0,-7.7689515,110.3844219,7.048,-7.7689507,110.3847547,7.264
1789018199.008152,36.666749539996914,36.666749539996914,0.0,False,False,0.0,0.0,-7.7689515,110.3844219,6.923,-7.7689507,110.3847547,7.139
1789018199.2202826,36.666743662737005,36.666743662737005,0.0,False,False,0.0,0.0,-7.7689515,110.3844219,6.798,-7.7689507,110.3847547,7.013
1789018199.4202862,36.65572645577413,36.65572645577413,0.0,False,False,0.0,0.0,-7.7689515,110.384422,6.673,-7.7689507,110.3847547,6.888
1789018199.6216693,36.66622377377938,36.66622377377938,0.0,False,False,0.0,0.0,-7.7689515,110.384422,6.673,-7.7689507,110.3847548,6.763
1789018199.826581,36.666749539996914,36.666749539996914,0.0,False,False,0.0,0.0,-7.7689515,110.384422,6.547,-7.7689507,110.3847548,6.763
1789018200.0325818,36.666749539996914,36.666749539996914,0.0,False,False,0.0,0.0,-7.7689515,110.384422,6.422,-7.7689507,110.3847548,6.638
1789018200.2411911,36.66675544452855,36.66675544452855,0.0,False,False,0.0,0.0,-7.7689515,110.384422,6.297,-7.7689507,110.3847548,6.514
1789018200.4414415,36.666749539996914,36.666749539996914,0.0,False,False,0.0,0.0,-7.7689515,110.384422,6.173,-7.7689507,110.3847548,6.389
1789018200.6434927,36.666257404894544,36.666257404894544,0.0,False,False,0.0,0.0,-7.7689515,110.384422,6.173,-7.7689506,110.3847548,6.265
1789018200.8471465,36.666233810262874,36.666233810262874,0.0,False,False,0.0,0.0,-7.7689515,110.384422,6.047,-7.7689507,110.3847548,6.141
1789018201.0552132,36.655750135559074,36.655750135559074,0.0,False,False,0.0,0.0,-7.7689515,110.3844221,5.922,-7.7689507,110.3847548,6.141
1789018201.2602866,36.65572484174484,36.65572484174484,0.0,False,False,0.0,0.0,-7.7689514,110.3844221,5.797,-7.7689507,110.3847548,6.016
1789018201.4731863,36.6667360916818,36.6667360916818,0.0,False,False,0.0,0.0,-7.7689514,110.3844221,5.672,-7.7689507,110.3847549,5.89
1789018201.672458,36.6667360916818,36.6667360916818,0.0,False,False,0.0,0.0,-7.7689514,110.3844221,5.547,-7.7689507,110.3847549,5.765
1789018201.8730965,36.666208525248976,36.666208525248976,0.0,False,False,0.0,0.0,-7.7689514,110.3844221,5.547,-7.7689507,110.3847549,5.641
1789018202.0741682,36.6667360916818,36.6667360916818,0.0,False,False,0.0,0.0,-7.7689514,110.3844221,5.423,-7.7689507,110.3847549,5.641
1789018202.2741313,36.6667360916818,36.6667360916818,0.0,False,False,0.0,0.0,-7.7689514,110.3844221,5.298,-7.7689507,110.3847549,5.516
1789018202.475124,36.66673015987437,36.66673015987437,0.0,False,False,0.0,0.0,-7.7689514,110.3844221,5.174,-7.7689507,110.3847549,5.391
1789018202.67597,36.66673015987437,36.66673015987437,0.0,False,False,0.0,0.0,-7.7689514,110.3844221,5.049,-7.7689507,110.3847549,5.266
1789018202.928736,36.66620345245797,36.66620345245797,0.0,False,False,0.0,0.0,-7.7689514,110.3844221,5.049,-7.7689507,110.3847549,5.141
1789018203.1364295,36.666200956971814,36.666200956971814,0.0,False,False,0.0,0.0,-7.7689514,110.3844221,4.924,-7.7689507,110.3847549,5.015
1789018203.6109037,36.65520641928512,36.65520641928512,0.0,False,False,0.0,0.0,-7.7689514,110.3844222,4.799,-7.7689506,110.3847549,4.889
1789018203.811035,36.65572061275568,36.65572061275568,0.0,False,False,0.0,0.0,-7.7689514,110.3844222,4.55,-7.7689506,110.3847549,4.764
1789018204.018843,36.66674367146763,36.66674367146763,0.0,False,False,0.0,0.0,-7.7689514,110.3844222,4.425,-7.7689506,110.384755,4.64
1789018204.225645,36.66674954872754,36.66674954872754,0.0,False,False,0.0,0.0,-7.7689514,110.3844222,4.299,-7.7689506,110.384755,4.515
1789018204.4268143,36.66674367146763,36.66674367146763,0.0,False,False,0.0,0.0,-7.7689514,110.3844222,4.175,-7.7689506,110.384755,4.39
1789018204.6298478,36.66622378251012,36.66622378251012,0.0,False,False,0.0,0.0,-7.7689514,110.3844222,4.175,-7.7689506,110.384755,4.265
1789018204.8311324,36.66622874620611,36.66622874620611,0.0,False,False,0.0,0.0,-7.7689514,110.3844222,4.049,-7.7689506,110.384755,4.141
1789018205.0381372,36.66675545325917,36.66675545325917,0.0,False,False,0.0,0.0,-7.7689514,110.3844222,3.924,-7.7689506,110.384755,4.141
1789018205.2494323,36.66675545325917,36.66675545325917,0.0,False,False,0.0,0.0,-7.7689514,110.3844222,3.799,-7.7689506,110.384755,4.016
1789018205.4534976,36.66674367146763,36.66674367146763,0.0,False,False,0.0,0.0,-7.7689514,110.3844222,3.674,-7.7689506,110.384755,3.889
1789018205.6566885,36.66622625072167,36.66622625072167,0.0,False,False,0.0,0.0,-7.7689514,110.3844222,3.674,-7.7689506,110.384755,3.765
1789018205.8711586,36.66622874620611,36.66622874620611,0.0,False,False,0.0,0.0,-7.7689514,110.3844222,3.549,-7.7689506,110.384755,3.641
1789018206.0719926,36.66675545325917,36.66611332646414,3.616666666666668,False,False,0.0,0.0,-7.7689514,110.3844222,3.424,-7.7689506,110.384755,3.641
1789018206.2779853,36.66624163272139,36.66610959710721,0.15617017484304338,False,False,0.0,0.0,-7.7689514,110.3844222,3.42,-7.7689506,110.384755,3.517
1789018206.482794,36.666135144968734,36.666135144968734,0.0,False,False,0.0,0.0,-7.7689514,110.3844222,3.432,-7.7689506,110.384755,3.392
1789018206.682941,36.66645807095514,36.66645807095514,0.0,False,False,0.0,0.0,-7.7689514,110.3844222,3.427,-7.7689506,110.384755,3.268
1789018206.9006655,36.66721318111197,36.66721318111197,0.0,False,False,0.0,0.0,-7.7689514,110.3844222,3.427,-7.7689506,110.384755,3.143
1789018207.1010895,36.668405562133614,36.668405562133614,0.0,False,False,0.0,0.0,-7.7689514,110.3844222,3.428,-7.7689506,110.384755,3.018
1789018207.3097703,36.66841675705553,36.66841675705553,0.0,False,False,0.0,0.0,-7.7689514,110.3844222,3.429,-7.7689506,110.384755,3.018
1789018207.512508,36.670045479506996,36.670045479506996,0.0,False,False,0.0,0.0,-7.7689514,110.3844222,3.43,-7.7689506,110.384755,2.893
1789018207.715148,36.672143262551636,36.672143262551636,0.0,False,False,0.0,0.0,-7.7689514,110.3844222,3.431,-7.7689506,110.384755,2.766
1789018207.915546,36.674622921975775,36.674622921975775,0.0,False,False,0.0,0.0,-7.7689514,110.3844222,3.431,-7.7689506,110.384755,2.641
1789018208.1225686,36.67750349286482,36.67750349286482,0.0,False,False,0.0,0.0,-7.7689514,110.3844222,3.431,-7.7689506,110.384755,2.517
1789018208.3257003,36.677528426396336,36.677528426396336,0.0,False,False,0.0,0.0,-7.7689514,110.3844222,3.432,-7.7689506,110.384755,2.517
1789018208.531857,36.68088804090096,36.68088804090096,0.0,False,False,0.0,0.0,-7.7689514,110.3844222,3.433,-7.7689506,110.384755,2.392
1789018208.7461324,36.684711944747654,36.684711944747654,0.0,False,False,0.0,0.0,-7.7689514,110.3844222,3.435,-7.7689506,110.384755,2.267
1789018208.9433181,36.68893978393368,36.68893978393368,0.0,False,False,0.0,0.0,-7.7689514,110.3844222,3.436,-7.7689506,110.384755,2.142
1789018209.1450725,36.69352245927217,36.69352245927217,0.0,False,False,0.0,0.0,-7.7689514,110.3844222,3.436,-7.7689506,110.384755,2.018
1789018209.3455608,36.68764209703863,36.68764209703863,0.0,False,False,0.0,0.1080000000000001,-7.7689514,110.3844223,3.437,-7.7689506,110.384755,1.892
1789018209.5469346,36.68764209703863,36.68764209703863,0.0,False,False,0.0,0.1080000000000001,-7.7689514,110.3844223,3.437,-7.7689506,110.384755,1.892
1789018209.7609117,36.69320974840442,36.69320974840442,0.0,False,False,0.0,0.23399999999999999,-7.7689514,110.3844223,3.438,-7.7689506,110.384755,1.766
1789018209.9630022,36.69921604939813,36.69921604939813,0.0,False,False,0.0,0.3600000000000001,-7.7689514,110.3844223,3.439,-7.7689506,110.384755,1.64
1789018210.164444,36.70215554487776,36.6679916661474,10.0,False,False,0.0,0.41900000000000004,-7.7689514,110.3844223,3.439,-7.7689506,110.384755,1.581
1789018210.3716323,36.70049976009048,36.683163356349944,10.0,False,False,0.0,0.3859999999999999,-7.7689514,110.3844223,3.439,-7.7689506,110.384755,1.614
1789018210.5892682,36.70054950052385,36.68320221611869,10.0,False,False,0.0,0.3859999999999999,-7.7689514,110.3844223,3.44,-7.7689506,110.384755,1.614
1789018210.7970865,36.7007487340572,36.7007487340572,0.0,False,False,0.0,0.3899999999999999,-7.7689514,110.3844223,3.44,-7.7689506,110.384755,1.61
1789018211.0006628,36.70079861038995,36.70079861038995,0.0,False,False,0.0,0.3899999999999999,-7.7689514,110.3844223,3.441,-7.7689506,110.384755,1.61
1789018211.2110338,36.70069888490411,36.70069888490411,0.0,False,False,0.0,0.3879999999999999,-7.7689514,110.3844223,3.441,-7.7689506,110.384755,1.612
1789018211.4123476,36.711702597181805,36.711702597181805,0.0,False,False,0.0,0.3879999999999999,-7.7689514,110.3844223,3.441,-7.7689506,110.3847551,1.612
1789018211.6244202,36.711652790141784,36.711652790141784,0.0,False,False,0.0,0.387,-7.7689514,110.3844223,3.441,-7.7689506,110.3847551,1.613
1789018211.8286948,36.711652790141784,36.711652790141784,0.0,False,False,0.0,0.387,-7.7689514,110.3844223,3.441,-7.7689506,110.3847551,1.613
1789018212.0314083,36.711652790141784,36.711652790141784,0.0,False,False,0.0,0.3859999999999999,-7.7689514,110.3844223,3.442,-7.7689506,110.3847551,1.614
1789018212.2333949,36.711652790141784,36.711652790141784,0.0,False,False,0.0,0.3859999999999999,-7.7689514,110.3844223,3.442,-7.7689506,110.3847551,1.614
1789018212.4440334,36.71160301027354,36.71160301027354,0.0,False,False,0.0,0.385,-7.7689514,110.3844223,3.442,-7.7689506,110.3847551,1.615
1789018212.6561327,36.71155325757717,36.71155325757717,0.0,False,False,0.0,0.3839999999999999,-7.7689514,110.3844223,3.442,-7.7689506,110.3847551,1.616
1789020060.246606,36.70192784560404,36.70192784560404,0.0,False,False,2.0,0.379,-7.7689514,110.3844223,0,-7.7689506,110.3847551,1.621
1789020060.460297,36.66611334166638,36.66611334166638,0.0,False,False,2.0,1.999,-7.7689514,110.3844223,0,-7.7689506,110.3847551,0.001
1789020060.6618261,36.66611334166638,36.66611334166638,0.0,False,False,2.0,1.999,-7.7689514,110.3844223,0,-7.7689506,110.3847551,0.001
1789020060.8743813,36.66611334166638,36.66611334166638,0.0,False,False,2.0,1.999,-7.7689514,110.3844223,0,-7.7689506,110.3847551,0.001
1789020061.07616,36.66611334166638,36.66611334166638,0.0,False,False,2.0,1.999,-7.7689514,110.3844223,0,-7.7689506,110.3847551,0.001
1789020061.291119,36.66611334166638,36.66611334166638,0.0,False,False,2.0,1.999,-7.7689514,110.3844223,0,-7.7689506,110.3847551,0.001
1789020061.4938936,36.66611334166638,36.66611334166638,0.0,False,False,2.0,1.999,-7.7689514,110.3844223,0,-7.7689506,110.3847551,0.001
1789020061.6976826,36.66611334166638,36.66611334166638,0.0,False,False,2.0,1.999,-7.7689514,110.3844223,0,-7.7689506,110.3847551,0.001
1789020061.8999598,36.66611334166638,36.66611334166638,0.0,False,False,2.0,1.999,-7.7689514,110.3844223,0,-7.7689506,110.3847551,0.001
1789020062.1018481,36.66611334166638,36.66611334166638,0.0,False,False,2.0,1.999,-7.7689514,110.3844223,0,-7.7689506,110.3847551,0.001
1789020062.3026636,36.66611334166638,36.66611334166638,0.0,False,False,2.0,1.999,-7.7689514,110.3844223,0,-7.7689506,110.3847551,0.001
1789020062.5041938,36.66611334166638,36.66611334166638,0.0,False,False,2.0,1.999,-7.7689514,110.3844223,0,-7.7689506,110.3847551,0.001
1789020062.7188783,36.66611332802981,36.66611332802981,0.0,False,False,1.999,1.999,-7.7689514,110.3844223,0.001,-7.7689506,110.3847551,0.001
1789020062.9198103,36.66611332802981,36.66611332802981,0.0,False,False,1.999,1.999,-7.7689514,110.3844223,0.001,-7.7689506,110.3847551,0.001
1789020063.121801,36.66611332802981,36.66611332802981,0.0,False,False,1.999,1.999,-7.7689514,110.3844223,0.001,-7.7689506,110.3847551,0.001
1789020063.3221066,36.66611332802981,36.66611332802981,0.0,False,False,1.999,1.999,-7.7689514,110.3844223,0.001,-7.7689506,110.3847551,0.001
1789020063.524927,36.66611563260997,36.66611563260997,0.0,False,False,1.986,1.9989999999999999,-7.7689514,110.3844223,0.014,-7.7689506,110.3847551,0.001
1789020063.7249613,36.6661434511993,36.6661434511993,0.0,False,False,1.9389999999999998,1.986,-7.7689514,110.3844223,0.061,-7.7689506,110.3847551,0.014
1789020063.9257538,36.66621418395858,36.66621418395858,0.0,False,False,1.855,1.9409999999999998,-7.7689514,110.3844223,0.145,-7.7689506,110.3847551,0.059
1789020064.1378098,36.666113450758935,36.666113450758935,0.0,False,False,1.855,1.858,-7.7689514,110.3844223,0.145,-7.7689506,110.3847551,0.142
1789020064.3384643,36.66611381894631,36.66611381894631,0.0,False,False,1.5949999999999998,1.601,-7.7689514,110.3844223,0.405,-7.7689506,110.3847551,0.399
1789020064.5399308,36.66735701661527,36.66735701661527,0.0,False,False,1.299,1.601,-7.7689514,110.3844223,0.701,-7.7689506,110.3847551,0.399
1789020064.7439296,36.66756253944248,36.66756253944248,0.0,False,False,0.978,1.304,-7.7689514,110.3844223,1.022,-7.7689506,110.3847551,0.696
1789020064.947065,36.668208717960646,36.668208717960646,0.0,False,False,0.597,0.9890000000000001,-7.7689514,110.3844223,1.403,-7.7689506,110.3847551,1.011
1789020065.14886,36.679965296877626,36.679965296877626,0.0,False,False,0.15399999999999991,0.6100000000000001,-7.7689514,110.3844222,1.846,-7.7689506,110.3847551,1.39
1789020065.3515615,36.666114690121056,36.666114690121056,0.0,False,False,0.15399999999999991,0.16399999999999992,-7.7689514,110.3844222,1.846,-7.7689506,110.384755,1.836
1789020065.5553162,36.66975856318097,36.65570412658385,4.222505336947351,False,False,0.0,0.16399999999999992,-7.7689515,110.3844222,2.351,-7.7689506,110.384755,1.836
1789020065.7570138,36.670357294168596,36.670357294168596,0.0,False,False,0.0,0.0,-7.7689515,110.3844222,2.897,-7.7689506,110.384755,2.341
1789020065.9600835,36.670030325621276,36.66614198524279,2.5428571428571423,False,False,0.0,0.0,-7.7689515,110.3844222,3.417,-7.7689506,110.384755,2.883
1789020066.1611025,36.66911270850256,36.63193012110492,5.322765635054658,False,False,0.0,0.0,-7.7689515,110.3844222,3.874,-7.7689507,110.384755,3.405
1789020066.3656747,36.666115281399314,36.5662195030744,10.0,False,False,0.0,0.0,-7.7689515,110.3844222,3.874,-7.7689507,110.384755,3.862
1789020066.566189,36.6681767589945,36.63607286670988,4.7916102838269135,False,False,0.0,0.0,-7.7689515,110.3844222,4.251,-7.7689507,110.384755,3.862
1789020066.7689924,36.66741532790202,36.66611331773337,0.9967741935483875,False,False,0.0,0.0,-7.7689515,110.3844222,4.55,-7.7689507,110.384755,4.241
1789020066.9717636,36.66686638954663,36.66611331773337,0.8103448275862049,False,False,0.0,0.0,-7.7689515,110.3844222,4.776,-7.7689507,110.384755,4.541
1789020067.1744907,36.66648457145659,36.66611331773337,0.6111111111111113,False,False,0.0,0.0,-7.7689515,110.3844222,4.933,-7.7689507,110.384755,4.768
1789020067.3773794,36.666113985925264,36.66611331773337,0.6999999999999666,False,False,0.0,0.0,-7.7689515,110.3844222,4.933,-7.7689507,110.384755,4.926
1789020067.5796342,36.666244283112285,36.66611331773337,0.37692307692307636,False,False,0.0,0.0,-7.7689515,110.3844222,5.024,-7.7689507,110.384755,4.926
1789020067.7803667,36.66612816795447,36.66611331773337,0.13200000000000145,False,False,0.0,0.0,-7.7689515,110.3844222,5.054,-7.7689507,110.384755,5.021
1789020067.9820435,36.666117735981594,36.666117735981594,0.0,False,False,0.0,0.0,-7.7689515,110.3844222,5.035,-7.7689507,110.384755,5.053
1789020068.1975577,36.66612642247425,36.66612642247425,0.0,False,False,0.0,0.0,-7.7689515,110.3844222,5.005,-7.7689507,110.384755,5.036
1789020068.4129136,36.66612184058827,36.66611331773337,0.6250000000000087,False,False,0.0,0.0,-7.7689515,110.3844222,4.981,-7.7689507,110.384755,5.006
1789020068.6161783,36.666113331369935,36.666113331369935,0.0,False,False,0.0,0.0,-7.7689515,110.3844222,4.981,-7.7689507,110.384755,4.982
1789020068.819397,36.66611562231353,36.66611331773337,0.32499999999999757,False,False,0.0,0.0,-7.7689515,110.3844222,4.969,-7.7689507,110.384755,4.982
1789020069.020278,36.66611353591848,36.66611331773337,0.20000000000002238,False,False,0.0,0.0,-7.7689515,110.3844222,4.965,-7.7689507,110.384755,4.969
1789020069.235887,36.666113372279646,36.666113372279646,0.0,False,False,0.0,0.0,-7.7689515,110.3844222,4.967,-7.7689507,110.384755,4.965
1789020069.4393816,36.6661136586476,36.6661136586476,0.0,False,False,0.0,0.0,-7.7689515,110.3844222,4.972,-7.7689507,110.384755,4.967
1789020069.64075,36.66611331773337,36.66611331773337,0.0,False,False,0.0,0.0,-7.7689515,110.3844222,4.972,-7.7689507,110.384755,4.972
1789020069.8440127,36.66611331773337,36.66611331773337,0.0,False,False,0.0,0.0,-7.7689515,110.3844222,4.977,-7.7689507,110.384755,4.977
1789020070.0463583,36.66611353591848,36.66611353591848,0.0,False,False,0.0,0.0,-7.7689515,110.3844222,4.981,-7.7689507,110.384755,4.977
1789020070.2470303,36.666113372279646,36.666113372279646,0.0,False,False,0.0,0.0,-7.7689515,110.3844222,4.982,-7.7689507,110.384755,4.98
1789020070.4491758,36.666113372279646,36.66605696468108,4.547797063441214,False,False,0.0,0.0,-7.7689515,110.3844222,4.983,-7.7689507,110.384755,4.981
1789020070.6503458,36.66611353591848,36.66600562741157,8.89559412688245,False,False,0.0,0.0,-7.7689515,110.3844222,4.985,-7.7689507,110.384755,4.981
1789020070.8536897,36.666113372279646,36.66600546377226,8.89559412688245,False,False,0.0,0.0,-7.7689515,110.3844222,4.985,-7.7689507,110.384755,4.983
1789020071.0558164,36.66611353591848,36.66600562741157,8.89559412688245,False,False,0.0,0.0,-7.7689515,110.3844222,4.987,-7.7689507,110.384755,4.983
1789020071.2558117,36.66611353591848,36.66600562741157,8.89559412688245,False,False,0.0,0.0,-7.7689515,110.3844222,4.989,-7.7689507,110.384755,4.985
1789020071.4571178,36.66611353591848,36.56611383162037,10.0,False,False,0.0,0.0,-7.7689515,110.3844222,4.991,-7.7689507,110.384755,4.987
1789020071.6595497,36.6550960353495,36.6550960353495,0.0,False,False,0.0,0.0,-7.7689516,110.3844223,4.997,-7.7689508,110.384755,4.994
1789020071.8614137,36.67705208639333,36.67705208639333,0.0,False,False,0.0,0.0,-7.7689516,110.3844223,4.997,-7.7689512,110.3847552,5.01
1789020072.0622394,36.66611339680864,36.66611339680864,0.0,False,False,0.0,0.0,-7.768952,110.3844224,5.013,-7.7689512,110.3847552,5.01
1789020072.2625992,36.6550706450742,36.655070522308094,0.3000000000000119,False,False,0.0,0.0,-7.7689526,110.3844228,5.041,-7.7689519,110.3847555,5.038
1789020072.463525,36.66608788637504,36.66608788637504,0.0,False,False,0.0,0.0,-7.7689537,110.3844233,5.084,-7.768953,110.3847561,5.082
1789020072.6643553,36.66608770420718,36.66608770420718,0.0,False,False,0.0,0.0,-7.7689553,110.3844241,5.146,-7.7689546,110.3847569,5.145
1789020072.8661234,36.78762198731456,36.78762198731456,0.0,False,False,0.0,0.0,-7.7689553,110.3844241,5.146,-7.7689567,110.384758,5.23
1789020073.0665824,36.66611280908924,36.66611279545267,0.09999999999994448,False,False,0.0,0.0,-7.7689575,110.3844252,5.231,-7.7689567,110.384758,5.23
1789020073.281605,36.666112563061795,36.666112563061795,0.0,False,False,0.0,0.0,-7.7689603,110.3844266,5.341,-7.7689595,110.3847594,5.34
1789020073.4821393,36.66608694845391,36.66608694845391,0.0,False,False,0.0,0.0,-7.7689638,110.3844285,5.48,-7.7689631,110.3847613,5.48
1789020073.686646,36.677082184201474,36.677082184201474,0.0,False,False,0.0,0.0,-7.7689681,110.3844307,5.652,-7.7689675,110.3847636,5.655
1789020073.887328,36.97880423312719,36.97880423312719,0.0,False,False,0.0,0.0,-7.7689681,110.3844307,5.652,-7.7689728,110.3847663,5.866
1789020074.0886312,37.04689566297611,37.04689566297611,0.0,False,False,0.0,0.0,-7.7689734,110.3844334,5.861,-7.7689791,110.3847696,6.116
1789020074.293057,36.67708138924337,36.67708138924337,0.0,False,False,0.0,0.0,-7.7689797,110.3844367,6.111,-7.7689791,110.3847696,6.116
1789020074.5035899,36.67706234735351,36.677045580000986,2.4798731689715363,False,False,0.0,0.0,-7.7689871,110.3844405,6.406,-7.7689866,110.3847734,6.412
1789020074.7108598,36.68806423160138,36.68806423160138,0.0,False,False,0.0,0.0,-7.7689956,110.3844448,6.743,-7.7689952,110.3847778,6.751
1789020074.9257226,36.69908104520192,36.699072470828206,1.7738985292515608,False,False,0.0,0.0,-7.7690052,110.3844496,7.124,-7.7690048,110.3847827,7.133
1789020075.128319,37.30304202553908,37.30304202553908,0.0,False,False,0.0,0.0,-7.7690052,110.3844496,7.124,-7.7690155,110.384788,7.554
1789020075.3285787,37.361719772875524,37.361719772875524,0.0,False,False,0.0,0.0,-7.7690159,110.384455,7.548,-7.7690271,110.3847939,8.013
1789020075.529828,36.69907833350299,36.69906771668054,1.9738985341895896,False,False,0.0,0.0,-7.7690275,110.3844608,8.008,-7.7690271,110.3847939,8.013
1789020075.731144,36.68804818168949,36.688036120283705,0.9407543396446264,False,False,0.0,0.0,-7.7690399,110.3844671,8.5,-7.7690396,110.3848001,8.506
1789020075.9318855,36.699052785603165,36.60080865097331,10.0,False,False,0.0,0.0,-7.769053,110.3844737,9.019,-7.7690529,110.3848068,9.032
1789020076.1360722,37.50535822041245,37.50535822041245,0.0,False,False,0.0,0.0,-7.769053,110.3844737,9.019,-7.7690667,110.3848138,9.576
1789020076.337327,37.529940695512096,37.529940695512096,0.0,False,False,0.0,0.0,-7.7690668,110.3844807,9.561,-7.769081,110.384821,10.136
1789020076.5374503,36.68803256347627,36.68803227772417,0.2047797078255582,False,False,0.0,0.0,-7.7690811,110.384488,10.124,-7.769081,110.384821,10.136
1789020076.7399962,36.69905408595159,36.699053504473035,0.23097463478191574,False,False,0.0,0.0,-7.769096,110.3844955,10.703,-7.7690958,110.3848286,10.716
1789020076.9420907,36.688033990256805,36.68803230519621,0.5559746347819078,False,False,0.0,0.0,-7.7691111,110.3845032,11.288,-7.769111,110.3848362,11.309
1789020077.1437654,36.688040194584175,36.688033454342474,2.22389853912773,False,False,0.0,0.0,-7.7691267,110.3845111,11.885,-7.7691265,110.3848441,11.91
1789020077.3464944,37.60264512385812,37.60264512385812,0.0,False,False,0.0,0.0,-7.7691267,110.3845111,11.885,-7.7691421,110.384852,12.512
1789020077.5472996,36.67703125215107,36.67703125215107,0.0,False,False,0.0,0.0,-7.7691424,110.3845191,12.485,-7.7691421,110.384852,12.512
1789020077.7497866,36.677045689985626,36.677045689985626,0.0,False,False,0.0,0.0,-7.7691583,110.3845271,13.086,-7.7691579,110.38486,13.118
1789020077.9508214,36.67703084990268,36.67703084990268,0.0,False,False,0.0,0.0,-7.7691741,110.3845352,13.686,-7.7691739,110.3848681,13.725
1789020078.152113,36.68804686685266,36.68804686685266,0.0,False,False,0.0,0.0,-7.7691901,110.3845432,14.285,-7.7691899,110.3848762,14.324
1789020078.3530903,37.62626502681046,37.62626502681046,0.0,False,False,0.0,0.0,-7.7691901,110.3845432,14.285,-7.7692058,110.3848843,14.917
1789020078.555193,36.688040503406384,36.688040503406384,0.0,False,False,0.0,0.0,-7.769206,110.3845513,14.883,-7.7692058,110.3848843,14.917
1789020078.7552693,36.677018183207956,36.677018183207956,0.0,False,False,0.0,0.0,-7.7692222,110.3845595,15.485,-7.769222,110.3848924,15.515
1789020078.9575405,36.68802664837319,36.68802664837319,0.0,False,False,0.0,0.0,-7.7692382,110.3845676,16.085,-7.7692382,110.3849006,16.114
1789020079.1587093,36.69904209301475,36.69904209301475,0.0,False,False,0.0,0.0,-7.7692543,110.3845758,16.689,-7.7692544,110.3849089,16.715
1789020079.3616278,37.651856618363105,37.651856618363105,0.0,False,False,0.0,0.0,-7.7692543,110.3845758,16.689,-7.7692707,110.3849171,17.315
1789020079.5628462,36.699036375324724,36.699036375324724,0.0,False,False,0.0,0.0,-7.7692706,110.384584,17.296,-7.7692707,110.3849171,17.315
1789020079.7643495,36.71005644635424,36.71005644635424,0.0,False,False,0.0,0.0,-7.7692868,110.3845922,17.902,-7.769287,110.3849254,17.919
1789020079.9665823,36.72113021034982,36.621130397265034,10.0,False,False,0.0,0.0,-7.769303,110.3846005,18.51,-7.7693036,110.3849338,18.534
1789020080.1685114,36.72112753234424,36.62108206741826,10.0,False,False,0.0,0.0,-7.7693193,110.3846087,19.118,-7.7693199,110.384942,19.14
1789020080.3689754,37.68755786283451,37.584622889183485,10.0,False,False,0.0,0.0,-7.7693193,110.3846087,19.118,-7.7693362,110.3849503,19.742
1789020080.5696094,36.72112218557189,36.62147888880872,10.0,False,False,0.0,0.0,-7.7693356,110.384617,19.728,-7.7693362,110.3849503,19.742
1789020080.7709188,36.71008303413299,36.51032650310192,10.0,False,False,0.0,0.0,-7.769352,110.3846253,20.341,-7.7693525,110.3849585,20.349
1789020080.973579,36.710100360931925,36.510444618965316,10.0,False,False,0.0,0.0,-7.7693683,110.3846336,20.95,-7.7693689,110.3849668,20.959
1789020081.1779637,36.71008095193572,36.61102125834674,10.0,False,False,0.0,0.0,-7.7693847,110.3846419,21.561,-7.7693852,110.3849751,21.572
1789020081.3787134,37.67598029714485,37.564189729782065,10.0,False,False,0.0,0.0,-7.7693847,110.3846419,21.561,-7.7694015,110.3849834,22.184
1789020081.580963,36.69904641121507,36.599349893588176,10.0,False,False,0.0,0.0,-7.7694011,110.3846503,22.175,-7.7694015,110.3849834,22.184
1789020081.7823348,36.699045524529836,36.49951704412047,10.0,False,False,0.0,0.0,-7.7694175,110.3846586,22.788,-7.7694179,110.3849917,22.799
1789020081.9966505,36.69903414307101,36.599259995795634,10.0,False,False,0.0,0.0,-7.7694339,110.3846669,23.402,-7.7694342,110.385,23.418
1789020082.2111628,36.7100814320065,36.61006627902756,10.0,False,False,0.0,0.0,-7.7694501,110.3846751,24.015,-7.7694506,110.3850083,24.039
1789020082.4145052,36.699047466041755,36.5990626490289,10.0,False,False,0.0,0.0,-7.7694662,110.3846833,24.623,-7.7694666,110.3850164,24.647
1789020082.6275852,37.60498949973441,36.55861180305566,10.0,False,False,0.0,0.0,-7.7694662,110.3846833,24.623,-7.7694821,110.3850242,25.238
1789020082.8326814,36.688013977071556,36.58805951547404,10.0,False,False,0.0,0.0,-7.7694818,110.3846912,25.219,-7.7694821,110.3850242,25.238
1789020083.0349252,36.68799818736046,36.587998202730745,10.0,False,False,0.0,0.0,-7.7694971,110.3846989,25.799,-7.7694972,110.3850319,25.816
1789020083.2361684,36.67698101972938,36.67697556671746,1.9999999999999114,False,False,0.0,0.0,-7.7695116,110.3847063,26.352,-7.7695117,110.3850392,26.372
1789020083.4394507,36.66595966879757,36.66595745966399,0.9000000000000533,False,False,0.0,0.0,-7.7695256,110.3847134,26.881,-7.7695256,110.3850462,26.899
1789020083.6415646,36.66595972940591,36.66595972940591,0.0,False,False,0.0,0.0,-7.7695388,110.3847201,27.373,-7.7695387,110.3850529,27.39
1789020083.8423176,37.377047282362405,35.460889574099774,10.0,False,False,0.0,0.0,-7.7695388,110.3847201,27.373,-7.7695511,110.3850591,27.845
1789020084.0428574,36.665956964995864,36.66595617679878,0.340000000000001,False,False,0.0,0.0,-7.7695511,110.3847263,27.828,-7.7695511,110.3850591,27.845
1789020084.2433858,36.676976584386736,36.676976584386736,0.0,False,False,0.0,0.0,-7.7695624,110.384732,28.24,-7.7695625,110.3850649,28.26
1789020084.4450963,36.66595605926851,36.66595605926851,0.0,False,False,0.0,0.0,-7.7695727,110.3847372,28.604,-7.7695727,110.38507,28.623
1789020084.6460798,36.67697043489952,36.67697043489952,0.0,False,False,0.0,0.0,-7.7695817,110.3847417,28.919,-7.7695817,110.3850746,28.933
1789020084.86106,37.117814995798206,34.75177460512817,10.0,False,False,0.0,0.0,-7.7695817,110.3847417,28.919,-7.7695895,110.3850785,29.196
1789020085.0646245,36.66595103478238,36.66595103478238,0.0,False,False,0.0,0.0,-7.7695895,110.3847457,29.186,-7.7695895,110.3850785,29.196
1789020085.26645,36.6659511246309,36.6659511246309,0.0,False,False,0.0,0.0,-7.769596,110.384749,29.405,-7.7695961,110.3850818,29.41
1789020085.4667113,36.67697278613985,36.67697278613985,0.0,False,False,0.0,0.0,-7.7696013,110.3847516,29.58,-7.7696015,110.3850845,29.58
1789020085.6676009,36.66595534899667,36.66595534899667,0.0,False,False,0.0,0.0,-7.7696055,110.3847538,29.716,-7.7696057,110.3850866,29.711
1789020085.869148,36.8553031554849,34.991324720033155,10.0,False,False,0.0,0.0,-7.7696055,110.3847538,29.716,-7.7696089,110.3850883,29.81
1789020086.0838478,36.676972807806926,36.67696698045625,1.461949264625872,False,False,0.0,0.0,-7.7696087,110.3847554,29.817,-7.7696089,110.3850883,29.81
1789020086.292251,36.676967554581914,36.57757110802482,10.0,False,False,0.0,0.0,-7.769611,110.3847565,29.889,-7.7696111,110.3850894,29.882
1789020086.4945366,36.66595507380036,36.56638041080261,10.0,False,False,0.0,0.0,-7.7696124,110.3847573,29.936,-7.7696126,110.3850901,29.929
1789020086.6987746,36.66594977437724,36.56617643997193,10.0,False,False,0.0,0.0,-7.7696132,110.3847577,29.964,-7.7696133,110.3850905,29.958
1789020086.8999329,36.67696715900505,36.57719375632421,10.0,False,False,0.0,0.0,-7.7696135,110.3847578,29.978,-7.7696136,110.3850907,29.972
1789020087.1035812,36.67696504156202,36.005460886900444,10.0,False,False,0.0,0.0,-7.7696135,110.3847578,29.978,-7.7696135,110.3850907,29.976
1789020087.312068,36.67697207885513,36.57704799566099,10.0,False,False,0.0,0.0,-7.7696133,110.3847578,29.981,-7.7696135,110.3850907,29.976
1789020087.5129814,36.67697211379169,36.57704803059775,10.0,False,False,0.0,0.0,-7.7696129,110.3847576,29.979,-7.7696131,110.3850905,29.974
1789020087.71466,36.66594787948997,36.66594787948997,0.0,False,False,0.0,0.0,-7.7696125,110.3847575,29.976,-7.7696125,110.3850903,29.972
1789020087.9181018,36.6659479144161,36.56594791501279,10.0,False,False,0.0,0.0,-7.7696121,110.3847574,29.973,-7.7696121,110.3850902,29.969
1789020088.120846,36.654945968113054,36.654945968113054,0.0,False,False,0.0,0.0,-7.7696121,110.3847574,29.973,-7.7696118,110.3850901,29.967
1789020088.3248913,36.66594794061071,36.66594794061071,0.0,False,False,0.0,0.0,-7.7696118,110.3847573,29.971,-7.7696118,110.3850901,29.967
1789020088.5392604,36.66594794934224,36.66594794934224,0.0,False,False,0.0,0.0,-7.7696117,110.3847573,29.97,-7.7696117,110.3850901,29.966
1789020088.7408357,36.67697210307726,36.67697210307726,0.0,False,False,0.0,0.0,-7.7696116,110.3847573,29.969,-7.7696118,110.3850902,29.965
1789020088.9409924,36.67697210307726,36.67697210307726,0.0,False,False,0.0,0.0,-7.7696116,110.3847573,29.969,-7.7696118,110.3850902,29.965
1789020089.1411724,36.665947853885825,36.566084593208,10.0,False,False,0.0,0.0,-7.7696117,110.3847574,29.969,-7.7696117,110.3850902,29.966
1789020089.3521066,36.67696519877686,36.477513486182005,10.0,False,False,0.0,0.0,-7.7696117,110.3847574,29.969,-7.7696117,110.3850903,29.967
1789020089.5545812,36.67696526693953,36.67696526693953,0.0,False,False,0.0,0.0,-7.7696117,110.3847574,29.97,-7.7696117,110.3850903,29.967
1789020089.758569,36.66594794934224,36.66594794934224,0.0,False,False,0.0,0.0,-7.7696117,110.3847575,29.971,-7.7696117,110.3850903,29.967
1789020089.959082,36.66594963978349,36.66594963978349,0.0,False,False,0.0,0.0,-7.7696116,110.3847575,29.972,-7.7696117,110.3850903,29.968
1789020090.172338,36.676967050737694,36.676967050737694,0.0,False,False,0.0,0.0,-7.7696116,110.3847575,29.973,-7.7696117,110.3850904,29.969
1789020090.3743346,36.67696695530996,36.67696695530996,0.0,False,False,0.0,0.0,-7.7696116,110.3847575,29.973,-7.7696117,110.3850904,29.97
1789020090.574863,36.676967050737694,36.676967050737694,0.0,False,False,0.0,0.0,-7.7696116,110.3847575,29.974,-7.7696117,110.3850904,29.97
1789020090.7768745,36.665947958073765,36.665947958073765,0.0,False,False,0.0,0.0,-7.7696116,110.3847576,29.974,-7.7696116,110.3850904,29.97
1789020090.977705,36.665947958073765,36.665947958073765,0.0,False,False,0.0,0.0,-7.7696116,110.3847576,29.975,-7.7696116,110.3850904,29.971
1789020091.1778202,36.66594786261735,36.66594786261735,0.0,False,False,0.0,0.0,-7.7696116,110.3847576,29.975,-7.7696116,110.3850904,29.972
1789020091.3886578,36.6659545474674,36.6659545474674,0.0,False,False,0.0,0.0,-7.7696116,110.3847576,29.975,-7.7696114,110.3850904,29.973
1789020091.5964417,36.6659900537739,36.6659900537739,0.0,False,False,0.0,0.0,-7.7696114,110.3847576,29.976,-7.7696109,110.3850904,29.973
1789020091.7985003,36.66594960544785,36.66594960544785,0.0,False,False,0.0,0.0,-7.769611,110.3847576,29.976,-7.7696109,110.3850904,29.973
1789020091.9998682,36.67696708632229,36.67696708632229,0.0,False,False,0.0,0.0,-7.7696102,110.3847575,29.977,-7.7696101,110.3850904,29.974
1789020092.2047105,36.66594810710023,36.565948107435865,10.0,False,False,0.0,0.0,-7.7696088,110.3847575,29.977,-7.7696088,110.3850903,29.974
1789020092.4194355,36.6659498952574,36.56611704828854,10.0,False,False,0.0,0.0,-7.7696069,110.3847575,29.977,-7.7696068,110.3850903,29.975
1789020092.6202023,36.667177410249465,36.65821877254685,2.454906449761856,False,False,0.0,0.0,-7.7696069,110.3847575,29.977,-7.7696042,110.3850903,29.976
1789020092.822333,36.676972587379765,36.676972587379765,0.0,False,False,0.0,0.0,-7.7696044,110.3847574,29.978,-7.7696042,110.3850903,29.976
1789020093.0242977,36.66595546427749,36.66595546427749,0.0,False,False,0.0,0.0,-7.7696011,110.3847574,29.978,-7.7696009,110.3850902,29.976
1789020093.2270312,36.665955831001206,36.665955831001206,0.0,False,False,0.0,0.0,-7.7695969,110.3847573,29.979,-7.7695967,110.3850901,29.977
1789020093.42837,36.665964712614645,36.665964712614645,0.0,False,False,0.0,0.0,-7.7695918,110.3847572,29.98,-7.7695915,110.38509,29.978
1789020093.6310196,36.66162576549297,36.66162576549297,0.0,False,False,0.0,0.0,-7.7695918,110.3847572,29.98,-7.7695855,110.3850899,29.98
1789020093.8316133,36.66595680893021,36.66595680893021,0.0,False,False,0.0,0.0,-7.7695857,110.3847571,29.982,-7.7695855,110.3850899,29.98
1789020094.032753,36.665952359109276,36.665952359109276,0.0,False,False,0.0,0.0,-7.7695787,110.384757,29.984,-7.7695786,110.3850898,29.982
1789020094.235993,36.66595804281846,36.66595804281846,0.0,False,False,0.0,0.0,-7.7695711,110.3847569,29.985,-7.7695709,110.3850897,29.984
1789020094.4363928,36.66596722571834,36.66596722571834,0.0,False,False,0.0,0.0,-7.769563,110.3847568,29.987,-7.7695627,110.3850896,29.985
1789020094.637067,36.657580424514435,36.657580424514435,0.0,False,False,0.0,0.0,-7.769563,110.3847568,29.987,-7.769554,110.3850894,29.987
1789020094.83708,36.66952007434371,36.66952007434371,0.0,False,False,0.0,0.0,-7.7695544,110.3847566,29.989,-7.7695451,110.3850893,29.989
1789020095.0384543,36.665980562176436,36.665980562176436,0.0,False,False,0.0,0.0,-7.7695455,110.3847565,29.991,-7.7695451,110.3850893,29.989
1789020095.2407925,36.66598136390392,36.66598136390392,0.0,False,False,0.0,0.0,-7.7695363,110.3847564,29.992,-7.7695359,110.3850892,29.99
1789020095.4454994,36.665982193390406,36.665982193390406,0.0,False,False,0.0,0.0,-7.7695268,110.3847564,29.993,-7.7695264,110.3850892,29.991
1789020095.6472318,36.66598303160731,36.66598303160731,0.0,False,False,0.0,0.0,-7.7695172,110.3847563,29.994,-7.7695168,110.3850891,29.992
1789020095.8480332,36.67180095802619,36.57184706443517,10.0,False,False,0.0,0.0,-7.7695172,110.3847563,29.994,-7.7695072,110.385089,29.993
1789020096.0482817,36.66598382891335,36.6659568517209,4.4477970683793675,False,False,0.0,0.0,-7.7695076,110.3847562,29.994,-7.7695072,110.385089,29.993
1789020096.2486138,36.65495545902551,36.654940279791624,3.335847798815502,False,False,0.0,0.0,-7.7694979,110.3847562,29.995,-7.7694976,110.3850889,29.994
1789020096.4495013,36.66598550534201,36.665958528150796,4.447797068378972,False,False,0.0,0.0,-7.7694884,110.3847561,29.996,-7.769488,110.3850889,29.995
1789020096.6510909,36.665986318926336,36.66595934173572,2.2238985341896838,False,False,0.0,0.0,-7.7694791,110.384756,29.996,-7.7694787,110.3850888,29.995
1789020096.851135,36.66952664451452,36.65494229995409,4.496142685789325,False,False,0.0,0.0,-7.7694791,110.384756,29.996,-7.7694698,110.3850887,29.996
1789020097.0528018,36.66598708081615,36.66596010362622,2.223898529251587,False,False,0.0,0.0,-7.7694702,110.3847559,29.996,-7.7694698,110.3850887,29.996
1789020097.2546477,36.6659760089328,36.665960834261284,3.335847798815502,False,False,0.0,0.0,-7.7694618,110.3847558,29.996,-7.7694615,110.3850886,29.996
1789020097.456266,36.66596825858044,36.66596151428136,2.223898529251538,False,False,0.0,0.0,-7.7694541,110.3847557,29.996,-7.7694539,110.3850885,29.995
1789020097.6583772,36.665968861043694,36.66596211674472,2.223898529251538,False,False,0.0,0.0,-7.7694472,110.3847557,29.996,-7.769447,110.3850885,29.995
1789020097.8605192,36.66122019167333,36.66122019167333,0.0,False,False,0.0,0.0,-7.7694472,110.3847557,29.996,-7.7694411,110.3850884,29.995
1789020098.063064,36.665964322334645,36.6659626362598,0.5559746347819201,False,False,0.0,0.0,-7.7694412,110.3847556,29.996,-7.7694411,110.3850884,29.995
1789020098.2644436,36.66596304609314,36.66596304609314,0.0,False,False,0.0,0.0,-7.7694363,110.3847556,29.996,-7.7694363,110.3850884,29.996
1789020098.4689302,36.665965061158694,36.66596337508388,1.1119492695638402,False,False,0.0,0.0,-7.7694326,110.3847555,29.997,-7.7694325,110.3850883,29.997
1789020098.6701207,36.66596530563596,36.665963619561154,1.1119492695638402,False,False,0.0,0.0,-7.7694298,110.3847555,29.999,-7.7694297,110.3850883,29.999
1789020098.87248,36.666638180784325,36.66596375705527,0.6739086464248564,False,False,0.0,0.0,-7.7694298,110.3847555,29.999,-7.7694278,110.3850883,30.001
1789020099.0733445,36.66596380345869,36.66596380345869,0.0,False,False,0.0,0.0,-7.7694278,110.3847555,30.0,-7.7694278,110.3850883,30.001
1789020099.2880406,36.66596391696594,36.66596391696594,0.0,False,False,0.0,0.0,-7.7694265,110.3847555,30.001,-7.7694265,110.3850883,30.002
1789020099.4902043,36.66596401899509,36.66596401899509,0.0,False,False,0.0,0.0,-7.7694258,110.3847555,30.001,-7.7694258,110.3850883,30.003
1789020099.6918604,36.66596569471961,36.66596569471961,0.0,False,False,0.0,0.0,-7.7694254,110.3847555,30.001,-7.7694255,110.3850883,30.002
1789020099.8931253,36.65494659503622,36.65494659503622,0.0,False,False,0.0,0.0,-7.7694254,110.3847555,30.001,-7.7694254,110.3850882,30.002
1789020100.0952518,36.665970747012146,36.665970747012146,0.0,False,False,0.0,0.0,-7.7694254,110.3847554,30.001,-7.7694256,110.3850882,30.002
1789020100.2985702,36.665965684422645,36.665965684422645,0.0,False,False,0.0,0.0,-7.7694255,110.3847554,30.001,-7.7694256,110.3850882,30.002
1789020100.501455,36.66596399398219,36.565963994019484,10.0,False,False,0.0,0.0,-7.7694256,110.3847554,30.0,-7.7694256,110.3850882,30.001
1789020100.7042847,36.665965677256985,36.56596568190533,10.0,False,False,0.0,0.0,-7.7694257,110.3847553,30.0,-7.7694256,110.3850881,30.001
1789020100.9051976,36.66596571816686,36.66596571816686,0.0,False,False,0.0,0.0,-7.7694257,110.3847553,29.999,-7.7694256,110.3850881,30.001
1789020101.1087708,36.66596571816686,36.66596571816686,0.0,False,False,0.0,0.0,-7.7694257,110.3847553,29.999,-7.7694256,110.3850881,30.001
1789020101.310172,36.66596571816686,36.66596571816686,0.0,False,False,0.0,0.0,-7.7694257,110.3847553,29.999,-7.7694256,110.3850881,30.001
1789020101.5240548,36.65494830071821,36.65494830071821,0.0,False,False,0.0,0.0,-7.7694256,110.3847553,29.999,-7.7694257,110.385088,30.001
1789020101.7250347,36.66596403489206,36.66596403489206,0.0,False,False,0.0,0.0,-7.7694256,110.3847552,29.999,-7.7694256,110.385088,30.001
1789020101.9268827,36.66596399398219,36.66596399398219,0.0,False,False,0.0,0.0,-7.7694256,110.3847552,29.999,-7.7694256,110.385088,30.0
1789020102.1307735,36.66596399398219,36.66596399398219,0.0,False,False,0.0,0.0,-7.7694256,110.3847552,29.999,-7.7694256,110.385088,30.0
1789020102.3330584,36.66596399398219,36.66596399398219,0.0,False,False,0.0,0.0,-7.7694256,110.3847552,29.999,-7.7694256,110.385088,30.0
1789020102.5331757,36.65494657757882,36.65494657757882,0.0,False,False,0.0,0.0,-7.7694256,110.3847552,29.999,-7.7694256,110.3850879,30.0
1789020102.7375937,36.66596399398219,36.66596399398219,0.0,False,False,0.0,0.0,-7.7694256,110.3847551,29.999,-7.7694256,110.3850879,30.0
1789020102.9533377,36.66596399398219,36.66596399398219,0.0,False,False,0.0,0.0,-7.7694256,110.3847551,29.999,-7.7694256,110.3850879,30.0
1789020103.1564312,36.66596399398219,36.66596399398219,0.0,False,False,0.0,0.0,-7.7694256,110.3847551,29.999,-7.7694256,110.3850879,30.0
1789020103.3594015,36.65494657601316,36.65494657601316,0.0,False,False,0.0,0.0,-7.7694256,110.3847551,29.999,-7.7694256,110.3850878,30.0
1789020103.559642,36.65494657601316,36.65494657601316,0.0,False,False,0.0,0.0,-7.7694256,110.3847551,29.999,-7.7694256,110.3850878,30.0
1789020103.7616847,36.66596399398219,36.66596399398219,0.0,False,False,0.0,0.0,-7.7694256,110.384755,29.999,-7.7694256,110.3850878,30.0
1789020103.9631734,36.66596399398219,36.66596399398219,0.0,False,False,0.0,0.0,-7.7694256,110.3847549,29.999,-7.7694256,110.3850877,30.0
1789020104.1638606,36.65494657757882,36.554946577616136,10.0,False,False,0.0,0.0,-7.7694256,110.3847546,29.999,-7.7694256,110.3850873,30.0
1789020104.3657377,36.577824658058276,34.67796884286879,10.0,False,False,0.0,0.0,-7.7694256,110.3847546,29.999,-7.7694256,110.3850866,30.0
1789020104.5671825,36.66596399398219,36.565963994019484,10.0,False,False,0.0,0.0,-7.7694256,110.3847538,29.999,-7.7694256,110.3850866,30.0
1789020104.769572,36.65494826695908,36.55494827161022,10.0,False,False,0.0,0.0,-7.7694255,110.3847527,29.999,-7.7694256,110.3850854,30.0
1789020104.9710724,36.654948254884026,36.45494826413698,10.0,False,False,0.0,0.0,-7.7694255,110.384751,29.999,-7.7694256,110.3850837,29.999
1789020105.1735845,36.64393083741666,36.4439308466752,10.0,False,False,0.0,0.0,-7.7694255,110.3847487,29.999,-7.7694256,110.3850813,29.999
1789020105.3747299,36.31340664360015,32.71340664360015,10.0,False,False,0.0,0.0,-7.7694255,110.3847487,29.999,-7.7694255,110.3850783,29.999
1789020105.587164,36.643929169901526,36.343929170014164,10.0,False,False,0.0,0.0,-7.7694255,110.3847457,29.998,-7.7694255,110.3850783,29.999
1789020105.7968712,36.63291173828094,36.33291173828094,10.0,False,False,0.0,0.0,-7.7694255,110.3847419,29.998,-7.7694255,110.3850744,29.998
1789020105.999109,36.621894325237385,36.32189432535015,10.0,False,False,0.0,0.0,-7.7694256,110.3847372,29.997,-7.7694256,110.3850696,29.998
1789020106.2010999,36.61087694980545,36.2108769504089,10.0,False,False,0.0,0.0,-7.7694256,110.3847315,29.996,-7.7694256,110.3850638,29.998
1789020106.415414,36.61087694108724,36.21087694169069,10.0,False,False,0.0,0.0,-7.7694257,110.3847246,29.996,-7.7694257,110.3850569,29.998
1789020106.617242,35.71846795853228,30.118597395407072,10.0,False,False,0.0,0.0,-7.7694257,110.3847246,29.996,-7.7694258,110.3850488,29.999
1789020106.8321931,36.599859515983255,36.09985951674011,10.0,False,False,0.0,0.0,-7.7694258,110.3847166,29.997,-7.7694258,110.3850488,29.999
1789020107.0328124,36.57782468164605,35.977958097825315,10.0,False,False,0.0,0.0,-7.7694258,110.3847075,29.998,-7.7694258,110.3850395,30.0
1789020107.2356136,36.53375507270181,35.73389499890714,10.0,False,False,0.0,0.0,-7.7694259,110.3846975,29.999,-7.7694259,110.3850291,30.002
1789020107.4405334,36.51172186035608,35.61172190453191,10.0,False,False,0.0,0.0,-7.7694259,110.3846866,30.0,-7.769426,110.385018,30.002
1789020107.6405525,36.50070443422774,35.600704478430565,10.0,False,False,0.0,0.0,-7.769426,110.384675,30.001,-7.7694261,110.3850063,30.003
1789020107.8419604,35.123532605378394,31.523533411028826,10.0,False,False,0.0,0.0,-7.769426,110.384675,30.001,-7.7694262,110.3849938,30.002
1789020108.0440419,36.48968696856318,35.489796570900616,10.0,False,False,0.0,0.0,-7.7694261,110.3846626,30.001,-7.7694262,110.3849938,30.002
1789020108.244204,36.456634695404745,35.25674503150415,10.0,False,False,0.0,0.0,-7.7694262,110.3846498,30.002,-7.7694263,110.3849807,30.002
1789020108.4460008,36.42358245126039,35.22369289141407,10.0,False,False,0.0,0.0,-7.7694263,110.3846365,30.001,-7.7694264,110.3849671,30.002
1789020108.6463332,36.40154759555079,35.001658745556476,10.0,False,False,0.0,0.0,-7.7694264,110.3846228,30.001,-7.7694265,110.3849532,30.001
1789020108.8610408,34.82606235667151,32.3261487838159,10.0,False,False,0.0,0.0,-7.7694264,110.3846228,30.001,-7.7694266,110.3849389,30.001
1789020109.0624547,36.36849363351659,34.76863744157777,10.0,False,False,0.0,0.0,-7.7694266,110.3846088,30.001,-7.7694266,110.3849389,30.001
1789020109.2625878,36.31340653983171,34.71355057610257,10.0,False,False,0.0,0.0,-7.7694267,110.3845947,30.001,-7.7694267,110.3849243,30.001
1789020109.4731507,36.269336862549046,34.56948149909675,10.0,False,False,0.0,0.0,-7.7694268,110.3845806,30.001,-7.7694268,110.3849098,30.001
1789020109.6890268,36.24730203495956,34.54744676443719,10.0,False,False,0.0,0.0,-7.7694269,110.3845664,30.0,-7.7694269,110.3848954,30.001
1789020109.8891075,36.21424977409696,34.21439591253252,10.0,False,False,0.0,0.0,-7.769427,110.3845522,30.0,-7.769427,110.3848809,30.001
1789020110.101868,34.638760905960694,33.63887654127842,10.0,False,False,0.0,0.0,-7.769427,110.3845522,30.0,-7.7694271,110.3848666,30.0
1789020110.3043935,36.159162666694556,33.95930990204338,10.0,False,False,0.0,0.0,-7.7694271,110.3845384,30.0,-7.7694271,110.3848666,30.0
1789020110.5186963,36.09305816904702,33.79305816998987,10.0,False,False,0.0,0.0,-7.7694272,110.3845249,29.999,-7.7694272,110.3848525,30.0
1789020110.7225282,36.037971063219025,33.537971063219025,10.0,False,False,0.0,0.0,-7.7694273,110.3845118,29.999,-7.7694273,110.3848389,29.999
1789020110.9263785,35.982883982034494,33.382883983116734,10.0,False,False,0.0,0.0,-7.7694274,110.3844993,29.997,-7.7694274,110.3848259,29.998
1789020111.1289005,34.60570685614183,34.60570685614183,0.0,False,False,0.0,0.0,-7.7694274,110.3844993,29.997,-7.7694274,110.3848134,29.996
1789020111.3312976,35.89474635058726,33.19474649067608,10.0,False,False,0.0,0.0,-7.7694275,110.3844876,29.996,-7.7694274,110.3848134,29.996
1789020111.543067,35.82864184394805,33.028641990225346,10.0,False,False,0.0,0.0,-7.7694276,110.3844767,29.994,-7.7694275,110.3848019,29.994
1789020111.747721,35.76253561137632,32.962687298387124,10.0,False,False,0.0,0.0,-7.7694276,110.3844668,29.993,-7.7694276,110.3847914,29.993
1789020111.9606106,35.69643283616848,32.69643299507292,10.0,False,False,0.0,0.0,-7.7694277,110.3844581,29.992,-7.7694276,110.3847821,29.992
1789020112.1746266,35.61930919648823,32.51930919782638,10.0,False,False,0.0,0.0,-7.7694277,110.3844508,29.993,-7.7694277,110.3847741,29.992
1789020112.3759704,34.88114224300296,34.88114224300296,0.0,False,False,0.0,0.0,-7.7694277,110.3844508,29.993,-7.7694277,110.3847674,29.993
1789020112.578368,35.542189012508466,32.74230790966983,10.0,False,False,0.0,0.0,-7.7694278,110.3844448,29.994,-7.7694277,110.3847674,29.993
1789020112.7796102,35.47608276612202,32.97608276719052,10.0,False,False,0.0,0.0,-7.7694278,110.3844401,29.996,-7.7694278,110.3847621,29.995
1789020112.9802983,35.42099568126383,33.22099568219863,10.0,False,False,0.0,0.0,-7.7694278,110.3844365,29.998,-7.7694278,110.384758,29.997
1789020113.1820548,35.36590858226781,33.46590858226781,10.0,False,False,0.0,0.0,-7.7694278,110.3844339,30.0,-7.7694278,110.3847549,30.0
1789020113.3826892,35.123525422717705,35.123525422717705,0.0,False,False,0.0,0.0,-7.7694278,110.3844339,30.0,-7.7694278,110.3847527,30.001
1789020113.584494,35.32183891530313,33.72198718684373,10.0,False,False,0.0,0.0,-7.7694278,110.3844321,30.001,-7.7694278,110.3847527,30.001
1789020113.7860882,35.28878842496506,33.988788492512555,10.0,False,False,0.0,0.0,-7.7694279,110.384431,30.001,-7.7694278,110.3847513,30.002
1789020113.9854789,35.255734418294196,34.2557344187082,10.0,False,False,0.0,0.0,-7.7694279,110.3844306,30.001,-7.7694279,110.3847506,30.002
1789020114.1884496,35.233699626616016,34.73369962743315,10.0,False,False,0.0,0.0,-7.7694279,110.3844305,30.0,-7.7694279,110.3847503,30.002
1789020114.3884814,35.22268216770045,35.02268216778151,10.0,False,False,0.0,0.0,-7.7694279,110.3844307,30.0,-7.7694279,110.3847504,30.001
1789020114.5985787,35.255734418294196,35.255734418294196,0.0,False,False,0.0,0.0,-7.7694279,110.3844307,30.0,-7.7694279,110.3847507,30.001
1789020114.800502,35.22268395969037,35.22268220452715,1.1119492596877478,False,False,0.0,0.0,-7.769428,110.384431,29.999,-7.7694279,110.3847507,30.001
1789020115.00352,35.22268215774714,35.22268215774714,0.0,False,False,0.0,0.0,-7.769428,110.3844313,29.999,-7.769428,110.384751,30.0
1789020115.2047617,35.23369961822576,35.23369961822576,0.0,False,False,0.0,0.0,-7.769428,110.3844315,29.998,-7.769428,110.3847513,30.0
1789020115.4076183,35.24471702615963,35.24471702615963,0.0,False,False,0.0,0.0,-7.7694281,110.3844316,29.998,-7.7694281,110.3847515,30.0
1789020115.6082196,35.24471702615963,35.14471702632109,10.0,False,False,0.0,0.0,-7.7694281,110.3844316,29.998,-7.7694281,110.3847515,30.0
1789020115.8115284,35.24471702615963,35.24471702615963,0.0,False,False,0.0,0.0,-7.7694281,110.3844316,29.998,-7.7694281,110.3847515,30.0
1789020116.013519,35.24471702615963,35.24471702615963,0.0,False,False,0.0,0.0,-7.7694281,110.3844316,29.998,-7.7694281,110.3847515,30.0
1789020116.2229562,35.24471877602911,35.24471702196318,1.1119492695638413,False,False,0.0,0.0,-7.7694282,110.3844316,29.998,-7.7694281,110.3847515,30.0
1789020116.4236214,35.24471701776674,35.24471701776674,0.0,False,False,0.0,0.0,-7.7694282,110.3844316,29.998,-7.7694282,110.3847515,30.0
1789020116.6258159,35.24471701776674,35.24471701776674,0.0,False,False,0.0,0.0,-7.7694282,110.3844316,29.998,-7.7694282,110.3847515,30.0
1789020116.8285708,35.24471876763623,35.24471876763623,0.0,False,False,0.0,0.0,-7.7694283,110.3844316,29.998,-7.7694282,110.3847515,30.0
1789020117.0291975,35.24471876763623,35.244717013570295,1.1119492695638413,False,False,0.0,0.0,-7.7694283,110.3844316,29.998,-7.7694282,110.3847515,30.0
1789020117.233175,35.24471700937385,35.24471700937385,0.0,False,False,0.0,0.0,-7.7694283,110.3844316,29.998,-7.7694283,110.3847515,30.0
1789020117.4338903,35.24471700937385,35.24471700937385,0.0,False,False,0.0,0.0,-7.7694283,110.3844316,29.998,-7.7694283,110.3847515,30.0
1789020117.6378546,35.24471700937385,35.24471700937385,0.0,False,False,0.0,0.0,-7.7694283,110.3844316,29.998,-7.7694283,110.3847515,30.0
1789020117.837876,35.24471871668374,35.244716962617844,1.1119492596877483,False,False,0.0,0.0,-7.7694284,110.3844316,29.998,-7.7694283,110.3847515,29.999
1789020118.0390224,35.24471871668374,35.244716962617844,1.1119492596877483,False,False,0.0,0.0,-7.7694284,110.3844316,29.998,-7.7694283,110.3847515,29.999
1789020118.2392774,35.24471871668374,35.244716962617844,0.3706497532292493,False,False,0.0,0.0,-7.7694284,110.3844316,29.998,-7.7694283,110.3847515,29.999
1789020118.453575,35.24471696681429,35.24471696681429,0.0,False,False,0.0,0.0,-7.7694283,110.3844316,29.998,-7.7694283,110.3847515,29.999
1789020118.6555498,35.24471875025528,35.24471875025528,0.0,False,False,0.0,0.0,-7.7694279,110.3844316,29.999,-7.769428,110.3847515,29.998
1789020118.8562195,35.24476087298996,35.24476087298996,0.0,False,False,0.0,0.0,-7.7694279,110.3844316,29.999,-7.7694274,110.3847515,29.998
1789020119.0585613,35.2447328415297,35.15459604699551,10.0,False,False,0.0,0.0,-7.7694271,110.3844316,29.999,-7.7694274,110.3847515,29.998
1789020119.2611997,35.244745216501904,35.15486149456108,10.0,False,False,0.0,0.0,-7.7694259,110.3844316,29.999,-7.7694263,110.3847515,29.998
1789020119.4632988,35.244780440454335,35.15307964571823,10.0,False,False,0.0,0.0,-7.7694241,110.3844316,29.999,-7.7694247,110.3847515,29.998
1789020119.6664877,35.24480344888834,35.153324134164876,10.0,False,False,0.0,0.0,-7.7694216,110.3844316,29.999,-7.7694223,110.3847515,29.998
1789020119.866859,35.25666264246684,35.24104467500939,3.88363425811664,False,False,0.0,0.0,-7.7694216,110.3844316,29.999,-7.7694193,110.3847516,29.998
1789020120.072225,35.255877212741375,35.06728824230179,10.0,False,False,0.0,0.0,-7.7694184,110.3844316,29.999,-7.7694193,110.3847516,29.998
1789020120.2751439,35.25594768052288,35.167831932384885,10.0,False,False,0.0,0.0,-7.7694144,110.3844316,29.999,-7.7694155,110.3847516,29.998
1789020120.4776983,35.2560322601441,35.16842261170121,10.0,False,False,0.0,0.0,-7.7694094,110.3844317,29.999,-7.7694107,110.3847517,29.998
1789020120.6793475,35.256080087428884,35.16385705992452,10.0,False,False,0.0,0.0,-7.7694036,110.3844318,30.0,-7.769405,110.3847518,29.999
1789020120.8793502,35.2561314972036,35.2561314972036,0.0,False,False,0.0,0.0,-7.7693969,110.3844319,30.001,-7.7693984,110.3847519,30.0
1789020121.0794082,35.2561314972036,35.2561314972036,0.0,False,False,0.0,0.0,-7.7693969,110.3844319,30.001,-7.7693984,110.3847519,30.0
1789020121.280571,35.26714944667287,35.171322309676114,10.0,False,False,0.0,0.0,-7.7693896,110.384432,30.003,-7.7693911,110.3847521,30.001
1789020121.4826121,35.267150118512255,35.17132298143577,10.0,False,False,0.0,0.0,-7.7693816,110.3844321,30.003,-7.7693831,110.3847522,30.001
1789020121.6851313,35.26709999254974,35.16970847692318,10.0,False,False,0.0,0.0,-7.7693732,110.3844322,30.003,-7.7693746,110.3847523,30.001
1789020121.88842,35.28736915925887,35.28736915925887,0.0,False,False,0.0,0.0,-7.7693732,110.3844322,30.003,-7.7693658,110.3847524,30.001
1789020122.0909374,35.25608342096378,35.15869272298203,10.0,False,False,0.0,0.0,-7.7693644,110.3844324,30.003,-7.7693658,110.3847524,30.001
1789020122.3059459,35.26715229304535,35.16867066359336,10.0,False,False,0.0,0.0,-7.7693552,110.3844325,30.002,-7.7693567,110.3847526,30.001
1789020122.5090816,35.26715312498512,35.06777358998164,10.0,False,False,0.0,0.0,-7.7693458,110.3844327,30.002,-7.7693473,110.3847528,30.0
1789020122.70981,35.267153881823006,35.06777434656352,10.0,False,False,0.0,0.0,-7.7693363,110.3844329,30.001,-7.7693378,110.384753,30.0
1789020122.9130797,35.2672090252338,35.06786150743415,10.0,False,False,0.0,0.0,-7.7693267,110.3844331,30.0,-7.7693283,110.3847532,29.999
1789020123.1143472,35.30000572858722,35.0937480271406,10.0,False,False,0.0,0.0,-7.7693267,110.3844331,30.0,-7.7693187,110.3847534,29.999
1789020123.3293724,35.256192549308196,35.056195110406364,10.0,False,False,0.0,0.0,-7.7693171,110.3844334,30.0,-7.7693187,110.3847534,29.999
1789020123.5439827,35.267268458067655,35.166763564090125,10.0,False,False,0.0,0.0,-7.7693076,110.3844336,29.999,-7.7693093,110.3847537,29.999
1789020123.7459438,35.26715706463434,35.1670149353157,10.0,False,False,0.0,0.0,-7.7692984,110.3844338,29.999,-7.7692999,110.3847539,29.998
1789020123.947289,35.26710695652316,35.1676121181085,10.0,False,False,0.0,0.0,-7.7692896,110.384434,29.998,-7.769291,110.3847541,29.998
1789020124.1478503,35.26710766772568,35.16957098054535,10.0,False,False,0.0,0.0,-7.7692813,110.3844342,29.996,-7.7692827,110.3847543,29.997
1789020124.3489728,35.29575174490668,35.14017395725012,10.0,False,False,0.0,0.0,-7.7692813,110.3844342,29.996,-7.769275,110.3847545,29.996
1789020124.5512168,35.26706098042063,35.16971386246975,10.0,False,False,0.0,0.0,-7.7692737,110.3844344,29.995,-7.769275,110.3847545,29.996
1789020124.755592,35.255960104664716,35.16227908222305,10.0,False,False,0.0,0.0,-7.7692669,110.3844346,29.994,-7.769268,110.3847546,29.996
1789020124.9706826,35.266941105474714,35.175611308264045,10.0,False,False,0.0,0.0,-7.769261,110.3844347,29.994,-7.769262,110.3847548,29.995
1789020125.174423,35.25589083843772,35.255748803838415,1.1119492662718118,False,False,0.0,0.0,-7.7692561,110.3844349,29.994,-7.769257,110.3847549,29.995
1789020125.3780713,35.26834406804388,35.24578577691966,3.3178538415057104,False,False,0.0,0.0,-7.7692561,110.3844349,29.994,-7.7692531,110.384755,29.996
1789020125.5822616,35.25583504509331,35.25574912286063,0.8648494296882995,False,False,0.0,0.0,-7.7692524,110.384435,29.995,-7.7692531,110.384755,29.996
1789020125.7852688,35.26682989154287,35.2667667847055,0.8339619497038568,False,False,0.0,0.0,-7.7692496,110.384435,29.996,-7.7692502,110.3847551,29.997
1789020125.986869,35.266794984418084,35.266766936920945,0.741299511396546,False,False,0.0,0.0,-7.7692477,110.3844351,29.998,-7.7692481,110.3847552,29.998
1789020126.1898255,35.255765410838166,35.25574962918813,0.5559746331359051,False,False,0.0,0.0,-7.7692464,110.3844352,29.999,-7.7692467,110.3847552,29.999
1789020126.393793,35.26681090808918,35.20066315181188,10.0,False,False,0.0,0.0,-7.7692464,110.3844352,29.999,-7.7692459,110.3847553,29.999
1789020126.5938377,35.26677415612745,35.18327841724873,10.0,False,False,0.0,0.0,-7.7692457,110.3844352,30.0,-7.7692455,110.3847553,29.999
1789020126.7965093,35.266768909817266,35.26676715684805,0.2779873173909604,False,False,0.0,0.0,-7.7692454,110.3844352,30.0,-7.7692455,110.3847553,29.999
1789020127.0112686,35.25575148767,35.25574973415297,0.3706497565212804,False,False,0.0,0.0,-7.7692454,110.3844353,30.0,-7.7692455,110.3847553,29.999
1789020127.2139025,35.25575678656907,35.255749772501574,2.2238985292515885,False,False,0.0,0.0,-7.7692454,110.3844353,30.0,-7.7692456,110.3847553,29.998
1789020127.414529,35.25575673562752,35.25574972156001,2.22389852925159,False,False,0.0,0.0,-7.7692455,110.3844353,29.999,-7.7692457,110.3847553,29.998
1789020127.6149395,35.255765541558574,35.2557497599086,1.1119492662718102,False,False,0.0,0.0,-7.7692455,110.3844353,29.999,-7.7692458,110.3847553,29.997
1789020127.816483,35.255765541558574,35.255765541558574,0.0,False,False,0.0,0.0,-7.7692455,110.3844353,29.999,-7.7692458,110.3847553,29.997
1789020128.0176728,35.25575676977852,35.255749755710944,2.223898539127683,False,False,0.0,0.0,-7.7692456,110.3844353,29.999,-7.7692458,110.3847553,29.997
1789020128.2205198,35.25575676977852,35.255749755710944,2.223898539127683,False,False,0.0,0.0,-7.7692456,110.3844353,29.999,-7.7692458,110.3847553,29.997
1789020128.4234238,35.25575676977852,35.255749755710944,2.223898539127683,False,False,0.0,0.0,-7.7692456,110.3844353,29.999,-7.7692458,110.3847553,29.997
1789020128.6378937,35.25575676977852,35.255749755710944,2.223898539127683,False,False,0.0,0.0,-7.7692456,110.3844353,29.999,-7.7692458,110.3847553,29.997
1789020128.8380692,35.255765541558574,35.2557497599086,1.6679238994077157,False,False,0.0,0.0,-7.7692455,110.3844353,29.999,-7.7692458,110.3847553,29.997
1789020129.0531423,35.255765541558574,35.2557497599086,1.6679238994077152,False,False,0.0,0.0,-7.7692455,110.3844353,29.999,-7.7692458,110.3847553,29.997
1789020129.262845,35.25575676977852,35.255749755710944,2.2238985391276826,False,False,0.0,0.0,-7.7692456,110.3844353,29.999,-7.7692458,110.3847553,29.997
1789020129.4644194,35.25575676977852,35.255749755710944,2.2238985391276826,False,False,0.0,0.0,-7.7692456,110.3844353,29.999,-7.7692458,110.3847553,29.997
1789020129.6647296,35.25575676977852,35.255749755710944,2.2238985391276826,False,False,0.0,0.0,-7.7692456,110.3844353,29.999,-7.7692458,110.3847553,29.997
1789020129.8657815,35.25575676977852,35.25575676977852,0.0,False,False,0.0,0.0,-7.7692456,110.3844353,29.999,-7.7692458,110.3847553,29.997
1789020130.080792,35.25575676977852,35.25575676977852,0.0,False,False,0.0,0.0,-7.7692456,110.3844353,29.999,-7.7692458,110.3847553,29.997
1789020130.2814183,35.26677419026253,35.26677419026253,0.0,False,False,0.0,0.0,-7.7692456,110.3844352,29.999,-7.7692458,110.3847553,29.997
1789020130.481574,35.26677419026253,35.26677419026253,0.0,False,False,0.0,0.0,-7.7692456,110.3844352,29.999,-7.7692458,110.3847553,29.997
1789020130.6839948,35.25575676977852,35.0557568101188,10.0,False,False,0.0,0.0,-7.7692456,110.3844353,29.999,-7.7692458,110.3847553,29.997
1789020130.8851807,35.266774261150786,35.266774261150786,0.0,False,False,0.0,0.0,-7.7692456,110.3844353,29.999,-7.7692458,110.3847554,29.996
1789020131.0858998,35.266774261150786,34.96677432240444,10.0,False,False,0.0,0.0,-7.7692456,110.3844353,29.999,-7.7692458,110.3847554,29.996
1789020131.2862656,35.26677419026253,34.866774271355055,10.0,False,False,0.0,0.0,-7.7692456,110.3844356,29.998,-7.7692458,110.3847557,29.996
1789020131.4901917,35.2557568422546,34.755756944995944,10.0,False,False,0.0,0.0,-7.7692456,110.3844364,29.998,-7.7692458,110.3847564,29.995
1789020131.6927674,35.24473935242724,34.64473947492214,10.0,False,False,0.0,0.0,-7.7692456,110.3844376,29.997,-7.7692458,110.3847575,29.995
1789020131.8949718,35.24473935242724,34.64481960536308,10.0,False,False,0.0,0.0,-7.7692456,110.3844393,29.997,-7.7692458,110.3847592,29.995
1789020132.097164,35.49814000195526,35.49814000195526,0.0,False,False,0.0,0.0,-7.7692456,110.3844393,29.997,-7.7692458,110.3847615,29.995
1789020132.299843,35.23372188937315,34.63380216713927,10.0,False,False,0.0,0.0,-7.7692456,110.3844417,29.996,-7.7692458,110.3847615,29.995
1789020132.500758,35.23372188937315,34.634171056277104,10.0,False,False,0.0,0.0,-7.7692456,110.3844448,29.996,-7.7692458,110.3847646,29.995
1789020132.7041662,35.21168704995386,34.4121391559589,10.0,False,False,0.0,0.0,-7.7692456,110.3844488,29.996,-7.7692458,110.3847684,29.995
1789020132.9188678,35.200669631029115,34.40112188187836,10.0,False,False,0.0,0.0,-7.7692456,110.3844537,29.996,-7.7692458,110.3847732,29.995
1789020133.1214871,35.83968858894706,35.83968858894706,0.0,False,False,0.0,0.0,-7.7692456,110.3844537,29.996,-7.7692459,110.384779,29.995
1789020133.3236265,35.17863478324108,34.37871569783064,10.0,False,False,0.0,0.0,-7.7692457,110.3844597,29.996,-7.7692459,110.384779,29.995
1789020133.5244038,35.15659998650707,34.357052818656065,10.0,False,False,0.0,0.0,-7.7692457,110.3844668,29.997,-7.7692459,110.3847859,29.995
1789020133.7253387,35.145582567605224,34.4460342094375,10.0,False,False,0.0,0.0,-7.7692457,110.384475,29.998,-7.7692459,110.384794,29.996
1789020133.9286408,35.134565218294114,34.735013042215535,10.0,False,False,0.0,0.0,-7.7692457,110.3844844,30.0,-7.7692459,110.3848033,29.997
1789020134.1301951,36.280376745999824,36.280376745999824,0.0,False,False,0.0,0.0,-7.7692457,110.3844844,30.0,-7.7692459,110.3848137,29.999
1789020134.3317907,35.14557735594646,35.14557559693255,0.5559746298438739,False,False,0.0,0.0,-7.7692458,110.3844947,30.002,-7.7692459,110.3848137,29.999
1789020134.5351071,35.156600049245775,35.156600049245775,0.0,False,False,0.0,0.0,-7.7692458,110.3845057,30.003,-7.769246,110.3848248,30.0
1789020134.735459,35.16761211911399,35.16761211911399,0.0,False,False,0.0,0.0,-7.7692459,110.3845175,30.003,-7.769246,110.3848367,30.001
1789020134.937825,35.167617390227385,35.167617390227385,0.0,False,False,0.0,0.0,-7.7692459,110.38453,30.003,-7.7692461,110.3848492,30.001
1789020135.1377993,35.16761738185306,35.16761738185306,0.0,False,False,0.0,0.0,-7.769246,110.384543,30.003,-7.7692462,110.3848622,30.001
1789020135.3392591,35.16761738185306,35.16761738185306,0.0,False,False,0.0,0.0,-7.769246,110.384543,30.003,-7.7692462,110.3848622,30.001
1789020135.541226,35.18964690396506,35.18964690396506,0.0,False,False,0.0,0.0,-7.7692461,110.3845564,30.002,-7.7692462,110.3848758,30.001
1789020135.7451618,35.18964688720592,35.18964688720592,0.0,False,False,0.0,0.0,-7.7692463,110.3845703,30.002,-7.7692464,110.3848897,30.001
1789020135.9466453,35.222699142052896,35.222699142052896,0.0,False,False,0.0,0.0,-7.7692464,110.3845843,30.002,-7.7692465,110.384904,30.001
1789020136.1486695,35.28880366011211,35.28880366011211,0.0,False,False,0.0,0.0,-7.7692465,110.3845984,30.002,-7.7692466,110.3849187,30.001
1789020136.3503456,36.88633476296508,36.88633476296508,0.0,False,False,0.0,0.0,-7.7692465,110.3845984,30.002,-7.7692467,110.3849332,30.001
1789020136.5512981,35.33287156899938,35.33287156899938,0.0,False,False,0.0,0.0,-7.7692467,110.3846125,30.001,-7.7692467,110.3849332,30.001
1789020136.7525764,35.36592383958449,35.36592383958449,0.0,False,False,0.0,0.0,-7.7692468,110.3846267,30.001,-7.7692468,110.3849477,30.0
1789020136.952681,35.421012680869644,35.421012680869644,0.0,False,False,0.0,0.0,-7.7692469,110.3846408,30.001,-7.769247,110.3849623,30.0
1789020137.1676314,35.48711545253013,35.48711545253013,0.0,False,False,0.0,0.0,-7.7692471,110.3846546,30.0,-7.7692471,110.3849767,29.999
1789020137.3688467,37.040573582691806,37.040573582691806,0.0,False,False,0.0,0.0,-7.7692471,110.3846546,30.0,-7.7692472,110.3849908,29.999
1789020137.5709352,35.55321996121459,35.55321996121459,0.0,False,False,0.0,0.0,-7.7692472,110.3846681,29.999,-7.7692472,110.3849908,29.999
1789020137.7721725,35.608308793222065,35.608308793222065,0.0,False,False,0.0,0.0,-7.7692474,110.3846812,29.998,-7.7692473,110.3850044,29.998
1789020137.9727235,35.67441331114513,35.67441331114513,0.0,False,False,0.0,0.0,-7.7692475,110.3846936,29.997,-7.7692474,110.3850174,29.997
1789020138.176356,35.76255267327173,35.76255267327173,0.0,False,False,0.0,0.0,-7.7692476,110.3847052,29.995,-7.7692475,110.3850298,29.995
1789020138.384293,37.04057187554328,36.240571875841255,10.0,False,False,0.0,0.0,-7.7692476,110.3847052,29.995,-7.7692476,110.3850414,29.994
1789020138.5863965,35.861709469866085,35.861709469866085,0.0,False,False,0.0,0.0,-7.7692477,110.3847159,29.993,-7.7692476,110.3850414,29.994
1789020138.7908356,35.960866250892984,35.960866250892984,0.0,False,False,0.0,0.0,-7.7692478,110.3847255,29.991,-7.7692477,110.3850519,29.992
1789020138.99365,36.03798646734093,36.03798646734093,0.0,False,False,0.0,0.0,-7.7692478,110.384734,29.99,-7.7692478,110.3850611,29.99
1789020139.1975384,36.148160674151825,36.148160674151825,0.0,False,False,0.0,0.0,-7.7692479,110.384741,29.99,-7.7692479,110.3850691,29.99
1789020139.3996146,36.25833660717879,36.25833660717879,0.0,False,False,0.0,0.0,-7.769248,110.3847467,29.991,-7.7692479,110.3850758,29.99
1789020139.602492,36.831240813966346,35.331240813966346,10.0,False,False,0.0,0.0,-7.769248,110.3847467,29.991,-7.769248,110.385081,29.991
1789020139.8170972,36.335458588334824,36.335458588334824,0.0,False,False,0.0,0.0,-7.7692481,110.3847512,29.993,-7.769248,110.385081,29.991
1789020140.0171962,36.423597957306384,36.423597957306384,0.0,False,False,0.0,0.0,-7.7692481,110.3847545,29.995,-7.769248,110.3850851,29.993
1789020140.2176354,36.500719864665385,36.500719864665385,0.0,False,False,0.0,0.0,-7.7692481,110.3847569,29.997,-7.769248,110.3850882,29.996
1789020140.421001,36.566822696103905,36.566822696103905,0.0,False,False,0.0,0.0,-7.7692481,110.3847585,29.998,-7.7692481,110.3850904,29.997
1789020140.6230001,36.71004916566022,35.910049165660226,10.0,False,False,0.0,0.0,-7.7692481,110.3847585,29.998,-7.7692481,110.3850917,29.998
1789020140.8238618,36.610892385041645,36.610892385041645,0.0,False,False,0.0,0.0,-7.7692481,110.3847594,29.999,-7.7692481,110.3850917,29.998
1789020141.0268946,36.66598117361678,36.66598117361678,0.0,False,False,0.0,0.0,-7.7692482,110.3847597,29.999,-7.7692481,110.3850925,29.998
1789020141.2299128,36.68801600265915,36.68801600265915,0.0,False,False,0.0,0.0,-7.7692482,110.3847597,29.998,-7.7692481,110.3850927,29.998
1789020141.4306698,36.68801601628758,36.68801601628758,0.0,False,False,0.0,0.0,-7.7692482,110.3847595,29.998,-7.7692481,110.3850925,29.997
1789020141.63131,36.66598121452663,36.56598121928685,10.0,False,False,0.0,0.0,-7.7692482,110.3847595,29.998,-7.7692481,110.3850923,29.996
1789020141.8322988,36.69903343684061,36.599033441480564,10.0,False,False,0.0,0.0,-7.7692482,110.3847592,29.997,-7.7692481,110.3850923,29.996
1789020142.032895,36.688016004224814,36.188184921402346,10.0,False,False,0.0,0.0,-7.7692482,110.3847589,29.995,-7.7692481,110.3850919,29.995
1789020142.2344391,36.6769985941692,36.27699861290504,10.0,False,False,0.0,0.0,-7.7692482,110.3847587,29.994,-7.7692481,110.3850916,29.993
1789020142.4362414,36.66598121452663,36.56598121928685,10.0,False,False,0.0,0.0,-7.7692482,110.3847587,29.994,-7.7692481,110.3850915,29.992
1789020142.6375365,36.65496379242116,36.65496379242116,0.0,False,False,0.0,0.0,-7.7692482,110.3847587,29.994,-7.7692481,110.3850914,29.992
1789020142.8378098,36.65496379242116,36.65496379242116,0.0,False,False,0.0,0.0,-7.7692482,110.3847587,29.993,-7.7692481,110.3850914,29.991
1789020143.0519705,36.66598121452663,36.66598121452663,0.0,False,False,0.0,0.0,-7.7692482,110.3847586,29.993,-7.7692481,110.3850914,29.991
1789020143.2531095,36.66598121452663,36.66598121452663,0.0,False,False,0.0,0.0,-7.7692482,110.3847586,29.993,-7.7692481,110.3850914,29.991
1789020143.4671755,36.66598121452663,36.66598121452663,0.0,False,False,0.0,0.0,-7.7692482,110.3847586,29.993,-7.7692481,110.3850914,29.991
1789020143.667745,36.66598128270972,36.66598128270972,0.0,False,False,0.0,0.0,-7.7692482,110.3847586,29.994,-7.7692481,110.3850914,29.991
1789020143.868411,36.66598121452663,36.66598121452663,0.0,False,False,0.0,0.0,-7.7692482,110.3847586,29.994,-7.7692481,110.3850914,29.992
1789020144.0838203,36.66598121452663,36.66598121452663,0.0,False,False,0.0,0.0,-7.7692482,110.3847586,29.994,-7.7692481,110.3850914,29.992
1789020144.298084,36.66598121452663,36.66598121452663,0.0,False,False,0.0,0.0,-7.7692482,110.3847586,29.994,-7.7692481,110.3850914,29.992
1789020144.5022388,36.66598121452663,36.66598121452663,0.0,False,False,0.0,0.0,-7.7692482,110.3847586,29.994,-7.7692481,110.3850914,29.992
1789020144.7037306,36.66598121452663,36.66598121452663,0.0,False,False,0.0,0.0,-7.7692482,110.3847586,29.994,-7.7692481,110.3850914,29.992
1789020144.9050422,36.66598121452663,36.66598121452663,0.0,False,False,0.0,0.0,-7.7692482,110.3847586,29.994,-7.7692481,110.3850914,29.992
1789020145.108355,36.66598117361678,36.66598117361678,0.0,False,False,0.0,0.0,-7.7692482,110.3847586,29.994,-7.7692481,110.3850914,29.993
1789020145.3127122,36.6659794919083,36.6659794919083,0.0,False,False,0.0,0.0,-7.7692481,110.3847586,29.994,-7.7692481,110.3850914,29.993
1789020145.5285,36.66598624493526,36.66598624493526,0.0,False,False,0.0,0.0,-7.7692479,110.3847586,29.994,-7.7692481,110.3850914,29.993
1789020145.736144,36.66602168302666,36.66602168302666,0.0,False,False,0.0,0.0,-7.7692474,110.3847586,29.994,-7.7692479,110.3850914,29.993
1789020145.9376762,36.666087505265324,36.666087505265324,0.0,False,False,0.0,0.0,-7.7692465,110.3847586,29.994,-7.7692473,110.3850914,29.993
1789020146.1399672,36.66598638463325,36.66598638463325,0.0,False,False,0.0,0.0,-7.7692465,110.3847586,29.994,-7.7692463,110.3850914,29.993
1789020146.3413937,36.666222495321115,36.666222495321115,0.0,False,False,0.0,0.0,-7.7692451,110.3847586,29.994,-7.7692463,110.3850914,29.993
1789020146.541984,36.666411491041536,36.666411491041536,0.0,False,False,0.0,0.0,-7.7692431,110.3847586,29.994,-7.7692447,110.3850914,29.993
1789020146.7445414,36.666723664566085,36.666723664566085,0.0,False,False,0.0,0.0,-7.7692404,110.3847586,29.995,-7.7692425,110.3850914,29.993
1789020146.9467418,36.67822656359111,36.67822656359111,0.0,False,False,0.0,0.0,-7.769237,110.3847585,29.995,-7.7692397,110.3850914,29.993
1789020147.149878,36.67883368473762,36.67883368473762,0.0,False,False,0.0,0.0,-7.7692328,110.3847584,29.995,-7.7692361,110.3850913,29.993
1789020147.3605564,36.66626587240257,36.66626587240257,0.0,False,False,0.0,0.0,-7.7692328,110.3847584,29.995,-7.7692315,110.3850912,29.993
1789020147.5619767,36.67956223418376,36.67956223418376,0.0,False,False,0.0,0.0,-7.7692276,110.3847583,29.995,-7.7692315,110.3850912,29.993
1789020147.764106,36.6804121975244,36.6804121975244,0.0,False,False,0.0,0.0,-7.7692215,110.3847582,29.996,-7.769226,110.3850911,29.994
1789020147.9648883,36.68104648282773,36.6614024624807,5.709285441937478,False,False,0.0,0.0,-7.7692147,110.3847581,29.998,-7.7692196,110.385091,29.996
1789020148.1758242,36.68191504343619,36.68191504343619,0.0,False,False,0.0,0.0,-7.7692071,110.384758,29.999,-7.7692125,110.3850909,29.998
1789020148.3784313,36.66687508069601,36.66687508069601,0.0,False,False,0.0,0.0,-7.7692071,110.384758,29.999,-7.7692048,110.3850908,29.999
1789020148.5803068,36.69349272303719,36.69349272303719,0.0,False,False,0.0,0.0,-7.7691991,110.3847578,30.0,-7.7692048,110.3850908,29.999
1789020148.7823074,36.68306921029161,36.68306921029161,0.0,False,False,0.0,0.0,-7.7691905,110.3847577,30.0,-7.7691965,110.3850906,30.0
1789020148.9848,36.68369185420586,36.68369185420586,0.0,False,False,0.0,0.0,-7.7691816,110.3847576,30.001,-7.7691879,110.3850905,30.0
1789020149.1867223,36.68434482063612,36.68434482063612,0.0,False,False,0.0,0.0,-7.7691724,110.3847574,30.0,-7.769179,110.3850903,30.0
1789020149.387051,36.66712596937792,36.66712596937792,0.0,False,False,0.0,0.0,-7.7691724,110.3847574,30.0,-7.7691698,110.3850902,30.0
1789020149.5895286,36.68479726999111,36.68479726999111,0.0,False,False,0.0,0.0,-7.769163,110.3847573,30.0,-7.7691698,110.3850902,30.0
1789020149.7927861,36.684798105973094,36.684798105973094,0.0,False,False,0.0,0.0,-7.7691536,110.3847571,30.0,-7.7691604,110.38509,29.999
1789020150.0071294,36.68479892186332,36.68479892186332,0.0,False,False,0.0,0.0,-7.7691441,110.3847569,29.999,-7.7691509,110.3850898,29.999
1789020150.2093718,36.68503061993785,36.67998261435632,10.0,False,False,0.0,0.0,-7.7691346,110.3847567,29.999,-7.7691415,110.3850896,29.999
1789020150.4114711,36.6958156581194,36.68802476341866,9.451568764133386,False,False,0.0,0.0,-7.7691252,110.3847565,29.999,-7.769132,110.3850895,29.999
1789020150.6126692,36.66704411394378,36.66599033308187,9.266243889987718,False,False,0.0,0.0,-7.7691252,110.3847565,29.999,-7.7691227,110.3850893,29.998
1789020150.8254852,36.68412898018843,36.677008150411595,5.559746331865541,False,False,0.0,0.0,-7.7691162,110.3847564,29.999,-7.7691227,110.3850893,29.998
1789020151.0260305,36.683487657319176,36.67700890970282,4.055344383841907,False,False,0.0,0.0,-7.7691075,110.3847562,29.998,-7.7691137,110.3850891,29.998
1789020151.228259,36.682679443872324,36.677009634590966,3.0710979741396733,False,False,0.0,0.0,-7.7690994,110.384756,29.997,-7.7691052,110.3850889,29.997
1789020151.430667,36.68192509607822,36.626835138097405,7.723600886169453,False,False,0.0,0.0,-7.769092,110.3847559,29.996,-7.7690974,110.3850888,29.997
1789020151.6342835,36.655522208750924,36.65497576081997,2.2238985325436236,False,False,0.0,0.0,-7.769092,110.3847559,29.996,-7.7690902,110.3850886,29.996
1789020151.8352354,36.66987799681374,36.6659934893268,1.7217278964813865,False,False,0.0,0.0,-7.7690854,110.3847558,29.995,-7.7690902,110.3850886,29.996
1789020152.0501876,36.67984480218494,36.677011473571675,1.2663866645480082,False,False,0.0,0.0,-7.7690798,110.3847556,29.994,-7.7690839,110.3850885,29.996
1789020152.2508478,36.66772093796562,36.66599443943378,0.961685852088702,False,False,0.0,0.0,-7.7690753,110.3847556,29.994,-7.7690785,110.3850884,29.995
1789020152.451183,36.667048557873834,36.66599477714039,0.8176097547084501,False,False,0.0,0.0,-7.7690718,110.3847555,29.995,-7.7690743,110.3850883,29.996
1789020152.6536005,36.66654129447873,36.665995010769606,0.7148245283175925,False,False,0.0,0.0,-7.7690693,110.3847554,29.996,-7.7690711,110.3850882,29.996
1789020152.8572032,36.65501986353426,36.65501986353426,0.0,False,False,0.0,0.0,-7.7690693,110.3847554,29.996,-7.7690688,110.3850881,29.997
1789020153.057732,36.65526280854915,36.65497777760903,0.6570609302193439,False,False,0.0,0.0,-7.7690675,110.3847554,29.996,-7.7690688,110.3850881,29.997
1789020153.259853,36.65508583641266,36.6549778954411,0.4941996742643634,False,False,0.0,0.0,-7.7690664,110.3847554,29.997,-7.7690672,110.3850881,29.998
1789020153.46092,36.65502012538316,36.65502012538316,0.0,False,False,0.0,0.0,-7.7690658,110.3847554,29.997,-7.7690663,110.3850881,29.998
1789020153.668001,36.65498477869451,36.65497803237453,0.22238985292515892,False,False,0.0,0.0,-7.7690656,110.3847554,29.996,-7.7690658,110.3850881,29.998
1789020153.8832781,36.65497804110283,36.65497804110283,0.0,False,False,0.0,0.0,-7.7690656,110.3847554,29.996,-7.7690656,110.3850881,29.998
1789020154.0867567,36.65497804110283,36.65497804110283,0.0,False,False,0.0,0.0,-7.7690656,110.3847554,29.996,-7.7690656,110.3850881,29.998
1789020154.2880964,36.6549779914524,36.6549779914524,0.0,False,False,0.0,0.0,-7.7690657,110.3847554,29.996,-7.7690657,110.3850881,29.997
1789020154.488521,36.6549779827241,36.6549779827241,0.0,False,False,0.0,0.0,-7.7690658,110.3847554,29.995,-7.7690658,110.3850881,29.996
1789020154.6906066,36.654977973995805,36.555525091045354,10.0,False,False,0.0,0.0,-7.7690659,110.3847554,29.994,-7.7690659,110.3850881,29.995
1789020154.891289,36.654979642571035,36.65497795599094,1.1119492596877483,False,False,0.0,0.0,-7.7690659,110.3847554,29.994,-7.769066,110.3850881,29.994
1789020155.0918715,36.654979642571035,36.654979642571035,0.0,False,False,0.0,0.0,-7.7690659,110.3847554,29.994,-7.769066,110.3850881,29.994
1789020155.2933688,36.65497795162679,36.65497795162679,0.0,False,False,0.0,0.0,-7.769066,110.3847554,29.993,-7.769066,110.3850881,29.993
1789020155.5085385,36.65497795162679,36.65497795162679,0.0,False,False,0.0,0.0,-7.769066,110.3847554,29.993,-7.769066,110.3850881,29.993
1789020155.7126365,36.654977965267506,36.654977965267506,0.0,False,False,0.0,0.0,-7.769066,110.3847554,29.993,-7.769066,110.3850881,29.992
1789020155.9133992,36.65497795162679,36.65497795162679,0.0,False,False,0.0,0.0,-7.769066,110.3847554,29.993,-7.769066,110.3850881,29.993
1789020156.1138701,36.65497795162679,36.65497795162679,0.0,False,False,0.0,0.0,-7.769066,110.3847554,29.993,-7.769066,110.3850881,29.993
1789020156.3163402,36.65497795162679,36.65497795162679,0.0,False,False,0.0,0.0,-7.769066,110.3847554,29.993,-7.769066,110.3850881,29.993
1789020156.5300875,36.65497795162679,36.65497795162679,0.0,False,False,0.0,0.0,-7.769066,110.3847554,29.993,-7.769066,110.3850881,29.993
1789020156.743837,36.65497795162679,36.65497795162679,0.0,False,False,0.0,0.0,-7.769066,110.3847554,29.993,-7.769066,110.3850881,29.993
1789020156.957105,36.65497795162679,36.65497795162679,0.0,False,False,0.0,0.0,-7.769066,110.3847554,29.993,-7.769066,110.3850881,29.993
1789020157.157634,36.65497795162679,36.65497795162679,0.0,False,False,0.0,0.0,-7.769066,110.3847554,29.993,-7.769066,110.3850881,29.993
1789020157.3721998,36.65497795162679,36.65497795162679,0.0,False,False,0.0,0.0,-7.769066,110.3847554,29.993,-7.769066,110.3850881,29.993
1789020157.5854278,36.65497795162679,36.65497795162679,0.0,False,False,0.0,0.0,-7.769066,110.3847554,29.993,-7.769066,110.3850881,29.993
1789020157.7870996,36.65497795162679,36.65497795162679,0.0,False,False,0.0,0.0,-7.769066,110.3847554,29.993,-7.769066,110.3850881,29.993
1789020157.988773,36.66599537903416,36.66599537903416,0.0,False,False,0.0,0.0,-7.769066,110.3847553,29.993,-7.769066,110.3850881,29.993
1789020158.2016325,36.6990476701836,36.6990476701836,0.0,False,False,0.0,0.0,-7.769066,110.3847549,29.994,-7.769066,110.385088,29.993
1789020158.4118886,36.72108251137402,36.72108251137402,0.0,False,False,0.0,0.0,-7.769066,110.3847541,29.994,-7.769066,110.3850874,29.994
1789020158.6156657,36.62192567253601,35.82192567253601,10.0,False,False,0.0,0.0,-7.769066,110.3847541,29.994,-7.769066,110.3850865,29.994
1789020158.816308,36.765152216306504,36.765152216306504,0.0,False,False,0.0,0.0,-7.769066,110.3847528,29.994,-7.769066,110.3850865,29.994
1789020159.029731,36.80922192280465,36.80922192280465,0.0,False,False,0.0,0.0,-7.769066,110.384751,29.994,-7.769066,110.3850851,29.994
1789020159.231042,36.84227420189543,36.84227420189543,0.0,False,False,0.0,0.0,-7.769066,110.3847486,29.994,-7.769066,110.385083,29.994
1789020159.4359694,36.897361334235285,36.897361334235285,0.0,False,False,0.0,0.0,-7.769066,110.3847454,29.994,-7.769066,110.3850803,29.994
1789020159.6363986,36.52276883369801,35.22276883369801,10.0,False,False,0.0,0.0,-7.769066,110.3847454,29.994,-7.769066,110.3850769,29.994
1789020159.8366776,36.48971655460723,35.08971655460723,10.0,False,False,0.0,0.0,-7.769066,110.3847414,29.994,-7.769066,110.3850726,29.994
1789020160.045568,37.029570452164066,37.029570452164066,0.0,False,False,0.0,0.0,-7.769066,110.3847365,29.994,-7.769066,110.3850726,29.994
1789020160.2495444,37.117709877065366,37.117709877065366,0.0,False,False,0.0,0.0,-7.769066,110.3847305,29.995,-7.769066,110.3850674,29.994
1789020160.4536421,37.20585093376983,37.20585093376983,0.0,False,False,0.0,0.0,-7.7690661,110.3847234,29.995,-7.769066,110.3850611,29.995
1789020160.6687768,37.293988680706846,37.293988680706846,0.0,False,False,0.0,0.0,-7.7690661,110.3847151,29.997,-7.7690661,110.3850536,29.997
1789020160.8839161,36.346490015938386,34.34649001673942,10.0,False,False,0.0,0.0,-7.7690661,110.3847151,29.997,-7.7690661,110.385045,29.998
1789020161.0857918,37.36009325225593,37.36009325225593,0.0,False,False,0.0,0.0,-7.7690661,110.3847059,29.999,-7.7690661,110.385045,29.998
1789020161.2884324,37.39314551795557,37.39314551795557,0.0,False,False,0.0,0.0,-7.7690661,110.3846957,30.0,-7.7690661,110.3850351,30.0
1789020161.4892626,37.42619944440826,37.42619944440826,0.0,False,False,0.0,0.0,-7.7690662,110.3846848,30.002,-7.7690661,110.3850245,30.002
1789020161.6898031,37.448234310029285,37.448234310029285,0.0,False,False,0.0,0.0,-7.7690662,110.3846732,30.002,-7.7690661,110.3850131,30.003
1789020161.8906276,36.10410662331716,33.30410662448148,10.0,False,False,0.0,0.0,-7.7690662,110.3846732,30.002,-7.7690662,110.3850009,30.003
1789020162.09078,37.448234301112095,37.04823431908008,10.0,False,False,0.0,0.0,-7.7690663,110.384661,30.002,-7.7690662,110.3850009,30.003
1789020162.2942886,37.42619948893482,36.526366861124814,10.0,False,False,0.0,0.0,-7.7690663,110.3846484,30.002,-7.7690662,110.3849881,30.004
1789020162.4975421,37.40416462779671,36.00416469414394,10.0,False,False,0.0,0.0,-7.7690664,110.3846353,30.002,-7.7690663,110.3849748,30.004
1789020162.6997879,37.360094916017495,35.46026736846437,10.0,False,False,0.0,0.0,-7.7690665,110.3846219,30.002,-7.7690664,110.384961,30.004
1789020162.914745,37.2939903504886,34.79399047344874,10.0,False,False,0.0,0.0,-7.7690666,110.3846083,30.002,-7.7690665,110.3849468,30.004
1789020163.1163933,35.70747927787081,32.407479283574276,10.0,False,False,0.0,0.0,-7.7690666,110.3846083,30.002,-7.7690666,110.3849324,30.004
1789020163.3184285,37.21687333860326,34.21687392587537,10.0,False,False,0.0,0.0,-7.7690668,110.3845946,30.002,-7.7690666,110.3849324,30.004
1789020163.5218513,37.11771651055147,34.01771712258274,10.0,False,False,0.0,0.0,-7.7690669,110.3845808,30.002,-7.7690667,110.3849177,30.004
1789020163.7249157,37.029577172405055,33.52957788218419,10.0,False,False,0.0,0.0,-7.769067,110.384567,30.001,-7.7690668,110.3849031,30.004
1789020163.930052,36.95245010131085,32.652450328756096,10.0,False,False,0.0,0.0,-7.7690671,110.3845532,30.001,-7.769067,110.3848886,30.003
1789020164.1434503,35.35492154712429,31.854921548678146,10.0,False,False,0.0,0.0,-7.7690671,110.3845532,30.001,-7.7690671,110.3848741,30.002
1789020164.3454552,35.26678212599646,31.566940521612853,10.0,False,False,0.0,0.0,-7.7690672,110.3845398,30.0,-7.7690672,110.3848599,30.001
1789020164.5503237,36.688031861089776,30.788032194449457,10.0,False,False,0.0,0.0,-7.7690673,110.3845269,29.999,-7.7690672,110.3848599,30.001
1789020164.754423,36.533787889016025,29.933788274188252,10.0,False,False,0.0,0.0,-7.7690674,110.3845144,29.998,-7.7690673,110.384846,30.0
1789020164.9566543,36.36852649180575,28.968526940083333,10.0,False,False,0.0,0.0,-7.7690675,110.3845026,29.996,-7.7690674,110.3848327,29.998
1789020165.1590803,36.170212886506405,27.870213432567787,10.0,False,False,0.0,0.0,-7.7690676,110.3844917,29.994,-7.7690675,110.38482,29.997
1789020165.3621745,34.83710246134026,30.33710246346921,10.0,False,False,0.0,0.0,-7.7690676,110.3844917,29.994,-7.7690676,110.3848079,29.995
1789020165.562597,35.938846864277465,26.838847466394363,10.0,False,False,0.0,0.0,-7.7690677,110.3844817,29.993,-7.7690676,110.3848079,29.995
1789020165.7636132,35.707480911423524,25.70748160668582,10.0,False,False,0.0,0.0,-7.7690678,110.3844729,29.991,-7.7690677,110.384797,29.993
1789020165.966273,35.45408006448767,24.454239848617004,10.0,True,True,0.0,0.0,-7.7690679,110.3844653,29.99,-7.7690678,110.3847871,29.991
1789020166.1696289,35.17864440355159,23.978807370224462,10.0,True,True,0.0,0.0,-7.7690679,110.3844591,29.99,-7.7690678,110.3847784,29.99
1789020166.3724704,34.37437051066141,29.27454130802876,10.0,True,True,0.0,0.0,-7.7690679,110.3844591,29.99,-7.7690679,110.3847711,29.99
1789020166.5767615,34.914226231137455,24.414386270263513,10.0,True,True,0.0,0.0,-7.769068,110.3844542,29.992,-7.7690679,110.3847711,29.99
1789020166.7784603,34.67184124674263,25.47184133008015,10.0,True,True,0.0,0.0,-7.769068,110.3844504,29.994,-7.769068,110.3847651,29.99
1789020166.982432,34.462510045629394,26.3626997483424,10.0,True,True,0.0,0.0,-7.769068,110.3844476,29.995,-7.769068,110.3847604,29.992
1789020167.1837924,34.27521379696628,27.27521383066102,10.0,True,True,0.0,0.0,-7.769068,110.3844457,29.996,-7.769068,110.3847568,29.993
1789020167.3920631,33.98876240748002,30.98876258498886,10.0,True,True,0.0,0.0,-7.769068,110.3844457,29.996,-7.7690681,110.3847542,29.995
1789020167.5926166,34.120971517658774,28.3209718917149,10.0,True,True,0.0,0.0,-7.769068,110.3844445,29.996,-7.7690681,110.3847542,29.995
1789020167.8052914,33.97774496600546,29.377745250900432,10.0,True,True,0.0,0.0,-7.769068,110.384444,29.995,-7.7690681,110.3847524,29.995
1789020168.0085714,33.87858813454244,30.47858833810539,10.0,True,True,0.0,0.0,-7.769068,110.3844438,29.995,-7.7690681,110.3847513,29.995
1789020168.2111876,33.801466168285735,31.601466296642336,10.0,True,True,0.0,0.0,-7.769068,110.384444,29.994,-7.7690681,110.3847508,29.995
1789020168.4136698,33.77943130154502,32.77943135737741,10.0,True,True,0.0,0.0,-7.769068,110.3844442,29.994,-7.7690681,110.3847508,29.994
1789020168.6148045,33.801466166720054,33.601581888241434,10.0,True,True,0.0,0.0,-7.769068,110.3844442,29.994,-7.7690681,110.384751,29.993
1789020168.8287623,33.768413874788536,33.768413874788536,0.0,True,True,0.0,0.0,-7.769068,110.3844445,29.993,-7.7690681,110.384751,29.993
1789020169.0392616,33.76841393401548,33.76841393401548,0.0,True,True,0.0,0.0,-7.769068,110.3844447,29.991,-7.7690681,110.3847512,29.993
1789020169.2401972,33.79044878592453,33.79044878592453,0.0,True,True,0.0,0.0,-7.769068,110.3844449,29.99,-7.7690681,110.3847516,29.992
1789020169.4445467,33.8124836378352,33.8124836378352,0.0,True,True,0.0,0.0,-7.769068,110.3844449,29.989,-7.7690681,110.3847518,29.991
1789020169.6447458,33.82350106300829,33.82350106300829,0.0,True,True,0.0,0.0,-7.769068,110.3844449,29.988,-7.7690681,110.3847519,29.99
1789020169.8451638,33.83451662226814,33.83451662226814,0.0,True,True,0.0,0.0,-7.769068,110.3844449,29.988,-7.769068,110.384752,29.989
1789020170.0554059,33.83451662226814,33.83451662226814,0.0,True,True,0.0,0.0,-7.769068,110.3844449,29.988,-7.769068,110.384752,29.989
1789020170.2582262,33.83451662226814,33.73451662231194,10.0,True,True,0.0,0.0,-7.769068,110.3844449,29.988,-7.769068,110.384752,29.989
1789020170.4598541,33.83451660749033,33.73451660749033,10.0,True,True,0.0,0.0,-7.769068,110.3844449,29.988,-7.769068,110.384752,29.988
1789020170.6619465,33.83451660749033,33.634516607490326,10.0,True,True,0.0,0.0,-7.769068,110.3844449,29.988,-7.769068,110.384752,29.988
1789020170.8635154,33.834518438692925,33.734518444109256,10.0,True,True,0.0,0.0,-7.769068,110.3844449,29.988,-7.7690679,110.384752,29.988
1789020171.06538,33.83451845347073,33.73451845893087,10.0,True,True,0.0,0.0,-7.769068,110.3844449,29.989,-7.7690679,110.384752,29.988
1789020171.265699,33.834516630324835,33.73451663036864,10.0,True,True,0.0,0.0,-7.7690679,110.3844449,29.99,-7.7690679,110.384752,29.989
1789020171.4684827,33.834516615547024,33.834516615547024,0.0,True,True,0.0,0.0,-7.7690679,110.3844449,29.99,-7.7690679,110.384752,29.99
1789020171.6770303,33.834516630324835,33.834516630324835,0.0,True,True,0.0,0.0,-7.7690679,110.3844449,29.991,-7.7690679,110.384752,29.99
1789020171.8777165,33.834516630324835,33.834516630324835,0.0,True,True,0.0,0.0,-7.7690679,110.3844449,29.991,-7.7690679,110.384752,29.99
1789020172.0896554,33.83451667465826,33.73466489065244,10.0,True,True,0.0,0.0,-7.7690679,110.3844449,29.992,-7.7690679,110.384752,29.99
1789020172.2920594,33.83451846152738,33.74681838760799,10.0,True,True,0.0,0.0,-7.7690678,110.3844449,29.992,-7.7690679,110.384752,29.991
1789020172.493596,33.83456237412599,33.80214230220353,6.723994318250308,True,True,0.0,0.0,-7.7690674,110.3844449,29.993,-7.7690679,110.384752,29.991
1789020172.708413,33.834737814391815,33.834737814391815,0.0,True,True,0.0,0.0,-7.7690667,110.3844449,29.993,-7.7690678,110.384752,29.991
1789020172.9106324,33.83517639496268,33.82922856789795,1.5854904626724844,True,True,0.0,0.0,-7.7690655,110.3844449,29.993,-7.7690674,110.384752,29.991
1789020173.1120977,33.83473791107148,33.80203871425843,7.073736189621102,True,True,0.0,0.0,-7.7690655,110.3844449,29.993,-7.7690666,110.384752,29.991
1789020173.3122334,33.83594936649017,33.81716187682599,2.3965558660564525,True,True,0.0,0.0,-7.7690638,110.3844449,29.993,-7.7690666,110.384752,29.991
1789020173.514188,33.83729605915579,33.83667694096912,0.38613970259977864,True,True,0.0,0.0,-7.7690614,110.3844449,29.993,-7.7690653,110.384752,29.991
1789020173.7161098,33.83926933676236,33.83926933676236,0.0,True,True,0.0,0.0,-7.7690584,110.3844449,29.993,-7.7690635,110.384752,29.992
1789020173.9178731,33.83146084468797,33.83056353778293,0.3569534189632419,True,True,0.0,0.0,-7.7690545,110.384445,29.993,-7.7690611,110.384752,29.992
1789020174.1226757,33.825739086247694,33.82081803606137,1.6478076357193658,True,True,0.0,0.0,-7.7690545,110.384445,29.993,-7.769058,110.384752,29.992
1789020174.3260043,33.82477459769339,33.82477459769339,0.0,True,True,0.0,0.0,-7.7690498,110.3844451,29.993,-7.769058,110.384752,29.992
1789020174.5264225,33.8197505802333,33.8197505802333,0.0,True,True,0.0,0.0,-7.769044,110.3844452,29.994,-7.769054,110.384752,29.992
1789020174.727803,33.82649382527669,33.82649382527669,0.0,True,True,0.0,0.0,-7.7690375,110.3844453,29.995,-7.7690492,110.3847521,29.992
1789020174.9285948,33.843846420371534,33.843846420371534,0.0,True,True,0.0,0.0,-7.7690303,110.3844454,29.996,-7.7690434,110.3847523,29.993
1789020175.1299653,33.83098773260304,33.83098773260304,0.0,True,True,0.0,0.0,-7.7690303,110.3844454,29.996,-7.7690367,110.3847524,29.994
1789020175.3305686,33.8498524936444,33.8498524936444,0.0,True,True,0.0,0.0,-7.7690224,110.3844455,29.996,-7.7690367,110.3847524,29.994
1789020175.5329745,33.855258630489224,33.855258630489224,0.0,True,True,0.0,0.0,-7.7690141,110.3844456,29.996,-7.7690294,110.3847525,29.995
1789020175.7357519,33.8488440247519,33.847315024598764,1.003434944707867,True,True,0.0,0.0,-7.7690054,110.3844458,29.996,-7.7690215,110.3847526,29.995
1789020175.9373357,33.86343973465383,33.86343973465383,0.0,True,True,0.0,0.0,-7.7689964,110.3844459,29.996,-7.7690131,110.3847528,29.995
1789020176.1416798,33.834909827881766,33.834909827881766,0.0,True,True,0.0,0.0,-7.7689964,110.3844459,29.996,-7.7690043,110.3847529,29.995
1789020176.3422031,33.83549524446017,33.756878588705725,10.0,True,True,0.0,0.0,-7.7689872,110.3844461,29.996,-7.7689953,110.3847531,29.995
1789020176.5551689,33.85743648599432,33.82997980577126,10.0,True,True,0.0,0.0,-7.7689778,110.3844463,29.996,-7.7689953,110.3847531,29.995
1789020176.7575037,33.85937084972467,33.85937084972467,0.0,True,True,0.0,0.0,-7.7689683,110.3844465,29.996,-7.7689861,110.3847533,29.995
1789020176.9608905,33.85937158867523,33.85937158867523,0.0,True,True,0.0,0.0,-7.7689589,110.3844466,29.995,-7.7689767,110.3847534,29.995
1789020177.1642587,33.85937234396639,33.82203814107729,10.0,True,True,0.0,0.0,-7.7689495,110.3844468,29.995,-7.7689673,110.3847536,29.995
1789020177.3674366,33.836402665818575,33.82431807185478,10.0,True,True,0.0,0.0,-7.7689495,110.3844468,29.995,-7.7689579,110.3847538,29.995
1789020177.57015,33.85808037838567,33.801473898533686,9.78515354500256,True,True,0.0,0.0,-7.7689403,110.384447,29.995,-7.7689579,110.3847538,29.995
1789020177.771407,33.86467171124792,33.85469030004482,2.567973099635812,True,True,0.0,0.0,-7.7689316,110.3844471,29.995,-7.7689485,110.384754,29.995
1789020177.972488,33.848264346318295,33.83370224819675,2.308142389406558,True,True,0.0,0.0,-7.7689233,110.3844473,29.994,-7.7689393,110.3847541,29.995
1789020178.1752164,33.85306059873057,33.85064732024999,0.7480291487992203,True,True,0.0,0.0,-7.7689157,110.3844474,29.994,-7.7689306,110.3847543,29.994
1789020178.3779943,33.84272979631092,33.84272979631092,0.0,True,True,0.0,0.0,-7.7689157,110.3844474,29.994,-7.7689224,110.3847545,29.994
1789020178.5788927,33.84629457207623,33.84278492412183,0.7381554611584291,True,True,0.0,0.0,-7.7689088,110.3844476,29.993,-7.7689224,110.3847545,29.994
1789020178.7804434,33.83925307005776,33.836029738349914,0.6063597506152572,True,True,0.0,0.0,-7.7689027,110.3844477,29.993,-7.7689148,110.3847546,29.993
1789020178.9817529,33.842152413959205,33.84038949603015,0.39693591811757933,True,True,0.0,0.0,-7.7688978,110.3844478,29.993,-7.7689079,110.3847548,29.993
1789020179.182492,33.84651628509448,33.846189357010665,0.1652522322878758,True,True,0.0,0.0,-7.7688939,110.3844478,29.994,-7.768902,110.3847549,29.993
1789020179.3837516,33.84753703199576,33.84753703199576,0.0,True,True,0.0,0.0,-7.7688939,110.3844478,29.994,-7.7688972,110.384755,29.993
1789020179.587389,33.84155360318568,33.84042180118832,0.337501413899404,True,True,0.0,0.0,-7.768891,110.3844479,29.995,-7.7688972,110.384755,29.993
1789020179.790781,33.83823073876568,33.838230622071855,0.00413225280708019,True,True,0.0,0.0,-7.7688889,110.3844479,29.996,-7.7688934,110.384755,29.994
1789020179.9942472,33.8361754960479,33.8361754960479,0.0,True,True,0.0,0.0,-7.7688876,110.384448,29.997,-7.7688906,110.3847551,29.995
1789020180.1955872,33.835190747491616,33.835190747491616,0.0,True,True,0.0,0.0,-7.7688868,110.384448,29.997,-7.7688887,110.3847551,29.996
1789020180.3973842,33.83459696006034,33.83459696006034,0.0,True,True,0.0,0.0,-7.7688868,110.384448,29.997,-7.7688874,110.3847551,29.997
1789020180.5984993,33.8345477298579,33.83453128530051,0.2566036768319562,True,True,0.0,0.0,-7.7688864,110.384448,29.996,-7.7688867,110.3847551,29.998
1789020180.8016899,33.8345477298579,33.83453128530051,0.1516294454007014,True,True,0.0,0.0,-7.7688864,110.384448,29.996,-7.7688867,110.3847551,29.998
1789020181.002922,33.8455505504685,33.8455505504685,0.0,True,True,0.0,0.0,-7.7688865,110.384448,29.996,-7.7688864,110.3847552,29.998
1789020181.218281,33.84556522890001,33.84556522890001,0.0,True,True,0.0,0.0,-7.7688867,110.384448,29.995,-7.7688864,110.3847552,29.998
1789020181.4201467,33.8455560919802,33.84554878566614,0.5559746347819207,True,True,0.0,0.0,-7.7688867,110.384448,29.994,-7.7688865,110.3847552,29.997
1789020181.621456,33.84555053435028,33.84554870777161,0.5559746347819207,True,True,0.0,0.0,-7.7688867,110.384448,29.994,-7.7688866,110.3847552,29.996
1789020181.824779,33.84555053435028,33.84554870777161,0.27798731739096033,True,True,0.0,0.0,-7.7688867,110.384448,29.994,-7.7688866,110.3847552,29.996
1789020182.025956,33.834531273215745,33.834531273215745,0.0,True,True,0.0,0.0,-7.7688867,110.3844481,29.993,-7.7688867,110.3847552,29.995
1789020182.2266753,33.834531273215745,33.834531273215745,0.0,True,True,0.0,0.0,-7.7688867,110.3844481,29.992,-7.7688867,110.3847552,29.994
1789020182.4292455,33.845550600156066,33.845550600156066,0.0,True,True,0.0,0.0,-7.7688868,110.3844481,29.991,-7.7688867,110.3847553,29.994
1789020182.6331606,33.845550600156066,33.845550600156066,0.0,True,True,0.0,0.0,-7.7688868,110.3844481,29.991,-7.7688867,110.3847553,29.994
1789020182.8355384,33.845550600156066,33.845550600156066,0.0,True,True,0.0,0.0,-7.7688868,110.3844481,29.991,-7.7688867,110.3847553,29.994
1789020183.0364618,33.845550600156066,33.845550600156066,0.0,True,True,0.0,0.0,-7.7688868,110.3844481,29.99,-7.7688867,110.3847553,29.993
1789020183.2370358,33.83453309636091,33.83453309636091,0.0,True,True,0.0,0.0,-7.7688868,110.3844482,29.991,-7.7688867,110.3847553,29.993
1789020183.4388654,33.83453309636091,33.83453309636091,0.0,True,True,0.0,0.0,-7.7688868,110.3844482,29.991,-7.7688867,110.3847553,29.993
1789020183.6430366,33.84555052785679,33.84555052785679,0.0,True,True,0.0,0.0,-7.7688868,110.3844482,29.991,-7.7688867,110.3847554,29.993
1789020183.8468232,33.84555048353782,33.84555048353782,0.0,True,True,0.0,0.0,-7.7688868,110.3844482,29.992,-7.7688867,110.3847554,29.993
1789020184.0494187,33.84555048353782,33.84555048353782,0.0,True,True,0.0,0.0,-7.7688868,110.3844482,29.993,-7.7688867,110.3847554,29.994
1789020184.2576358,33.84555048353782,33.84555048353782,0.0,True,True,0.0,0.0,-7.7688868,110.3844482,29.993,-7.7688867,110.3847554,29.994
1789020184.4632456,33.84555046876483,33.74555047417762,10.0,True,True,0.0,0.0,-7.7688868,110.3844482,29.994,-7.7688867,110.3847554,29.994
1789020184.6666884,33.834533037249706,33.134533075850555,10.0,True,True,0.0,0.0,-7.7688868,110.3844483,29.994,-7.7688867,110.3847554,29.994
1789020184.8756192,33.834533037249706,33.234533070236594,10.0,True,True,0.0,0.0,-7.7688868,110.3844483,29.994,-7.7688867,110.3847554,29.994
1789020185.076002,33.80148074583803,31.9014808547679,10.0,True,True,0.0,0.0,-7.7688868,110.3844486,29.994,-7.7688867,110.3847554,29.994
1789020185.279478,33.746393592971124,30.74639377171849,10.0,True,True,0.0,0.0,-7.7688868,110.3844493,29.994,-7.7688867,110.3847556,29.994
1789020185.4812503,33.65825414715186,29.858254380910434,10.0,True,True,0.0,0.0,-7.7688868,110.3844504,29.994,-7.7688867,110.3847559,29.994
1789020185.6820383,33.548079841478916,29.048290534219518,10.0,True,True,0.0,0.0,-7.7688868,110.3844521,29.994,-7.7688867,110.3847566,29.994
1789020185.8854287,33.680289008604326,31.380483912864417,10.0,True,True,0.0,0.0,-7.7688868,110.3844521,29.994,-7.7688867,110.3847578,29.994
1789020186.08581,33.426888105910855,28.127105752728685,10.0,True,True,0.0,0.0,-7.7688868,110.3844544,29.994,-7.7688867,110.3847578,29.994
1789020186.286442,33.30569636882574,27.305920609993215,10.0,True,True,0.0,0.0,-7.7688868,110.3844573,29.994,-7.7688867,110.3847596,29.994
1789020186.493983,33.14043492561188,26.340667446822827,10.0,True,True,0.0,0.0,-7.7688868,110.3844611,29.994,-7.7688867,110.3847619,29.995
1789020186.6986077,32.964154156658594,25.264352069368353,10.0,True,True,0.0,0.0,-7.7688868,110.3844658,29.994,-7.7688868,110.384765,29.995
1789020186.9017758,32.754824847418256,24.155078555738232,10.0,True,True,0.0,0.0,-7.7688869,110.3844715,29.994,-7.7688868,110.3847688,29.995
1789020187.1038682,33.28366151449756,28.983872667200025,10.0,True,True,0.0,0.0,-7.7688869,110.3844715,29.994,-7.7688868,110.3847736,29.995
1789020187.3053367,32.53448193363143,23.134485028209042,10.0,True,True,0.0,0.0,-7.768887,110.3844783,29.994,-7.7688868,110.3847736,29.995
1789020187.5069013,32.29209274058038,22.592265659750772,10.0,True,True,0.0,0.0,-7.768887,110.3844863,29.995,-7.7688869,110.3847794,29.995
1789020187.7073188,32.03869190009343,23.13869266629642,10.0,True,True,0.0,0.0,-7.768887,110.3844954,29.997,-7.7688869,110.3847862,29.995
1789020187.9086478,31.84037628495607,24.540376326997347,10.0,True,True,0.0,0.0,-7.768887,110.3845053,29.998,-7.768887,110.3847943,29.995
1789020188.1090305,32.8649973055454,30.364997310555697,10.0,True,True,0.0,0.0,-7.768887,110.3845053,29.998,-7.768887,110.3848036,29.996
1789020188.3121183,31.675116766202198,25.97535252476375,10.0,True,True,0.0,0.0,-7.7688871,110.3845161,29.999,-7.768887,110.3848036,29.996
1789020188.5130508,31.553924903748662,27.05474668649552,10.0,True,True,0.0,0.0,-7.7688871,110.3845275,29.999,-7.768887,110.3848139,29.998
1789020188.7278035,31.44375059312129,27.94396956380958,10.0,True,True,0.0,0.0,-7.7688872,110.3845396,29.999,-7.7688871,110.384825,29.998
1789020188.935928,31.35561705930638,28.65647095015382,10.0,True,True,0.0,0.0,-7.7688873,110.3845522,29.998,-7.7688871,110.3848368,29.999
1789020189.1395016,32.743807384764025,32.743807384764025,0.0,True,True,0.0,0.0,-7.7688873,110.3845522,29.998,-7.7688872,110.3848494,29.999
1789020189.3418212,31.322558848066496,29.62276528905734,10.0,True,True,0.0,0.0,-7.7688873,110.3845651,29.998,-7.7688872,110.3848494,29.999
1789020189.557417,31.30052990996761,30.800764575708637,10.0,True,True,0.0,0.0,-7.7688874,110.3845784,29.998,-7.7688872,110.3848625,29.999
1789020189.7610955,31.30052990251449,31.30052990251449,0.0,True,True,0.0,0.0,-7.7688875,110.384592,29.998,-7.7688873,110.3848761,29.999
1789020189.9658878,31.33358218141585,31.33358218141585,0.0,True,True,0.0,0.0,-7.7688876,110.3846057,29.998,-7.7688874,110.3848901,29.999
1789020190.1682534,31.388669314251526,31.388669314251526,0.0,True,True,0.0,0.0,-7.7688877,110.3846195,29.998,-7.7688875,110.3849044,29.999
1789020190.369773,32.99720825659133,32.99720825659133,0.0,True,True,0.0,0.0,-7.7688877,110.3846195,29.998,-7.7688876,110.384919,29.999
1789020190.584103,31.47680873352421,31.47680873352421,0.0,True,True,0.0,0.0,-7.7688878,110.3846333,29.998,-7.7688876,110.384919,29.999
1789020190.7862236,31.57596558222175,31.57596558222175,0.0,True,True,0.0,0.0,-7.7688879,110.384647,29.998,-7.7688877,110.3849336,29.999
1789020190.9905305,31.675122431026704,31.675122431026704,0.0,True,True,0.0,0.0,-7.768888,110.3846605,29.998,-7.7688878,110.384948,29.999
1789020191.2055352,31.829366422129752,31.829366422129752,0.0,True,True,0.0,0.0,-7.7688881,110.3846736,29.998,-7.7688879,110.3849625,29.999
1789020191.4073634,32.02768017486595,32.02768017486595,0.0,True,True,0.0,0.0,-7.7688882,110.3846861,29.997,-7.768888,110.3849768,29.999
1789020191.6082652,33.58113208204012,33.58113208204012,0.0,True,True,0.0,0.0,-7.7688882,110.3846861,29.997,-7.7688881,110.3849909,29.999
1789020191.8096354,32.2700636714757,32.2700636714757,0.0,True,True,0.0,0.0,-7.7688883,110.384698,29.996,-7.7688881,110.3849909,29.999
1789020192.0239263,32.52346451867305,32.52346451867305,0.0,True,True,0.0,0.0,-7.7688884,110.3847092,29.995,-7.7688882,110.3850044,29.998
1789020192.2261667,32.8429794610956,32.8429794610956,0.0,True,True,0.0,0.0,-7.7688885,110.3847193,29.993,-7.7688882,110.3850174,29.997
1789020192.4290543,33.20654518884388,33.20654518884388,0.0,True,True,0.0,0.0,-7.7688885,110.3847284,29.991,-7.7688883,110.3850298,29.995
1789020192.6297083,34.46252657362502,34.46252657362502,0.0,True,True,0.0,0.0,-7.7688885,110.3847284,29.991,-7.7688884,110.3850412,29.994
1789020192.8441572,33.592155079422234,33.592155079422234,0.0,True,True,0.0,0.0,-7.7688886,110.3847363,29.991,-7.7688884,110.3850412,29.994
1789020193.0577834,34.01081179637533,34.01081179637533,0.0,True,True,0.0,0.0,-7.7688886,110.3847428,29.991,-7.7688885,110.3850515,29.992
1789020193.2580287,34.4625318704061,34.4625318704061,0.0,True,True,0.0,0.0,-7.7688887,110.384748,29.992,-7.7688885,110.3850608,29.99
1789020193.4589446,34.90322400694543,34.90322400694543,0.0,True,True,0.0,0.0,-7.7688887,110.384752,29.994,-7.7688886,110.3850688,29.989
1789020193.6735845,35.29985184424761,35.29985184424761,0.0,False,False,0.0,0.0,-7.7688887,110.3847551,29.996,-7.7688886,110.3850755,29.989
1789020193.8742936,35.883773593589,35.883773593589,0.0,False,False,0.0,0.0,-7.7688887,110.3847551,29.996,-7.7688887,110.3850808,29.991
1789020194.0758395,35.65240769723703,35.65240769723703,0.0,False,False,0.0,0.0,-7.7688887,110.3847572,29.997,-7.7688887,110.3850808,29.991
1789020194.2762384,35.96089720070596,35.96089720070596,0.0,False,False,0.0,0.0,-7.7688888,110.3847585,29.997,-7.7688887,110.3850849,29.993
1789020194.478916,36.225315368362594,36.225315368362594,0.0,False,False,0.0,0.0,-7.7688888,110.3847592,29.997,-7.7688887,110.385088,29.995
1789020194.6789184,36.434646495216384,36.434646495216384,0.0,False,False,0.0,0.0,-7.7688888,110.3847595,29.996,-7.7688887,110.3850902,29.996
1789020194.8794115,36.588890524342084,36.588890524342084,0.0,False,False,0.0,0.0,-7.7688888,110.3847595,29.996,-7.7688887,110.3850916,29.996
1789020195.0807807,36.61092539953148,36.61092539953148,0.0,False,False,0.0,0.0,-7.7688888,110.3847593,29.995,-7.7688887,110.3850916,29.996
1789020195.282866,36.73211713715282,36.73211713715282,0.0,False,False,0.0,0.0,-7.7688888,110.384759,29.995,-7.7688887,110.3850924,29.996
1789020195.485564,36.776185214039685,36.776185214039685,0.0,False,False,0.0,0.0,-7.7688888,110.3847588,29.993,-7.7688888,110.3850926,29.995
1789020195.6881013,36.79823572948136,36.79823572948136,0.0,False,False,0.0,0.0,-7.7688888,110.3847585,29.96,-7.7688888,110.3850925,29.994
1789020195.8930964,36.76518345056537,36.340197391106166,10.0,False,False,0.0,0.0,-7.7688888,110.3847585,29.96,-7.7688888,110.3850922,29.994
1789020196.0964537,36.79843574009236,36.551112656943744,8.457780762721347,False,False,0.0,0.0,-7.7688888,110.3847582,29.868,-7.7688888,110.3850922,29.994
1789020196.299776,36.799325336728536,36.73755280383203,2.798329600016187,False,False,0.0,0.0,-7.7688889,110.3847579,29.707,-7.7688888,110.3850919,29.992
1789020196.500574,36.779411187967376,36.77013682701507,0.9825980958320125,False,False,0.0,0.0,-7.7688889,110.3847577,29.475,-7.7688888,110.3850915,29.962
1789020196.7028363,36.782810147317186,36.7823815177433,0.2113366899955762,False,False,0.0,0.0,-7.7688889,110.3847574,29.173,-7.7688888,110.3850912,29.871
1789020196.904691,36.7762326166641,36.7762326166641,0.0,False,False,0.0,0.0,-7.7688889,110.3847572,28.811,-7.7688888,110.3850909,29.713
1789020197.1085005,36.738298542128604,36.73814130559366,0.22858957156864765,False,False,0.0,0.0,-7.7688889,110.3847572,28.811,-7.7688889,110.3850906,29.485
1789020197.3240182,36.78061872114192,36.77897499697775,0.6680817807613079,False,False,0.0,0.0,-7.7688889,110.3847569,28.419,-7.7688889,110.3850906,29.485
1789020197.5272677,36.78362279372814,36.734981739469774,7.845345081698165,False,False,0.0,0.0,-7.768889,110.3847567,28.02,-7.7688889,110.3850904,29.185
1789020197.7363188,36.773573552971136,36.48083362101872,10.0,False,False,0.0,0.0,-7.768889,110.3847565,27.628,-7.7688889,110.3850901,28.823
1789020197.9499118,36.762335066379755,36.446401740373176,10.0,False,False,0.0,0.0,-7.768889,110.3847563,27.243,-7.7688889,110.3850898,28.431
1789020198.1521788,36.729596530653666,36.52159391521984,10.0,False,False,0.0,0.0,-7.768889,110.3847563,27.243,-7.7688889,110.3850896,28.033
1789020198.352215,36.71830425549868,36.51113303055911,10.0,False,False,0.0,0.0,-7.768889,110.3847562,26.863,-7.7688889,110.3850894,27.64
1789020198.554463,36.75011465413962,36.43637514819611,10.0,False,False,0.0,0.0,-7.768889,110.384756,26.49,-7.7688889,110.3850894,27.64
1789020198.7546806,36.73851110674474,36.4285703747547,10.0,False,False,0.0,0.0,-7.768889,110.3847559,26.119,-7.768889,110.3850892,27.25
1789020198.954963,36.72728400570026,36.52737820064459,10.0,False,False,0.0,0.0,-7.768889,110.3847558,25.749,-7.768889,110.385089,26.873
1789020199.155075,36.727314623252354,36.5306256066458,10.0,False,False,0.0,0.0,-7.768889,110.3847557,25.378,-7.768889,110.3850889,26.503
1789020199.3683636,36.706849092476936,36.50909948283618,10.0,False,False,0.0,0.0,-7.768889,110.3847557,25.378,-7.768889,110.3850888,26.134
1789020199.5698166,36.716394407646774,36.52321444023826,10.0,False,False,0.0,0.0,-7.768889,110.3847557,25.006,-7.768889,110.3850888,26.134
1789020199.7700145,36.71648669443956,36.62325739961081,10.0,False,False,0.0,0.0,-7.768889,110.3847556,24.636,-7.768889,110.3850887,25.767
1789020199.97193,36.70565986074968,36.70565986074968,0.0,False,False,0.0,0.0,-7.768889,110.3847556,24.263,-7.768889,110.3850886,25.4
1789020200.17209,36.694896472068734,36.694896472068734,0.0,False,False,0.0,0.0,-7.768889,110.3847556,23.889,-7.768889,110.3850885,25.034
1789020200.3736274,36.68521537480518,36.68521537480518,0.0,False,False,0.0,0.0,-7.768889,110.3847556,23.889,-7.768889,110.3850885,24.664
1789020200.5788195,36.70600224504229,36.70600224504229,0.0,False,False,0.0,0.0,-7.768889,110.3847555,23.516,-7.768889,110.3850885,24.664
1789020200.781296,36.69499020589447,36.69499020589447,0.0,False,False,0.0,0.0,-7.768889,110.3847555,23.143,-7.768889,110.3850884,24.291
1789020200.9826446,36.69489647363365,36.691912286097754,10.0,False,False,0.0,0.0,-7.768889,110.3847555,22.77,-7.768889,110.3850884,23.915
1789020201.1835513,36.683884409586184,36.68089932615994,10.0,False,False,0.0,0.0,-7.768889,110.3847555,22.396,-7.768889,110.3850883,23.541
1789020201.3979292,36.67417928701173,36.672205092902175,10.0,False,False,0.0,0.0,-7.768889,110.3847555,22.396,-7.768889,110.3850883,23.17
1789020201.5999062,36.695021504431516,36.692026425515,10.0,False,False,0.0,0.0,-7.768889,110.3847554,22.021,-7.768889,110.3850883,23.17
1789020201.8027337,36.69492769049547,36.69194078010444,10.0,False,False,0.0,0.0,-7.768889,110.3847554,21.648,-7.768889,110.3850883,22.794
1789020202.006231,36.694802986399736,36.694802986399736,0.0,False,False,0.0,0.0,-7.768889,110.3847554,21.277,-7.768889,110.3850883,22.419
1789020202.220927,36.68369762252801,36.68369762252801,0.0,False,False,0.0,0.0,-7.768889,110.3847554,20.904,-7.768889,110.3850882,22.043
1789020202.423211,36.69467871791074,36.69467871791074,0.0,False,False,0.0,0.0,-7.768889,110.3847553,20.531,-7.768889,110.3850882,21.669
1789020202.6251194,36.68494304494272,36.68494304494272,0.0,False,False,0.0,0.0,-7.768889,110.3847553,20.531,-7.768889,110.3850882,21.293
1789020202.828039,36.69458580241357,36.69458580241357,0.0,False,False,0.0,0.0,-7.768889,110.3847553,20.158,-7.768889,110.3850882,21.293
1789020203.0323367,36.69446229624698,36.69446229624698,0.0,False,False,0.0,0.0,-7.768889,110.3847553,19.784,-7.768889,110.3850882,20.915
1789020203.23438,36.694431487770615,36.694431487770615,0.0,False,False,0.0,0.0,-7.768889,110.3847553,19.41,-7.768889,110.3850882,20.54
1789020203.4360976,36.68351181901592,36.68351181901592,0.0,False,False,0.0,0.0,-7.768889,110.3847553,19.035,-7.768889,110.3850881,20.168
1789020203.6383493,36.67386578172364,36.67386578172364,0.0,False,False,0.0,0.0,-7.768889,110.3847553,19.035,-7.768889,110.3850881,19.794
1789020203.8406277,36.683573645105525,36.683573645105525,0.0,False,False,0.0,0.0,-7.768889,110.3847553,18.659,-7.768889,110.3850881,19.794
1789020204.0429597,36.683573645105525,36.683573645105525,0.0,False,False,0.0,0.0,-7.768889,110.3847553,18.284,-7.768889,110.3850881,19.419
1789020204.246471,36.69467871791074,36.69467871791074,0.0,False,False,0.0,0.0,-7.768889,110.3847552,17.907,-7.768889,110.3850881,19.045
1789020204.4474404,36.694802986399736,36.694802986399736,0.0,False,False,0.0,0.0,-7.768889,110.3847552,17.53,-7.768889,110.3850881,18.672
1789020204.6482887,36.685047242857564,36.685047242857564,0.0,False,False,0.0,0.0,-7.768889,110.3847552,17.53,-7.768889,110.3850881,18.297
1789020204.8491278,36.694834121585714,36.694834121585714,0.0,False,False,0.0,0.0,-7.768889,110.3847552,17.154,-7.768889,110.3850881,18.297
1789020205.0642169,36.68369762252801,36.68369762252801,0.0,False,False,0.0,0.0,-7.768889,110.3847552,16.779,-7.768889,110.385088,17.918
1789020205.2655606,36.6837597754247,36.6837597754247,0.0,False,False,0.0,0.0,-7.768889,110.3847552,16.404,-7.768889,110.385088,17.545
1789020205.4664788,36.68394688772007,36.68394688772007,0.0,False,False,0.0,0.0,-7.768889,110.3847552,16.029,-7.768889,110.385088,17.176
1789020205.6806924,36.6840408115173,36.6840408115173,0.0,False,False,0.0,0.0,-7.768889,110.3847552,15.653,-7.768889,110.385088,16.803
1789020205.881011,36.67422154948987,36.67224190393965,10.0,False,False,0.0,0.0,-7.768889,110.3847552,15.653,-7.768889,110.385088,16.429
1789020206.0820105,36.684009476351775,36.68101349828092,10.0,False,False,0.0,0.0,-7.768889,110.3847552,15.28,-7.768889,110.385088,16.429
1789020206.2845423,36.68379089272354,36.668674836446804,10.0,False,False,0.0,0.0,-7.768889,110.3847552,14.914,-7.768889,110.385088,16.056
1789020206.488198,36.68305159417721,36.66601083102806,8.599999999999982,False,False,0.0,0.0,-7.768889,110.3847552,14.585,-7.768889,110.385088,15.703
1789020206.6885686,36.68203110871953,36.66601083102806,7.226666666666663,False,False,0.0,0.0,-7.768889,110.3847552,14.317,-7.768889,110.385088,15.401
1789020206.8943877,36.67583879423982,36.67583879423982,0.0,False,False,0.0,0.0,-7.768889,110.3847552,14.317,-7.768889,110.385088,15.166
1789020207.0966568,36.68098491399961,36.68098491399961,0.0,False,False,0.0,0.0,-7.768889,110.3847552,14.118,-7.768889,110.385088,15.166
1789020207.2997031,36.68019561372413,36.68019561372413,0.0,False,False,0.0,0.0,-7.768889,110.3847551,13.977,-7.768889,110.3850879,14.997
1789020207.5011182,36.679891374717386,36.67727676997117,10.0,False,False,0.0,0.0,-7.768889,110.3847551,13.865,-7.768889,110.3850879,14.874
1789020207.7119806,36.679891374717386,36.679891374717386,0.0,False,False,0.0,0.0,-7.768889,110.3847551,13.759,-7.768889,110.3850879,14.768
1789020207.9124255,36.67994644572245,36.67994644572245,0.0,False,False,0.0,0.0,-7.768889,110.3847551,13.651,-7.768889,110.3850879,14.662
1789020208.1164768,36.67700579738028,36.67469364917813,10.0,False,False,0.0,0.0,-7.768889,110.3847551,13.651,-7.768889,110.3850879,14.549
1789020208.3188486,36.68000162569608,36.68000162569608,0.0,False,False,0.0,0.0,-7.768889,110.3847551,13.536,-7.768889,110.3850879,14.549
1789020208.5192876,36.68011231254707,36.68011231254707,0.0,False,False,0.0,0.0,-7.768889,110.3847551,13.414,-7.768889,110.3850879,14.431
1789020208.7195988,36.68016781942344,36.68016781942344,0.0,False,False,0.0,0.0,-7.768889,110.3847551,13.288,-7.768889,110.3850879,14.307
1789020208.9198499,36.68016781942344,36.68016781942344,0.0,False,False,0.0,0.0,-7.768889,110.3847551,13.16,-7.768889,110.3850879,14.179
1789020209.1222558,36.676810797301705,36.676810797301705,0.0,False,False,0.0,0.0,-7.768889,110.3847551,13.16,-7.768889,110.3850879,14.05
1789020209.3332872,36.6801400523644,36.6801400523644,0.0,False,False,0.0,0.0,-7.768889,110.3847551,13.032,-7.768889,110.3850879,14.05
1789020209.5335565,36.68011231254707,36.68011231254707,0.0,False,False,0.0,0.0,-7.768889,110.3847551,12.904,-7.768889,110.3850879,13.921
1789020209.7336838,36.68011231254707,36.68011231254707,0.0,False,False,0.0,0.0,-7.768889,110.3847551,12.777,-7.768889,110.3850879,13.794
1789020209.948754,36.68011231254707,36.67747591180542,10.0,False,False,0.0,0.0,-7.768889,110.3847551,12.65,-7.768889,110.3850879,13.667
1789020210.1515782,36.676835076940144,36.676835076940144,0.0,False,False,0.0,0.0,-7.768889,110.3847551,12.65,-7.768889,110.3850879,13.541
1789020210.3580198,36.676835076940144,36.676835076940144,0.0,False,False,0.0,0.0,-7.768889,110.3847551,12.524,-7.768889,110.3850879,13.415
1789020210.5595086,36.68011231254707,36.68011231254707,0.0,False,False,0.0,0.0,-7.768889,110.3847551,12.398,-7.768889,110.3850879,13.415
1789020210.7604685,36.6801400523644,36.6801400523644,0.0,False,False,0.0,0.0,-7.768889,110.3847551,12.272,-7.768889,110.3850879,13.29
1789020210.9623425,36.68016781942344,36.68016781942344,0.0,False,False,0.0,0.0,-7.768889,110.3847551,12.146,-7.768889,110.3850879,13.165
1789020211.163733,36.68011231254707,36.68011231254707,0.0,False,False,0.0,0.0,-7.768889,110.3847551,12.021,-7.768889,110.3850879,13.038
1789020211.365096,36.67685938382766,36.67685938382766,0.0,False,False,0.0,0.0,-7.768889,110.3847551,12.021,-7.768889,110.3850879,12.913
1789020211.5672452,36.68011231254707,36.68011231254707,0.0,False,False,0.0,0.0,-7.768889,110.3847551,11.896,-7.768889,110.3850879,12.913
1789020211.7704203,36.68011231254707,36.68011231254707,0.0,False,False,0.0,0.0,-7.768889,110.3847551,11.771,-7.768889,110.3850879,12.788
1789020211.9736547,36.68011231254707,36.68011231254707,0.0,False,False,0.0,0.0,-7.768889,110.3847551,11.646,-7.768889,110.3850879,12.663
1789020212.174864,36.68008459997151,36.68008459997151,0.0,False,False,0.0,0.0,-7.768889,110.3847551,11.521,-7.768889,110.3850879,12.537
1789020212.378267,36.676835076940144,36.676835076940144,0.0,False,False,0.0,0.0,-7.768889,110.3847551,11.521,-7.768889,110.3850879,12.412
1789020212.5791588,36.68011231254707,36.68011231254707,0.0,False,False,0.0,0.0,-7.768889,110.3847551,11.395,-7.768889,110.3850879,12.412
1789020212.7803204,36.6801400523644,36.6801400523644,0.0,False,False,0.0,0.0,-7.768889,110.3847551,11.27,-7.768889,110.3850879,12.288
1789020212.9860384,36.68011231254707,36.68011231254707,0.0,False,False,0.0,0.0,-7.768889,110.3847551,11.145,-7.768889,110.3850879,12.162
1789020213.1873727,36.68011231254707,36.68011231254707,0.0,False,False,0.0,0.0,-7.768889,110.3847551,11.02,-7.768889,110.3850879,12.037
1789020213.388734,36.676810797301705,36.676810797301705,0.0,False,False,0.0,0.0,-7.768889,110.3847551,11.02,-7.768889,110.3850879,11.91
1789020213.588869,36.676786544912396,36.676786544912396,0.0,False,False,0.0,0.0,-7.768889,110.3847551,10.895,-7.768889,110.3850879,11.784
1789020213.7948544,36.68005691463778,36.68005691463778,0.0,False,False,0.0,0.0,-7.768889,110.3847551,10.769,-7.768889,110.3850879,11.784
1789020213.9958282,36.68011231254707,36.68011231254707,0.0,False,False,0.0,0.0,-7.768889,110.3847551,10.643,-7.768889,110.3850879,11.66
1789020214.196306,36.68011231254707,36.68011231254707,0.0,False,False,0.0,0.0,-7.768889,110.3847551,10.518,-7.768889,110.3850879,11.535
1789020214.3966315,36.67685938382766,36.67685938382766,0.0,False,False,0.0,0.0,-7.768889,110.3847551,10.518,-7.768889,110.3850879,11.41
1789020214.596716,36.67685938382766,36.67685938382766,0.0,False,False,0.0,0.0,-7.768889,110.3847551,10.393,-7.768889,110.3850879,11.285
1789020214.8125405,36.6801400523644,36.6801400523644,0.0,False,False,0.0,0.0,-7.768889,110.3847551,10.267,-7.768889,110.3850879,11.285
1789020215.0150611,36.6801400523644,36.6801400523644,0.0,False,False,0.0,0.0,-7.768889,110.3847551,10.142,-7.768889,110.3850879,11.16
1789020215.216619,36.6801400523644,36.6801400523644,0.0,False,False,0.0,0.0,-7.768889,110.3847551,10.017,-7.768889,110.3850879,11.035
1789020215.4175715,36.68008459997151,36.68008459997151,0.0,False,False,0.0,0.0,-7.768889,110.3847551,9.892,-7.768889,110.3850879,10.908
1789020215.6197214,36.676835076940144,36.676835076940144,0.0,False,False,0.0,0.0,-7.768889,110.3847551,9.892,-7.768889,110.3850879,10.783
1789020215.8229063,36.68011231254707,36.68011231254707,0.0,False,False,0.0,0.0,-7.768889,110.3847551,9.766,-7.768889,110.3850879,10.783
1789020216.0237746,36.6801400523644,36.6801400523644,0.0,False,False,0.0,0.0,-7.768889,110.3847551,9.641,-7.768889,110.3850879,10.659
1789020216.2244399,36.68016781942344,36.68016781942344,0.0,False,False,0.0,0.0,-7.768889,110.3847551,9.515,-7.768889,110.3850879,10.534
1789020216.4254541,36.6801400523644,36.6801400523644,0.0,False,False,0.0,0.0,-7.768889,110.3847551,9.391,-7.768889,110.3850879,10.409
1789020216.6266298,36.676883717964195,36.676883717964195,0.0,False,False,0.0,0.0,-7.768889,110.3847551,9.391,-7.768889,110.3850879,10.284
1789020216.828321,36.6801400523644,36.6801400523644,0.0,False,False,0.0,0.0,-7.768889,110.3847551,9.266,-7.768889,110.3850879,10.284
1789020217.042927,36.6801400523644,36.6801400523644,0.0,False,False,0.0,0.0,-7.768889,110.3847551,9.141,-7.768889,110.3850879,10.159
1789020217.2460787,36.68011231254707,36.68011231254707,0.0,False,False,0.0,0.0,-7.768889,110.3847551,9.017,-7.768889,110.3850879,10.034
1789020217.4473639,36.68005691463778,36.68005691463778,0.0,False,False,0.0,0.0,-7.768889,110.3847551,8.892,-7.768889,110.3850879,9.907
1789020217.648836,36.676810797301705,36.676810797301705,0.0,False,False,0.0,0.0,-7.768889,110.3847551,8.892,-7.768889,110.3850879,9.782
1789020217.849534,36.68005691463778,36.68005691463778,0.0,False,False,0.0,0.0,-7.768889,110.3847551,8.767,-7.768889,110.3850879,9.782
1789020218.0503185,36.68008459997151,36.68008459997151,0.0,False,False,0.0,0.0,-7.768889,110.3847551,8.642,-7.768889,110.3850879,9.658
1789020218.2515364,36.68008459997151,36.68008459997151,0.0,False,False,0.0,0.0,-7.768889,110.3847551,8.517,-7.768889,110.3850879,9.533
1789020218.4521859,36.68008459997151,36.68008459997151,0.0,False,False,0.0,0.0,-7.768889,110.3847551,8.392,-7.768889,110.3850879,9.408
1789020218.6545548,36.676810797301705,36.676810797301705,0.0,False,False,0.0,0.0,-7.768889,110.3847551,8.392,-7.768889,110.3850879,9.282
1789020218.8573205,36.676835076940144,36.676835076940144,0.0,False,False,0.0,0.0,-7.768889,110.3847551,8.267,-7.768889,110.3850879,9.158
1789020219.058051,36.68011231254707,36.68011231254707,0.0,False,False,0.0,0.0,-7.768889,110.3847551,8.141,-7.768889,110.3850879,9.158
1789020219.261167,36.68011231254707,36.68011231254707,0.0,False,False,0.0,0.0,-7.768889,110.3847551,8.016,-7.768889,110.3850879,9.033
1789020219.4632545,36.68011231254707,36.68011231254707,0.0,False,False,0.0,0.0,-7.768889,110.3847551,7.89,-7.768889,110.3850879,8.907
1789020219.6677506,36.68008459997151,36.68008459997151,0.0,False,False,0.0,0.0,-7.768889,110.3847551,7.765,-7.768889,110.3850879,8.781
1789020219.8709521,36.676835076940144,36.676835076940144,0.0,False,False,0.0,0.0,-7.768889,110.3847551,7.765,-7.768889,110.3850879,8.656
1789020220.0712159,36.68008459997151,36.68008459997151,0.0,False,False,0.0,0.0,-7.768889,110.3847551,7.64,-7.768889,110.3850879,8.656
1789020220.2723584,36.6801400523644,36.6801400523644,0.0,False,False,0.0,0.0,-7.768889,110.3847551,7.514,-7.768889,110.3850879,8.532
1789020220.4727848,36.6801400523644,36.6801400523644,0.0,False,False,0.0,0.0,-7.768889,110.3847551,7.389,-7.768889,110.3850879,8.407
1789020220.6744866,36.68011231254707,36.68011231254707,0.0,False,False,0.0,0.0,-7.768889,110.3847551,7.265,-7.768889,110.3850879,8.282
1789020220.875316,36.676883717964195,36.676883717964195,0.0,False,False,0.0,0.0,-7.768889,110.3847551,7.265,-7.768889,110.3850879,8.158
1789020221.0757809,36.68016781942344,36.68016781942344,0.0,False,False,0.0,0.0,-7.768889,110.3847551,7.139,-7.768889,110.3850879,8.158
1789020221.2772148,36.68019561372413,36.68019561372413,0.0,False,False,0.0,0.0,-7.768889,110.3847551,7.014,-7.768889,110.3850879,8.034
1789020221.4800293,36.68019561372413,36.68019561372413,0.0,False,False,0.0,0.0,-7.768889,110.3847551,6.889,-7.768889,110.3850879,7.909
1789020221.6807854,36.6801400523644,36.6801400523644,0.0,False,False,0.0,0.0,-7.768889,110.3847551,6.765,-7.768889,110.3850879,7.783
1789020221.882248,36.67685938382766,36.67685938382766,0.0,False,False,0.0,0.0,-7.768889,110.3847551,6.765,-7.768889,110.3850879,7.657
1789020222.0832124,36.68011231254707,36.68011231254707,0.0,False,False,0.0,0.0,-7.768889,110.3847551,6.64,-7.768889,110.3850879,7.657
1789020222.2982216,36.6801400523644,36.6801400523644,0.0,False,False,0.0,0.0,-7.768889,110.3847551,6.515,-7.768889,110.3850879,7.533
1789020222.501702,36.6801400523644,36.6801400523644,0.0,False,False,0.0,0.0,-7.768889,110.3847551,6.389,-7.768889,110.3850879,7.407
1789020222.7169974,36.68011231254707,36.68011231254707,0.0,False,False,0.0,0.0,-7.768889,110.3847551,6.265,-7.768889,110.3850879,7.282
1789020222.9199479,36.68008459997151,36.68008459997151,0.0,False,False,0.0,0.0,-7.768889,110.3847551,6.141,-7.768889,110.3850879,7.157
1789020223.121502,36.676835076940144,36.676835076940144,0.0,False,False,0.0,0.0,-7.768889,110.3847551,6.141,-7.768889,110.3850879,7.032
1789020223.323939,36.68008459997151,36.68008459997151,0.0,False,False,0.0,0.0,-7.768889,110.3847551,6.016,-7.768889,110.3850879,7.032
1789020223.5268688,36.68008459997151,36.68008459997151,0.0,False,False,0.0,0.0,-7.768889,110.3847551,5.891,-7.768889,110.3850879,6.907
1789020223.7286932,36.68002925654595,36.68002925654595,0.0,False,False,0.0,0.0,-7.768889,110.3847551,5.766,-7.768889,110.3850879,6.78
1789020223.93167,36.68002925654595,36.68002925654595,0.0,False,False,0.0,0.0,-7.768889,110.3847551,5.641,-7.768889,110.3850879,6.655
1789020224.1318097,36.676810797301705,36.676810797301705,0.0,False,False,0.0,0.0,-7.768889,110.3847551,5.641,-7.768889,110.3850879,6.531
1789020224.3354206,36.68005691463778,36.68005691463778,0.0,False,False,0.0,0.0,-7.768889,110.3847551,5.516,-7.768889,110.3850879,6.531
1789020224.5385654,36.68005691463778,36.68005691463778,0.0,False,False,0.0,0.0,-7.768889,110.3847551,5.391,-7.768889,110.3850879,6.406
1789020224.7418385,36.68005691463778,36.68005691463778,0.0,False,False,0.0,0.0,-7.768889,110.3847551,5.266,-7.768889,110.3850879,6.281
1789020224.9451318,36.68005691463778,36.68005691463778,0.0,False,False,0.0,0.0,-7.768889,110.3847551,5.141,-7.768889,110.3850879,6.156
1789020225.1462064,36.66582089738427,36.66582089738427,0.0,False,False,0.0,0.0,-7.768889,110.3847551,5.141,-7.768889,110.3850878,6.032
1789020225.346671,36.66909911736394,36.66909911736394,0.0,False,False,0.0,0.0,-7.768889,110.3847551,5.015,-7.768889,110.3850878,6.032
1789020225.5482662,36.66909911736394,36.66909911736394,0.0,False,False,0.0,0.0,-7.768889,110.3847551,4.89,-7.768889,110.3850878,5.907
1789020225.7594097,36.66909911736394,36.66909911736394,0.0,False,False,0.0,0.0,-7.768889,110.3847551,4.765,-7.768889,110.3850878,5.782
1789020225.9607894,36.669071396465185,36.669071396465185,0.0,False,False,0.0,0.0,-7.768889,110.3847551,4.64,-7.768889,110.3850878,5.656
1789020226.1622355,36.66904370281643,36.66904370281643,0.0,False,False,0.0,0.0,-7.768889,110.3847551,4.516,-7.768889,110.3850878,5.531
1789020226.3649979,36.66584521157342,36.66584521157342,0.0,False,False,0.0,0.0,-7.768889,110.3847551,4.516,-7.768889,110.3850878,5.408
1789020226.580153,36.669126865512645,36.669126865512645,0.0,False,False,0.0,0.0,-7.768889,110.3847551,4.39,-7.768889,110.3850878,5.408
1789020226.7809827,36.669126865512645,36.669126865512645,0.0,False,False,0.0,0.0,-7.768889,110.3847551,4.265,-7.768889,110.3850878,5.283
1789020226.995738,36.669126865512645,36.669126865512645,0.0,False,False,0.0,0.0,-7.768889,110.3847551,4.141,-7.768889,110.3850878,5.159
1789020227.1966543,36.669126865512645,36.669126865512645,0.0,False,False,0.0,0.0,-7.768889,110.3847551,4.016,-7.768889,110.3850878,5.034
1789020227.399378,36.66589392172324,36.66589392172324,0.0,False,False,0.0,0.0,-7.768889,110.3847551,4.016,-7.768889,110.3850878,4.91
1789020227.6053092,36.66915464091122,36.66915464091122,0.0,False,False,0.0,0.0,-7.768889,110.3847551,3.891,-7.768889,110.3850878,4.91
1789020227.8077316,36.66909911736394,36.66909911736394,0.0,False,False,0.0,0.0,-7.768889,110.3847551,3.767,-7.768889,110.3850878,4.784
1789020228.009755,36.669071396465185,36.669071396465185,0.0,False,False,0.0,0.0,-7.768889,110.3847551,3.642,-7.768889,110.3850878,4.658
1789020228.2116692,36.669071396465185,36.669071396465185,0.0,False,False,0.0,0.0,-7.768889,110.3847551,3.517,-7.768889,110.3850878,4.533
1789020228.4120727,36.669071396465185,36.669071396465185,0.0,False,False,0.0,0.0,-7.768889,110.3847551,3.392,-7.768889,110.3850878,4.408
1789020228.6126864,36.66582089738427,36.66582089738427,0.0,False,False,0.0,0.0,-7.768889,110.3847551,3.392,-7.768889,110.3850878,4.283
1789020228.8140647,36.669071396465185,36.669071396465185,0.0,False,False,0.0,0.0,-7.768889,110.3847551,3.267,-7.768889,110.3850878,4.283
1789020229.0168924,36.669071396465185,36.669071396465185,0.0,False,False,0.0,0.0,-7.768889,110.3847551,3.142,-7.768889,110.3850878,4.158
1789020229.2196164,36.669071396465185,36.669071396465185,0.0,False,False,0.0,0.0,-7.768889,110.3847551,3.017,-7.768889,110.3850878,4.033
1789020229.4212682,36.66909911736394,36.66909911736394,0.0,False,False,0.0,0.0,-7.768889,110.3847551,2.891,-7.768889,110.3850878,3.908
1789020229.6363924,36.66584521157342,36.66584521157342,0.0,False,False,0.0,0.0,-7.768889,110.3847551,2.891,-7.768889,110.3850878,3.783
1789020229.851438,36.66909911736394,36.66909911736394,0.0,False,False,0.0,0.0,-7.768889,110.3847551,2.766,-7.768889,110.3850878,3.783
1789020230.0526116,36.66904370281643,36.66904370281643,0.0,False,False,0.0,0.0,-7.768889,110.3847551,2.641,-7.768889,110.3850878,3.656
1789020230.2552843,36.66904370281643,36.66904370281643,0.0,False,False,0.0,0.0,-7.768889,110.3847551,2.516,-7.768889,110.3850878,3.531
1789020230.459146,36.669071396465185,36.669071396465185,0.0,False,False,0.0,0.0,-7.768889,110.3847551,2.391,-7.768889,110.3850878,3.407
1789020230.6592646,36.66909911736394,36.66909911736394,0.0,False,False,0.0,0.0,-7.768889,110.3847551,2.265,-7.768889,110.3850878,3.282
1789020230.8747447,36.66586955301976,36.66586955301976,0.0,False,False,0.0,0.0,-7.768889,110.3847551,2.265,-7.768889,110.3850878,3.158
1789020231.076364,36.669126865512645,36.669126865512645,0.0,False,False,0.0,0.0,-7.768889,110.3847551,2.14,-7.768889,110.3850878,3.158
1789020231.2807379,36.66915464091122,36.66915464091122,0.0,False,False,0.0,0.0,-7.768889,110.3847551,2.015,-7.768889,110.3850878,3.034
1789020231.4814935,36.66921027345778,36.66921027345778,0.0,False,False,0.11099999999999999,0.0,-7.768889,110.3847551,1.889,-7.768889,110.3850878,2.91
1789020231.6959536,36.66918244355963,36.66918244355963,0.0,False,False,0.2350000000000001,0.0,-7.768889,110.3847551,1.765,-7.768889,110.3850878,2.785
1789020231.897103,36.66591831768381,36.66591831768381,0.0,False,False,0.2350000000000001,0.0,-7.768889,110.3847551,1.765,-7.768889,110.3850878,2.66
1789020232.1047056,36.66586955301976,36.66586955301976,0.0,False,False,0.359,0.0,-7.768889,110.3847551,1.641,-7.768889,110.3850878,2.534
1789020232.3165052,36.669126865512645,36.669126865512645,0.0,False,False,0.484,0.0,-7.768889,110.3847551,1.516,-7.768889,110.3850878,2.534
1789020232.5187016,36.66909911736394,36.66646192474891,10.0,False,False,0.6080000000000001,0.0,-7.768889,110.3847551,1.392,-7.768889,110.3850878,2.409
1789020232.71952,36.669126865512645,36.66648694760737,10.0,False,False,0.7330000000000001,0.0,-7.768889,110.3847551,1.267,-7.768889,110.3850878,2.285
1789020232.9217908,36.669126865512645,36.66648694760737,10.0,False,False,0.8580000000000001,0.0,-7.768889,110.3847551,1.142,-7.768889,110.3850878,2.16
1789020233.1363516,36.66586955301976,36.66586955301976,0.0,False,False,0.8580000000000001,0.0,-7.768889,110.3847551,1.142,-7.768889,110.3850878,2.035
1789020233.339066,36.669126865512645,36.669126865512645,0.0,False,False,0.9830000000000001,0.0,-7.768889,110.3847551,1.017,-7.768889,110.3850878,2.035
1789020233.5467563,36.669126865512645,36.669126865512645,0.0,False,False,1.108,0.09000000000000008,-7.768889,110.3847551,0.892,-7.768889,110.3850878,1.91
1789020233.7487378,36.669126865512645,36.669126865512645,0.0,False,False,1.233,0.21500000000000008,-7.768889,110.3847551,0.767,-7.768889,110.3850878,1.785
1789020233.9491296,36.66909911736394,36.66909911736394,0.0,False,False,1.358,0.34099999999999997,-7.768889,110.3847551,0.642,-7.768889,110.3850878,1.659
1789020234.1518161,36.66582089738427,36.66582089738427,0.0,False,False,1.358,0.4670000000000001,-7.768889,110.3847551,0.642,-7.768889,110.3850878,1.533
1789020234.3590834,36.66579661045238,36.66579661045238,0.0,False,False,1.483,0.593,-7.768889,110.3847551,0.517,-7.768889,110.3850878,1.407
1789020234.5738018,36.66904370281643,36.66904370281643,0.0,False,False,1.608,0.593,-7.768889,110.3847551,0.392,-7.768889,110.3850878,1.407
1789020234.7750077,36.669071396465185,36.669071396465185,0.0,False,False,1.733,0.7170000000000001,-7.768889,110.3847551,0.267,-7.768889,110.3850878,1.283
1789020234.9768906,36.66909911736394,36.66909911736394,0.0,False,False,1.859,0.8420000000000001,-7.768889,110.3847551,0.141,-7.768889,110.3850878,1.158
1789020235.177069,36.66909911736394,36.66909911736394,0.0,False,False,1.984,0.9670000000000001,-7.768889,110.3847551,0.016,-7.768889,110.3850878,1.033
