timestamp,d_ij,d_cpa,t_cpa,uav3_avoid,uav4_avoid,uav3_offset,uav4_offset,uav3_lat,uav3_lon,uav3_alt,uav4_lat,uav4_lon,uav4_alt
1789017677.3988583,0.0,0.0,0.0,True,True,1.999,1.999,-7.768846,110.3847907,0.001,-7.768846,110.3847907,0.001
1789017677.6029632,0.0,0.0,0.0,True,True,1.999,1.999,-7.768846,110.3847907,0.001,-7.768846,110.3847907,0.001
1789017677.8065367,0.0,0.0,0.0,True,True,1.999,1.999,-7.768846,110.3847907,0.001,-7.768846,110.3847907,0.001
1789017678.0104134,0.0,0.0,0.0,True,True,1.999,1.999,-7.768846,110.3847907,0.001,-7.768846,110.3847907,0.001
1789017678.2146275,0.0,0.0,0.0,True,True,1.999,1.999,-7.768846,110.3847907,0.001,-7.768846,110.3847907,0.001
1789017678.4163263,0.0,0.0,0.0,True,True,1.999,1.999,-7.768846,110.3847907,0.001,-7.768846,110.3847907,0.001
1789017678.6209123,0.0,0.0,0.0,True,True,1.999,1.999,-7.768846,110.3847907,0.001,-7.768846,110.3847907,0.001
1789017678.8254383,0.0,0.0,0.0,True,True,1.999,1.999,-7.768846,110.3847907,0.001,-7.768846,110.3847907,0.001
1789017679.0275,0.0,0.0,0.0,True,True,1.999,1.999,-7.768846,110.3847907,0.001,-7.768846,110.3847907,0.001
1789017679.2322912,0.0,0.0,0.0,True,True,1.999,1.999,-7.768846,110.3847907,0.001,-7.768846,110.3847907,0.001
1789017679.4354084,0.0,0.0,0.0,True,True,1.999,1.999,-7.768846,110.3847907,0.001,-7.768846,110.3847907,0.001
1789017679.6400225,0.0,0.0,0.0,True,True,1.999,1.999,-7.768846,110.3847907,0.001,-7.768846,110.3847907,0.001
1789017679.8438478,0.0,0.0,0.0,True,True,1.999,1.999,-7.768846,110.3847907,0.001,-7.768846,110.3847907,0.001
1789017680.0460005,0.0,0.0,0.0,True,True,1.999,1.999,-7.768846,110.3847907,0.001,-7.768846,110.3847907,0.001
1789017680.25716,0.004,0.004,0.0,True,True,3.0,1.988,-7.768846,110.3847907,0.016,-7.768846,110.3847907,0.012
1789017680.4685533,0.053000000000000005,0.053000000000000005,0.0,True,True,5.1,1.988,-7.768846,110.3847907,0.065,-7.768846,110.3847907,0.012
1789017680.6737046,0.099,0.099,0.0,True,True,6.569999999999999,1.9420000000000002,-7.768846,110.3847907,0.157,-7.768846,110.3847907,0.058
1789017680.8758626,0.286,0.286,0.0,True,True,7.598999999999998,1.86,-7.768846,110.3847907,0.426,-7.768846,110.3847907,0.14
1789017681.0789871,0.3263755917914056,0.01565333565698492,3.6222222222222182,True,True,10.257229279391193,6.212513259543193,-7.7688459,110.3847906,0.715,-7.768846,110.3847907,0.389
1789017681.2845502,0.03399999999999992,0.03399999999999992,0.0,True,True,9.772119970615382,4.402244995454024,-7.7688459,110.3847906,0.715,-7.7688459,110.3847906,0.681
1789017681.4876716,0.35399999999999987,0.35399999999999987,0.0,True,True,9.635920457997202,3.2223222992121685,-7.7688459,110.3847906,1.035,-7.7688459,110.3847906,0.681
1789017681.6911721,0.42400000000000004,0.42400000000000004,0.0,True,True,9.645625501008007,2.291159749995621,-7.7688459,110.3847906,1.417,-7.7688459,110.3847906,0.993
1789017681.901771,0.492,0.492,0.0,True,True,9.703991360249194,1.5723321404843182,-7.7688459,110.3847906,1.862,-7.7688459,110.3847906,1.37
1789017682.1143446,0.5660000000000003,0.5660000000000003,0.0,True,True,9.76970819332377,1.0267228917288242,-7.7688459,110.3847906,2.373,-7.7688459,110.3847906,1.807
1789017682.3182948,0.06400000000000006,0.06400000000000006,0.0,True,True,9.827651350334005,0.7705630014710021,-7.7688459,110.3847906,2.373,-7.7688459,110.3847906,2.309
1789017682.5211155,0.06299999999999972,0.0,6.300000000000106,True,True,9.873958729362995,0.9892468378648678,-7.7688458,110.3847905,2.92,-7.7688458,110.3847905,2.857
1789017682.725966,0.581,0.0,2.526086956521739,True,True,9.909149601365808,0.9241685723127376,-7.7688458,110.3847905,3.438,-7.7688458,110.3847905,2.857
1789017682.9288385,0.5019999999999998,1.1102230246251565e-16,1.5687499999999988,True,True,9.935128414328231,1.407974392354057,-7.7688458,110.3847905,3.889,-7.7688458,110.3847905,3.387
1789017683.140508,0.4179999999999997,0.0,1.194285714285714,True,True,9.953967392347012,1.8527682574642574,-7.7688458,110.3847905,4.263,-7.7688458,110.3847905,3.845
1789017683.3454564,0.33499999999999996,0.0,0.9852941176470585,True,True,9.96747315883304,2.2271621754544277,-7.7688458,110.3847905,4.559,-7.7688458,110.3847905,4.224
1789017683.5506508,0.031000000000000583,0.0,0.7750000000000139,True,True,9.977082592918414,2.5293637390319526,-7.7688458,110.3847905,4.559,-7.7688458,110.3847905,4.528
1789017683.7574022,0.022999999999999687,0.005578319375835577,0.5411764705882275,True,True,9.983885112841794,2.758612602907765,-7.7688458,110.3847905,4.781,-7.7688458,110.3847905,4.758
1789017683.9628322,0.17799999999999994,0.006134285099480638,0.6130641330166268,True,True,9.988683996535055,2.758300192424958,-7.7688458,110.3847905,4.936,-7.7688458,110.3847905,4.758
1789017684.168316,0.10800000000000054,0.0,0.3857142857142876,True,True,9.992061376498487,2.9191389854288308,-7.7688458,110.3847905,5.027,-7.7688458,110.3847905,4.919
1789017684.3704119,0.040000000000000036,0.0,0.15384615384615397,True,True,9.994434432147438,3.01506593525958,-7.7688458,110.3847905,5.055,-7.7688458,110.3847905,5.015
1789017684.5710554,0.014000000000000234,0.014000000000000234,0.0,True,True,3.996114555334181,3.050031937708478,-7.7688458,110.3847905,5.036,-7.7688458,110.3847905,5.05
1789017684.7712047,0.0019999999999997797,0.0,0.19999999999997806,True,True,5.797271358654798,3.0340157320472896,-7.7688458,110.3847905,5.036,-7.7688458,110.3847905,5.034
1789017684.9753802,0.028999999999999915,0.028999999999999915,0.0,True,True,1.0581062918079978,1.0581062918079978,-7.7688458,110.3847905,5.005,-7.7688458,110.3847905,5.034
1789017685.178884,0.022999999999999687,0.0,0.5749999999999921,True,True,2.2593461410001323,2.259346141000132,-7.7688458,110.3847905,4.982,-7.7688458,110.3847905,5.005
1789017685.3828473,0.0129999999999999,0.0,0.32499999999999757,True,True,2.9690018913846057,4.5815399737184626,-7.7688458,110.3847905,4.969,-7.7688458,110.3847905,4.982
1789017685.5874584,0.004999999999999893,8.673617379884035e-19,0.1666666666666631,True,True,2.964000928341999,6.20707756692504,-7.7688458,110.3847905,4.964,-7.7688458,110.3847905,4.969
1789017685.8010466,0.0009999999999994458,0.0,0.09999999999994458,True,True,2.964000454887616,7.344954170102975,-7.7688458,110.3847905,4.964,-7.7688458,110.3847905,4.965
1789017686.0055416,0.0,0.0,0.0,True,True,2.9660002227446403,5.14146791907208,-7.7688458,110.3847905,4.966,-7.7688458,110.3847905,4.966
1789017686.2098496,0.004999999999999893,0.004999999999999893,0.0,True,True,0.5990279938181403,0.5990279938181412,-7.7688458,110.3847905,4.971,-7.7688458,110.3847905,4.966
1789017686.4224362,0.004999999999999893,0.004999999999999893,0.0,True,True,2.580680844084155,2.5806808440841555,-7.7688458,110.3847905,4.976,-7.7688458,110.3847905,4.971
1789017686.6369257,0.0019999999999997797,0.0,0.199999999999978,True,True,4.8064765640036855,2.9760000261176285,-7.7688458,110.3847905,4.978,-7.7688458,110.3847905,4.976
1789017686.849452,0.001000000000000334,0.001000000000000334,0.0,True,True,6.364533589466865,2.978000012789043,-7.7688458,110.3847905,4.979,-7.7688458,110.3847905,4.978
1789017687.053389,0.0,0.0,0.0,True,True,4.455173512626805,2.9790000062645277,-7.7688458,110.3847905,4.979,-7.7688458,110.3847905,4.979
1789017687.2573557,0.0,0.0,0.0,True,True,3.118621458838764,2.979000003069619,-7.7688458,110.3847905,4.979,-7.7688458,110.3847905,4.979
1789017687.461809,0.0019999999999997797,0.0019999999999997797,0.0,True,True,5.183035019999106,2.9790000015041134,-7.7688458,110.3847905,4.981,-7.7688458,110.3847905,4.979
1789017687.6663811,0.0019999999999997797,0.0019999999999997797,0.0,True,True,6.628124513725471,2.981000000736521,-7.7688458,110.3847905,4.983,-7.7688458,110.3847905,4.981
1789017687.8697603,0.001000000000000334,0.001000000000000334,0.0,True,True,7.639687159516777,2.9840000003605325,-7.7688458,110.3847905,4.985,-7.7688458,110.3847905,4.984
1789017688.0701993,0.002000000000000668,0.002000000000000668,0.0,True,True,8.347781011626317,2.9860000001765425,-7.7688458,110.3847905,4.988,-7.7688458,110.3847905,4.986
1789017688.2713332,0.001000000000000334,0.001000000000000334,0.0,True,True,8.843446708123425,2.9870000000864767,-7.7688458,110.3847905,4.988,-7.7688458,110.3847905,4.987
1789017688.4828382,0.01313937272521061,0.01313937272521061,0.0,True,True,10.975588817545477,6.70239012406555,-7.7688459,110.3847905,4.994,-7.7688458,110.3847905,4.987
1789017688.6857371,0.058438668048180764,0.058438668048180764,0.0,True,True,13.893407711257742,10.629202162263956,-7.7688463,110.3847904,5.008,-7.7688458,110.3847904,4.99
1789017688.8885236,0.12939224260932572,0.12939224260932572,0.0,True,True,16.233468138422975,13.426767677133089,-7.7688471,110.3847902,5.032,-7.768846,110.38479,4.996
1789017689.1006718,0.24712306812246695,0.24712306812246695,0.0,True,True,17.87798294372986,15.301862506614226,-7.7688483,110.38479,5.07,-7.7688463,110.3847892,5.008
1789017689.3127728,0.27141160223731325,0.27141160223731325,0.0,True,True,18.40817104444347,15.870136738833587,-7.7688483,110.38479,5.07,-7.7688468,110.3847881,5.025
1789017689.518718,0.4486551679983765,0.4486551679983765,0.0,True,True,19.200677070664696,16.753066388461605,-7.76885,110.3847896,5.125,-7.7688476,110.3847864,5.049
1789017689.7305086,0.638635986648857,0.638635986648857,0.0,True,True,20.0,17.671667484148806,-7.7688525,110.3847891,5.199,-7.7688476,110.3847864,5.049
1789017689.9409833,0.9209532683152394,0.9209532683152394,0.0,True,True,20.0,17.834851341805866,-7.7688556,110.3847884,5.294,-7.7688487,110.3847842,5.081
1789017690.1464303,1.2942034853459068,1.2942034853459068,0.0,True,True,20.0,17.944115333599644,-7.7688595,110.3847876,5.415,-7.7688501,110.3847812,5.123
1789017690.3597877,1.7513516316834419,1.7513516316834419,0.0,True,True,18.192025080264006,18.473262645756208,-7.7688644,110.3847866,5.565,-7.7688519,110.3847776,5.175
1789017690.572732,2.307457392116555,2.307457392116555,0.0,True,True,14.285562174884822,17.002126838308108,-7.7688702,110.3847855,5.742,-7.7688541,110.3847731,5.239
1789017690.78695,2.50782181685583,2.50782181685583,0.0,True,True,11.140738300825163,14.534846701474471,-7.7688702,110.3847855,5.742,-7.7688568,110.3847676,5.318
1789017690.9874053,3.1881204077564638,3.1881204077564638,0.0,True,True,8.343048843320794,11.59956370263628,-7.7688767,110.3847841,5.943,-7.7688601,110.384761,5.414
1789017691.192375,3.6374337433780526,3.6374337433780526,0.0,True,True,6.2188760872873345,9.03397247688236,-7.7688839,110.3847826,6.165,-7.7688601,110.384761,5.414
1789017691.3959875,4.431922032936396,4.431922032936396,0.0,True,True,4.555495283603212,6.759768531804231,-7.7688916,110.384781,6.403,-7.7688638,110.3847533,5.524
1789017691.6015043,5.288324898362397,5.288324898362397,0.0,True,True,3.3032760302990574,4.978880307296632,-7.7688997,110.3847793,6.655,-7.768868,110.3847447,5.65
1789017691.8080196,5.809998718358641,5.809998718358641,0.0,True,True,2.3925458023606065,3.659924139211334,-7.7688997,110.3847793,6.655,-7.7688726,110.3847349,5.791
1789017692.013097,6.860170918220058,6.860170918220058,0.0,True,True,1.7211123948091893,2.6629969789881693,-7.7689082,110.3847775,6.918,-7.7688777,110.3847241,5.945
1789017692.2191226,7.270230861402063,7.270230861402063,0.0,True,True,1.2448061724249246,1.950849282013217,-7.7689169,110.3847757,7.185,-7.7688777,110.3847241,5.945
1789017692.4341612,8.351905449935291,8.351905449935291,0.0,True,True,0.8962816362185198,1.419702761295875,-7.7689257,110.3847738,7.456,-7.7688832,110.3847125,6.111
1789017692.6415052,9.487746839891154,9.487746839891154,0.0,True,True,0.6433534343437672,1.0285057910839297,-7.7689347,110.3847718,7.728,-7.7688891,110.3847002,6.286
1789017692.8479795,10.676918893559337,10.676918893559337,0.0,True,True,0.460789738426205,0.7427155569479502,-7.7689437,110.3847699,7.997,-7.7688954,110.3846873,6.469
1789017693.0608282,11.655468577994117,11.655468577994117,0.0,True,True,0.3298221928967702,0.5358573673558915,-7.7689437,110.3847699,7.997,-7.768902,110.3846736,6.662
1789017693.2641783,12.978048976712373,12.978048976712373,0.0,True,True,0.23572866865227488,0.3857708324972634,-7.7689527,110.384768,8.261,-7.7689088,110.3846596,6.858
1789017693.4680886,13.234821087946258,13.234821087946258,0.0,True,True,0.1696983456003457,0.28029838653192585,-7.7689616,110.3847662,8.518,-7.7689088,110.3846596,6.858
1789017693.672746,14.543970302692507,14.543970302692507,0.0,True,True,0.12201959790086972,0.20329039138220714,-7.7689702,110.3847644,8.764,-7.7689157,110.3846454,7.058
1789017693.880191,15.897541174062836,15.897541174062836,0.0,True,True,0.08765141302527099,0.14721685006506247,-7.7689784,110.3847627,8.996,-7.7689228,110.3846307,7.261
1789017694.0866354,17.265065328389177,17.265065328389177,0.0,True,True,0.06291936381088312,0.10649100359814688,-7.7689861,110.3847611,9.209,-7.7689301,110.3846158,7.465
1789017694.2878163,18.547157236073907,18.547157236073907,0.0,True,True,0.045142438880112774,0.07697335517740475,-7.7689861,110.3847611,9.209,-7.7689374,110.3846007,7.668
1789017694.4917147,19.980792260442424,19.980792260442424,0.0,True,True,0.032364009113670024,0.05557388626099378,-7.7689931,110.3847597,9.401,-7.7689447,110.3845856,7.87
1789017694.6969562,20.058121687334665,20.058121687334665,0.0,True,True,0.02342520856797918,0.040602199782570146,-7.7689994,110.3847584,9.568,-7.7689447,110.3845856,7.87
1789017694.9036264,21.460861145596166,21.460861145596166,0.0,True,True,0.016933586686460153,0.029606584666403923,-7.7690048,110.3847573,9.705,-7.7689521,110.3845705,8.071
1789017695.106784,22.88681172244466,22.88681172244466,0.0,True,True,0.012218284573973623,0.021532697621600354,-7.7690091,110.3847565,9.811,-7.7689594,110.3845554,8.27
1789017695.30982,24.299533183413836,24.299533183413836,0.0,True,True,0.008792563562493768,0.015605773093332342,-7.7690091,110.3847565,9.811,-7.7689666,110.3845405,8.467
1789017695.5223403,25.692771280830257,25.692771280830257,0.0,True,True,0.006306973925189852,0.011262788399874412,-7.7690124,110.3847558,9.889,-7.7689735,110.3845262,8.656
1789017695.7249577,25.698381681043166,25.698381681043166,0.0,True,True,0.0045692416183710765,0.008226878864497852,-7.7690148,110.3847554,9.943,-7.7689735,110.3845262,8.656
1789017695.934867,27.055367937574765,27.055367937574765,0.0,True,True,0.003288349659592339,0.0059587918797484075,-7.7690165,110.384755,9.976,-7.7689802,110.3845124,8.836
1789017696.1479328,28.40699548230608,28.40699548230608,0.0,True,True,0.0023434529078557808,0.0042638866751197125,-7.7690175,110.3847548,9.993,-7.7689867,110.384499,9.008
1789017696.3603597,29.716971104454387,29.716971104454387,0.0,True,True,0.0016467961264345122,0.002998965463199407,-7.7690181,110.3847548,10.0,-7.7689927,110.3844864,9.169
1789017696.565028,30.94500265839591,30.94500265839591,0.0,True,True,0.0011527572885038266,0.0020992758242393823,-7.7690181,110.3847548,10.0,-7.7689984,110.3844747,9.317
1789017696.7683685,32.09603156352661,32.09603156352661,0.0,True,True,0.000806930101951651,0.0014694930769667968,-7.7690183,110.3847548,9.998,-7.7690036,110.3844639,9.45
1789017696.971645,32.09538222140486,32.09538222140486,0.0,True,True,0.0005648510713671833,0.0010286451538776022,-7.7690182,110.3847548,9.993,-7.7690036,110.3844639,9.45
1789017697.177739,33.149995888494736,33.149995888494736,0.0,True,True,0.00039539574995684694,0.0007200516077152185,-7.7690181,110.3847548,9.989,-7.7690083,110.3844541,9.568
1789017697.384599,34.094881069152166,34.094881069152166,0.0,True,True,0.00027677702497086215,0.0005040361254000684,-7.769018,110.3847549,9.987,-7.7690125,110.3844455,9.67
1789017697.5915914,34.882650160678494,34.882650160678494,0.0,True,True,0.0001937439174783714,0.00035282528778027836,-7.769018,110.3847549,9.987,-7.769016,110.3844383,9.756
1789017697.805896,35.54273198127165,35.54273198127165,0.0,False,False,0.00013562074223557943,0.0002469777014453796,-7.769018,110.3847549,9.987,-7.7690189,110.3844323,9.825
1789017698.0117068,36.07296904626502,36.07296904626502,0.0,False,False,9.493451956458136e-05,0.00017288439101317157,-7.769018,110.3847549,9.987,-7.7690212,110.3844275,9.881
1789017698.225464,36.07296904626502,36.07296904626502,0.0,False,False,6.645416369453624e-05,0.00012101907370734313,-7.769018,110.3847549,9.987,-7.7690212,110.3844275,9.881
1789017698.4307437,36.4829940469954,36.4829940469954,0.0,False,False,4.6517914588046934e-05,8.471335159732368e-05,-7.7690181,110.3847549,9.988,-7.7690231,110.3844238,9.925
1789017698.637658,36.78285799707813,36.78285799707813,0.0,False,False,3.256254021162015e-05,5.929934611661472e-05,-7.7690181,110.3847549,9.988,-7.7690244,110.3844211,9.957
1789017698.8380854,36.994411901882216,36.994411901882216,0.0,False,False,2.2793778147580842e-05,4.150954228327927e-05,-7.7690181,110.3847549,9.987,-7.7690254,110.3844192,9.979
1789017699.0445185,37.128107354077464,37.128107354077464,0.0,False,False,1.5955644704082528e-05,2.905667959735651e-05,-7.7690181,110.3847549,9.987,-7.769026,110.384418,9.992
1789017699.2452056,37.18398371845148,37.18398371845148,0.0,False,False,1.1168951291803843e-05,2.033967571737373e-05,-7.7690181,110.3847549,9.987,-7.7690263,110.3844175,9.999
1789017699.449065,37.19472690637636,37.19472690637636,0.0,False,False,7.818265904399196e-06,1.4237773003910787e-05,-7.7690182,110.384755,9.987,-7.7690263,110.3844175,9.999
1789017699.6533372,37.206012639476576,36.9061034938277,10.0,False,False,5.472786134394569e-06,9.966441102013515e-06,-7.7690182,110.384755,9.987,-7.7690264,110.3844174,10.001
1789017699.859648,37.19499816022086,35.78619005316018,10.0,False,False,3.830950292305297e-06,6.976508772909703e-06,-7.7690182,110.384755,9.987,-7.7690264,110.3844175,10.0
1789017700.0667694,37.15066982599725,35.340320076968126,10.0,False,False,2.681665204152057e-06,4.883556140836366e-06,-7.7690182,110.384755,9.987,-7.7690263,110.3844179,9.998
1789017700.2727365,37.11709375774142,35.40779227302021,10.0,False,False,1.8771656422597533e-06,3.4184892988774693e-06,-7.7690182,110.3847551,9.987,-7.7690261,110.3844183,9.996
1789017700.4758806,37.11709375774142,35.40779227302021,10.0,False,False,1.3140159497509857e-06,2.3929425092916812e-06,-7.7690182,110.3847551,9.987,-7.7690261,110.3844183,9.996
1789017700.6804833,37.07277460273769,36.26448805299847,10.0,False,False,9.198111650229583e-07,1.6750597560170804e-06,-7.7690182,110.3847551,9.986,-7.769026,110.3844187,9.995
1789017700.884201,37.061246413382314,36.753323995927076,10.0,False,False,6.438678165541187e-07,1.1725418289886872e-06,-7.7690184,110.3847551,9.986,-7.769026,110.3844188,9.995
1789017701.0968919,37.06002057997208,37.06002057997208,0.0,False,False,4.5070747103053885e-07,8.207792812741392e-07,-7.7690189,110.3847551,9.985,-7.769026,110.3844188,9.995
1789017701.3090913,37.06002057997208,37.06002057997208,0.0,False,False,3.1549522879035166e-07,5.745454978739556e-07,-7.7690189,110.3847551,9.985,-7.769026,110.3844188,9.995
1789017701.515988,37.058023714638715,37.058023714638715,0.0,False,False,2.2084666124390375e-07,4.021818463471441e-07,-7.7690198,110.3847551,9.985,-7.769026,110.3844188,9.995
1789017701.7270522,37.05545447916912,37.05545447916912,0.0,False,False,1.5459266325574305e-07,2.815272919707997e-07,-7.7690212,110.3847551,9.985,-7.769026,110.3844188,9.995
1789017701.930856,37.041996789609186,37.041996789609186,0.0,False,False,1.0821486480280723e-07,1.9706910443096855e-07,-7.7690231,110.3847551,9.985,-7.769026,110.3844189,9.996
1789017702.133183,37.04060807537784,37.040593054184384,0.025660367683195618,False,False,7.575040468438999e-08,1.3794837396358324e-07,-7.7690257,110.3847551,9.985,-7.769026,110.3844189,9.996
1789017702.3376493,37.053013250648156,37.053013250648156,0.0,False,False,5.3025283527561866e-08,9.656386042225858e-08,-7.769029,110.3847552,9.986,-7.7690261,110.3844189,9.996
1789017702.5491118,37.053013250648156,37.053013250648156,0.0,False,False,3.711769894999695e-08,6.759470410525454e-08,-7.769029,110.3847552,9.986,-7.7690261,110.3844189,9.996
1789017702.7541075,37.05955286079625,37.05955286079625,0.0,False,False,2.598238845460007e-08,4.7316290724556474e-08,-7.7690331,110.3847552,9.986,-7.7690262,110.3844189,9.996
1789017702.957543,37.07603046768588,37.07603046768588,0.0,False,False,1.818767097131738e-08,3.312140491630884e-08,-7.7690383,110.3847552,9.986,-7.7690262,110.3844189,9.996
1789017703.1606638,37.106231416153875,37.106231416153875,0.0,False,False,1.2731371985509526e-08,2.3184984338238583e-08,-7.7690443,110.3847552,9.987,-7.7690262,110.3844189,9.996
1789017703.3660355,37.15491505070329,37.15491505070329,0.0,False,False,8.911957924637259e-09,1.6229487603961503e-08,-7.7690511,110.3847552,9.988,-7.7690262,110.3844189,9.997
1789017703.569335,37.15491505070329,37.15491505070329,0.0,False,False,6.238370294192553e-09,1.136064291300638e-08,-7.7690511,110.3847552,9.988,-7.7690262,110.3844189,9.997
1789017703.7718933,37.22635096092119,37.22635096092119,0.0,False,False,4.366859391874049e-09,7.95244822269929e-09,-7.7690586,110.3847552,9.99,-7.7690262,110.3844189,9.996
1789017703.9763775,37.32294393339106,37.32294393339106,0.0,False,False,3.0568028077819362e-09,5.566714928614061e-09,-7.7690666,110.3847552,9.991,-7.7690262,110.3844189,9.996
1789017704.1785252,37.44202883972849,37.44202883972849,0.0,False,False,2.139762249395025e-09,3.896699485389207e-09,-7.769075,110.3847552,9.992,-7.7690265,110.3844189,9.996
1789017704.37969,37.58419123463335,37.58419123463335,0.0,False,False,1.4978331019877811e-09,2.7276885599413094e-09,-7.7690838,110.3847552,9.993,-7.7690271,110.3844189,9.995
1789017704.5816894,37.741485751472894,37.741485751472894,0.0,False,False,1.0484825056523483e-09,1.909383840421529e-09,-7.7690928,110.3847552,9.993,-7.7690282,110.3844189,9.995
1789017704.785724,37.69720332275407,37.69720332275407,0.0,False,False,7.339380297072443e-10,1.336568598179629e-09,-7.7690928,110.3847552,9.993,-7.7690298,110.384419,9.995
1789017704.996872,37.84957425541963,37.84957425541963,0.0,False,False,5.137569554676922e-10,9.35596189783131e-10,-7.769102,110.3847552,9.994,-7.769032,110.384419,9.994
1789017705.2074568,38.07826394941172,38.07826394941172,0.0,False,False,3.5963006197827e-10,6.549185580326741e-10,-7.7691114,110.3847552,9.994,-7.769032,110.384419,9.994
1789017705.4198909,38.249531827592236,38.249531827592236,0.0,False,False,2.5174183614207965e-10,4.5844235434441647e-10,-7.7691207,110.3847552,9.994,-7.7690349,110.384419,9.994
1789017705.6304388,38.39895744914322,38.39895744914322,0.0,False,False,1.7621722998184026e-10,3.209112438732414e-10,-7.7691301,110.3847552,9.994,-7.7690387,110.3844191,9.994
1789017705.8336208,38.526907490491,38.526907490491,0.0,False,False,1.233533235482698e-10,2.2463751727477828e-10,-7.7691393,110.3847552,9.995,-7.7690433,110.3844192,9.994
1789017706.0437138,38.35132739744475,38.35132739744475,0.0,False,False,8.634734459663068e-11,1.5724725597342485e-10,-7.7691393,110.3847552,9.995,-7.7690488,110.3844193,9.994
1789017706.2561615,38.414594312723125,38.414594312723125,0.0,False,False,6.044288644759008e-11,1.1007174995187253e-10,-7.7691482,110.3847552,9.995,-7.7690552,110.3844194,9.995
1789017706.4611833,38.6829865146103,38.6829865146103,0.0,False,False,4.2310788688965437e-11,7.704952600882348e-11,-7.7691568,110.3847552,9.995,-7.7690552,110.3844194,9.995
1789017706.6636207,38.69852919017655,38.214003963130324,10.0,False,False,2.961627051627137e-11,5.393424602539269e-11,-7.7691648,110.3847552,9.995,-7.7690624,110.3844195,9.996
1789017706.866586,38.66439902237762,36.89528962941082,10.0,False,False,2.0731003088236412e-11,3.775582069183034e-11,-7.7691722,110.3847552,9.995,-7.7690702,110.3844197,9.996
1789017707.0693357,38.385617067771086,36.40338478561525,10.0,False,False,1.4511211480559538e-11,2.6427721102998138e-11,-7.7691722,110.3847552,9.995,-7.7690784,110.3844199,9.996
1789017707.271747,38.312206312761155,36.307943747935475,9.6909342265952,False,False,1.0159779924100381e-11,1.850077626701834e-11,-7.7691787,110.3847552,9.996,-7.769087,110.38442,9.996
1789017707.4739158,38.47948851454345,36.46324687739322,7.099613919980506,False,False,7.11103510167306e-12,1.2950698997643242e-11,-7.7691842,110.3847552,9.996,-7.769087,110.38442,9.996
1789017707.6782656,38.320726045800605,36.58365466656045,4.8725056366054735,False,False,4.977163257228448e-12,9.06442664818138e-12,-7.7691887,110.3847552,9.997,-7.769096,110.3844202,9.996
1789017707.8828213,38.12817241777879,36.604114209791476,3.7042043506517013,False,False,3.485313972738334e-12,6.3463591813751645e-12,-7.7691921,110.3847552,9.999,-7.7691053,110.3844204,9.996
1789017708.0952287,37.9171882560069,36.63770629836616,2.967774574887156,False,False,2.4401028708674643e-12,4.442166718066526e-12,-7.7691945,110.3847552,10.001,-7.7691147,110.3844206,9.996
1789017708.2970471,37.667045422435166,36.642097601360206,2.6358288154184697,False,False,1.7070087380275753e-12,3.1107652885634015e-12,-7.7691945,110.3847552,10.001,-7.769124,110.3844208,9.996
1789017708.507551,37.48738125704217,36.66701761453466,2.166017465481886,False,False,1.1939094555827298e-12,2.1777972301473954e-12,-7.7691962,110.3847552,10.002,-7.7691334,110.3844209,9.995
1789017708.7182326,37.508253586957004,36.675494121647155,2.046391493604987,False,False,8.37435450409394e-13,1.5235843263342847e-12,-7.7691972,110.3847552,10.003,-7.7691334,110.3844209,9.995
1789017708.9207034,37.31563189690609,36.67795533334398,1.73425709057503,False,False,5.854119999093628e-13,1.0658969970691476e-12,-7.7691978,110.3847552,10.004,-7.7691427,110.3844211,9.996
1789017709.131393,37.14260698772104,36.690833863219915,1.4582222583599094,False,False,4.099191184847534e-13,7.451283644633848e-13,-7.7691979,110.3847552,10.004,-7.7691518,110.3844213,9.996
1789017709.3336074,37.010548404147585,36.69448334994457,1.2534421860016178,False,False,2.877273148285006e-13,5.222128461714718e-13,-7.7691979,110.3847552,10.003,-7.7691605,110.3844214,9.995
1789017709.5435479,36.895312968729975,36.684701515295664,1.0902650599339143,False,False,2.0176622796739175e-13,3.6452150566277094e-13,-7.7691979,110.3847552,10.003,-7.7691689,110.3844216,9.995
1789017709.755605,36.81793955650985,36.694714290049504,0.9064042632367189,False,False,1.4004591047521202e-13,2.565922129467495e-13,-7.7691978,110.3847552,10.003,-7.7691767,110.3844217,9.995
1789017709.966355,36.81723264663309,36.69425366346365,0.9165297298742128,False,False,9.871275052654668e-14,1.7974205609051997e-13,-7.7691977,110.3847552,10.003,-7.7691767,110.3844217,9.995
1789017710.1760476,36.7540553678275,36.680681502871835,0.8058138995806905,False,False,6.818260957188585e-14,1.246539209433162e-13,-7.7691977,110.3847552,10.003,-7.7691837,110.3844219,9.994
1789017710.3899055,36.720831360939876,36.68412506834491,0.6725924118497802,False,False,4.9010059480404016e-14,8.938269326230651e-14,-7.7691977,110.3847552,10.003,-7.7691897,110.384422,9.994
1789017710.5903354,36.70035804255937,36.68504464058738,0.540747087958818,False,False,3.2282108970814357e-14,6.051054143679864e-14,-7.7691977,110.3847552,10.003,-7.7691949,110.3844221,9.994
1789017710.7949579,36.69927954372693,36.69411948110508,0.4185508522193249,False,False,2.2948893356075183e-14,4.298550181696902e-14,-7.7691977,110.3847552,10.003,-7.7691989,110.3844221,9.995
1789017711.0064042,36.690851515204,36.68623200824991,0.5490328191980173,False,False,1.743989077274947e-14,2.992334258120948e-14,-7.7691977,110.3847552,10.003,-7.7692018,110.3844222,9.997
1789017711.2088528,36.690851515204,36.68638460092553,0.5348476289019006,False,False,1.2678952311372066e-14,2.1203388729491145e-14,-7.7691977,110.3847552,10.003,-7.7692018,110.3844222,9.997
1789017711.4116824,36.705721481540195,36.70445585979627,0.4173921804113643,False,False,8.68248353037211e-15,1.3629202939430139e-14,-7.7691977,110.3847553,10.003,-7.769204,110.3844222,9.999
1789017711.6231287,36.709022235683335,36.709022235683335,0.0,False,False,5.11305617386413e-15,9.09044890584684e-15,-7.7691977,110.3847553,10.003,-7.7692054,110.3844222,10.001
1789017711.823608,36.711204793823825,36.65075956343878,8.743845951211393,False,False,4.577903371942679e-15,8.239620237340028e-15,-7.7691977,110.3847553,10.004,-7.7692062,110.3844222,10.001
1789017712.030529,36.712376751455245,36.542884508379885,10.0,False,False,3.9004237996278885e-15,4.782987168225453e-15,-7.7691977,110.3847553,10.004,-7.7692066,110.3844222,10.002
1789017712.2420826,36.7233901728453,36.55388871610647,10.0,False,False,1.1102230246251565e-15,3.997188364167557e-15,-7.7691977,110.3847554,10.004,-7.7692066,110.3844222,10.002
1789017712.4453654,36.71267817325271,36.510148910714726,10.0,False,False,7.771561172376096e-16,3.794299872214038e-15,-7.7691977,110.3847554,10.003,-7.7692067,110.3844223,10.001
1789017712.6566064,36.7233901728453,36.41334534247616,10.0,False,False,5.551115123125783e-16,8.881784197001252e-16,-7.7691977,110.3847555,10.003,-7.7692066,110.3844223,10.001
1789017712.8609037,36.72309220744005,36.41464893529123,10.0,False,False,3.885780586188048e-16,6.106226635438361e-16,-7.7691977,110.3847555,10.003,-7.7692065,110.3844223,10.001
1789017713.0722964,36.72309220744005,36.52597956348764,10.0,False,False,2.7755575615628914e-16,4.440892098500626e-16,-7.7691977,110.3847555,10.003,-7.7692065,110.3844223,10.001
1789017713.2755053,36.71207869665939,36.71207869665939,0.0,False,False,1.6653345369377348e-16,3.3306690738754696e-16,-7.7691977,110.3847555,10.003,-7.7692065,110.3844224,10.001
1789017713.4858904,36.73410567816843,36.73410567816843,0.0,False,False,1.1102230246251565e-16,2.220446049250313e-16,-7.7691977,110.3847557,10.002,-7.7692065,110.3844224,10.001
1789017713.6896586,36.789173274300126,36.789173274300126,0.0,False,False,1.1102230246251565e-16,1.6653345369377348e-16,-7.7691977,110.3847562,10.002,-7.7692065,110.3844224,10.001
1789017713.9003918,36.888295094841745,36.888295094841745,0.0,False,False,5.551115123125783e-17,1.1102230246251565e-16,-7.7691977,110.3847571,10.002,-7.7692065,110.3844224,10.001
1789017714.1124864,37.04278034803987,37.04278034803987,0.0,False,False,5.551115123125783e-17,5.551115123125783e-17,-7.7691977,110.3847585,10.001,-7.7692066,110.3844224,10.001
1789017714.3156526,37.03176685945421,37.03176685945421,0.0,False,False,5.551115123125783e-17,5.551115123125783e-17,-7.7691977,110.3847585,10.001,-7.7692066,110.3844225,10.001
1789017714.5191813,37.24102356189426,37.24102356189426,0.0,False,False,0.0,5.551115123125783e-17,-7.7691976,110.3847604,10.001,-7.7692065,110.3844225,10.001
1789017714.7210462,37.52737617070125,37.52737617070125,0.0,False,False,0.0,0.0,-7.7691976,110.384763,10.001,-7.7692065,110.3844225,10.001
1789017714.931069,37.89082591136072,37.89082591136072,0.0,False,False,0.0,0.0,-7.7691976,110.3847664,10.001,-7.7692065,110.3844226,10.0
1789017715.1417587,38.34267657271704,38.34267657271704,0.0,False,False,0.0,0.0,-7.7691975,110.3847705,10.0,-7.7692065,110.3844226,10.0
1789017715.345875,38.91567780903476,38.91567780903476,0.0,False,False,0.0,0.0,-7.7691974,110.3847757,10.0,-7.7692065,110.3844226,10.0
1789017715.5483558,38.90466411125509,38.90466411125509,0.0,False,False,0.0,0.0,-7.7691974,110.3847757,10.0,-7.7692065,110.3844227,10.0
1789017715.753498,39.576789279070454,39.576789279070454,0.0,False,False,0.0,0.0,-7.7691973,110.3847818,10.0,-7.7692065,110.3844227,10.0
1789017715.9653838,40.3918116662211,40.3918116662211,0.0,False,False,0.0,0.0,-7.7691973,110.3847892,10.0,-7.7692065,110.3844227,10.0
1789017716.1757164,41.33928975037991,41.33928975037991,0.0,False,False,0.0,0.0,-7.7691972,110.3847978,10.001,-7.7692065,110.3844227,10.0
1789017716.3784628,42.38562552088032,42.38562552088032,0.0,False,False,0.0,0.0,-7.7691972,110.3848074,10.002,-7.7692065,110.3844228,10.0
1789017716.5791593,43.52035687498009,43.52035687498009,0.0,False,False,0.0,0.0,-7.7691971,110.384818,10.003,-7.7692065,110.3844231,9.999
1789017716.7842698,43.45427143543652,43.45427143543652,0.0,False,False,0.0,0.0,-7.7691971,110.384818,10.003,-7.7692065,110.3844237,9.999
1789017716.9847496,44.58874601751737,44.58874601751737,0.0,False,False,0.0,0.0,-7.7691971,110.3848294,10.003,-7.7692065,110.3844248,9.999
1789017717.189593,45.921752936318846,45.921752936318846,0.0,False,False,0.0,0.0,-7.769197,110.3848415,10.003,-7.7692065,110.3844248,9.999
1789017717.3920135,47.14462206524692,47.14462206524692,0.0,False,False,0.0,0.0,-7.7691969,110.3848542,10.002,-7.7692065,110.3844264,9.999
1789017717.5952876,48.378265093763495,48.378265093763495,0.0,False,False,0.0,0.0,-7.7691969,110.3848676,10.001,-7.7692065,110.3844286,9.999
1789017717.799707,48.069607256816376,48.069607256816376,0.0,False,False,0.0,0.0,-7.7691969,110.3848676,10.001,-7.7692064,110.3844314,9.998
1789017718.001445,49.182344419609585,49.182344419609585,0.0,False,False,0.0,0.0,-7.7691968,110.3848814,10.0,-7.7692064,110.3844351,9.997
1789017718.2125754,50.735681439307164,50.735681439307164,0.0,False,False,0.0,0.0,-7.7691967,110.3848955,9.999,-7.7692064,110.3844351,9.997
1789017718.4223316,51.80413498456858,51.80413498456858,0.0,False,False,0.0,0.0,-7.7691966,110.3849098,9.999,-7.7692063,110.3844397,9.996
1789017718.6269803,52.795492152423435,52.795492152423435,0.0,False,False,0.0,0.0,-7.7691965,110.3849243,9.999,-7.7692062,110.3844452,9.996
1789017718.827404,53.67670502174371,53.67670502174371,0.0,False,False,0.0,0.0,-7.7691964,110.3849389,9.998,-7.7692061,110.3844518,9.996
1789017719.0308027,52.81752233848508,52.81752233848508,0.0,False,False,0.0,0.0,-7.7691964,110.3849389,9.998,-7.7692061,110.3844596,9.997
1789017719.2411454,53.44538603200311,53.44538603200311,0.0,False,False,0.0,0.0,-7.7691963,110.3849535,9.998,-7.769206,110.3844685,9.998
1789017719.4466465,55.042596449039806,55.042596449039806,0.0,False,False,0.0,0.0,-7.7691963,110.384968,9.998,-7.769206,110.3844685,9.998
1789017719.6507049,55.527270812237084,55.527270812237084,0.0,False,False,0.0,0.0,-7.7691962,110.3849823,9.999,-7.7692059,110.3844784,10.0
1789017719.855596,55.84693203563949,55.84693203563949,0.0,False,False,0.0,0.0,-7.7691961,110.3849961,9.999,-7.7692059,110.3844893,10.001
1789017720.0578759,54.55792385447158,54.55792385447158,0.0,False,False,0.0,0.0,-7.7691961,110.3849961,9.999,-7.7692058,110.384501,10.002
1789017720.2607112,54.66807660769465,54.66807660769465,0.0,False,False,0.0,0.0,-7.769196,110.3850095,9.999,-7.7692057,110.3845134,10.002
1789017720.4642067,56.06723884134396,54.47191828596994,10.0,False,False,0.0,0.0,-7.7691959,110.3850222,9.998,-7.7692057,110.3845134,10.002
1789017720.6673422,55.96788559004138,48.374391853881285,10.0,False,False,0.0,0.0,-7.7691959,110.3850342,9.997,-7.7692056,110.3845263,10.003
1789017720.8710277,55.71474876900811,41.72402881602711,10.0,False,False,0.0,0.0,-7.7691958,110.3850453,9.995,-7.7692056,110.3845397,10.003
1789017721.0830288,54.183405736970414,38.59385481937657,10.0,False,False,0.0,0.0,-7.7691958,110.3850453,9.995,-7.7692055,110.3845536,10.003
1789017721.293631,53.731559766528676,32.14216514481785,10.0,False,False,0.0,0.0,-7.7691958,110.3850554,9.994,-7.7692054,110.3845678,10.003
1789017721.4984124,53.1036920871768,25.21999936969673,10.0,False,False,0.0,0.0,-7.7691957,110.3850642,9.993,-7.7692053,110.3845823,10.002
1789017721.7103353,53.9408496589212,19.858997859438666,10.0,True,True,0.0,0.0,-7.7691957,110.3850718,9.993,-7.7692053,110.3845823,10.002
1789017721.9142213,53.026585444084034,12.860220904257114,10.0,True,True,0.0,0.0,-7.7691956,110.385078,9.995,-7.7692052,110.3845968,10.002
1789017722.117323,51.94687381837675,6.423587114671714,10.0,True,True,0.0,0.0,-7.7691956,110.3850828,9.997,-7.7692051,110.3846114,10.002
1789017722.318894,50.327658231486986,5.1265852974774475,10.0,True,True,0.0,0.0,-7.7691956,110.3850828,9.997,-7.7692051,110.3846261,10.001
1789017722.5217497,49.159836965919155,1.0557605671495656,10.0,True,True,0.0,0.0,-7.7691956,110.3850866,10.0,-7.769205,110.3846405,10.001
1789017722.735449,49.457476800823706,0.9630559018352044,9.329813469556523,True,True,0.0,0.0,-7.7691955,110.3850893,10.002,-7.769205,110.3846405,10.001
1789017722.9480245,48.11342358096338,0.9577745087661543,8.746147292847045,True,True,0.0,0.0,-7.7691955,110.3850912,10.003,-7.7692049,110.3846546,10.001
1789017723.1590388,46.72531827769459,0.8663785904446113,8.3872503151208,True,True,0.0,0.0,-7.7691955,110.3850923,10.003,-7.7692048,110.3846683,10.0
1789017723.360991,45.348742984185634,0.8809722192656095,8.213747722364353,True,True,0.0,0.0,-7.7691954,110.3850929,10.003,-7.7692048,110.3846814,9.999
1789017723.5653322,43.97167963059747,0.8650458018912951,8.454393212575999,True,True,0.0,0.0,-7.7691954,110.3850929,10.003,-7.7692047,110.3846939,9.998
1789017723.7687533,42.69375487853388,0.7648486564315248,8.606073084751898,True,True,0.0,0.0,-7.7691954,110.3850929,10.003,-7.7692046,110.3847055,9.997
1789017723.971658,42.6830084476354,0.7806270614516444,8.450518102832728,True,True,0.0,0.0,-7.7691953,110.3850928,10.002,-7.7692046,110.3847055,9.997
1789017724.175154,41.46044419906595,0.6760360719704838,8.95321496627353,True,True,0.0,0.0,-7.7691953,110.3850924,10.001,-7.7692046,110.3847162,9.995
1789017724.3801558,40.337026587219746,0.7361671251417073,9.933302311925257,True,True,0.0,0.0,-7.7691952,110.385092,10.001,-7.7692045,110.384726,9.994
1789017724.5820253,39.400860952035146,5.5238105984855705,10.0,True,True,0.0,0.0,-7.7691952,110.3850918,10.001,-7.7692045,110.3847343,9.993
1789017724.786843,38.62961607943348,10.833996826211285,10.0,True,True,0.0,0.0,-7.7691952,110.3850918,10.001,-7.7692044,110.3847413,9.994
1789017724.990198,38.00184669228703,16.399912834369825,10.0,True,True,0.0,0.0,-7.7691952,110.3850918,10.001,-7.7692044,110.384747,9.995
1789017725.1935854,38.00184669228703,16.499841086071662,10.0,True,True,0.0,0.0,-7.7691952,110.3850918,10.001,-7.7692044,110.384747,9.995
1789017725.4025846,37.5175625247425,21.116072852705734,10.0,True,True,0.0,0.0,-7.7691951,110.3850918,10.001,-7.7692044,110.3847514,9.998
1789017725.6057668,37.14311379608377,25.039479237855474,10.0,True,True,0.0,0.0,-7.7691951,110.3850918,10.001,-7.7692044,110.3847548,10.0
1789017725.8163726,36.87848874536549,28.57344572600868,10.0,True,True,0.0,0.0,-7.7691951,110.3850918,10.001,-7.7692043,110.3847572,10.001
1789017726.021018,36.71329129441008,31.507332282456566,10.0,True,True,0.0,0.0,-7.7691951,110.3850918,10.001,-7.7692043,110.3847587,10.002
1789017726.22409,36.713602819195614,31.40543838819214,10.0,True,True,0.0,0.0,-7.769195,110.3850918,10.001,-7.7692043,110.3847587,10.002
1789017726.4264326,36.61448546241108,34.00579191449377,10.0,True,True,0.0,0.0,-7.769195,110.3850918,10.001,-7.7692043,110.3847596,10.002
1789017726.6295922,36.57043335777759,35.96140061714421,10.0,False,False,0.0,0.0,-7.769195,110.3850918,10.001,-7.7692043,110.38476,10.001
1789017726.8315897,36.581133734270765,36.581133734270765,0.0,False,False,0.0,0.0,-7.769195,110.3850918,10.001,-7.7692042,110.3847599,10.001
1789017727.0352368,36.60315998156009,36.60315998156009,0.0,False,False,0.0,0.0,-7.769195,110.3850918,10.001,-7.7692042,110.3847597,10.0
1789017727.238446,36.60315998156009,36.60315998156009,0.0,False,False,0.0,0.0,-7.769195,110.3850918,10.001,-7.7692042,110.3847597,10.0
1789017727.4416718,36.647212520798014,36.647212520798014,0.0,False,False,0.0,0.0,-7.769195,110.3850918,10.001,-7.7692042,110.3847593,9.999
1789017727.6438963,36.66923886232422,36.66923886232422,0.0,False,False,0.0,0.0,-7.7691949,110.3850917,10.001,-7.7692041,110.384759,9.998
1789017727.8449638,36.69095679263227,36.677001263817,7.783644864915605,False,False,0.0,0.0,-7.769195,110.3850917,10.001,-7.7692041,110.3847588,9.998
1789017728.0467362,36.69095679263227,36.378142307019914,10.0,False,False,0.0,0.0,-7.769195,110.3850917,10.001,-7.7692041,110.3847588,9.998
1789017728.250537,36.70077061294795,36.23439151155163,10.0,False,False,0.0,0.0,-7.7691954,110.3850918,10.0,-7.7692041,110.3847588,9.998
1789017728.455446,36.698533526023084,36.389243042374815,10.0,False,False,0.0,0.0,-7.7691962,110.3850918,10.0,-7.7692041,110.3847588,9.998
1789017728.6662648,36.695581973489965,36.49035994261309,5.516177701422433,False,False,0.0,0.0,-7.7691974,110.3850918,10.0,-7.7692041,110.3847588,9.998
1789017728.8694704,36.69206404354112,36.58615362763979,2.8373850005144816,False,False,0.0,0.0,-7.7691992,110.3850918,10.0,-7.7692041,110.3847588,9.998
1789017729.078076,36.69206404354112,36.612597875626115,2.4596105064866185,False,False,0.0,0.0,-7.7691992,110.3850918,10.0,-7.7692041,110.3847588,9.998
1789017729.2829618,36.67797177707128,36.65111049773737,1.0874344280360024,False,False,0.0,0.0,-7.7692017,110.3850917,10.0,-7.7692041,110.3847588,9.998
1789017729.4866896,36.67710863949441,36.655731805603665,0.7629334244339568,False,False,0.0,0.0,-7.7692049,110.3850917,10.0,-7.7692041,110.3847588,9.998
1789017729.6979218,36.67003120938403,36.66615268620237,0.26132106507589564,False,False,0.0,0.0,-7.7692089,110.3850916,10.0,-7.769204,110.3847588,9.998
1789017729.9036312,36.67149198111136,36.67139036356819,0.03493322694058473,False,False,0.0,0.0,-7.7692139,110.3850915,10.0,-7.769204,110.3847588,9.998
1789017730.1150796,36.68657438634774,36.68657438634774,0.0,False,False,0.0,0.0,-7.7692199,110.3850914,10.001,-7.769204,110.3847588,9.998
1789017730.3182003,36.68657438634774,36.68657438634774,0.0,False,False,0.0,0.0,-7.7692199,110.3850914,10.001,-7.769204,110.3847588,9.998
1789017730.5226827,36.71978741390707,36.71978741390707,0.0,False,False,0.0,0.0,-7.7692267,110.3850913,10.002,-7.769204,110.3847588,9.998
1789017730.7276306,36.77453843967925,36.77453843967925,0.0,False,False,0.0,0.0,-7.7692341,110.3850912,10.003,-7.769204,110.3847588,9.998
1789017730.9309123,36.844256005477135,36.844256005477135,0.0,False,False,0.0,0.0,-7.7692421,110.385091,10.004,-7.769204,110.3847588,9.998
1789017731.1428108,36.95239364863563,36.95239364863563,0.0,False,False,0.0,0.0,-7.7692506,110.3850909,10.004,-7.7692041,110.3847588,9.998
1789017731.35494,37.080097727078694,37.080097727078694,0.0,False,False,0.0,0.0,-7.7692594,110.3850908,10.003,-7.7692047,110.3847588,9.998
1789017731.5658967,37.0620203560897,37.0620203560897,0.0,False,False,0.0,0.0,-7.7692594,110.3850908,10.003,-7.7692057,110.3847588,9.998
1789017731.7689228,37.185860740546836,37.185860740546836,0.0,False,False,0.0,0.0,-7.7692685,110.3850906,10.003,-7.7692072,110.3847588,9.998
1789017731.972653,37.37003238767545,37.37003238767545,0.0,False,False,0.0,0.0,-7.7692779,110.3850904,10.002,-7.7692072,110.3847588,9.998
1789017732.1849272,37.53031212759396,37.53031212759396,0.0,False,False,0.0,0.0,-7.7692874,110.3850902,10.002,-7.7692093,110.3847588,9.998
1789017732.3879192,37.69111712404128,37.69111712404128,0.0,False,False,0.0,0.0,-7.769297,110.38509,10.001,-7.7692121,110.3847588,9.998
1789017732.5922387,37.85014620663783,37.85014620663783,0.0,False,False,0.0,0.0,-7.7693066,110.3850898,10.001,-7.7692158,110.3847587,9.997
1789017732.8043766,37.72475867052446,37.72475867052446,0.0,False,False,0.0,0.0,-7.7693066,110.3850898,10.001,-7.7692205,110.3847586,9.997
1789017733.0144868,37.82651351512056,37.82651351512056,0.0,False,False,0.0,0.0,-7.769316,110.3850896,10.0,-7.769226,110.3847585,9.997
1789017733.2176018,38.07829562447789,38.07829562447789,0.0,False,False,0.0,0.0,-7.7693252,110.3850893,10.0,-7.769226,110.3847585,9.997
1789017733.4202578,38.149227575662515,38.149227575662515,0.0,False,False,0.0,0.0,-7.7693341,110.3850891,9.999,-7.7692324,110.3847584,9.998
1789017733.6227286,38.17515105428666,38.17515105428666,0.0,False,False,0.0,0.0,-7.7693424,110.3850889,9.998,-7.7692396,110.3847583,9.999
1789017733.8331919,37.93505882695293,37.509790781012775,10.0,False,False,0.0,0.0,-7.7693424,110.3850889,9.998,-7.7692474,110.3847582,9.999
1789017734.0376172,37.916534125997806,36.63691779998299,10.0,False,False,0.0,0.0,-7.7693501,110.3850887,9.997,-7.7692557,110.384758,9.999
1789017734.240416,37.861612335048264,36.52429894750427,8.826052194481745,False,False,0.0,0.0,-7.769357,110.3850886,9.996,-7.7692644,110.3847579,9.999
1789017734.4456534,38.02416519494855,36.613936560104655,6.492167236941326,False,False,0.0,0.0,-7.7693629,110.3850884,9.995,-7.7692644,110.3847579,9.999
1789017734.656674,37.88920562060003,36.64017754137881,4.364620307400358,False,False,0.0,0.0,-7.7693677,110.3850883,9.995,-7.7692735,110.3847578,9.999
1789017734.8677602,37.73534737270983,36.66194831158583,3.236759741241818,False,False,0.0,0.0,-7.7693715,110.3850882,9.995,-7.7692828,110.3847576,9.998
1789017735.070368,37.49453796652141,36.65433715811237,2.818059282934845,False,False,0.0,0.0,-7.7693715,110.3850882,9.995,-7.7692923,110.3847574,9.998
1789017735.2739313,37.33973717096737,36.64589769502056,2.224402315092097,False,False,0.0,0.0,-7.7693743,110.3850881,9.996,-7.7693017,110.3847572,9.998
1789017735.4777997,37.375238722812824,36.64386647600868,2.0719214105602743,False,False,0.0,0.0,-7.7693762,110.385088,9.997,-7.7693017,110.3847572,9.998
1789017735.68014,37.20537228763766,36.64897552281875,1.686344918060267,False,False,0.0,0.0,-7.7693775,110.385088,9.998,-7.7693112,110.384757,9.998
1789017735.8848994,37.04560869102594,36.65315679360394,1.3575650538474566,False,False,0.0,0.0,-7.7693782,110.385088,9.998,-7.7693207,110.3847568,9.997
1789017736.088059,36.90785978490124,36.646480436028064,1.0985046843339128,False,False,0.0,0.0,-7.7693785,110.385088,9.998,-7.76933,110.3847566,9.997
1789017736.299675,36.79816432837412,36.64562082754234,0.8781495343469155,False,False,0.0,0.0,-7.7693785,110.385088,9.998,-7.7693389,110.3847564,9.997
1789017736.5014348,36.71900131122792,36.636792099070284,0.6725454769739128,False,False,0.0,0.0,-7.7693785,110.385088,9.998,-7.7693474,110.3847562,9.996
1789017736.7050111,36.71795571973245,36.63594103296119,0.6662685358135416,False,False,0.0,0.0,-7.7693784,110.385088,9.997,-7.7693474,110.3847562,9.996
1789017736.906973,36.65536437803902,36.622008327200405,0.4665205497809665,False,False,0.0,0.0,-7.7693783,110.3850879,9.997,-7.7693554,110.384756,9.995
1789017737.1104562,36.61946600279068,36.611642982019774,0.2556140824647215,False,False,0.0,0.0,-7.7693783,110.3850879,9.996,-7.7693626,110.3847559,9.994
1789017737.3122292,36.61510520351169,36.615074164341344,0.018762967376578437,False,False,0.0,0.0,-7.7693783,110.3850879,9.996,-7.7693688,110.3847557,9.994
1789017737.5238435,36.61385980530289,36.61385980530289,0.0,False,False,0.0,0.0,-7.7693783,110.3850879,9.995,-7.7693741,110.3847556,9.994
1789017737.73373,36.61385980530289,36.61385980530289,0.0,False,False,0.0,0.0,-7.7693783,110.3850879,9.995,-7.7693741,110.3847556,9.994
1789017737.9379888,36.62189846046428,36.62189846046428,0.0,False,False,4.829108955993998e-35,8.039503609786949e-35,-7.7693782,110.3850879,9.995,-7.7693782,110.3847555,9.994
1789017738.1486142,36.63453748666459,36.63453748666459,0.0,False,False,0.0,0.0,-7.7693782,110.3850879,9.995,-7.7693813,110.3847554,9.996
1789017738.351014,36.64885232256818,36.64885232256818,0.0,False,False,0.0,0.0,-7.7693782,110.3850879,9.995,-7.7693836,110.3847553,9.997
1789017738.5536017,36.65196438550204,36.65196438550204,0.0,False,False,0.0,0.0,-7.7693782,110.3850879,9.995,-7.7693851,110.3847553,9.997
1789017738.764129,36.66494879748477,36.66494879748477,0.0,False,False,0.0,0.0,-7.7693782,110.3850879,9.995,-7.7693859,110.3847552,9.997
1789017738.9670994,36.66494879748477,36.66494879748477,0.0,False,False,0.0,0.0,-7.7693782,110.3850879,9.995,-7.7693859,110.3847552,9.997
1789017739.178688,36.666289217762966,36.666289217762966,0.0,False,False,0.0,0.0,-7.7693782,110.3850879,9.995,-7.7693864,110.3847552,9.997
1789017739.3820772,36.666567412222726,36.66418664332866,10.0,False,False,0.0,0.0,-7.7693782,110.3850879,9.995,-7.7693865,110.3847552,9.997
1789017739.5924232,36.666289176853454,36.658523201049185,10.0,False,False,0.0,0.0,-7.7693782,110.3850879,9.995,-7.7693864,110.3847552,9.996
1789017739.7967465,36.66574289811243,36.65821947040002,10.0,False,False,0.0,0.0,-7.7693782,110.3850879,9.995,-7.7693862,110.3847552,9.996
1789017739.9988577,36.66547480034766,36.663215275679676,10.0,False,False,0.0,0.0,-7.7693782,110.3850879,9.995,-7.7693861,110.3847552,9.995
1789017740.2031136,36.66547480034766,36.46326060856615,10.0,False,False,0.0,0.0,-7.7693782,110.3850879,9.995,-7.7693861,110.3847552,9.995
1789017740.406131,36.66547481398447,35.67125619585084,10.0,False,False,0.0,0.0,-7.7693782,110.3850879,9.995,-7.7693861,110.3847552,9.994
1789017740.6162972,36.62141780564228,34.331112054590655,10.0,False,False,0.0,0.0,-7.7693782,110.3850875,9.995,-7.7693861,110.3847552,9.994
1789017740.818683,36.62141784660192,34.3311120982828,10.0,False,False,0.0,0.0,-7.7693782,110.3850875,9.995,-7.7693861,110.3847552,9.993
1789017741.0309517,36.55533245980043,32.366236657102505,10.0,False,False,0.0,0.0,-7.7693782,110.3850868,9.995,-7.7693861,110.3847551,9.992
1789017741.240598,36.42316175869759,30.039783701860767,10.0,False,False,0.0,0.0,-7.7693782,110.3850856,9.995,-7.7693861,110.3847551,9.992
1789017741.4534142,36.235920507416786,27.150857554458884,10.0,False,False,0.0,0.0,-7.7693782,110.3850839,9.995,-7.7693861,110.3847551,9.991
1789017741.6568842,35.98259488663366,23.896218244496094,10.0,True,True,0.0,0.0,-7.7693782,110.3850816,9.995,-7.7693861,110.3847551,9.991
1789017741.8693032,35.641157692162835,20.159197732918866,10.0,True,True,0.0,0.0,-7.7693782,110.3850785,9.995,-7.7693861,110.3847551,9.991
1789017742.0727348,35.641157692162835,20.159197732918866,10.0,True,True,0.0,0.0,-7.7693782,110.3850785,9.995,-7.7693861,110.3847551,9.991
1789017742.2755952,35.211610503664055,15.837412209973511,10.0,True,True,0.0,0.0,-7.7693782,110.3850746,9.995,-7.7693861,110.3847551,9.991
1789017742.4873168,34.67221116060139,10.925749106153788,10.0,True,True,0.0,0.0,-7.7693781,110.3850697,9.995,-7.7693861,110.3847551,9.991
1789017742.697867,34.02240155156635,5.539990929045726,10.0,True,True,0.0,0.0,-7.7693781,110.3850638,9.996,-7.7693861,110.3847551,9.992
1789017742.9004765,33.251751286819044,1.0973475284074388,9.832265585360574,True,True,0.0,0.0,-7.769378,110.3850568,9.996,-7.7693861,110.3847551,9.993
1789017743.1115665,32.34866383991237,1.0664986524916193,8.289911106516156,True,True,0.0,0.0,-7.769378,110.3850486,9.997,-7.7693861,110.3847551,9.993
1789017743.3152454,32.359676989085195,1.0687090617966444,8.40041252634129,True,True,0.0,0.0,-7.769378,110.3850486,9.997,-7.7693861,110.384755,9.993
1789017743.5183494,31.34647991011675,1.1250023176754869,7.47624885931141,True,True,0.0,0.0,-7.769378,110.3850392,9.998,-7.7693861,110.3847548,9.994
1789017743.7289386,30.21217212038009,1.1638153314272843,6.577037384426804,True,True,0.0,0.0,-7.769378,110.3850289,9.999,-7.7693861,110.3847548,9.994
1789017743.9326077,29.04486593647634,1.1441000900541134,6.084130672259405,True,True,4.7842296618225784e-05,0.00010251920703728062,-7.769378,110.3850177,10.0,-7.7693861,110.3847542,9.994
1789017744.1432247,27.855943466492313,1.1987759167594465,5.737867661523837,True,True,0.00015974832993891712,0.00034231784986860146,-7.7693779,110.3850058,10.001,-7.7693861,110.3847531,9.994
1789017744.3454762,26.6340782343833,1.1961561652782933,5.46320376274939,True,True,0.00034517205953439037,0.0007396544132877248,-7.7693778,110.3849932,10.0,-7.7693861,110.3847516,9.994
1789017744.549931,26.876316972344984,1.2160922288069307,5.861831959495968,True,True,0.00044368891589976795,0.0009507619626398235,-7.7693778,110.3849932,10.0,-7.7693861,110.3847494,9.995
1789017744.7519593,25.73161258431614,1.1635968730755315,5.7375592298483165,True,True,0.0006296581686864515,0.0013492675043281096,-7.7693777,110.38498,10.0,-7.7693861,110.3847466,9.995
1789017744.9643826,24.22371433314589,1.2042552786772922,5.1803801136748575,True,True,0.000988414108717809,0.002118030232965468,-7.7693776,110.3849663,10.0,-7.7693861,110.3847466,9.995
1789017745.1750717,23.090284703950744,1.2165982501847263,5.204682475210949,True,True,0.0014463014546725478,0.0030992174028722816,-7.7693775,110.3849523,10.0,-7.7693861,110.3847429,9.995
1789017745.387039,22.000542500526514,1.170667914653966,5.358128983449415,True,True,0.0020073844918108204,0.004301538196738237,-7.7693774,110.3849379,10.0,-7.769386,110.3847384,9.995
1789017745.5984302,21.021470794408945,1.1380904751535996,5.688332442564171,True,True,0.0026430315016074033,0.005663638932017892,-7.7693773,110.3849234,9.999,-7.769386,110.3847328,9.995
1789017745.8081348,21.747384171146965,1.229476681112154,6.827322313768279,True,True,0.0027535591238478227,0.00590048383681524,-7.7693773,110.3849234,9.999,-7.7693859,110.3847262,9.994
1789017746.0126739,20.999459546796558,1.3585336559124794,7.817844436919262,True,True,0.002891341322508875,0.006195731405374637,-7.7693772,110.3849088,9.999,-7.7693859,110.3847184,9.994
1789017746.2184784,19.404327413611803,1.3398560500327676,7.221882810529024,True,True,0.0035779254729181005,0.007666983156253075,-7.7693771,110.3848943,10.0,-7.7693859,110.3847184,9.994
1789017746.4260244,18.810749152285304,1.4264324430353525,8.681186771443825,True,True,0.003976896642803817,0.008521921377438778,-7.7693769,110.3848799,10.0,-7.7693858,110.3847094,9.995
1789017746.632378,18.338276656543403,2.23170863912759,10.0,True,True,0.004107501023854459,0.0088017879082593,-7.7693768,110.3848656,10.001,-7.7693858,110.3846994,9.996
1789017746.8330057,17.975876655617654,6.6775094188198025,10.0,True,True,0.004324279402938489,0.009266313006297527,-7.7693767,110.3848516,10.001,-7.7693858,110.3846887,9.998
1789017747.0349023,19.252005037851692,10.992401638567719,10.0,True,True,0.0040813766243119635,0.008745807052098339,-7.7693767,110.3848516,10.001,-7.7693858,110.3846771,9.999
1789017747.2474043,17.767518059730808,11.702126581990987,10.0,True,True,0.0043835764041157705,0.009393378008819508,-7.7693766,110.3848381,10.0,-7.7693858,110.3846771,9.999
1789017747.4622889,17.6905246051595,16.991744195797335,10.0,True,True,0.004624876595874361,0.009910449848300173,-7.7693765,110.3848251,9.999,-7.7693857,110.3846648,9.999
1789017747.6668723,17.756519023299923,17.756519023299923,0.0,True,True,0.004768250131431413,0.010217678853068332,-7.7693764,110.3848129,9.997,-7.7693856,110.384652,9.999
1789017747.8794885,17.944144997782605,17.944144997782605,0.0,True,True,0.004798362080750053,0.010282204458750617,-7.7693763,110.3848014,9.995,-7.7693856,110.3846388,9.999
1789017748.0800793,18.30712808546032,18.30712808546032,0.0,True,True,0.0046928618322349,0.010056132497645705,-7.7693762,110.384791,9.993,-7.7693855,110.3846251,9.999
1789017748.2838962,19.83571603509195,19.83571603509195,0.0,True,True,0.004196650646259063,0.008992822813411773,-7.7693762,110.384791,9.993,-7.7693854,110.3846112,9.999
1789017748.4873598,20.36386727460501,20.36386727460501,0.0,True,True,0.003736413562055748,0.008006600490117689,-7.7693761,110.3847817,9.991,-7.7693853,110.3845971,9.999
1789017748.6904552,19.483637489756127,19.483637489756127,0.0,True,True,0.003610786972637839,0.00773740065565353,-7.7693761,110.3847737,9.99,-7.7693853,110.3845971,9.999
1789017748.893458,20.319853372798814,20.319853372798814,0.0,True,True,0.0033351879117253123,0.007146831239412395,-7.769376,110.3847671,9.99,-7.7693852,110.3845829,9.998
1789017749.1056046,21.309690464320923,21.309690464320923,0.0,True,True,0.002963263741001734,0.006349850873573886,-7.769376,110.3847619,9.992,-7.7693851,110.3845687,9.998
1789017749.3091683,22.88303734274821,22.88303734274821,0.0,True,True,0.0024900418492722213,0.005335803962725938,-7.769376,110.3847619,9.992,-7.769385,110.3845544,9.998
1789017749.5213344,23.972765191902422,23.972765191902422,0.0,True,True,0.002049259211475869,0.004391269738876106,-7.7693759,110.3847579,9.994,-7.7693849,110.3845405,9.998
1789017749.7242677,23.642534546214833,23.642534546214833,0.0,True,True,0.001771219096782706,0.003795469493108079,-7.7693759,110.3847549,9.996,-7.7693849,110.3845405,9.998
1789017749.9264343,24.896567264032566,24.896567264032566,0.0,True,True,0.0014713413979694997,0.003152874424221626,-7.7693759,110.3847528,9.997,-7.7693847,110.384527,9.998
1789017750.1293693,26.195667943284196,26.195667943284196,0.0,True,True,0.0011780788677652914,0.002524454716639653,-7.7693758,110.3847514,9.997,-7.7693846,110.3845138,9.998
1789017750.3298798,27.505869306098287,27.505869306098287,0.0,True,True,0.0009085475182413347,0.0019468875390870539,-7.7693758,110.3847508,9.997,-7.7693846,110.3845013,9.998
1789017750.5348878,28.793752073082654,28.793752073082654,0.0,True,True,0.0006713516679018932,0.0014386107169308544,-7.7693758,110.3847508,9.997,-7.7693845,110.3844896,9.997
1789017750.736987,28.771729703047832,28.771729703047832,0.0,True,True,0.0005060433040848744,0.0010843785087535553,-7.7693758,110.3847506,9.996,-7.7693845,110.3844896,9.997
1789017750.9414167,29.993643254022835,29.993643254022835,0.0,True,True,0.0003543952116843504,0.0007594183107529386,-7.7693758,110.3847507,9.995,-7.7693844,110.3844786,9.995
1789017751.1527526,31.11652950330969,31.11652950330969,0.0,True,True,0.00024807664817904447,0.0005315928175265242,-7.7693758,110.384751,9.994,-7.7693843,110.3844687,9.994
1789017751.3627446,32.1403666889182,32.1403666889182,0.0,True,True,0.00017365365372462262,0.0003721149722685667,-7.7693758,110.3847514,9.994,-7.7693842,110.3844598,9.992
1789017751.5733824,32.97734587209414,32.97734587209414,0.0,True,True,0.00012155755760759073,0.0002604804805887066,-7.7693758,110.3847514,9.994,-7.7693842,110.3844522,9.991
1789017751.7771342,33.68187702220938,33.68187702220938,0.0,True,True,8.509029032708786e-05,0.00018233633641316096,-7.7693758,110.3847516,9.992,-7.7693841,110.384446,9.992
1789017751.981098,33.703903650125675,33.703903650125675,0.0,True,True,5.956320322647696e-05,0.00012763543548885696,-7.7693758,110.3847518,9.99,-7.7693841,110.384446,9.992
1789017752.184622,34.24355807075314,34.24355807075314,0.0,True,True,4.169424225959933e-05,8.934480484148881e-05,-7.7693758,110.3847518,9.989,-7.7693841,110.3844411,9.993
1789017752.3864956,34.65076230501999,34.65076230501999,0.0,True,True,2.9185969579945417e-05,6.25413633876243e-05,-7.7693758,110.3847518,9.988,-7.769384,110.3844374,9.995
1789017752.5876691,34.95914434533539,34.95914434533539,0.0,True,True,2.043017870596102e-05,4.377895437346633e-05,-7.7693758,110.3847518,9.988,-7.769384,110.3844346,9.996
1789017752.7908423,35.1684047403941,35.1684047403941,0.0,False,False,1.4301125094881552e-05,3.064526806249079e-05,-7.7693758,110.3847518,9.988,-7.769384,110.3844327,9.997
1789017752.9954696,35.31129785357709,35.31129785357709,0.0,False,False,1.0010787567837917e-05,2.1451687642324723e-05,-7.7693758,110.3847519,9.988,-7.7693839,110.3844315,9.997
1789017753.199489,35.31129785357709,35.31129785357709,0.0,False,False,7.007551295001904e-06,1.5016181349982172e-05,-7.7693758,110.3847519,9.988,-7.7693839,110.3844315,9.997
1789017753.4021225,35.366366595777905,35.366366595777905,0.0,False,False,4.90528590898573e-06,1.051132694427636e-05,-7.7693758,110.3847519,9.989,-7.7693839,110.384431,9.996
1789017753.6060357,35.38839410613799,35.08392805582262,10.0,False,False,3.4337001362902785e-06,7.357928859930252e-06,-7.7693758,110.3847519,9.99,-7.7693839,110.3844308,9.996
1789017753.8092887,35.36636625647248,34.26206095934287,10.0,False,False,2.403590094692144e-06,5.150550204434082e-06,-7.7693758,110.3847519,9.99,-7.7693839,110.384431,9.995
1789017754.0212765,35.33332450616978,34.03126346780462,10.0,False,False,1.6825130659307309e-06,3.6053851438139777e-06,-7.7693758,110.3847519,9.991,-7.7693839,110.3844313,9.994
1789017754.225381,35.333324435415044,34.03126339434276,10.0,False,False,1.1777591465052814e-06,2.5237696006694624e-06,-7.7693758,110.3847519,9.992,-7.7693839,110.3844313,9.994
1789017754.4269679,35.30028293134039,34.298137819223456,10.0,False,False,8.244314018434942e-07,1.7666387197589825e-06,-7.7693758,110.3847519,9.992,-7.7693839,110.3844316,9.994
1789017754.6391337,35.27825523010574,35.07190018226353,10.0,False,False,5.77101982712022e-07,1.236647102766577e-06,-7.7693758,110.3847519,9.993,-7.7693839,110.3844318,9.992
1789017754.8490996,35.26724144741272,35.26724144741272,0.0,False,False,4.0397138612192656e-07,8.656529722918581e-07,-7.7693758,110.3847519,9.993,-7.7693839,110.3844319,9.991
1789017755.0596056,35.25594538443463,35.25594538443463,0.0,False,False,2.8277996992990156e-07,6.059570809601249e-07,-7.7693758,110.3847519,9.993,-7.7693838,110.384432,9.99
1789017755.272544,35.2551195595005,35.2551195595005,0.0,False,False,1.979459803726366e-07,4.2416995489738584e-07,-7.7693761,110.3847519,9.993,-7.7693838,110.384432,9.989
1789017755.4846349,35.25356234895803,35.25356234895803,0.0,False,False,1.3856218590452288e-07,2.969189687818574e-07,-7.7693767,110.3847519,9.993,-7.7693838,110.384432,9.989
1789017755.6884704,35.2510352373686,35.2510352373686,0.0,False,False,9.699352942317521e-08,2.078432788567843e-07,-7.7693778,110.3847519,9.993,-7.7693838,110.384432,9.989
1789017755.8896654,35.248116934475675,35.248116934475675,0.0,False,False,6.789547272639884e-08,1.4549029413596072e-07,-7.7693794,110.3847519,9.994,-7.7693838,110.384432,9.989
1789017756.0912008,35.24549467314244,35.24549467314244,0.0,False,False,4.752682984316116e-08,1.0184320731475896e-07,-7.7693816,110.3847519,9.994,-7.7693837,110.384432,9.989
1789017756.2937074,35.234477497594426,35.234477497594426,0.0,False,False,3.3268782310420914e-08,7.12902447651789e-08,-7.7693816,110.3847519,9.994,-7.7693837,110.3844321,9.989
1789017756.5045543,35.233815766965016,35.233815766965016,0.0,False,False,2.3288148326848277e-08,4.990316991606633e-08,-7.7693845,110.3847519,9.994,-7.7693837,110.3844321,9.99
1789017756.7056007,35.23710009029393,35.23710009029393,0.0,False,False,1.6301703474228337e-08,3.493222071602001e-08,-7.7693881,110.3847519,9.994,-7.7693837,110.3844321,9.99
1789017756.911571,35.25861166924438,35.25861166924438,0.0,False,False,1.1411191721692271e-08,2.4452555211803753e-08,-7.7693926,110.384752,9.994,-7.7693837,110.3844321,9.991
1789017757.1234977,35.30308592476514,35.30308592476514,0.0,False,False,7.987832784170307e-09,1.7116787581340495e-08,-7.7693981,110.3847522,9.995,-7.7693837,110.3844321,9.992
1789017757.327221,35.35278211112188,35.35278211112188,0.0,False,False,5.5914829523008975e-09,1.198175272340059e-08,-7.7694044,110.3847523,9.996,-7.7693837,110.3844321,9.992
1789017757.5379055,35.35278211112188,35.35278211112188,0.0,False,False,3.91403735779853e-09,8.38722442365971e-09,-7.7694044,110.3847523,9.996,-7.7693837,110.3844321,9.992
1789017757.7410173,35.42392274906613,35.42392274906613,0.0,False,False,2.7398265024141185e-09,5.871057806332331e-09,-7.7694115,110.3847524,9.997,-7.7693837,110.3844321,9.992
1789017757.9507823,35.5185980875328,35.5185980875328,0.0,False,False,1.9178792662796657e-09,4.109739758550538e-09,-7.7694192,110.3847525,9.998,-7.7693838,110.3844321,9.993
1789017758.1622534,35.63606395985506,35.63606395985506,0.0,False,False,1.3425140724119405e-09,2.876818889973746e-09,-7.7694274,110.3847526,9.999,-7.7693842,110.3844321,9.993
1789017758.3756819,35.77771295720228,35.77771295720228,0.0,False,False,9.397619650246124e-10,2.013774638992286e-09,-7.7694361,110.3847527,9.999,-7.7693849,110.3844321,9.993
1789017758.5785785,35.75499544257289,35.75499544257289,0.0,False,False,6.578330262170908e-10,1.4096411824185117e-09,-7.7694361,110.3847527,9.999,-7.7693862,110.3844321,9.993
1789017758.7895284,35.90767539807984,35.90767539807984,0.0,False,False,4.60484175533765e-10,9.867477647611191e-10,-7.769445,110.3847529,9.998,-7.769388,110.3844321,9.993
1789017759.0008063,36.06181441666025,36.06181441666025,0.0,False,False,3.2233964425416445e-10,6.907227330638734e-10,-7.7694543,110.384753,9.998,-7.7693904,110.3844321,9.994
1789017759.211318,36.303705051208,36.303705051208,0.0,False,False,2.2563702395837337e-10,4.83505907394726e-10,-7.7694637,110.3847532,9.998,-7.7693904,110.3844321,9.994
1789017759.4140368,36.486051472037346,36.486051472037346,0.0,False,False,1.579445046760141e-10,3.3845557427051306e-10,-7.7694731,110.3847534,9.998,-7.7693936,110.3844321,9.994
1789017759.6159215,36.649674586212576,36.649674586212576,0.0,False,False,1.1056046261665664e-10,2.3691677618100226e-10,-7.7694826,110.3847536,9.997,-7.7693976,110.3844322,9.994
1789017759.8272011,36.51024616710466,36.51024616710466,0.0,False,False,7.739338481885495e-11,1.6584244918273059e-10,-7.7694826,110.3847536,9.997,-7.7694026,110.3844322,9.994
1789017760.0284572,36.617671638615015,36.617671638615015,0.0,False,False,5.417609078372739e-11,1.1609005792213088e-10,-7.769492,110.3847538,9.997,-7.7694085,110.3844323,9.995
1789017760.232016,36.91149373127612,36.91149373127612,0.0,False,False,3.7921484878384224e-11,8.126234216494855e-11,-7.7695012,110.384754,9.997,-7.7694085,110.3844323,9.995
1789017760.4437227,36.980553248119236,36.980553248119236,0.0,False,False,2.6545745437319127e-11,5.688575768519814e-11,-7.7695101,110.3847541,9.996,-7.7694152,110.3844324,9.997
1789017760.64695,37.026190166689986,37.026190166689986,0.0,False,False,1.858379668093572e-11,3.982039285751534e-11,-7.7695186,110.3847543,9.996,-7.7694226,110.3844325,9.998
1789017760.849536,37.03353611856527,36.47542569763353,10.0,False,False,1.3007943846510368e-11,2.7872126170703714e-11,-7.7695264,110.3847545,9.995,-7.7694305,110.3844326,9.999
1789017761.0527325,36.764840036800905,35.91595571005909,10.0,False,False,9.106965221179017e-12,1.9511915911269502e-11,-7.7695264,110.3847545,9.995,-7.7694389,110.3844327,9.999
1789017761.2550151,36.71041406489821,35.44302542671809,9.107393991796256,False,False,6.372414197424216e-12,1.365871130258456e-11,-7.7695336,110.3847546,9.995,-7.7694476,110.3844329,9.999
1789017761.467738,36.91717114123352,35.394498488679424,7.138058207108403,False,False,4.4628194033701986e-12,9.562170486874009e-12,-7.7695398,110.3847548,9.994,-7.7694476,110.3844329,9.999
1789017761.6702154,36.802066546584165,35.31889209462379,4.995867518717684,False,False,3.1222027229698808e-12,6.692435472560196e-12,-7.7695451,110.3847549,9.994,-7.7694567,110.384433,9.999
1789017761.8817294,36.63559464244306,35.27148971391855,3.7794566408046006,False,False,2.1869463402576978e-12,4.683304084454821e-12,-7.7695492,110.384755,9.995,-7.7694662,110.3844332,9.999
1789017762.0845878,36.443997176079584,35.288904181792006,2.955015331720458,False,False,1.5290800843392185e-12,3.2786448012261513e-12,-7.7695524,110.384755,9.996,-7.7694757,110.3844334,9.999
1789017762.2885003,36.20287209568715,35.29527671950711,2.6066229095713687,False,False,1.070363709152445e-12,2.2971886636409126e-12,-7.7695524,110.384755,9.996,-7.7694851,110.3844335,9.998
1789017762.4909031,36.264993016985905,35.29184600008329,2.425438733942871,False,False,7.503232514873142e-13,1.6073202679714278e-12,-7.7695546,110.3847551,9.997,-7.7694851,110.3844335,9.998
1789017762.6931543,36.06426064886722,35.27466365772004,2.0226224373359085,False,False,5.262891839008253e-13,1.1237005948791351e-12,-7.7695561,110.3847551,9.997,-7.7694946,110.3844337,9.998
1789017762.8951104,35.87347684508545,35.27546253384824,1.6895898744882867,False,False,3.6627857762791294e-13,7.858939983402054e-13,-7.769557,110.3847551,9.997,-7.7695041,110.3844339,9.998
1789017763.0988846,35.71668609759298,35.26808465457595,1.4540820205359926,False,False,2.560362053286456e-13,5.511925358410281e-13,-7.7695575,110.3847552,9.997,-7.7695133,110.3844341,9.997
1789017763.302282,35.57456657121132,35.260737316554355,1.2809175540364026,False,False,1.8135499054267466e-13,3.8405430799296843e-13,-7.7695575,110.3847552,9.997,-7.769522,110.3844343,9.997
1789017763.514734,35.46300952863483,35.265717024899736,1.0580181893659983,False,False,1.2445912073817566e-13,2.7025300536698455e-13,-7.7695576,110.3847552,9.997,-7.7695303,110.3844345,9.996
1789017763.726247,35.46205942450206,35.26696721980204,1.0374155847431323,False,False,8.889801939475746e-14,1.8847297269225667e-13,-7.7695575,110.3847552,9.996,-7.7695303,110.3844345,9.996
1789017763.9294076,35.387639440217505,35.275992934079085,0.864098376386276,False,False,6.045488048031315e-14,1.3157712050811353e-13,-7.7695574,110.3847552,9.996,-7.769538,110.3844346,9.995
1789017764.1320436,35.32671189038259,35.26279505757681,0.7477603925715849,False,False,4.2674321619146444e-14,9.245698450739776e-14,-7.7695573,110.3847552,9.995,-7.7695449,110.3844348,9.995
1789017764.3448732,35.29617696781082,35.26554935511549,0.6227757896134211,False,False,3.200216664857519e-14,6.40090513321614e-14,-7.7695573,110.3847552,9.995,-7.7695508,110.3844349,9.994
1789017764.5489864,35.278264899924544,35.270122173484125,0.4074356627965068,False,False,2.1335951267545534e-14,4.622671120726687e-14,-7.7695573,110.3847552,9.995,-7.7695556,110.384435,9.994
1789017764.7627237,35.267513930728924,35.26642158909973,0.20111923550937572,False,False,1.422518606250236e-14,3.20039269013183e-14,-7.7695573,110.3847552,9.994,-7.7695594,110.3844351,9.995
1789017764.965783,35.267513930728924,35.26642158909973,0.20111923550937572,False,False,1.0667388882858398e-14,2.1337779093753537e-14,-7.7695573,110.3847552,9.994,-7.7695594,110.3844351,9.995
1789017765.1759222,35.27094944374118,35.27051610604355,0.17836883578328847,False,False,7.113229329843195e-15,1.422645865968639e-14,-7.7695572,110.3847552,9.994,-7.7695621,110.3844351,9.996
1789017765.3867443,35.26407089935074,35.26407089935074,0.0,False,False,3.5596458096434965e-15,1.0667388882858398e-14,-7.7695572,110.3847552,9.994,-7.7695641,110.3844352,9.997
1789017765.5871894,35.26722629373145,35.26722629373145,0.0,False,False,3.5566146649215975e-15,7.113229329843195e-15,-7.7695572,110.3847552,9.994,-7.7695653,110.3844352,9.997
1789017765.7917972,35.26929993902459,35.26929993902459,0.0,False,False,3.554447978966673e-15,7.108895957933346e-15,-7.7695572,110.3847552,9.994,-7.769566,110.3844352,9.997
1789017765.9954314,35.27024119076555,35.27024119076555,0.0,False,False,1.1102230246251565e-16,3.554447978966673e-15,-7.7695572,110.3847552,9.994,-7.7695663,110.3844352,9.997
1789017766.2007186,35.259228314361685,35.259228314361685,0.0,False,False,0.0,3.554447978966673e-15,-7.7695572,110.3847551,9.994,-7.7695663,110.3844352,9.997
1789017766.4111972,35.25954909976828,35.25954909976828,0.0,False,False,0.0,3.554447978966673e-15,-7.7695572,110.3847551,9.994,-7.7695664,110.3844352,9.996
1789017766.624889,35.25922824345826,35.25922824345826,0.0,False,False,0.0,0.0,-7.7695572,110.3847551,9.994,-7.7695663,110.3844352,9.996
1789017766.825306,35.2589108484059,35.2589108484059,0.0,False,False,0.0,0.0,-7.7695572,110.3847551,9.994,-7.7695662,110.3844352,9.995
1789017767.0358024,35.258596999790285,35.258596999790285,0.0,False,False,0.0,0.0,-7.7695572,110.3847551,9.994,-7.7695661,110.3844352,9.995
1789017767.237024,35.258596999790285,35.258596999790285,0.0,False,False,0.0,0.0,-7.7695572,110.3847551,9.994,-7.7695661,110.3844352,9.995
1789017767.4477403,35.25828664098463,35.25828664098463,0.0,False,False,0.0,0.0,-7.7695572,110.3847551,9.994,-7.769566,110.3844352,9.994
1789017767.6514235,35.28031298453427,35.28031298453427,0.0,False,False,0.0,0.0,-7.7695572,110.3847553,9.994,-7.769566,110.3844352,9.994
1789017767.8541732,35.346392083318925,35.346392083318925,0.0,False,False,0.0,0.0,-7.7695572,110.3847559,9.994,-7.769566,110.3844352,9.994
1789017768.066667,35.346701654355456,35.346701654355456,0.0,False,False,0.0,0.0,-7.7695572,110.3847559,9.994,-7.7695661,110.3844352,9.994
1789017768.26964,35.45683274690505,35.45683274690505,0.0,False,False,0.0,0.0,-7.7695572,110.3847569,9.995,-7.7695661,110.3844352,9.994
1789017768.4722946,35.622029863790246,35.622029863790246,0.0,False,False,0.0,0.0,-7.7695572,110.3847584,9.995,-7.7695661,110.3844352,9.994
1789017768.6766195,35.86401492552607,35.86401492552607,0.0,False,False,0.0,0.0,-7.7695573,110.3847605,9.995,-7.7695661,110.3844351,9.994
1789017768.8798778,36.172388639464344,36.172388639464344,0.0,False,False,0.0,0.0,-7.7695573,110.3847633,9.995,-7.7695661,110.3844351,9.994
1789017769.0836837,36.172089553279115,36.172089553279115,0.0,False,False,0.0,0.0,-7.7695573,110.3847633,9.995,-7.769566,110.3844351,9.994
1789017769.2941148,36.56857610707834,36.56857610707834,0.0,False,False,0.0,0.0,-7.7695573,110.3847669,9.995,-7.769566,110.3844351,9.994
1789017769.4970863,37.07520218307477,37.07520218307477,0.0,False,False,0.0,0.0,-7.7695573,110.3847715,9.995,-7.769566,110.3844351,9.994
1789017769.7084374,37.68095692866516,37.68095692866516,0.0,False,False,0.0,0.0,-7.7695573,110.384777,9.995,-7.769566,110.3844351,9.994
1789017769.9108942,38.41916663908808,38.41916663908808,0.0,False,False,0.0,0.0,-7.7695572,110.3847837,9.996,-7.769566,110.3844351,9.994
1789017770.1142669,39.27825227780596,39.27825227780596,0.0,False,False,0.0,0.0,-7.7695572,110.3847915,9.996,-7.769566,110.3844351,9.993
1789017770.3171241,39.2782523669138,39.2782523669138,0.0,False,False,0.0,0.0,-7.7695572,110.3847915,9.996,-7.769566,110.3844351,9.992
1789017770.526545,40.225463191302346,40.225463191302346,0.0,False,False,0.0,0.0,-7.7695572,110.3848005,9.998,-7.769566,110.3844355,9.991
1789017770.7306917,41.3268873742916,41.3268873742916,0.0,False,False,0.0,0.0,-7.7695572,110.3848105,9.999,-7.769566,110.3844355,9.991
1789017770.9404283,42.450357243019795,42.450357243019795,0.0,False,False,0.0,0.0,-7.7695572,110.3848214,10.001,-7.769566,110.3844362,9.991
1789017771.1443317,43.60713734254948,43.60713734254948,0.0,False,False,0.0,0.0,-7.7695571,110.3848331,10.001,-7.769566,110.3844374,9.991
1789017771.3450384,44.77469021017541,44.77469021017541,0.0,False,False,0.0,0.0,-7.7695571,110.3848454,10.001,-7.769566,110.3844391,9.991
1789017771.5583694,44.51033705820407,44.51033705820407,0.0,False,False,0.0,0.0,-7.7695571,110.3848454,10.001,-7.769566,110.3844415,9.992
1789017771.7623746,45.62306980471419,45.62306980471419,0.0,False,False,0.0,0.0,-7.769557,110.3848585,10.001,-7.769566,110.3844445,9.993
1789017771.9644654,47.11031156157932,47.11031156157932,0.0,False,False,0.0,0.0,-7.7695569,110.384872,10.001,-7.769566,110.3844445,9.993
1789017772.169165,48.201024267118136,48.201024267118136,0.0,False,False,0.0,0.0,-7.7695568,110.3848859,10.002,-7.769566,110.3844485,9.994
1789017772.3808298,49.22565006786625,49.22565006786625,0.0,False,False,0.0,0.0,-7.7695567,110.3849001,10.002,-7.769566,110.3844534,9.994
1789017772.5818114,50.16215771627604,50.16215771627604,0.0,False,False,0.0,0.0,-7.7695566,110.3849145,10.002,-7.769566,110.3844593,9.995
1789017772.7858799,49.401889645770346,49.401889645770346,0.0,False,False,0.0,0.0,-7.7695566,110.3849145,10.002,-7.7695659,110.3844662,9.996
1789017772.995452,50.1070823952751,50.1070823952751,0.0,False,False,0.0,0.0,-7.7695565,110.3849291,10.002,-7.7695659,110.3844744,9.997
1789017773.1979315,51.715511577415775,51.715511577415775,0.0,False,False,0.0,0.0,-7.7695564,110.3849437,10.002,-7.7695659,110.3844744,9.997
1789017773.409606,52.27750936984685,52.27750936984685,0.0,False,False,0.0,0.0,-7.7695563,110.3849581,10.001,-7.7695659,110.3844837,9.999
1789017773.6123142,52.740371314978674,52.740371314978674,0.0,False,False,0.0,0.0,-7.7695562,110.3849726,10.001,-7.7695659,110.384494,10.0
1789017773.8237855,51.52871525303478,51.52871525303478,0.0,False,False,0.0,0.0,-7.7695562,110.3849726,10.001,-7.7695659,110.384505,10.002
1789017774.036223,51.793075552558854,51.793075552558854,0.0,False,False,0.0,0.0,-7.7695561,110.3849867,10.001,-7.7695658,110.3845167,10.002
1789017774.238934,53.30259783315557,53.30259783315557,0.0,False,False,0.0,0.0,-7.7695559,110.3850004,10.0,-7.7695658,110.3845167,10.002
1789017774.4422197,53.36891887049889,53.36891887049889,0.0,False,False,0.0,0.0,-7.7695558,110.3850136,9.999,-7.7695658,110.3845293,10.003
1789017774.6446316,53.33587400990245,48.73696817932907,10.0,False,False,0.0,0.0,-7.7695557,110.3850262,9.997,-7.7695657,110.3845422,10.003
1789017774.8477318,53.15963427035121,42.962395862682,10.0,False,False,0.0,0.0,-7.7695556,110.3850379,9.994,-7.7695656,110.3845555,10.003
1789017775.0595334,51.65035034443757,40.15109375565571,10.0,False,False,0.0,0.0,-7.7695556,110.3850379,9.994,-7.7695655,110.3845692,10.003
1789017775.2621894,51.30865166125413,34.308617298038435,10.0,False,False,0.0,0.0,-7.7695556,110.3850488,9.992,-7.7695654,110.3845832,10.003
1789017775.4736266,52.36632262142346,30.168204362840413,10.0,False,False,0.0,0.0,-7.7695555,110.3850584,9.99,-7.7695654,110.3845832,10.003
1789017775.6767004,51.738470539038616,23.244222530000105,10.0,True,True,0.0,0.0,-7.7695554,110.3850669,9.989,-7.7695653,110.3845974,10.002
1789017775.8793197,50.96742885714494,16.07550260521025,10.0,True,True,0.0,0.0,-7.7695553,110.385074,9.989,-7.7695652,110.3846115,10.002
1789017776.0915732,49.39207145867974,14.601424408976966,10.0,True,True,0.0,0.0,-7.7695553,110.385074,9.989,-7.7695651,110.3846258,10.002
1789017776.2950428,48.45557441252822,8.678570173217365,10.0,True,True,0.0,0.0,-7.7695553,110.3850796,9.99,-7.769565,110.3846399,10.001
1789017776.5001416,48.951482472868264,4.098799345048281,10.0,True,True,0.0,0.0,-7.7695552,110.3850841,9.991,-7.769565,110.3846399,10.001
1789017776.70495,47.77266587279746,0.6858923989917701,9.972019261576603,True,True,0.0,0.0,-7.7695552,110.3850874,9.993,-7.7695649,110.3846539,10.001
1789017776.9149833,46.561067075996554,0.6121709046298442,9.329600314036375,True,True,0.0,0.0,-7.7695551,110.3850898,9.995,-7.7695648,110.3846673,10.001
1789017777.1179373,45.31617910499458,0.6197898702384256,8.954491787822255,True,True,0.0,0.0,-7.7695551,110.3850914,9.996,-7.7695647,110.3846802,10.0
1789017777.3210588,43.95014190399799,0.687108225298811,9.231768694374248,True,True,0.0,0.0,-7.7695551,110.3850914,9.996,-7.7695646,110.3846926,9.998
1789017777.5236855,42.77135537976597,0.6781808723743382,9.176910521749141,True,True,0.0,0.0,-7.7695551,110.3850923,9.996,-7.7695645,110.3847042,9.996
1789017777.727551,42.80439775674325,0.6930143183164151,8.806036588343373,True,True,0.0,0.0,-7.7695551,110.3850926,9.996,-7.7695645,110.3847042,9.996
1789017777.9323068,41.61460424419449,0.669159410927079,9.12447875598726,True,True,0.0,0.0,-7.7695551,110.3850926,9.995,-7.7695644,110.384715,9.995
1789017778.1364255,40.53495788156056,0.7286257790378695,9.812915145158165,True,True,0.0,0.0,-7.7695551,110.3850924,9.994,-7.7695643,110.3847246,9.993
1789017778.339155,39.54342835061686,3.9944260910103297,10.0,True,True,0.0,0.0,-7.7695551,110.385092,9.993,-7.7695642,110.3847332,9.991
1789017778.5418646,38.7504396440916,9.37245607749312,10.0,True,True,0.0,0.0,-7.7695551,110.385092,9.993,-7.7695642,110.3847404,9.991
1789017778.7528996,38.70638828921685,9.647663600741486,10.0,True,True,0.0,0.0,-7.7695551,110.3850916,9.975,-7.7695642,110.3847404,9.991
1789017778.963213,38.034359537299345,15.317957933035382,10.0,True,True,0.0,0.0,-7.7695551,110.3850913,9.905,-7.7695641,110.3847462,9.991
1789017779.1666386,37.505850330638374,20.19355301858104,10.0,True,True,0.0,0.0,-7.7695552,110.385091,9.793,-7.7695641,110.3847507,9.993
1789017779.368826,37.099024833393145,24.1904452171832,10.0,True,True,0.0,0.0,-7.7695552,110.3850907,9.661,-7.769564,110.3847541,9.995
1789017779.5730028,36.82370636859887,27.726436568192376,10.0,True,True,0.0,0.0,-7.7695552,110.3850907,9.661,-7.769564,110.3847566,9.996
1789017779.7835245,36.615981214034086,30.68306469160571,10.0,True,True,0.0,0.0,-7.7695552,110.3850904,9.524,-7.769564,110.3847582,9.997
1789017779.984607,36.58465898335766,30.638089540816225,10.0,True,True,0.0,0.0,-7.7695553,110.3850901,9.388,-7.769564,110.3847582,9.997
1789017780.1882777,36.45495900174063,33.26569246302203,10.0,True,True,0.0,0.0,-7.7695553,110.3850899,9.256,-7.769564,110.3847592,9.997
1789017780.3911707,36.391699187934584,35.35845305758662,10.0,False,False,0.0,0.0,-7.7695553,110.3850897,9.129,-7.769564,110.3847596,9.997
1789017780.6026266,36.36154551234868,36.35808685595019,1.0436805267643967,False,False,0.0,0.0,-7.7695554,110.3850894,9.004,-7.769564,110.3847596,9.996
1789017780.8038726,36.39454679221894,36.39454679221894,0.0,False,False,0.0,0.0,-7.7695554,110.3850894,9.004,-7.769564,110.3847593,9.995
1789017781.0066886,36.39813429574397,36.39813429574397,0.0,False,False,0.0,0.0,-7.7695554,110.3850892,8.88,-7.769564,110.3847591,9.995
1789017781.2083123,36.390778078236984,36.390778078236984,0.0,False,False,0.0,0.0,-7.7695555,110.3850891,8.758,-7.769564,110.3847591,9.995
1789017781.4195037,36.40561545864805,36.40561545864805,0.0,False,False,0.0,0.0,-7.7695555,110.3850889,8.634,-7.769564,110.3847588,9.979
1789017781.6212022,36.4297769400822,36.4297769400822,0.0,False,False,0.0,0.0,-7.7695555,110.3850888,8.511,-7.769564,110.3847585,9.913
1789017781.8275092,36.45872977332066,36.45872977332066,0.0,False,False,0.0,0.0,-7.7695555,110.3850888,8.511,-7.769564,110.3847582,9.803
1789017782.0287483,36.4804961207931,36.4804961207931,0.0,False,False,0.0,0.0,-7.7695555,110.3850887,8.388,-7.769564,110.3847579,9.673
1789017782.2309036,36.474107543135624,36.474107543135624,0.0,False,False,0.0,0.0,-7.7695555,110.3850886,8.263,-7.769564,110.3847579,9.673
1789017782.4414039,36.5066242199367,36.5066242199367,0.0,False,False,0.0,0.0,-7.7695555,110.3850886,8.138,-7.769564,110.3847576,9.535
1789017782.6455214,36.51709697370536,36.51709697370536,0.0,False,False,0.0,0.0,-7.7695555,110.3850885,8.014,-7.769564,110.3847574,9.397
1789017782.8500328,36.54985025216889,36.54985025216889,0.0,False,False,0.0,0.0,-7.7695555,110.3850885,7.889,-7.769564,110.3847571,9.265
1789017783.0607927,36.567558956393405,36.567558956393405,0.0,False,False,0.0,0.0,-7.7695555,110.3850885,7.889,-7.7695641,110.3847569,9.137
1789017783.264184,36.578566185617404,36.578566185617404,0.0,False,False,0.0,0.0,-7.7695555,110.3850884,7.764,-7.7695641,110.3847567,9.012
1789017783.466594,36.5830442855101,36.5830442855101,0.0,False,False,0.0,0.0,-7.7695555,110.3850884,7.639,-7.7695641,110.3847567,9.012
1789017783.6684735,36.60509358974768,36.60509358974768,0.0,False,False,0.0,0.0,-7.7695555,110.3850884,7.515,-7.7695641,110.3847565,8.889
1789017783.8811147,36.61617458264075,36.61617458264075,0.0,False,False,0.0,0.0,-7.7695555,110.3850883,7.39,-7.7695641,110.3847563,8.766
1789017784.0844078,36.62309214471574,36.62309214471574,0.0,False,False,0.0,0.0,-7.7695555,110.3850883,7.39,-7.7695642,110.3847562,8.644
1789017784.2868094,36.64517486508986,36.64517486508986,0.0,False,False,0.0,0.0,-7.7695555,110.3850883,7.265,-7.7695642,110.384756,8.521
1789017784.488939,36.64967211167125,36.64967211167125,0.0,False,False,0.0,0.0,-7.7695555,110.3850883,7.14,-7.7695642,110.384756,8.521
1789017784.6933236,36.66071554555672,36.66071554555672,0.0,False,False,0.0,0.0,-7.7695555,110.3850883,7.015,-7.7695642,110.3847559,8.397
1789017784.8974166,36.66101065406078,36.66101065406078,0.0,False,False,0.0,0.0,-7.7695554,110.3850882,6.89,-7.7695642,110.3847558,8.272
1789017785.097908,36.66101065406078,36.66101065406078,0.0,False,False,0.0,0.0,-7.7695554,110.3850882,6.765,-7.7695642,110.3847558,8.147
1789017785.3132002,36.66758701310101,36.66758701310101,0.0,False,False,0.0,0.0,-7.7695554,110.3850882,6.765,-7.7695642,110.3847557,8.024
1789017785.5150325,36.66758701310101,36.66758701310101,0.0,False,False,0.0,0.0,-7.7695554,110.3850882,6.64,-7.7695642,110.3847557,7.899
1789017785.726395,36.67209173695078,36.67209173695078,0.0,False,False,0.0,0.0,-7.7695554,110.3850882,6.515,-7.7695642,110.3847557,7.899
1789017785.9297285,36.672054010695035,36.66952198069186,10.0,False,False,0.0,0.0,-7.7695554,110.3850881,6.391,-7.7695642,110.3847556,7.774
1789017786.1351027,36.672054010695035,36.66952198069186,10.0,False,False,0.0,0.0,-7.7695554,110.3850881,6.266,-7.7695642,110.3847556,7.649
1789017786.3457832,36.667552691219164,36.665020350361786,10.0,False,False,0.0,0.0,-7.7695554,110.3850881,6.266,-7.7695642,110.3847556,7.524
1789017786.5579093,36.67852541244028,36.675993829208466,10.0,False,False,0.0,0.0,-7.7695554,110.3850881,6.142,-7.7695642,110.3847555,7.399
1789017786.7609148,36.678456925435505,36.67592533747632,10.0,False,False,0.0,0.0,-7.7695554,110.3850881,6.017,-7.7695642,110.3847555,7.272
1789017786.9644225,36.68294668413414,36.68041540604655,10.0,False,False,0.0,0.0,-7.7695554,110.3850881,5.892,-7.7695642,110.3847555,7.272
1789017787.1686647,36.68294668413414,36.68041540604655,10.0,False,False,0.0,0.0,-7.7695554,110.3850881,5.768,-7.7695642,110.3847555,7.148
1789017787.378337,36.69399000041813,36.691459484189174,10.0,False,False,0.0,0.0,-7.7695554,110.3850881,5.643,-7.7695642,110.3847554,7.024
1789017787.5915012,36.68302197633509,36.68049070344334,10.0,False,False,0.0,0.0,-7.7695554,110.385088,5.517,-7.7695642,110.3847554,6.899
1789017787.801109,36.67852541087609,36.67599382764416,10.0,False,False,0.0,0.0,-7.7695554,110.385088,5.517,-7.7695642,110.3847554,6.774
1789017788.0041046,36.67852541087609,36.67599382764416,10.0,False,False,0.0,0.0,-7.7695554,110.385088,5.392,-7.7695642,110.3847554,6.649
1789017788.2159684,36.68302197633509,36.68049070344334,10.0,False,False,0.0,0.0,-7.7695554,110.385088,5.267,-7.7695642,110.3847554,6.649
1789017788.4189527,36.683059664050425,36.680528393759445,10.0,False,False,0.0,0.0,-7.7695554,110.385088,5.142,-7.7695642,110.3847554,6.525
1789017788.6214483,36.69410302965294,36.6915725212193,10.0,False,False,0.0,0.0,-7.7695554,110.385088,5.016,-7.7695642,110.3847553,6.4
1789017788.8244295,36.6895667070461,36.687035885717115,10.0,False,False,0.0,0.0,-7.7695554,110.385088,5.016,-7.7695642,110.3847553,6.274
1789017789.0265956,36.68953243298128,36.68700160928793,10.0,False,False,0.0,0.0,-7.7695554,110.385088,4.892,-7.7695642,110.3847553,6.149
1789017789.22989,36.69402764961603,36.69149713598364,10.0,False,False,0.0,0.0,-7.7695554,110.385088,4.767,-7.7695642,110.3847553,6.149
1789017789.4406443,36.69406532602766,36.69153481499371,10.0,False,False,0.0,0.0,-7.7695554,110.385088,4.642,-7.7695642,110.3847553,6.025
1789017789.643191,36.69410302965294,36.6915725212193,10.0,False,False,0.0,0.0,-7.7695554,110.385088,4.516,-7.7695642,110.3847553,5.9
1789017789.843703,36.69406532602766,36.69153481499371,10.0,False,False,0.0,0.0,-7.7695554,110.385088,4.392,-7.7695642,110.3847553,5.775
1789017790.0497344,36.68960100833458,36.68707018937183,10.0,False,False,0.0,0.0,-7.7695554,110.385088,4.392,-7.7695642,110.3847553,5.651
1789017790.2591722,36.68960100833458,36.68960100833458,0.0,False,False,0.0,0.0,-7.7695554,110.3850879,4.268,-7.7695642,110.3847552,5.527
1789017790.4617949,36.69410302965294,36.69410302965294,0.0,False,False,0.0,0.0,-7.7695554,110.3850879,4.143,-7.7695642,110.3847552,5.527
1789017790.6717286,36.69410302965294,36.69410302965294,0.0,False,False,0.0,0.0,-7.7695554,110.3850879,4.018,-7.7695642,110.3847552,5.402
1789017790.8817642,36.69406532602766,36.69406532602766,0.0,False,False,0.0,0.0,-7.7695554,110.3850879,3.894,-7.7695642,110.3847552,5.277
1789017791.0827992,36.69402764961603,36.69402764961603,0.0,False,False,0.0,0.0,-7.7695554,110.3850879,3.769,-7.7695642,110.3847552,5.151
1789017791.2865074,36.68953243298128,36.68953243298128,0.0,False,False,0.0,0.0,-7.7695554,110.3850879,3.769,-7.7695642,110.3847552,5.026
1789017791.4983675,36.69402764961603,36.69402764961603,0.0,False,False,0.0,0.0,-7.7695554,110.3850879,3.644,-7.7695642,110.3847552,5.026
1789017791.7091155,36.69406532602766,36.69406532602766,0.0,False,False,0.0,0.0,-7.7695554,110.3850879,3.519,-7.7695642,110.3847552,4.902
1789017791.9127693,36.69406532602766,36.69406532602766,0.0,False,False,0.0,0.0,-7.7695554,110.3850879,3.394,-7.7695642,110.3847552,4.777
1789017792.1234674,36.69406532602766,36.69406532602766,0.0,False,False,0.0,0.0,-7.7695554,110.3850879,3.269,-7.7695642,110.3847552,4.652
1789017792.3271365,36.6895667070461,36.6895667070461,0.0,False,False,0.0,0.0,-7.7695554,110.3850879,3.269,-7.7695642,110.3847552,4.527
1789017792.5302782,36.6895667070461,36.6895667070461,0.0,False,False,0.0,0.0,-7.7695554,110.3850879,3.144,-7.7695642,110.3847552,4.402
1789017792.7333276,36.69406532602766,36.69406532602766,0.0,False,False,0.0,0.0,-7.7695554,110.3850879,3.019,-7.7695642,110.3847552,4.402
1789017792.9443228,36.69402764961603,36.69402764961603,0.0,False,False,0.0,0.0,-7.7695554,110.3850879,2.894,-7.7695642,110.3847552,4.276
1789017793.146858,36.69399000041813,36.69399000041813,0.0,False,False,0.0,0.0,-7.7695554,110.3850879,2.769,-7.7695642,110.3847552,4.15
1789017793.3582385,36.70499569046857,36.70499569046857,0.0,False,False,0.0,0.0,-7.7695554,110.3850879,2.644,-7.7695642,110.3847551,4.025
1789017793.5689561,36.70053945975884,36.70053945975884,0.0,False,False,0.0,0.0,-7.7695554,110.3850879,2.644,-7.7695642,110.3847551,3.901
1789017793.77294,36.70053945975884,36.70053945975884,0.0,False,False,0.0,0.0,-7.7695554,110.3850879,2.519,-7.7695642,110.3847551,3.776
1789017793.9828434,36.705070993492384,36.705070993492384,0.0,False,False,0.0,0.0,-7.7695554,110.3850879,2.393,-7.7695642,110.3847551,3.776
1789017794.194454,36.705108685812604,36.705108685812604,0.0,False,False,0.0,0.0,-7.7695554,110.3850879,2.268,-7.7695642,110.3847551,3.652
1789017794.3978047,36.705108685812604,36.705108685812604,0.0,False,False,0.0,0.0,-7.7695554,110.3850879,2.143,-7.7695642,110.3847551,3.527
1789017794.5998166,36.70514640533826,36.70514640533826,0.0,False,False,0.0,0.0,-7.7695554,110.3850879,2.018,-7.7695642,110.3847551,3.403
1789017794.809599,36.700642332761916,36.700642332761916,0.0,False,False,0.0,0.0,-7.7695554,110.3850879,2.018,-7.7695642,110.3847551,3.278
1789017795.0200968,36.70057372354438,36.70057372354438,0.0,False,False,0.10699999999999998,0.0,-7.7695554,110.3850879,1.893,-7.7695642,110.3847551,3.151
1789017795.2227,36.705070993492384,36.705070993492384,0.0,False,False,0.23199999999999998,0.0,-7.7695554,110.3850879,1.768,-7.7695642,110.3847551,3.151
1789017795.4335046,36.70503332837768,36.70503332837768,0.0,False,False,0.3560000000000001,0.0,-7.7695554,110.3850879,1.644,-7.7695642,110.3847551,3.026
1789017795.6373098,36.705070993492384,36.705070993492384,0.0,False,False,0.4810000000000001,0.0,-7.7695554,110.3850879,1.519,-7.7695642,110.3847551,2.902
1789017795.8377728,36.705070993492384,36.705070993492384,0.0,False,False,0.6060000000000001,0.0,-7.7695554,110.3850879,1.394,-7.7695642,110.3847551,2.777
1789017796.0379038,36.70057372354438,36.70057372354438,0.0,False,False,0.6060000000000001,0.0,-7.7695554,110.3850879,1.394,-7.7695642,110.3847551,2.652
1789017796.2494245,36.705070993492384,36.705070993492384,0.0,False,False,0.7310000000000001,0.0,-7.7695554,110.3850879,1.269,-7.7695642,110.3847551,2.652
1789017796.4606788,36.705070993492384,36.705070993492384,0.0,False,False,0.8560000000000001,0.0,-7.7695554,110.3850879,1.144,-7.7695642,110.3847551,2.527
1789017796.664984,36.705108685812604,36.705108685812604,0.0,False,False,0.9810000000000001,0.0,-7.7695554,110.3850879,1.019,-7.7695642,110.3847551,2.403
1789017796.8677423,36.705108685812604,36.705108685812604,0.0,False,False,1.1059999999999999,0.0,-7.7695554,110.3850879,0.894,-7.7695642,110.3847551,2.278
1789017797.071185,36.70057372354438,36.70057372354438,0.0,False,False,1.1059999999999999,0.0,-7.7695554,110.3850879,0.894,-7.7695642,110.3847551,2.152
1789017797.2742808,36.70053945975884,36.70053945975884,0.0,False,False,1.2309999999999999,0.0,-7.7695554,110.3850879,0.769,-7.7695642,110.3847551,2.026
1789017797.477498,36.70503332837768,36.70503332837768,0.0,False,False,1.3559999999999999,0.0,-7.7695554,110.3850879,0.644,-7.7695642,110.3847551,2.026
1789017797.6801815,36.70503332837768,36.70503332837768,0.0,False,False,1.4809999999999999,0.09899999999999998,-7.7695554,110.3850879,0.519,-7.7695642,110.3847551,1.901
1789017797.8833063,36.70503332837768,36.70503332837768,0.0,False,False,1.6059999999999999,0.22399999999999998,-7.7695554,110.3850879,0.394,-7.7695642,110.3847551,1.776
1789017798.086834,36.70053945975884,36.70053945975884,0.0,False,False,1.6059999999999999,0.349,-7.7695554,110.3850879,0.394,-7.7695642,110.3847551,1.651
1789017798.2906268,36.70060801454543,36.70060801454543,0.0,False,False,1.732,0.4730000000000001,-7.7695554,110.3850879,0.268,-7.7695642,110.3847551,1.527
1789017798.4940019,36.705108685812604,36.705108685812604,0.0,False,False,1.857,0.4730000000000001,-7.7695554,110.3850879,0.143,-7.7695642,110.3847551,1.527
1789017798.697101,36.705108685812604,36.705108685812604,0.0,False,False,1.982,0.5980000000000001,-7.7695554,110.3850879,0.018,-7.7695642,110.3847551,1.402
1789017798.90792,36.705108685812604,36.705108685812604,0.0,False,False,2.106,0.7220000000000001,-7.7695554,110.3850879,-0.106,-7.7695642,110.3847551,1.278
1789017799.1184301,36.705108685812604,36.705108685812604,0.0,False,False,2.231,0.847,-7.7695554,110.3850879,-0.231,-7.7695642,110.3847551,1.153
1789017799.3208692,36.70057372354438,36.70057372354438,0.0,False,False,2.231,0.9730000000000001,-7.7695554,110.3850879,-0.231,-7.7695642,110.3847551,1.027
1789017799.5242376,36.70057372354438,36.70057372354438,0.0,False,False,2.356,1.0979999999999999,-7.7695554,110.3850879,-0.356,-7.7695642,110.3847551,0.902
1789017799.735678,36.705070993492384,36.705070993492384,0.0,False,False,2.481,1.0979999999999999,-7.7695554,110.3850879,-0.481,-7.7695642,110.3847551,0.902
1789017799.9387891,36.70514640533826,36.70514640533826,0.0,False,False,2.606,1.221,-7.7695554,110.3850879,-0.606,-7.7695642,110.3847551,0.779
1789017800.1400378,36.70514640533826,36.70514640533826,0.0,False,False,2.731,1.346,-7.7695554,110.3850879,-0.731,-7.7695642,110.3847551,0.654
1789017800.3406274,36.70514640533826,36.70514640533826,0.0,False,False,2.856,1.471,-7.7695554,110.3850879,-0.856,-7.7695642,110.3847551,0.529
1789017800.5476606,36.700642332761916,36.700642332761916,0.0,False,False,2.856,1.596,-7.7695554,110.3850879,-0.856,-7.7695642,110.3847551,0.404
1789017800.759682,36.705108685812604,36.705108685812604,0.0,False,False,2.9799999999999995,1.5959999999999999,-7.7695554,110.3850879,-0.98,-7.7695642,110.3847551,0.404
1789017800.9625664,36.705108685812604,36.705108685812604,0.0,False,False,3.1049999999999995,1.7209999999999999,-7.7695554,110.3850879,-1.105,-7.7695642,110.3847551,0.279
1789017801.1645963,36.705108685812604,36.705108685812604,0.0,False,False,3.2300000000000004,1.846,-7.7695554,110.3850879,-1.23,-7.7695642,110.3847551,0.154
1789017801.3686974,36.70503332837768,36.70503332837768,0.0,False,False,3.355,1.973,-7.7695554,110.3850879,-1.355,-7.7695642,110.3847551,0.027
1789017801.573064,36.70057372354438,36.70057372354438,0.0,False,False,3.355,2.097,-7.7695554,110.3850879,-1.355,-7.7695642,110.3847551,-0.097
1789017801.7763572,36.70057372354438,36.70057372354438,0.0,False,False,3.48,2.222,-7.7695554,110.3850879,-1.48,-7.7695642,110.3847551,-0.222
1789017801.9884012,36.705070993492384,36.705070993492384,0.0,False,False,3.605,2.222,-7.7695554,110.3850879,-1.605,-7.7695642,110.3847551,-0.222
1789017802.199297,36.705070993492384,36.705070993492384,0.0,False,False,3.73,2.347,-7.7695554,110.3850879,-1.73,-7.7695642,110.3847551,-0.347
1789017802.4101546,36.705070993492384,36.705070993492384,0.0,False,False,3.855,2.472,-7.7695554,110.3850879,-1.855,-7.7695642,110.3847551,-0.472
1789017802.6135192,36.70503332837768,36.70503332837768,0.0,False,False,3.9799999999999995,2.598,-7.7695554,110.3850879,-1.98,-7.7695642,110.3847551,-0.598
1789017802.8153331,36.70057372354438,36.70057372354438,0.0,False,False,3.98,2.722,-7.7695554,110.3850879,-1.98,-7.7695642,110.3847551,-0.722
1789017803.0186477,36.69753538914182,36.69288940191027,0.9267518321711157,False,False,4.013,2.8469999999999995,-7.7695554,110.3850879,-2.013,-7.7695642,110.3847551,-0.847
1789017803.227987,36.69678067129753,36.67900690636697,2.2840000000000003,False,False,3.989,2.847,-7.7695554,110.3850879,-1.989,-7.7695642,110.3847551,-0.847
1789017803.4395692,36.69354053221165,36.679305238636395,2.129166666666667,False,False,3.9939999999999998,2.972,-7.7695553,110.3850879,-1.994,-7.7695642,110.3847551,-0.972
1789017803.644605,36.690222918225224,36.679305238636395,1.826530612244898,False,False,3.9930000000000003,3.098,-7.7695553,110.3850879,-1.993,-7.7695642,110.3847551,-1.098
1789017803.8479948,36.68734464074852,36.679305238636395,1.5673469387755103,False,False,3.991,3.223,-7.7695553,110.3850879,-1.991,-7.7695642,110.3847551,-1.223
1789017804.0503218,36.6849583452,36.679305238636395,1.3142857142857147,False,False,3.991,3.347,-7.7695553,110.3850879,-1.991,-7.7695642,110.3847551,-1.347
1789017804.253915,36.68297689377266,36.679305238636395,1.059183673469388,False,False,3.991,3.472,-7.7695553,110.3850879,-1.991,-7.7695642,110.3847551,-1.472
1789017804.4567058,36.682962759148275,36.679305238636395,1.0571428571428572,False,False,3.99,3.472,-7.7695553,110.3850879,-1.99,-7.7695642,110.3847551,-1.472
1789017804.6608489,36.6827677362145,36.6827677362145,0.0,False,False,3.989,3.4850000000000003,-7.7695553,110.3850879,-1.989,-7.7695642,110.3847551,-1.485
1789017804.8639917,36.682948651779064,36.682948651779064,0.0,False,False,3.989,3.472,-7.7695553,110.3850879,-1.989,-7.7695642,110.3847551,-1.472
1789017805.0664682,36.68286457992423,36.68160784083843,10.0,False,False,3.9890000000000003,3.478,-7.7695553,110.3850879,-1.989,-7.7695642,110.3847551,-1.478
1789017805.2712474,36.682850663342116,36.682850663342116,0.0,False,False,3.988,3.4779999999999998,-7.7695553,110.3850879,-1.988,-7.7695642,110.3847551,-1.478
1789017805.4727497,36.682836774015435,36.682836774015435,0.0,False,False,3.987,3.4779999999999998,-7.7695553,110.3850879,-1.987,-7.7695642,110.3847551,-1.478
1789017805.6758862,36.682822911944214,36.682822911944214,0.0,False,False,3.985,3.477,-7.7695553,110.3850879,-1.985,-7.7695642,110.3847551,-1.477
1789017805.8869748,36.682822911944214,36.682822911944214,0.0,False,False,3.984,3.476,-7.7695553,110.3850879,-1.984,-7.7695642,110.3847551,-1.476
1789017806.0895848,36.682836774015435,36.682836774015435,0.0,False,False,3.984,3.4749999999999996,-7.7695553,110.3850879,-1.984,-7.7695642,110.3847551,-1.475
1789017806.3009303,36.682836774015435,36.682836774015435,0.0,False,False,3.983,3.474,-7.7695553,110.3850879,-1.983,-7.7695642,110.3847551,-1.474
1789017806.5051823,36.682850663342116,36.682850663342116,0.0,False,False,3.983,3.473,-7.7695553,110.3850879,-1.983,-7.7695642,110.3847551,-1.473
1789017806.7169452,36.682836774015435,36.682836774015435,0.0,False,False,3.982,3.473,-7.7695553,110.3850879,-1.982,-7.7695642,110.3847551,-1.473
1789017806.9306116,36.682850663342116,36.682850663342116,0.0,False,False,3.981,3.471,-7.7695553,110.3850879,-1.981,-7.7695642,110.3847551,-1.471
1789017807.1424544,36.68286457992423,36.68286457992423,0.0,False,False,3.9810000000000003,3.47,-7.7695553,110.3850879,-1.981,-7.7695642,110.3847551,-1.47
1789017807.3427544,36.68287852376173,36.68287852376173,0.0,False,False,3.9800000000000004,3.468,-7.7695553,110.3850879,-1.98,-7.7695642,110.3847551,-1.468
1789017807.545695,36.68289249485459,36.68289249485459,0.0,False,False,3.98,3.467,-7.7695553,110.3850879,-1.98,-7.7695642,110.3847551,-1.467
1789017807.749377,36.68289249485459,36.68289249485459,0.0,False,False,3.98,3.467,-7.7695553,110.3850879,-1.98,-7.7695642,110.3847551,-1.467
1789017807.9513419,36.68290649320279,36.68290649320279,0.0,False,False,3.979,3.465,-7.7695553,110.3850879,-1.979,-7.7695642,110.3847551,-1.465
1789017808.1624324,36.68292051880629,36.68292051880629,0.0,False,False,3.979,3.4639999999999995,-7.7695553,110.3850879,-1.979,-7.7695642,110.3847551,-1.464
1789017808.374168,36.68293457166506,36.68293457166506,0.0,False,False,3.979,3.463,-7.7695553,110.3850879,-1.979,-7.7695642,110.3847551,-1.463
1789017808.5775847,36.68293457166506,36.68293457166506,0.0,False,False,3.979,3.463,-7.7695553,110.3850879,-1.979,-7.7695642,110.3847551,-1.463
1789017808.7802634,36.682948651779064,36.682948651779064,0.0,False,False,3.979,3.4619999999999997,-7.7695553,110.3850879,-1.979,-7.7695642,110.3847551,-1.462
1789017808.9845183,36.68293457166506,36.68293457166506,0.0,False,False,3.9779999999999998,3.4619999999999997,-7.7695553,110.3850879,-1.978,-7.7695642,110.3847551,-1.462
1789017809.191919,36.682948651779064,36.682948651779064,0.0,False,False,3.9779999999999998,3.4610000000000003,-7.7695553,110.3850879,-1.978,-7.7695642,110.3847551,-1.461
1789017809.397989,36.682948651779064,36.682948651779064,0.0,False,False,3.9779999999999998,3.4610000000000003,-7.7695553,110.3850879,-1.978,-7.7695642,110.3847551,-1.461
1789017809.6105266,36.682962759148275,36.682962759148275,0.0,False,False,3.9779999999999998,3.46,-7.7695553,110.3850879,-1.978,-7.7695642,110.3847551,-1.46
1789017809.8153803,36.682962759148275,36.682962759148275,0.0,False,False,3.9779999999999998,3.46,-7.7695553,110.3850879,-1.978,-7.7695642,110.3847551,-1.46
1789017810.0299861,36.68297689377266,36.68297689377266,0.0,False,False,3.9779999999999998,3.459,-7.7695553,110.3850879,-1.978,-7.7695642,110.3847551,-1.459
1789017810.2331328,36.68297689377266,36.68297689377266,0.0,False,False,3.9779999999999998,3.459,-7.7695553,110.3850879,-1.978,-7.7695642,110.3847551,-1.459
1789017810.4389813,36.68297689377266,36.68297689377266,0.0,False,False,3.9779999999999998,3.459,-7.7695553,110.3850879,-1.978,-7.7695642,110.3847551,-1.459
1789017810.6422188,36.682962759148275,36.682962759148275,0.0,False,False,3.9770000000000003,3.459,-7.7695553,110.3850879,-1.977,-7.7695642,110.3847551,-1.459
1789017810.8454888,36.68297689377266,36.68297689377266,0.0,False,False,3.9770000000000003,3.458,-7.7695553,110.3850879,-1.977,-7.7695642,110.3847551,-1.458
1789017811.0569942,36.68297689377266,36.68297689377266,0.0,False,False,3.9770000000000003,3.458,-7.7695553,110.3850879,-1.977,-7.7695642,110.3847551,-1.458
1789017811.2714417,36.68297689377266,36.68297689377266,0.0,False,False,3.9770000000000003,3.458,-7.7695553,110.3850879,-1.977,-7.7695642,110.3847551,-1.458
1789017811.473771,36.68297689377266,36.68297689377266,0.0,False,False,3.9770000000000003,3.458,-7.7695553,110.3850879,-1.977,-7.7695642,110.3847551,-1.458
1789017811.6762075,36.68297689377266,36.68297689377266,0.0,False,False,3.9770000000000003,3.458,-7.7695553,110.3850879,-1.977,-7.7695642,110.3847551,-1.458
1789017811.8786404,36.68297689377266,36.68297689377266,0.0,False,False,3.9770000000000003,3.458,-7.7695553,110.3850879,-1.977,-7.7695642,110.3847551,-1.458
1789017812.083345,36.6829910556522,36.6829910556522,0.0,False,False,3.9770000000000003,3.457,-7.7695553,110.3850879,-1.977,-7.7695642,110.3847551,-1.457
1789017812.2931728,36.6829910556522,36.6829910556522,0.0,False,False,3.9770000000000003,3.457,-7.7695553,110.3850879,-1.977,-7.7695642,110.3847551,-1.457
1789017812.496622,36.6829910556522,36.6829910556522,0.0,False,False,3.9770000000000003,3.457,-7.7695553,110.3850879,-1.977,-7.7695642,110.3847551,-1.457
1789017812.698891,36.6829910556522,36.6829910556522,0.0,False,False,3.9770000000000003,3.457,-7.7695553,110.3850879,-1.977,-7.7695642,110.3847551,-1.457
1789017812.9013736,36.6829910556522,36.6829910556522,0.0,False,False,3.9770000000000003,3.457,-7.7695553,110.3850879,-1.977,-7.7695642,110.3847551,-1.457
1789017813.1016884,36.6829910556522,36.6829910556522,0.0,False,False,3.9770000000000003,3.457,-7.7695553,110.3850879,-1.977,-7.7695642,110.3847551,-1.457
1789017813.306286,36.6829910556522,36.6829910556522,0.0,False,False,3.9770000000000003,3.457,-7.7695553,110.3850879,-1.977,-7.7695642,110.3847551,-1.457
1789017813.5167809,36.6829910556522,36.6829910556522,0.0,False,False,3.9770000000000003,3.457,-7.7695553,110.3850879,-1.977,-7.7695642,110.3847551,-1.457
1789017813.727785,36.6829910556522,36.6829910556522,0.0,False,False,3.9770000000000003,3.457,-7.7695553,110.3850879,-1.977,-7.7695642,110.3847551,-1.457
1789017813.9324558,36.6829910556522,36.6829910556522,0.0,False,False,3.9770000000000003,3.457,-7.7695553,110.3850879,-1.977,-7.7695642,110.3847551,-1.457
1789017814.136108,36.6829910556522,36.6829910556522,0.0,False,False,3.9770000000000003,3.457,-7.7695553,110.3850879,-1.977,-7.7695642,110.3847551,-1.457
1789017814.336565,36.6829910556522,36.6829910556522,0.0,False,False,3.9770000000000003,3.457,-7.7695553,110.3850879,-1.977,-7.7695642,110.3847551,-1.457
1789017814.5422432,36.6829910556522,36.6829910556522,0.0,False,False,3.9770000000000003,3.457,-7.7695553,110.3850879,-1.977,-7.7695642,110.3847551,-1.457
1789017814.7465198,36.68300524478685,36.68300524478685,0.0,False,False,3.978,3.4570000000000003,-7.7695553,110.3850879,-1.978,-7.7695642,110.3847551,-1.457
1789017814.9487784,36.68300524478685,36.68300524478685,0.0,False,False,3.978,3.4570000000000003,-7.7695553,110.3850879,-1.978,-7.7695642,110.3847551,-1.457
1789017815.1549153,36.68300524478685,36.68300524478685,0.0,False,False,3.978,3.4570000000000003,-7.7695553,110.3850879,-1.978,-7.7695642,110.3847551,-1.457
1789017815.3590589,36.68300524478685,36.68300524478685,0.0,False,False,3.978,3.4570000000000003,-7.7695553,110.3850879,-1.978,-7.7695642,110.3847551,-1.457
1789017815.562233,36.68300524478685,36.68300524478685,0.0,False,False,3.978,3.4570000000000003,-7.7695553,110.3850879,-1.978,-7.7695642,110.3847551,-1.457
1789017815.7703958,36.68300524478685,36.68300524478685,0.0,False,False,3.978,3.4570000000000003,-7.7695553,110.3850879,-1.978,-7.7695642,110.3847551,-1.457
1789017815.9809635,36.68300524478685,36.68300524478685,0.0,False,False,3.978,3.4570000000000003,-7.7695553,110.3850879,-1.978,-7.7695642,110.3847551,-1.457
1789017816.18231,36.68300524478685,36.68300524478685,0.0,False,False,3.978,3.4570000000000003,-7.7695553,110.3850879,-1.978,-7.7695642,110.3847551,-1.457
1789017816.3851879,36.68300524478685,36.68300524478685,0.0,False,False,3.978,3.4570000000000003,-7.7695553,110.3850879,-1.978,-7.7695642,110.3847551,-1.457
1789017816.5856218,36.68300524478685,36.68300524478685,0.0,False,False,3.978,3.4570000000000003,-7.7695553,110.3850879,-1.978,-7.7695642,110.3847551,-1.457
1789017816.8005002,36.68300524478685,36.68300524478685,0.0,False,False,3.978,3.4570000000000003,-7.7695553,110.3850879,-1.978,-7.7695642,110.3847551,-1.457
1789017817.0025036,36.68300524478685,36.68300524478685,0.0,False,False,3.978,3.4570000000000003,-7.7695553,110.3850879,-1.978,-7.7695642,110.3847551,-1.457
1789017817.2062182,36.68300524478685,36.68300524478685,0.0,False,False,3.978,3.4570000000000003,-7.7695553,110.3850879,-1.978,-7.7695642,110.3847551,-1.457
1789017817.41058,36.68300524478685,36.68300524478685,0.0,False,False,3.978,3.4570000000000003,-7.7695553,110.3850879,-1.978,-7.7695642,110.3847551,-1.457
1789017817.6246178,36.68300524478685,36.68300524478685,0.0,False,False,3.978,3.4570000000000003,-7.7695553,110.3850879,-1.978,-7.7695642,110.3847551,-1.457
1789017817.8382692,36.68300524478685,36.68300524478685,0.0,False,False,3.978,3.4570000000000003,-7.7695553,110.3850879,-1.978,-7.7695642,110.3847551,-1.457
1789017818.0405378,36.68300524478685,36.68300524478685,0.0,False,False,3.978,3.4570000000000003,-7.7695553,110.3850879,-1.978,-7.7695642,110.3847551,-1.457
1789017818.2446823,36.68300524478685,36.68300524478685,0.0,False,False,3.978,3.4570000000000003,-7.7695553,110.3850879,-1.978,-7.7695642,110.3847551,-1.457
1789017818.455723,36.68300524478685,36.68300524478685,0.0,False,False,3.978,3.4570000000000003,-7.7695553,110.3850879,-1.978,-7.7695642,110.3847551,-1.457
1789017818.6675274,36.68300524478685,36.68300524478685,0.0,False,False,3.978,3.4570000000000003,-7.7695553,110.3850879,-1.978,-7.7695642,110.3847551,-1.457
1789017818.8791447,36.68300524478685,36.68300524478685,0.0,False,False,3.978,3.4570000000000003,-7.7695553,110.3850879,-1.978,-7.7695642,110.3847551,-1.457
1789017819.0891151,36.68300524478685,36.68300524478685,0.0,False,False,3.978,3.4570000000000003,-7.7695553,110.3850879,-1.978,-7.7695642,110.3847551,-1.457
1789017819.292225,36.68300524478685,36.68300524478685,0.0,False,False,3.978,3.4570000000000003,-7.7695553,110.3850879,-1.978,-7.7695642,110.3847551,-1.457
1789017819.5055108,36.68300524478685,36.68300524478685,0.0,False,False,3.979,3.458,-7.7695553,110.3850879,-1.979,-7.7695642,110.3847551,-1.458
1789017819.7102325,36.68300524478685,36.68300524478685,0.0,False,False,3.979,3.458,-7.7695553,110.3850879,-1.979,-7.7695642,110.3847551,-1.458
1789017819.924687,36.68300524478685,36.68300524478685,0.0,False,False,3.979,3.458,-7.7695553,110.3850879,-1.979,-7.7695642,110.3847551,-1.458
1789017820.1340697,36.68300524478685,36.68300524478685,0.0,False,False,3.979,3.458,-7.7695553,110.3850879,-1.979,-7.7695642,110.3847551,-1.458
1789017820.336483,36.68300524478685,36.68300524478685,0.0,False,False,3.979,3.458,-7.7695553,110.3850879,-1.979,-7.7695642,110.3847551,-1.458
1789017820.5410159,36.68300524478685,36.68300524478685,0.0,False,False,3.979,3.458,-7.7695553,110.3850879,-1.979,-7.7695642,110.3847551,-1.458
1789017820.7528284,36.68300524478685,36.68300524478685,0.0,False,False,3.979,3.458,-7.7695553,110.3850879,-1.979,-7.7695642,110.3847551,-1.458
1789017820.954389,36.68300524478685,36.68300524478685,0.0,False,False,3.979,3.458,-7.7695553,110.3850879,-1.979,-7.7695642,110.3847551,-1.458
1789017821.1566672,36.68300524478685,36.68300524478685,0.0,False,False,3.979,3.458,-7.7695553,110.3850879,-1.979,-7.7695642,110.3847551,-1.458
1789017821.358591,36.68300524478685,36.68300524478685,0.0,False,False,3.979,3.458,-7.7695553,110.3850879,-1.979,-7.7695642,110.3847551,-1.458
1789017821.5696838,36.68300524478685,36.68300524478685,0.0,False,False,3.979,3.458,-7.7695553,110.3850879,-1.979,-7.7695642,110.3847551,-1.458
1789017821.7805693,36.68300524478685,36.68300524478685,0.0,False,False,3.979,3.458,-7.7695553,110.3850879,-1.979,-7.7695642,110.3847551,-1.458
1789017821.982952,36.68300524478685,36.68300524478685,0.0,False,False,3.979,3.458,-7.7695553,110.3850879,-1.979,-7.7695642,110.3847551,-1.458
1789017822.1927834,36.68300524478685,36.68300524478685,0.0,False,False,3.979,3.458,-7.7695553,110.3850879,-1.979,-7.7695642,110.3847551,-1.458
1789017822.395205,36.68300524478685,36.68300524478685,0.0,False,False,3.979,3.458,-7.7695553,110.3850879,-1.979,-7.7695642,110.3847551,-1.458
1789017822.5984952,36.68300524478685,36.68300524478685,0.0,False,False,3.979,3.458,-7.7695553,110.3850879,-1.979,-7.7695642,110.3847551,-1.458
1789017822.8013768,36.68300524478685,36.68300524478685,0.0,False,False,3.979,3.458,-7.7695553,110.3850879,-1.979,-7.7695642,110.3847551,-1.458
1789017823.0041058,36.68300524478685,36.68300524478685,0.0,False,False,3.979,3.458,-7.7695553,110.3850879,-1.979,-7.7695642,110.3847551,-1.458
1789017823.2074804,36.68300524478685,36.68300524478685,0.0,False,False,3.979,3.458,-7.7695553,110.3850879,-1.979,-7.7695642,110.3847551,-1.458
1789017823.418227,36.6829910556522,36.6829910556522,0.0,False,False,3.979,3.4590000000000005,-7.7695553,110.3850879,-1.979,-7.7695642,110.3847551,-1.459
1789017823.6286983,36.6829910556522,36.6829910556522,0.0,False,False,3.979,3.4590000000000005,-7.7695553,110.3850879,-1.979,-7.7695642,110.3847551,-1.459
1789017823.832835,36.6829910556522,36.6829910556522,0.0,False,False,3.979,3.4590000000000005,-7.7695553,110.3850879,-1.979,-7.7695642,110.3847551,-1.459
1789017824.0345085,36.6829910556522,36.6829910556522,0.0,False,False,3.979,3.4590000000000005,-7.7695553,110.3850879,-1.979,-7.7695642,110.3847551,-1.459
1789017824.2467535,36.6829910556522,36.6829910556522,0.0,False,False,3.979,3.4590000000000005,-7.7695553,110.3850879,-1.979,-7.7695642,110.3847551,-1.459
1789017824.45764,36.6829910556522,36.6829910556522,0.0,False,False,3.979,3.4590000000000005,-7.7695553,110.3850879,-1.979,-7.7695642,110.3847551,-1.459
1789017824.6688883,36.6829910556522,36.6829910556522,0.0,False,False,3.979,3.4590000000000005,-7.7695553,110.3850879,-1.979,-7.7695642,110.3847551,-1.459
1789017824.8713222,36.6829910556522,36.6829910556522,0.0,False,False,3.979,3.4590000000000005,-7.7695553,110.3850879,-1.979,-7.7695642,110.3847551,-1.459
1789017825.0737488,36.6829910556522,36.6829910556522,0.0,False,False,3.979,3.4590000000000005,-7.7695553,110.3850879,-1.979,-7.7695642,110.3847551,-1.459
1789017825.2842362,36.6829910556522,36.6829910556522,0.0,False,False,3.979,3.4590000000000005,-7.7695553,110.3850879,-1.979,-7.7695642,110.3847551,-1.459
1789017825.495806,36.6829910556522,36.6829910556522,0.0,False,False,3.979,3.4590000000000005,-7.7695553,110.3850879,-1.979,-7.7695642,110.3847551,-1.459
1789017825.697686,36.6829910556522,36.6829910556522,0.0,False,False,3.979,3.4590000000000005,-7.7695553,110.3850879,-1.979,-7.7695642,110.3847551,-1.459
1789017825.9010508,36.6829910556522,36.6829910556522,0.0,False,False,3.979,3.4590000000000005,-7.7695553,110.3850879,-1.979,-7.7695642,110.3847551,-1.459
1789017826.1042378,36.6829910556522,36.6829910556522,0.0,False,False,3.979,3.4590000000000005,-7.7695553,110.3850879,-1.979,-7.7695642,110.3847551,-1.459
1789017826.314257,36.6829910556522,36.6829910556522,0.0,False,False,3.979,3.4590000000000005,-7.7695553,110.3850879,-1.979,-7.7695642,110.3847551,-1.459
1789017826.517832,36.6829910556522,36.6829910556522,0.0,False,False,3.979,3.4590000000000005,-7.7695553,110.3850879,-1.979,-7.7695642,110.3847551,-1.459
1789017826.7286086,36.6829910556522,36.6829910556522,0.0,False,False,3.979,3.4590000000000005,-7.7695553,110.3850879,-1.979,-7.7695642,110.3847551,-1.459
1789017826.92988,36.6829910556522,36.6829910556522,0.0,False,False,3.979,3.4590000000000005,-7.7695553,110.3850879,-1.979,-7.7695642,110.3847551,-1.459
1789017827.1412094,36.6829910556522,36.6829910556522,0.0,False,False,3.979,3.4590000000000005,-7.7695553,110.3850879,-1.979,-7.7695642,110.3847551,-1.459
1789017827.3436637,36.6829910556522,36.6829910556522,0.0,False,False,3.979,3.4590000000000005,-7.7695553,110.3850879,-1.979,-7.7695642,110.3847551,-1.459
1789017827.5459409,36.6829910556522,36.6829910556522,0.0,False,False,3.979,3.4590000000000005,-7.7695553,110.3850879,-1.979,-7.7695642,110.3847551,-1.459
1789017827.7485466,36.68300524478685,36.68300524478685,0.0,False,False,3.98,3.459,-7.7695553,110.3850879,-1.98,-7.7695642,110.3847551,-1.459
1789017827.950007,36.68300524478685,36.68300524478685,0.0,False,False,3.98,3.459,-7.7695553,110.3850879,-1.98,-7.7695642,110.3847551,-1.459
1789017828.152689,36.68300524478685,36.68300524478685,0.0,False,False,3.98,3.459,-7.7695553,110.3850879,-1.98,-7.7695642,110.3847551,-1.459
1789017828.3639536,36.68300524478685,36.68300524478685,0.0,False,False,3.98,3.459,-7.7695553,110.3850879,-1.98,-7.7695642,110.3847551,-1.459
1789017828.5672498,36.68300524478685,36.68300524478685,0.0,False,False,3.98,3.459,-7.7695553,110.3850879,-1.98,-7.7695642,110.3847551,-1.459
1789017828.769654,36.68300524478685,36.68300524478685,0.0,False,False,3.98,3.459,-7.7695553,110.3850879,-1.98,-7.7695642,110.3847551,-1.459
1789017828.9807243,36.68300524478685,36.68300524478685,0.0,False,False,3.98,3.459,-7.7695553,110.3850879,-1.98,-7.7695642,110.3847551,-1.459
1789017829.1838222,36.68300524478685,36.68300524478685,0.0,False,False,3.98,3.459,-7.7695553,110.3850879,-1.98,-7.7695642,110.3847551,-1.459
1789017829.3857985,36.68300524478685,36.68300524478685,0.0,False,False,3.98,3.459,-7.7695553,110.3850879,-1.98,-7.7695642,110.3847551,-1.459
1789017829.5862653,36.68300524478685,36.68300524478685,0.0,False,False,3.98,3.459,-7.7695553,110.3850879,-1.98,-7.7695642,110.3847551,-1.459
1789017829.8002567,36.68300524478685,36.68300524478685,0.0,False,False,3.98,3.459,-7.7695553,110.3850879,-1.98,-7.7695642,110.3847551,-1.459
1789017830.0019827,36.68300524478685,36.68300524478685,0.0,False,False,3.98,3.459,-7.7695553,110.3850879,-1.98,-7.7695642,110.3847551,-1.459
1789017830.2043798,36.68300524478685,36.68300524478685,0.0,False,False,3.98,3.459,-7.7695553,110.3850879,-1.98,-7.7695642,110.3847551,-1.459
1789017830.4146974,36.68300524478685,36.68300524478685,0.0,False,False,3.98,3.459,-7.7695553,110.3850879,-1.98,-7.7695642,110.3847551,-1.459
1789017830.6160858,36.68300524478685,36.68300524478685,0.0,False,False,3.98,3.459,-7.7695553,110.3850879,-1.98,-7.7695642,110.3847551,-1.459
1789017830.8281777,36.68300524478685,36.68300524478685,0.0,False,False,3.98,3.459,-7.7695553,110.3850879,-1.98,-7.7695642,110.3847551,-1.459
1789017831.0303006,36.68300524478685,36.68300524478685,0.0,False,False,3.98,3.459,-7.7695553,110.3850879,-1.98,-7.7695642,110.3847551,-1.459
1789017831.2335737,36.68300524478685,36.68300524478685,0.0,False,False,3.98,3.459,-7.7695553,110.3850879,-1.98,-7.7695642,110.3847551,-1.459
1789017831.435179,36.68300524478685,36.68300524478685,0.0,False,False,3.98,3.459,-7.7695553,110.3850879,-1.98,-7.7695642,110.3847551,-1.459
1789017831.638034,36.68300524478685,36.68300524478685,0.0,False,False,3.98,3.459,-7.7695553,110.3850879,-1.98,-7.7695642,110.3847551,-1.459
1789017831.842575,36.68300524478685,36.68300524478685,0.0,False,False,3.98,3.459,-7.7695553,110.3850879,-1.98,-7.7695642,110.3847551,-1.459
1789017832.0441973,36.68300524478685,36.68300524478685,0.0,False,False,3.98,3.459,-7.7695553,110.3850879,-1.98,-7.7695642,110.3847551,-1.459
1789017832.246655,36.68300524478685,36.68300524478685,0.0,False,False,3.98,3.459,-7.7695553,110.3850879,-1.98,-7.7695642,110.3847551,-1.459
1789017832.452569,36.68300524478685,36.68300524478685,0.0,False,False,3.98,3.459,-7.7695553,110.3850879,-1.98,-7.7695642,110.3847551,-1.459
1789017832.6565506,36.68300524478685,36.68300524478685,0.0,False,False,3.98,3.459,-7.7695553,110.3850879,-1.98,-7.7695642,110.3847551,-1.459
1789017832.8681161,36.68300524478685,36.68300524478685,0.0,False,False,3.98,3.459,-7.7695553,110.3850879,-1.98,-7.7695642,110.3847551,-1.459
1789017833.0702827,36.68300524478685,36.68300524478685,0.0,False,False,3.98,3.459,-7.7695553,110.3850879,-1.98,-7.7695642,110.3847551,-1.459
1789017833.2807696,36.68300524478685,36.68300524478685,0.0,False,False,3.98,3.459,-7.7695553,110.3850879,-1.98,-7.7695642,110.3847551,-1.459
1789017833.4843676,36.68300524478685,36.68300524478685,0.0,False,False,3.98,3.459,-7.7695553,110.3850879,-1.98,-7.7695642,110.3847551,-1.459
1789017833.6857202,36.68300524478685,36.68300524478685,0.0,False,False,3.98,3.459,-7.7695553,110.3850879,-1.98,-7.7695642,110.3847551,-1.459
1789017833.8968089,36.68300524478685,36.68300524478685,0.0,False,False,3.98,3.459,-7.7695553,110.3850879,-1.98,-7.7695642,110.3847551,-1.459
1789017834.106912,36.68300524478685,36.68300524478685,0.0,False,False,3.98,3.459,-7.7695553,110.3850879,-1.98,-7.7695642,110.3847551,-1.459
1789017834.3176594,36.68300524478685,36.68300524478685,0.0,False,False,3.98,3.459,-7.7695553,110.3850879,-1.98,-7.7695642,110.3847551,-1.459
1789017834.528655,36.68300524478685,36.68300524478685,0.0,False,False,3.98,3.459,-7.7695553,110.3850879,-1.98,-7.7695642,110.3847551,-1.459
1789017834.741088,36.68300524478685,36.68300524478685,0.0,False,False,3.98,3.459,-7.7695553,110.3850879,-1.98,-7.7695642,110.3847551,-1.459
1789017834.944779,36.68300524478685,36.68300524478685,0.0,False,False,3.98,3.459,-7.7695553,110.3850879,-1.98,-7.7695642,110.3847551,-1.459
1789017835.1475005,36.68300524478685,36.68300524478685,0.0,False,False,3.98,3.459,-7.7695553,110.3850879,-1.98,-7.7695642,110.3847551,-1.459
1789017835.3509154,36.68300524478685,36.68300524478685,0.0,False,False,3.98,3.459,-7.7695553,110.3850879,-1.98,-7.7695642,110.3847551,-1.459
1789017835.5614083,36.68300524478685,36.68300524478685,0.0,False,False,3.98,3.459,-7.7695553,110.3850879,-1.98,-7.7695642,110.3847551,-1.459
1789017835.7628887,36.68300524478685,36.68300524478685,0.0,False,False,3.98,3.459,-7.7695553,110.3850879,-1.98,-7.7695642,110.3847551,-1.459
1789017835.9660306,36.68300524478685,36.68300524478685,0.0,False,False,3.98,3.459,-7.7695553,110.3850879,-1.98,-7.7695642,110.3847551,-1.459
1789017836.169623,36.68300524478685,36.68300524478685,0.0,False,False,3.98,3.459,-7.7695553,110.3850879,-1.98,-7.7695642,110.3847551,-1.459
1789017836.3731656,36.6829910556522,36.6829910556522,0.0,False,False,3.9799999999999995,3.46,-7.7695553,110.3850879,-1.98,-7.7695642,110.3847551,-1.46
1789017836.57586,36.6829910556522,36.6829910556522,0.0,False,False,3.9799999999999995,3.46,-7.7695553,110.3850879,-1.98,-7.7695642,110.3847551,-1.46
1789017836.7768748,36.6829910556522,36.6829910556522,0.0,False,False,3.9799999999999995,3.46,-7.7695553,110.3850879,-1.98,-7.7695642,110.3847551,-1.46
1789017836.986684,36.6829910556522,36.6829910556522,0.0,False,False,3.9799999999999995,3.46,-7.7695553,110.3850879,-1.98,-7.7695642,110.3847551,-1.46
1789017837.1969402,36.6829910556522,36.6829910556522,0.0,False,False,3.9799999999999995,3.46,-7.7695553,110.3850879,-1.98,-7.7695642,110.3847551,-1.46
1789017837.4081013,36.6829910556522,36.6829910556522,0.0,False,False,3.9799999999999995,3.46,-7.7695553,110.3850879,-1.98,-7.7695642,110.3847551,-1.46
1789017837.611363,36.6829910556522,36.6829910556522,0.0,False,False,3.9799999999999995,3.46,-7.7695553,110.3850879,-1.98,-7.7695642,110.3847551,-1.46
1789017837.821728,36.6829910556522,36.6829910556522,0.0,False,False,3.9799999999999995,3.46,-7.7695553,110.3850879,-1.98,-7.7695642,110.3847551,-1.46
1789017838.0231,36.6829910556522,36.6829910556522,0.0,False,False,3.9799999999999995,3.46,-7.7695553,110.3850879,-1.98,-7.7695642,110.3847551,-1.46
1789017838.2249627,36.6829910556522,36.6829910556522,0.0,False,False,3.9799999999999995,3.46,-7.7695553,110.3850879,-1.98,-7.7695642,110.3847551,-1.46
1789017838.4273896,36.6829910556522,36.6829910556522,0.0,False,False,3.9799999999999995,3.46,-7.7695553,110.3850879,-1.98,-7.7695642,110.3847551,-1.46
1789017838.6300638,36.6829910556522,36.6829910556522,0.0,False,False,3.9799999999999995,3.46,-7.7695553,110.3850879,-1.98,-7.7695642,110.3847551,-1.46
1789017838.833284,36.6829910556522,36.6829910556522,0.0,False,False,3.9799999999999995,3.46,-7.7695553,110.3850879,-1.98,-7.7695642,110.3847551,-1.46
1789017839.0420363,36.6829910556522,36.6829910556522,0.0,False,False,3.9799999999999995,3.46,-7.7695553,110.3850879,-1.98,-7.7695642,110.3847551,-1.46
1789017839.250852,36.6829910556522,36.6829910556522,0.0,False,False,3.9799999999999995,3.46,-7.7695553,110.3850879,-1.98,-7.7695642,110.3847551,-1.46
1789017839.4609618,36.6829910556522,36.6829910556522,0.0,False,False,3.9799999999999995,3.46,-7.7695553,110.3850879,-1.98,-7.7695642,110.3847551,-1.46
1789017839.6626215,36.6829910556522,36.6829910556522,0.0,False,False,3.9799999999999995,3.46,-7.7695553,110.3850879,-1.98,-7.7695642,110.3847551,-1.46
1789017839.8662736,36.6829910556522,36.6829910556522,0.0,False,False,3.9799999999999995,3.46,-7.7695553,110.3850879,-1.98,-7.7695642,110.3847551,-1.46
1789017840.0699391,36.6829910556522,36.6829910556522,0.0,False,False,3.9799999999999995,3.46,-7.7695553,110.3850879,-1.98,-7.7695642,110.3847551,-1.46
1789017840.2720954,36.6829910556522,36.6829910556522,0.0,False,False,3.9799999999999995,3.46,-7.7695553,110.3850879,-1.98,-7.7695642,110.3847551,-1.46
1789017840.4829073,36.6829910556522,36.6829910556522,0.0,False,False,3.9799999999999995,3.46,-7.7695553,110.3850879,-1.98,-7.7695642,110.3847551,-1.46
1789017840.6927686,36.6829910556522,36.6829910556522,0.0,False,False,3.9799999999999995,3.46,-7.7695553,110.3850879,-1.98,-7.7695642,110.3847551,-1.46
1789017840.8966696,36.6829910556522,36.6829910556522,0.0,False,False,3.9799999999999995,3.46,-7.7695553,110.3850879,-1.98,-7.7695642,110.3847551,-1.46
1789017841.1066558,36.6829910556522,36.6829910556522,0.0,False,False,3.9799999999999995,3.46,-7.7695553,110.3850879,-1.98,-7.7695642,110.3847551,-1.46
1789017841.318802,36.6829910556522,36.6829910556522,0.0,False,False,3.9799999999999995,3.46,-7.7695553,110.3850879,-1.98,-7.7695642,110.3847551,-1.46
1789017841.522474,36.6829910556522,36.6829910556522,0.0,False,False,3.9799999999999995,3.46,-7.7695553,110.3850879,-1.98,-7.7695642,110.3847551,-1.46
1789017841.7335563,36.6829910556522,36.6829910556522,0.0,False,False,3.9799999999999995,3.46,-7.7695553,110.3850879,-1.98,-7.7695642,110.3847551,-1.46
1789017841.9350965,36.6829910556522,36.6829910556522,0.0,False,False,3.9799999999999995,3.46,-7.7695553,110.3850879,-1.98,-7.7695642,110.3847551,-1.46
1789017842.1373956,36.6829910556522,36.6829910556522,0.0,False,False,3.9799999999999995,3.46,-7.7695553,110.3850879,-1.98,-7.7695642,110.3847551,-1.46
1789017842.3500917,36.6829910556522,36.6829910556522,0.0,False,False,3.9799999999999995,3.46,-7.7695553,110.3850879,-1.98,-7.7695642,110.3847551,-1.46
1789017842.553452,36.6829910556522,36.6829910556522,0.0,False,False,3.9799999999999995,3.46,-7.7695553,110.3850879,-1.98,-7.7695642,110.3847551,-1.46
1789017842.7571466,36.6829910556522,36.6829910556522,0.0,False,False,3.9799999999999995,3.46,-7.7695553,110.3850879,-1.98,-7.7695642,110.3847551,-1.46
1789017842.9594526,36.6829910556522,36.6829910556522,0.0,False,False,3.9799999999999995,3.46,-7.7695553,110.3850879,-1.98,-7.7695642,110.3847551,-1.46
1789017843.162049,36.6829910556522,36.6829910556522,0.0,False,False,3.9799999999999995,3.46,-7.7695553,110.3850879,-1.98,-7.7695642,110.3847551,-1.46
1789017843.3651001,36.6829910556522,36.6829910556522,0.0,False,False,3.9799999999999995,3.46,-7.7695553,110.3850879,-1.98,-7.7695642,110.3847551,-1.46
1789017843.568643,36.6829910556522,36.6829910556522,0.0,False,False,3.9799999999999995,3.46,-7.7695553,110.3850879,-1.98,-7.7695642,110.3847551,-1.46
1789017843.7795522,36.6829910556522,36.6829910556522,0.0,False,False,3.9799999999999995,3.46,-7.7695553,110.3850879,-1.98,-7.7695642,110.3847551,-1.46
1789017843.9822137,36.6829910556522,36.6829910556522,0.0,False,False,3.9799999999999995,3.46,-7.7695553,110.3850879,-1.98,-7.7695642,110.3847551,-1.46
1789017844.1843703,36.6829910556522,36.6829910556522,0.0,False,False,3.9799999999999995,3.46,-7.7695553,110.3850879,-1.98,-7.7695642,110.3847551,-1.46
1789017844.3890934,36.6829910556522,36.6829910556522,0.0,False,False,3.9799999999999995,3.46,-7.7695553,110.3850879,-1.98,-7.7695642,110.3847551,-1.46
1789017844.589612,36.6829910556522,36.6829910556522,0.0,False,False,3.9799999999999995,3.46,-7.7695553,110.3850879,-1.98,-7.7695642,110.3847551,-1.46
1789017844.7967732,36.6829910556522,36.6829910556522,0.0,False,False,3.9799999999999995,3.46,-7.7695553,110.3850879,-1.98,-7.7695642,110.3847551,-1.46
1789017845.0012825,36.6829910556522,36.6829910556522,0.0,False,False,3.9799999999999995,3.46,-7.7695553,110.3850879,-1.98,-7.7695642,110.3847551,-1.46
1789017845.2035968,36.6829910556522,36.6829910556522,0.0,False,False,3.9799999999999995,3.46,-7.7695553,110.3850879,-1.98,-7.7695642,110.3847551,-1.46
1789017845.4066079,36.6829910556522,36.6829910556522,0.0,False,False,3.9799999999999995,3.46,-7.7695553,110.3850879,-1.98,-7.7695642,110.3847551,-1.46
1789017845.6098313,36.6829910556522,36.6829910556522,0.0,False,False,3.9799999999999995,3.46,-7.7695553,110.3850879,-1.98,-7.7695642,110.3847551,-1.46
1789017845.8198385,36.6829910556522,36.6829910556522,0.0,False,False,3.9799999999999995,3.46,-7.7695553,110.3850879,-1.98,-7.7695642,110.3847551,-1.46
1789017846.0307689,36.6829910556522,36.6829910556522,0.0,False,False,3.9799999999999995,3.46,-7.7695553,110.3850879,-1.98,-7.7695642,110.3847551,-1.46
1789017846.2341354,36.6829910556522,36.6829910556522,0.0,False,False,3.9799999999999995,3.46,-7.7695553,110.3850879,-1.98,-7.7695642,110.3847551,-1.46
1789017846.445337,36.6829910556522,36.6829910556522,0.0,False,False,3.9799999999999995,3.46,-7.7695553,110.3850879,-1.98,-7.7695642,110.3847551,-1.46
1789017846.6472,36.6829910556522,36.6829910556522,0.0,False,False,3.9799999999999995,3.46,-7.7695553,110.3850879,-1.98,-7.7695642,110.3847551,-1.46
1789017846.8569689,36.6829910556522,36.6829910556522,0.0,False,False,3.9799999999999995,3.46,-7.7695553,110.3850879,-1.98,-7.7695642,110.3847551,-1.46
1789017847.0598123,36.6829910556522,36.6829910556522,0.0,False,False,3.9799999999999995,3.46,-7.7695553,110.3850879,-1.98,-7.7695642,110.3847551,-1.46
1789017847.2616053,36.6829910556522,36.6829910556522,0.0,False,False,3.9799999999999995,3.46,-7.7695553,110.3850879,-1.98,-7.7695642,110.3847551,-1.46
1789017847.4629397,36.6829910556522,36.6829910556522,0.0,False,False,3.9799999999999995,3.46,-7.7695553,110.3850879,-1.98,-7.7695642,110.3847551,-1.46
1789017847.6739016,36.6829910556522,36.6829910556522,0.0,False,False,3.9799999999999995,3.46,-7.7695553,110.3850879,-1.98,-7.7695642,110.3847551,-1.46
1789017847.8759778,36.6829910556522,36.6829910556522,0.0,False,False,3.9799999999999995,3.46,-7.7695553,110.3850879,-1.98,-7.7695642,110.3847551,-1.46
1789017848.0786352,36.6829910556522,36.6829910556522,0.0,False,False,3.9799999999999995,3.46,-7.7695553,110.3850879,-1.98,-7.7695642,110.3847551,-1.46
1789017848.2814162,36.6829910556522,36.6829910556522,0.0,False,False,3.9799999999999995,3.46,-7.7695553,110.3850879,-1.98,-7.7695642,110.3847551,-1.46
1789017848.49119,36.6829910556522,36.6829910556522,0.0,False,False,3.9799999999999995,3.46,-7.7695553,110.3850879,-1.98,-7.7695642,110.3847551,-1.46
1789017848.693099,36.6829910556522,36.6829910556522,0.0,False,False,3.9799999999999995,3.46,-7.7695553,110.3850879,-1.98,-7.7695642,110.3847551,-1.46
1789017848.8948748,36.6829910556522,36.6829910556522,0.0,False,False,3.9799999999999995,3.46,-7.7695553,110.3850879,-1.98,-7.7695642,110.3847551,-1.46
1789017849.0974922,36.6829910556522,36.6829910556522,0.0,False,False,3.9799999999999995,3.46,-7.7695553,110.3850879,-1.98,-7.7695642,110.3847551,-1.46
1789017849.300781,36.6829910556522,36.6829910556522,0.0,False,False,3.9799999999999995,3.46,-7.7695553,110.3850879,-1.98,-7.7695642,110.3847551,-1.46
1789017849.5022492,36.6829910556522,36.6829910556522,0.0,False,False,3.9799999999999995,3.46,-7.7695553,110.3850879,-1.98,-7.7695642,110.3847551,-1.46
1789017849.7038648,36.6829910556522,36.6829910556522,0.0,False,False,3.9799999999999995,3.46,-7.7695553,110.3850879,-1.98,-7.7695642,110.3847551,-1.46
1789017849.9136407,36.6829910556522,36.6829910556522,0.0,False,False,3.9799999999999995,3.46,-7.7695553,110.3850879,-1.98,-7.7695642,110.3847551,-1.46
1789017850.115611,36.6829910556522,36.6829910556522,0.0,False,False,3.9799999999999995,3.46,-7.7695553,110.3850879,-1.98,-7.7695642,110.3847551,-1.46
1789017850.3256056,36.6829910556522,36.6829910556522,0.0,False,False,3.9799999999999995,3.46,-7.7695553,110.3850879,-1.98,-7.7695642,110.3847551,-1.46
1789017850.5275981,36.6829910556522,36.6829910556522,0.0,False,False,3.9799999999999995,3.46,-7.7695553,110.3850879,-1.98,-7.7695642,110.3847551,-1.46
1789017850.738814,36.6829910556522,36.6829910556522,0.0,False,False,3.9799999999999995,3.46,-7.7695553,110.3850879,-1.98,-7.7695642,110.3847551,-1.46
1789017850.940337,36.68300524478685,36.68300524478685,0.0,False,False,3.981,3.46,-7.7695553,110.3850879,-1.981,-7.7695642,110.3847551,-1.46
1789017851.1420946,36.68300524478685,36.68300524478685,0.0,False,False,3.981,3.46,-7.7695553,110.3850879,-1.981,-7.7695642,110.3847551,-1.46
1789017851.342259,36.68301946117658,36.68301946117658,0.0,False,False,3.981,3.459,-7.7695553,110.3850879,-1.981,-7.7695642,110.3847551,-1.459
1789017851.548526,36.68301946117658,36.68301946117658,0.0,False,False,3.981,3.459,-7.7695553,110.3850879,-1.981,-7.7695642,110.3847551,-1.459
1789017851.750782,36.68301946117658,36.68301946117658,0.0,False,False,3.981,3.459,-7.7695553,110.3850879,-1.981,-7.7695642,110.3847551,-1.459
1789017851.960722,36.68301946117658,36.68301946117658,0.0,False,False,3.981,3.459,-7.7695553,110.3850879,-1.981,-7.7695642,110.3847551,-1.459
1789017852.1633945,36.68301946117658,36.68301946117658,0.0,False,False,3.981,3.459,-7.7695553,110.3850879,-1.981,-7.7695642,110.3847551,-1.459
1789017852.3667765,36.68301946117658,36.68301946117658,0.0,False,False,3.981,3.459,-7.7695553,110.3850879,-1.981,-7.7695642,110.3847551,-1.459
1789017852.5710006,36.68301946117658,36.68301946117658,0.0,False,False,3.981,3.459,-7.7695553,110.3850879,-1.981,-7.7695642,110.3847551,-1.459
1789017852.7739933,36.68301946117658,36.68301946117658,0.0,False,False,3.981,3.459,-7.7695553,110.3850879,-1.981,-7.7695642,110.3847551,-1.459
1789017852.9767003,36.68301946117658,36.68301946117658,0.0,False,False,3.981,3.459,-7.7695553,110.3850879,-1.981,-7.7695642,110.3847551,-1.459
1789017853.1815083,36.68301946117658,36.68301946117658,0.0,False,False,3.981,3.459,-7.7695553,110.3850879,-1.981,-7.7695642,110.3847551,-1.459
1789017853.385216,36.68301946117658,36.68301946117658,0.0,False,False,3.981,3.459,-7.7695553,110.3850879,-1.981,-7.7695642,110.3847551,-1.459
1789017853.5874634,36.68301946117658,36.68301946117658,0.0,False,False,3.981,3.459,-7.7695553,110.3850879,-1.981,-7.7695642,110.3847551,-1.459
1789017853.7899692,36.68301946117658,36.68301946117658,0.0,False,False,3.981,3.459,-7.7695553,110.3850879,-1.981,-7.7695642,110.3847551,-1.459
1789017853.9926171,36.68301946117658,36.68301946117658,0.0,False,False,3.981,3.459,-7.7695553,110.3850879,-1.981,-7.7695642,110.3847551,-1.459
1789017854.1949565,36.68301946117658,36.68301946117658,0.0,False,False,3.981,3.459,-7.7695553,110.3850879,-1.981,-7.7695642,110.3847551,-1.459
1789017854.3984377,36.68301946117658,36.68301946117658,0.0,False,False,3.981,3.459,-7.7695553,110.3850879,-1.981,-7.7695642,110.3847551,-1.459
1789017854.6006296,36.68301946117658,36.68301946117658,0.0,False,False,3.981,3.459,-7.7695553,110.3850879,-1.981,-7.7695642,110.3847551,-1.459
1789017854.8021305,36.68301946117658,36.68301946117658,0.0,False,False,3.981,3.459,-7.7695553,110.3850879,-1.981,-7.7695642,110.3847551,-1.459
1789017855.0136123,36.68301946117658,36.68301946117658,0.0,False,False,3.981,3.459,-7.7695553,110.3850879,-1.981,-7.7695642,110.3847551,-1.459
1789017855.2151592,36.68301946117658,36.68301946117658,0.0,False,False,3.981,3.459,-7.7695553,110.3850879,-1.981,-7.7695642,110.3847551,-1.459
1789017855.4175076,36.68301946117658,36.68301946117658,0.0,False,False,3.981,3.459,-7.7695553,110.3850879,-1.981,-7.7695642,110.3847551,-1.459
1789017855.6279435,36.68300524478685,36.68300524478685,0.0,False,False,3.98,3.459,-7.7695553,110.3850879,-1.98,-7.7695642,110.3847551,-1.459
1789017855.8296907,36.68300524478685,36.68300524478685,0.0,False,False,3.98,3.459,-7.7695553,110.3850879,-1.98,-7.7695642,110.3847551,-1.459
1789017856.0334332,36.68300524478685,36.68300524478685,0.0,False,False,3.98,3.459,-7.7695553,110.3850879,-1.98,-7.7695642,110.3847551,-1.459
1789017856.2358992,36.68300524478685,36.68300524478685,0.0,False,False,3.98,3.459,-7.7695553,110.3850879,-1.98,-7.7695642,110.3847551,-1.459
1789017856.4463594,36.68300524478685,36.68300524478685,0.0,False,False,3.98,3.459,-7.7695553,110.3850879,-1.98,-7.7695642,110.3847551,-1.459
1789017856.6508267,36.68300524478685,36.68300524478685,0.0,False,False,3.98,3.459,-7.7695553,110.3850879,-1.98,-7.7695642,110.3847551,-1.459
1789017856.8513687,36.68300524478685,36.68300524478685,0.0,False,False,3.98,3.459,-7.7695553,110.3850879,-1.98,-7.7695642,110.3847551,-1.459
1789017857.0536373,36.68300524478685,36.68300524478685,0.0,False,False,3.98,3.459,-7.7695553,110.3850879,-1.98,-7.7695642,110.3847551,-1.459
1789017857.25727,36.68300524478685,36.68300524478685,0.0,False,False,3.98,3.459,-7.7695553,110.3850879,-1.98,-7.7695642,110.3847551,-1.459
1789017857.464049,36.6829910556522,36.6829910556522,0.0,False,False,3.9799999999999995,3.46,-7.7695553,110.3850879,-1.98,-7.7695642,110.3847551,-1.46
1789017857.6698253,36.6829910556522,36.6829910556522,0.0,False,False,3.9799999999999995,3.46,-7.7695553,110.3850879,-1.98,-7.7695642,110.3847551,-1.46
1789017857.8819382,36.6829910556522,36.6829910556522,0.0,False,False,3.9799999999999995,3.46,-7.7695553,110.3850879,-1.98,-7.7695642,110.3847551,-1.46
1789017858.089413,36.6829910556522,36.6829910556522,0.0,False,False,3.9799999999999995,3.46,-7.7695553,110.3850879,-1.98,-7.7695642,110.3847551,-1.46
1789017858.3022394,36.6829910556522,36.6829910556522,0.0,False,False,3.9799999999999995,3.46,-7.7695553,110.3850879,-1.98,-7.7695642,110.3847551,-1.46
1789017858.5058525,36.6829910556522,36.6829910556522,0.0,False,False,3.9799999999999995,3.46,-7.7695553,110.3850879,-1.98,-7.7695642,110.3847551,-1.46
1789017858.7081714,36.6829910556522,36.6829910556522,0.0,False,False,3.9799999999999995,3.46,-7.7695553,110.3850879,-1.98,-7.7695642,110.3847551,-1.46
1789017858.9092991,36.6829910556522,36.6829910556522,0.0,False,False,3.9799999999999995,3.46,-7.7695553,110.3850879,-1.98,-7.7695642,110.3847551,-1.46
1789017859.1132283,36.6829910556522,36.6829910556522,0.0,False,False,3.9799999999999995,3.46,-7.7695553,110.3850879,-1.98,-7.7695642,110.3847551,-1.46
1789017859.320856,36.6829910556522,36.6829910556522,0.0,False,False,3.9799999999999995,3.46,-7.7695553,110.3850879,-1.98,-7.7695642,110.3847551,-1.46
1789017859.5260382,36.6829910556522,36.6829910556522,0.0,False,False,3.9799999999999995,3.46,-7.7695553,110.3850879,-1.98,-7.7695642,110.3847551,-1.46
1789017859.7301939,36.6829910556522,36.6829910556522,0.0,False,False,3.9799999999999995,3.46,-7.7695553,110.3850879,-1.98,-7.7695642,110.3847551,-1.46
1789017859.936061,36.6829910556522,36.6829910556522,0.0,False,False,3.9799999999999995,3.46,-7.7695553,110.3850879,-1.98,-7.7695642,110.3847551,-1.46
1789017860.143412,36.6829910556522,36.6829910556522,0.0,False,False,3.9799999999999995,3.46,-7.7695553,110.3850879,-1.98,-7.7695642,110.3847551,-1.46
1789017860.3434808,36.6829910556522,36.6829910556522,0.0,False,False,3.9799999999999995,3.46,-7.7695553,110.3850879,-1.98,-7.7695642,110.3847551,-1.46
1789017860.547971,36.6829910556522,36.6829910556522,0.0,False,False,3.9799999999999995,3.46,-7.7695553,110.3850879,-1.98,-7.7695642,110.3847551,-1.46
1789017860.7495525,36.6829910556522,36.6829910556522,0.0,False,False,3.9799999999999995,3.46,-7.7695553,110.3850879,-1.98,-7.7695642,110.3847551,-1.46
1789017860.9571505,36.6829910556522,36.6829910556522,0.0,False,False,3.9799999999999995,3.46,-7.7695553,110.3850879,-1.98,-7.7695642,110.3847551,-1.46
1789017861.1601589,36.6829910556522,36.6829910556522,0.0,False,False,3.9799999999999995,3.46,-7.7695553,110.3850879,-1.98,-7.7695642,110.3847551,-1.46
1789017861.3614886,36.6829910556522,36.6829910556522,0.0,False,False,3.9799999999999995,3.46,-7.7695553,110.3850879,-1.98,-7.7695642,110.3847551,-1.46
1789017861.5618641,36.6829910556522,36.6829910556522,0.0,False,False,3.9799999999999995,3.46,-7.7695553,110.3850879,-1.98,-7.7695642,110.3847551,-1.46
1789017861.7651582,36.6829910556522,36.6829910556522,0.0,False,False,3.9799999999999995,3.46,-7.7695553,110.3850879,-1.98,-7.7695642,110.3847551,-1.46
1789017861.9670284,36.6829910556522,36.6829910556522,0.0,False,False,3.9799999999999995,3.46,-7.7695553,110.3850879,-1.98,-7.7695642,110.3847551,-1.46
1789017862.1783273,36.6829910556522,36.6829910556522,0.0,False,False,3.9799999999999995,3.46,-7.7695553,110.3850879,-1.98,-7.7695642,110.3847551,-1.46
1789017862.3798099,36.6829910556522,36.6829910556522,0.0,False,False,3.9799999999999995,3.46,-7.7695553,110.3850879,-1.98,-7.7695642,110.3847551,-1.46
1789017862.5825832,36.6829910556522,36.6829910556522,0.0,False,False,3.9799999999999995,3.46,-7.7695553,110.3850879,-1.98,-7.7695642,110.3847551,-1.46
1789017862.7832148,36.6829910556522,36.6829910556522,0.0,False,False,3.9799999999999995,3.46,-7.7695553,110.3850879,-1.98,-7.7695642,110.3847551,-1.46
1789017862.9867933,36.6829910556522,36.6829910556522,0.0,False,False,3.9799999999999995,3.46,-7.7695553,110.3850879,-1.98,-7.7695642,110.3847551,-1.46
1789017863.194946,36.6829910556522,36.6829910556522,0.0,False,False,3.9799999999999995,3.46,-7.7695553,110.3850879,-1.98,-7.7695642,110.3847551,-1.46
1789017863.4063983,36.6829910556522,36.6829910556522,0.0,False,False,3.9799999999999995,3.46,-7.7695553,110.3850879,-1.98,-7.7695642,110.3847551,-1.46
1789017863.6078167,36.6829910556522,36.6829910556522,0.0,False,False,3.9799999999999995,3.46,-7.7695553,110.3850879,-1.98,-7.7695642,110.3847551,-1.46
1789017863.8103282,36.6829910556522,36.6829910556522,0.0,False,False,3.9799999999999995,3.46,-7.7695553,110.3850879,-1.98,-7.7695642,110.3847551,-1.46
1789017864.011582,36.6829910556522,36.6829910556522,0.0,False,False,3.9799999999999995,3.46,-7.7695553,110.3850879,-1.98,-7.7695642,110.3847551,-1.46
1789017864.2140336,36.6829910556522,36.6829910556522,0.0,False,False,3.9799999999999995,3.46,-7.7695553,110.3850879,-1.98,-7.7695642,110.3847551,-1.46
1789017864.4153733,36.6829910556522,36.6829910556522,0.0,False,False,3.9799999999999995,3.46,-7.7695553,110.3850879,-1.98,-7.7695642,110.3847551,-1.46
1789017864.6164467,36.6829910556522,36.6829910556522,0.0,False,False,3.9799999999999995,3.46,-7.7695553,110.3850879,-1.98,-7.7695642,110.3847551,-1.46
1789017864.8187854,36.6829910556522,36.6829910556522,0.0,False,False,3.9799999999999995,3.46,-7.7695553,110.3850879,-1.98,-7.7695642,110.3847551,-1.46
1789017865.0236347,36.6829910556522,36.6829910556522,0.0,False,False,3.9799999999999995,3.46,-7.7695553,110.3850879,-1.98,-7.7695642,110.3847551,-1.46
1789017865.234617,36.6829910556522,36.6829910556522,0.0,False,False,3.9799999999999995,3.46,-7.7695553,110.3850879,-1.98,-7.7695642,110.3847551,-1.46
1789017865.4420235,36.6829910556522,36.6829910556522,0.0,False,False,3.9799999999999995,3.46,-7.7695553,110.3850879,-1.98,-7.7695642,110.3847551,-1.46
1789017865.65104,36.6829910556522,36.6829910556522,0.0,False,False,3.9799999999999995,3.46,-7.7695553,110.3850879,-1.98,-7.7695642,110.3847551,-1.46
1789017865.8531456,36.6829910556522,36.6829910556522,0.0,False,False,3.9799999999999995,3.46,-7.7695553,110.3850879,-1.98,-7.7695642,110.3847551,-1.46
1789017866.054327,36.6829910556522,36.6829910556522,0.0,False,False,3.9799999999999995,3.46,-7.7695553,110.3850879,-1.98,-7.7695642,110.3847551,-1.46
1789017866.2624118,36.6829910556522,36.6829910556522,0.0,False,False,3.9799999999999995,3.46,-7.7695553,110.3850879,-1.98,-7.7695642,110.3847551,-1.46
1789017866.4704459,36.6829910556522,36.6829910556522,0.0,False,False,3.9799999999999995,3.46,-7.7695553,110.3850879,-1.98,-7.7695642,110.3847551,-1.46
1789017866.6719303,36.6829910556522,36.6829910556522,0.0,False,False,3.9799999999999995,3.46,-7.7695553,110.3850879,-1.98,-7.7695642,110.3847551,-1.46
1789017866.8796382,36.6829910556522,36.6829910556522,0.0,False,False,3.9799999999999995,3.46,-7.7695553,110.3850879,-1.98,-7.7695642,110.3847551,-1.46
1789017867.0825322,36.6829910556522,36.6829910556522,0.0,False,False,3.9799999999999995,3.46,-7.7695553,110.3850879,-1.98,-7.7695642,110.3847551,-1.46
1789017867.2837324,36.6829910556522,36.6829910556522,0.0,False,False,3.9799999999999995,3.46,-7.7695553,110.3850879,-1.98,-7.7695642,110.3847551,-1.46
1789017867.489745,36.6829910556522,36.6829910556522,0.0,False,False,3.9799999999999995,3.46,-7.7695553,110.3850879,-1.98,-7.7695642,110.3847551,-1.46
1789017867.6996071,36.6829910556522,36.6829910556522,0.0,False,False,3.9799999999999995,3.46,-7.7695553,110.3850879,-1.98,-7.7695642,110.3847551,-1.46
1789017867.9052675,36.6829910556522,36.6829910556522,0.0,False,False,3.9799999999999995,3.46,-7.7695553,110.3850879,-1.98,-7.7695642,110.3847551,-1.46
1789017868.1103952,36.6829910556522,36.6829910556522,0.0,False,False,3.9799999999999995,3.46,-7.7695553,110.3850879,-1.98,-7.7695642,110.3847551,-1.46
1789017868.3181846,36.6829910556522,36.6829910556522,0.0,False,False,3.9799999999999995,3.46,-7.7695553,110.3850879,-1.98,-7.7695642,110.3847551,-1.46
1789017868.519488,36.6829910556522,36.6829910556522,0.0,False,False,3.9799999999999995,3.46,-7.7695553,110.3850879,-1.98,-7.7695642,110.3847551,-1.46
1789017868.7206986,36.6829910556522,36.6829910556522,0.0,False,False,3.9799999999999995,3.46,-7.7695553,110.3850879,-1.98,-7.7695642,110.3847551,-1.46
1789017868.9316175,36.6829910556522,36.6829910556522,0.0,False,False,3.9799999999999995,3.46,-7.7695553,110.3850879,-1.98,-7.7695642,110.3847551,-1.46
1789017869.133799,36.6829910556522,36.6829910556522,0.0,False,False,3.9799999999999995,3.46,-7.7695553,110.3850879,-1.98,-7.7695642,110.3847551,-1.46
1789017869.3348215,36.6829910556522,36.6829910556522,0.0,False,False,3.9799999999999995,3.46,-7.7695553,110.3850879,-1.98,-7.7695642,110.3847551,-1.46
1789017869.5365994,36.6829910556522,36.6829910556522,0.0,False,False,3.9799999999999995,3.46,-7.7695553,110.3850879,-1.98,-7.7695642,110.3847551,-1.46
1789017869.7381089,36.6829910556522,36.6829910556522,0.0,False,False,3.9799999999999995,3.46,-7.7695553,110.3850879,-1.98,-7.7695642,110.3847551,-1.46
1789017869.9419131,36.6829910556522,36.6829910556522,0.0,False,False,3.9799999999999995,3.46,-7.7695553,110.3850879,-1.98,-7.7695642,110.3847551,-1.46
1789017870.1455586,36.6829910556522,36.6829910556522,0.0,False,False,3.9799999999999995,3.46,-7.7695553,110.3850879,-1.98,-7.7695642,110.3847551,-1.46
1789017870.3459482,36.6829910556522,36.6829910556522,0.0,False,False,3.9799999999999995,3.46,-7.7695553,110.3850879,-1.98,-7.7695642,110.3847551,-1.46
1789017870.5545213,36.6829910556522,36.6829910556522,0.0,False,False,3.9799999999999995,3.46,-7.7695553,110.3850879,-1.98,-7.7695642,110.3847551,-1.46
1789017870.7571316,36.6829910556522,36.6829910556522,0.0,False,False,3.9799999999999995,3.46,-7.7695553,110.3850879,-1.98,-7.7695642,110.3847551,-1.46
1789017870.9611135,36.6829910556522,36.6829910556522,0.0,False,False,3.9799999999999995,3.46,-7.7695553,110.3850879,-1.98,-7.7695642,110.3847551,-1.46
1789017871.1719322,36.68300524478685,36.68300524478685,0.0,False,False,3.98,3.459,-7.7695553,110.3850879,-1.98,-7.7695642,110.3847551,-1.459
1789017871.3793366,36.68300524478685,36.68300524478685,0.0,False,False,3.98,3.459,-7.7695553,110.3850879,-1.98,-7.7695642,110.3847551,-1.459
1789017871.5828693,36.68300524478685,36.68300524478685,0.0,False,False,3.98,3.459,-7.7695553,110.3850879,-1.98,-7.7695642,110.3847551,-1.459
1789017871.7916663,36.68300524478685,36.68300524478685,0.0,False,False,3.98,3.459,-7.7695553,110.3850879,-1.98,-7.7695642,110.3847551,-1.459
1789017871.9938765,36.68300524478685,36.68300524478685,0.0,False,False,3.98,3.459,-7.7695553,110.3850879,-1.98,-7.7695642,110.3847551,-1.459
1789017872.1945019,36.68300524478685,36.68300524478685,0.0,False,False,3.98,3.459,-7.7695553,110.3850879,-1.98,-7.7695642,110.3847551,-1.459
1789017872.3958333,36.68300524478685,36.68300524478685,0.0,False,False,3.98,3.459,-7.7695553,110.3850879,-1.98,-7.7695642,110.3847551,-1.459
1789017872.6036868,36.68300524478685,36.68300524478685,0.0,False,False,3.98,3.459,-7.7695553,110.3850879,-1.98,-7.7695642,110.3847551,-1.459
1789017872.8164387,36.68300524478685,36.68300524478685,0.0,False,False,3.98,3.459,-7.7695553,110.3850879,-1.98,-7.7695642,110.3847551,-1.459
1789017873.019444,36.68300524478685,36.68300524478685,0.0,False,False,3.98,3.459,-7.7695553,110.3850879,-1.98,-7.7695642,110.3847551,-1.459
1789017873.221108,36.68300524478685,36.68300524478685,0.0,False,False,3.98,3.459,-7.7695553,110.3850879,-1.98,-7.7695642,110.3847551,-1.459
1789017873.4220786,36.68300524478685,36.68300524478685,0.0,False,False,3.98,3.459,-7.7695553,110.3850879,-1.98,-7.7695642,110.3847551,-1.459
1789017873.6241622,36.68300524478685,36.68300524478685,0.0,False,False,3.98,3.459,-7.7695553,110.3850879,-1.98,-7.7695642,110.3847551,-1.459
1789017873.8252873,36.68300524478685,36.68300524478685,0.0,False,False,3.98,3.459,-7.7695553,110.3850879,-1.98,-7.7695642,110.3847551,-1.459
1789017874.0266166,36.68300524478685,36.68300524478685,0.0,False,False,3.98,3.459,-7.7695553,110.3850879,-1.98,-7.7695642,110.3847551,-1.459
1789017874.237524,36.68300524478685,36.68300524478685,0.0,False,False,3.98,3.459,-7.7695553,110.3850879,-1.98,-7.7695642,110.3847551,-1.459
1789017874.4489417,36.68300524478685,36.68300524478685,0.0,False,False,3.98,3.459,-7.7695553,110.3850879,-1.98,-7.7695642,110.3847551,-1.459
1789017874.6495993,36.68300524478685,36.68300524478685,0.0,False,False,3.98,3.459,-7.7695553,110.3850879,-1.98,-7.7695642,110.3847551,-1.459
1789017874.8496852,36.68300524478685,36.68300524478685,0.0,False,False,3.98,3.459,-7.7695553,110.3850879,-1.98,-7.7695642,110.3847551,-1.459
1789017875.0544941,36.68300524478685,36.68300524478685,0.0,False,False,3.98,3.459,-7.7695553,110.3850879,-1.98,-7.7695642,110.3847551,-1.459
1789017875.2554672,36.68300524478685,36.68300524478685,0.0,False,False,3.98,3.459,-7.7695553,110.3850879,-1.98,-7.7695642,110.3847551,-1.459
1789017875.457176,36.68300524478685,36.68300524478685,0.0,False,False,3.98,3.459,-7.7695553,110.3850879,-1.98,-7.7695642,110.3847551,-1.459
1789017875.6586752,36.68300524478685,36.68300524478685,0.0,False,False,3.98,3.459,-7.7695553,110.3850879,-1.98,-7.7695642,110.3847551,-1.459
1789017875.864262,36.68300524478685,36.68300524478685,0.0,False,False,3.98,3.459,-7.7695553,110.3850879,-1.98,-7.7695642,110.3847551,-1.459
1789017876.0703456,36.68300524478685,36.68300524478685,0.0,False,False,3.98,3.459,-7.7695553,110.3850879,-1.98,-7.7695642,110.3847551,-1.459
1789017876.2722254,36.68300524478685,36.68300524478685,0.0,False,False,3.98,3.459,-7.7695553,110.3850879,-1.98,-7.7695642,110.3847551,-1.459
1789017876.4806979,36.68300524478685,36.68300524478685,0.0,False,False,3.98,3.459,-7.7695553,110.3850879,-1.98,-7.7695642,110.3847551,-1.459
1789017876.682022,36.68300524478685,36.68300524478685,0.0,False,False,3.98,3.459,-7.7695553,110.3850879,-1.98,-7.7695642,110.3847551,-1.459
1789017876.8877647,36.68300524478685,36.68300524478685,0.0,False,False,3.98,3.459,-7.7695553,110.3850879,-1.98,-7.7695642,110.3847551,-1.459
1789017877.0943515,36.68300524478685,36.68300524478685,0.0,False,False,3.98,3.459,-7.7695553,110.3850879,-1.98,-7.7695642,110.3847551,-1.459
1789017877.3057766,36.68300524478685,36.68300524478685,0.0,False,False,3.98,3.459,-7.7695553,110.3850879,-1.98,-7.7695642,110.3847551,-1.459
1789017877.510418,36.68300524478685,36.68300524478685,0.0,False,False,3.98,3.459,-7.7695553,110.3850879,-1.98,-7.7695642,110.3847551,-1.459
1789017877.721615,36.68300524478685,36.68300524478685,0.0,False,False,3.98,3.459,-7.7695553,110.3850879,-1.98,-7.7695642,110.3847551,-1.459
1789017877.9310758,36.68300524478685,36.68300524478685,0.0,False,False,3.98,3.459,-7.7695553,110.3850879,-1.98,-7.7695642,110.3847551,-1.459
1789017878.1344717,36.68300524478685,36.68300524478685,0.0,False,False,3.98,3.459,-7.7695553,110.3850879,-1.98,-7.7695642,110.3847551,-1.459
1789017878.3457534,36.68300524478685,36.68300524478685,0.0,False,False,3.98,3.459,-7.7695553,110.3850879,-1.98,-7.7695642,110.3847551,-1.459
1789017878.5479977,36.68300524478685,36.68300524478685,0.0,False,False,3.98,3.459,-7.7695553,110.3850879,-1.98,-7.7695642,110.3847551,-1.459
1789017878.7513049,36.68300524478685,36.68300524478685,0.0,False,False,3.98,3.459,-7.7695553,110.3850879,-1.98,-7.7695642,110.3847551,-1.459
1789017878.954107,36.68300524478685,36.68300524478685,0.0,False,False,3.98,3.459,-7.7695553,110.3850879,-1.98,-7.7695642,110.3847551,-1.459
1789017879.165181,36.68300524478685,36.68300524478685,0.0,False,False,3.98,3.459,-7.7695553,110.3850879,-1.98,-7.7695642,110.3847551,-1.459
1789017879.368356,36.68300524478685,36.68300524478685,0.0,False,False,3.98,3.459,-7.7695553,110.3850879,-1.98,-7.7695642,110.3847551,-1.459
1789017879.5780332,36.68300524478685,36.68300524478685,0.0,False,False,3.98,3.459,-7.7695553,110.3850879,-1.98,-7.7695642,110.3847551,-1.459
1789017879.7912405,36.68300524478685,36.68300524478685,0.0,False,False,3.98,3.459,-7.7695553,110.3850879,-1.98,-7.7695642,110.3847551,-1.459
1789017880.0038686,36.68300524478685,36.68300524478685,0.0,False,False,3.98,3.459,-7.7695553,110.3850879,-1.98,-7.7695642,110.3847551,-1.459
1789017880.2069883,36.68300524478685,36.68300524478685,0.0,False,False,3.98,3.459,-7.7695553,110.3850879,-1.98,-7.7695642,110.3847551,-1.459
1789017880.4195092,36.68300524478685,36.68300524478685,0.0,False,False,3.98,3.459,-7.7695553,110.3850879,-1.98,-7.7695642,110.3847551,-1.459
1789017880.6237504,36.68300524478685,36.68300524478685,0.0,False,False,3.98,3.459,-7.7695553,110.3850879,-1.98,-7.7695642,110.3847551,-1.459
1789017880.828607,36.68300524478685,36.68300524478685,0.0,False,False,3.98,3.459,-7.7695553,110.3850879,-1.98,-7.7695642,110.3847551,-1.459
1789017881.0319834,36.68300524478685,36.68300524478685,0.0,False,False,3.98,3.459,-7.7695553,110.3850879,-1.98,-7.7695642,110.3847551,-1.459
1789017881.236056,36.68300524478685,36.68300524478685,0.0,False,False,3.98,3.459,-7.7695553,110.3850879,-1.98,-7.7695642,110.3847551,-1.459
1789017881.4385715,36.68300524478685,36.68300524478685,0.0,False,False,3.98,3.459,-7.7695553,110.3850879,-1.98,-7.7695642,110.3847551,-1.459
1789017881.6414907,36.68300524478685,36.68300524478685,0.0,False,False,3.98,3.459,-7.7695553,110.3850879,-1.98,-7.7695642,110.3847551,-1.459
1789017881.8437712,36.68300524478685,36.68300524478685,0.0,False,False,3.98,3.459,-7.7695553,110.3850879,-1.98,-7.7695642,110.3847551,-1.459
1789017882.0467021,36.68300524478685,36.68300524478685,0.0,False,False,3.98,3.459,-7.7695553,110.3850879,-1.98,-7.7695642,110.3847551,-1.459
1789017882.2585754,36.68300524478685,36.68300524478685,0.0,False,False,3.98,3.459,-7.7695553,110.3850879,-1.98,-7.7695642,110.3847551,-1.459
1789017882.4610248,36.68300524478685,36.68300524478685,0.0,False,False,3.98,3.459,-7.7695553,110.3850879,-1.98,-7.7695642,110.3847551,-1.459
1789017882.66448,36.68300524478685,36.68300524478685,0.0,False,False,3.98,3.459,-7.7695553,110.3850879,-1.98,-7.7695642,110.3847551,-1.459
1789017882.868755,36.68300524478685,36.68300524478685,0.0,False,False,3.98,3.459,-7.7695553,110.3850879,-1.98,-7.7695642,110.3847551,-1.459
1789017883.0729547,36.6829910556522,36.6829910556522,0.0,False,False,3.9799999999999995,3.46,-7.7695553,110.3850879,-1.98,-7.7695642,110.3847551,-1.46
1789017883.2797728,36.6829910556522,36.6829910556522,0.0,False,False,3.9799999999999995,3.46,-7.7695553,110.3850879,-1.98,-7.7695642,110.3847551,-1.46
1789017883.4831219,36.6829910556522,36.6829910556522,0.0,False,False,3.9799999999999995,3.46,-7.7695553,110.3850879,-1.98,-7.7695642,110.3847551,-1.46
1789017883.69471,36.6829910556522,36.6829910556522,0.0,False,False,3.9799999999999995,3.46,-7.7695553,110.3850879,-1.98,-7.7695642,110.3847551,-1.46
1789017883.8976028,36.6829910556522,36.6829910556522,0.0,False,False,3.9799999999999995,3.46,-7.7695553,110.3850879,-1.98,-7.7695642,110.3847551,-1.46
1789017884.097781,36.6829910556522,36.6829910556522,0.0,False,False,3.9799999999999995,3.46,-7.7695553,110.3850879,-1.98,-7.7695642,110.3847551,-1.46
1789017884.3040442,36.6829910556522,36.6829910556522,0.0,False,False,3.9799999999999995,3.46,-7.7695553,110.3850879,-1.98,-7.7695642,110.3847551,-1.46
1789017884.5144756,36.6829910556522,36.6829910556522,0.0,False,False,3.9799999999999995,3.46,-7.7695553,110.3850879,-1.98,-7.7695642,110.3847551,-1.46
1789017884.725177,36.6829910556522,36.6829910556522,0.0,False,False,3.9799999999999995,3.46,-7.7695553,110.3850879,-1.98,-7.7695642,110.3847551,-1.46
1789017884.9290175,36.6829910556522,36.6829910556522,0.0,False,False,3.9799999999999995,3.46,-7.7695553,110.3850879,-1.98,-7.7695642,110.3847551,-1.46
1789017885.1327772,36.6829910556522,36.6829910556522,0.0,False,False,3.9799999999999995,3.46,-7.7695553,110.3850879,-1.98,-7.7695642,110.3847551,-1.46
1789017885.3435125,36.6829910556522,36.6829910556522,0.0,False,False,3.9799999999999995,3.46,-7.7695553,110.3850879,-1.98,-7.7695642,110.3847551,-1.46
1789017885.5475333,36.6829910556522,36.6829910556522,0.0,False,False,3.9799999999999995,3.46,-7.7695553,110.3850879,-1.98,-7.7695642,110.3847551,-1.46
1789017885.7547953,36.6829910556522,36.6829910556522,0.0,False,False,3.9799999999999995,3.46,-7.7695553,110.3850879,-1.98,-7.7695642,110.3847551,-1.46
1789017885.9553413,36.6829910556522,36.6829910556522,0.0,False,False,3.9799999999999995,3.46,-7.7695553,110.3850879,-1.98,-7.7695642,110.3847551,-1.46
1789017886.1593242,36.6829910556522,36.6829910556522,0.0,False,False,3.9799999999999995,3.46,-7.7695553,110.3850879,-1.98,-7.7695642,110.3847551,-1.46
1789017886.3677108,36.6829910556522,36.6829910556522,0.0,False,False,3.9799999999999995,3.46,-7.7695553,110.3850879,-1.98,-7.7695642,110.3847551,-1.46
1789017886.5750697,36.6829910556522,36.6829910556522,0.0,False,False,3.9799999999999995,3.46,-7.7695553,110.3850879,-1.98,-7.7695642,110.3847551,-1.46
1789017886.7801025,36.6829910556522,36.6829910556522,0.0,False,False,3.9799999999999995,3.46,-7.7695553,110.3850879,-1.98,-7.7695642,110.3847551,-1.46
1789017886.9902406,36.6829910556522,36.6829910556522,0.0,False,False,3.9799999999999995,3.46,-7.7695553,110.3850879,-1.98,-7.7695642,110.3847551,-1.46
1789017887.1953087,36.6829910556522,36.6829910556522,0.0,False,False,3.9799999999999995,3.46,-7.7695553,110.3850879,-1.98,-7.7695642,110.3847551,-1.46
1789017887.4036646,36.6829910556522,36.6829910556522,0.0,False,False,3.9799999999999995,3.46,-7.7695553,110.3850879,-1.98,-7.7695642,110.3847551,-1.46
1789017887.605361,36.6829910556522,36.6829910556522,0.0,False,False,3.9799999999999995,3.46,-7.7695553,110.3850879,-1.98,-7.7695642,110.3847551,-1.46
1789017887.8094563,36.6829910556522,36.6829910556522,0.0,False,False,3.9799999999999995,3.46,-7.7695553,110.3850879,-1.98,-7.7695642,110.3847551,-1.46
1789017888.0156739,36.6829910556522,36.6829910556522,0.0,False,False,3.9799999999999995,3.46,-7.7695553,110.3850879,-1.98,-7.7695642,110.3847551,-1.46
1789017888.2187254,36.6829910556522,36.6829910556522,0.0,False,False,3.9799999999999995,3.46,-7.7695553,110.3850879,-1.98,-7.7695642,110.3847551,-1.46
1789017888.430116,36.6829910556522,36.6829910556522,0.0,False,False,3.9799999999999995,3.46,-7.7695553,110.3850879,-1.98,-7.7695642,110.3847551,-1.46
1789017888.6344628,36.6829910556522,36.6829910556522,0.0,False,False,3.9799999999999995,3.46,-7.7695553,110.3850879,-1.98,-7.7695642,110.3847551,-1.46
1789017888.8376608,36.6829910556522,36.6829910556522,0.0,False,False,3.9799999999999995,3.46,-7.7695553,110.3850879,-1.98,-7.7695642,110.3847551,-1.46
1789017889.0404115,36.6829910556522,36.6829910556522,0.0,False,False,3.9799999999999995,3.46,-7.7695553,110.3850879,-1.98,-7.7695642,110.3847551,-1.46
1789017889.244277,36.6829910556522,36.6829910556522,0.0,False,False,3.9799999999999995,3.46,-7.7695553,110.3850879,-1.98,-7.7695642,110.3847551,-1.46
1789017889.447716,36.6829910556522,36.6829910556522,0.0,False,False,3.9799999999999995,3.46,-7.7695553,110.3850879,-1.98,-7.7695642,110.3847551,-1.46
1789017889.6515062,36.6829910556522,36.6829910556522,0.0,False,False,3.9799999999999995,3.46,-7.7695553,110.3850879,-1.98,-7.7695642,110.3847551,-1.46
1789017889.8516665,36.6829910556522,36.6829910556522,0.0,False,False,3.9799999999999995,3.46,-7.7695553,110.3850879,-1.98,-7.7695642,110.3847551,-1.46
1789017890.0624745,36.6829910556522,36.6829910556522,0.0,False,False,3.9799999999999995,3.46,-7.7695553,110.3850879,-1.98,-7.7695642,110.3847551,-1.46
1789017890.264917,36.6829910556522,36.6829910556522,0.0,False,False,3.9799999999999995,3.46,-7.7695553,110.3850879,-1.98,-7.7695642,110.3847551,-1.46
1789017890.4682314,36.6829910556522,36.6829910556522,0.0,False,False,3.9799999999999995,3.46,-7.7695553,110.3850879,-1.98,-7.7695642,110.3847551,-1.46
1789017890.6727695,36.6829910556522,36.6829910556522,0.0,False,False,3.9799999999999995,3.46,-7.7695553,110.3850879,-1.98,-7.7695642,110.3847551,-1.46
1789017890.8859725,36.6829910556522,36.6829910556522,0.0,False,False,3.9799999999999995,3.46,-7.7695553,110.3850879,-1.98,-7.7695642,110.3847551,-1.46
1789017891.0889628,36.68300524478685,36.68300524478685,0.0,False,False,3.98,3.459,-7.7695553,110.3850879,-1.98,-7.7695642,110.3847551,-1.459
1789017891.2912579,36.68300524478685,36.68300524478685,0.0,False,False,3.98,3.459,-7.7695553,110.3850879,-1.98,-7.7695642,110.3847551,-1.459
1789017891.49399,36.68300524478685,36.68300524478685,0.0,False,False,3.98,3.459,-7.7695553,110.3850879,-1.98,-7.7695642,110.3847551,-1.459
1789017891.7077882,36.68300524478685,36.68300524478685,0.0,False,False,3.98,3.459,-7.7695553,110.3850879,-1.98,-7.7695642,110.3847551,-1.459
1789017891.9104478,36.68300524478685,36.68300524478685,0.0,False,False,3.98,3.459,-7.7695553,110.3850879,-1.98,-7.7695642,110.3847551,-1.459
1789017892.1216722,36.68300524478685,36.68300524478685,0.0,False,False,3.98,3.459,-7.7695553,110.3850879,-1.98,-7.7695642,110.3847551,-1.459
1789017892.323909,36.68300524478685,36.68300524478685,0.0,False,False,3.98,3.459,-7.7695553,110.3850879,-1.98,-7.7695642,110.3847551,-1.459
1789017892.5366428,36.68300524478685,36.68300524478685,0.0,False,False,3.98,3.459,-7.7695553,110.3850879,-1.98,-7.7695642,110.3847551,-1.459
1789017892.7406328,36.68300524478685,36.68300524478685,0.0,False,False,3.98,3.459,-7.7695553,110.3850879,-1.98,-7.7695642,110.3847551,-1.459
1789017892.9519613,36.68300524478685,36.68300524478685,0.0,False,False,3.98,3.459,-7.7695553,110.3850879,-1.98,-7.7695642,110.3847551,-1.459
1789017893.1628385,36.68300524478685,36.68300524478685,0.0,False,False,3.98,3.459,-7.7695553,110.3850879,-1.98,-7.7695642,110.3847551,-1.459
1789017893.3628783,36.68300524478685,36.68300524478685,0.0,False,False,3.98,3.459,-7.7695553,110.3850879,-1.98,-7.7695642,110.3847551,-1.459
1789017893.5757418,36.68300524478685,36.68300524478685,0.0,False,False,3.98,3.459,-7.7695553,110.3850879,-1.98,-7.7695642,110.3847551,-1.459
1789017893.7770777,36.68300524478685,36.68300524478685,0.0,False,False,3.98,3.459,-7.7695553,110.3850879,-1.98,-7.7695642,110.3847551,-1.459
1789017893.9802916,36.68300524478685,36.68300524478685,0.0,False,False,3.98,3.459,-7.7695553,110.3850879,-1.98,-7.7695642,110.3847551,-1.459
1789017894.1828475,36.68300524478685,36.68300524478685,0.0,False,False,3.98,3.459,-7.7695553,110.3850879,-1.98,-7.7695642,110.3847551,-1.459
1789017894.3850813,36.68300524478685,36.68300524478685,0.0,False,False,3.98,3.459,-7.7695553,110.3850879,-1.98,-7.7695642,110.3847551,-1.459
1789017894.58906,36.68300524478685,36.68300524478685,0.0,False,False,3.98,3.459,-7.7695553,110.3850879,-1.98,-7.7695642,110.3847551,-1.459
1789017894.8012252,36.68300524478685,36.68300524478685,0.0,False,False,3.98,3.459,-7.7695553,110.3850879,-1.98,-7.7695642,110.3847551,-1.459
1789017895.003954,36.68300524478685,36.68300524478685,0.0,False,False,3.98,3.459,-7.7695553,110.3850879,-1.98,-7.7695642,110.3847551,-1.459
1789017895.2063186,36.68300524478685,36.68300524478685,0.0,False,False,3.98,3.459,-7.7695553,110.3850879,-1.98,-7.7695642,110.3847551,-1.459
1789017895.410719,36.68300524478685,36.68300524478685,0.0,False,False,3.98,3.459,-7.7695553,110.3850879,-1.98,-7.7695642,110.3847551,-1.459
1789017895.6121306,36.68300524478685,36.68300524478685,0.0,False,False,3.98,3.459,-7.7695553,110.3850879,-1.98,-7.7695642,110.3847551,-1.459
1789017895.8256965,36.68300524478685,36.68300524478685,0.0,False,False,3.98,3.459,-7.7695553,110.3850879,-1.98,-7.7695642,110.3847551,-1.459
1789017896.0297089,36.68300524478685,36.68300524478685,0.0,False,False,3.98,3.459,-7.7695553,110.3850879,-1.98,-7.7695642,110.3847551,-1.459
1789017896.2333555,36.68300524478685,36.68300524478685,0.0,False,False,3.98,3.459,-7.7695553,110.3850879,-1.98,-7.7695642,110.3847551,-1.459
1789017896.4367476,36.68300524478685,36.68300524478685,0.0,False,False,3.98,3.459,-7.7695553,110.3850879,-1.98,-7.7695642,110.3847551,-1.459
1789017896.6478643,36.68300524478685,36.68300524478685,0.0,False,False,3.98,3.459,-7.7695553,110.3850879,-1.98,-7.7695642,110.3847551,-1.459
1789017896.8494008,36.68300524478685,36.68300524478685,0.0,False,False,3.98,3.459,-7.7695553,110.3850879,-1.98,-7.7695642,110.3847551,-1.459
1789017897.0509372,36.68300524478685,36.68300524478685,0.0,False,False,3.98,3.459,-7.7695553,110.3850879,-1.98,-7.7695642,110.3847551,-1.459
1789017897.260632,36.68300524478685,36.68300524478685,0.0,False,False,3.98,3.459,-7.7695553,110.3850879,-1.98,-7.7695642,110.3847551,-1.459
1789017897.4647832,36.68300524478685,36.68300524478685,0.0,False,False,3.98,3.459,-7.7695553,110.3850879,-1.98,-7.7695642,110.3847551,-1.459
1789017897.668385,36.68300524478685,36.68300524478685,0.0,False,False,3.98,3.459,-7.7695553,110.3850879,-1.98,-7.7695642,110.3847551,-1.459
1789017897.8807607,36.68300524478685,36.68300524478685,0.0,False,False,3.98,3.459,-7.7695553,110.3850879,-1.98,-7.7695642,110.3847551,-1.459
1789017898.0921276,36.68300524478685,36.68300524478685,0.0,False,False,3.98,3.459,-7.7695553,110.3850879,-1.98,-7.7695642,110.3847551,-1.459
1789017898.2951133,36.68300524478685,36.68300524478685,0.0,False,False,3.98,3.459,-7.7695553,110.3850879,-1.98,-7.7695642,110.3847551,-1.459
1789017898.505634,36.68300524478685,36.68300524478685,0.0,False,False,3.98,3.459,-7.7695553,110.3850879,-1.98,-7.7695642,110.3847551,-1.459
1789017898.7084067,36.68300524478685,36.68300524478685,0.0,False,False,3.98,3.459,-7.7695553,110.3850879,-1.98,-7.7695642,110.3847551,-1.459
1789017898.9179275,36.68300524478685,36.68300524478685,0.0,False,False,3.98,3.459,-7.7695553,110.3850879,-1.98,-7.7695642,110.3847551,-1.459
1789017899.1214797,36.68300524478685,36.68300524478685,0.0,False,False,3.98,3.459,-7.7695553,110.3850879,-1.98,-7.7695642,110.3847551,-1.459
1789017899.3330786,36.68300524478685,36.68300524478685,0.0,False,False,3.98,3.459,-7.7695553,110.3850879,-1.98,-7.7695642,110.3847551,-1.459
1789017899.5441403,36.68300524478685,36.68300524478685,0.0,False,False,3.98,3.459,-7.7695553,110.3850879,-1.98,-7.7695642,110.3847551,-1.459
1789017899.7472494,36.68300524478685,36.68300524478685,0.0,False,False,3.98,3.459,-7.7695553,110.3850879,-1.98,-7.7695642,110.3847551,-1.459
1789017899.9503393,36.68300524478685,36.68300524478685,0.0,False,False,3.98,3.459,-7.7695553,110.3850879,-1.98,-7.7695642,110.3847551,-1.459
1789017900.1532443,36.68300524478685,36.68300524478685,0.0,False,False,3.98,3.459,-7.7695553,110.3850879,-1.98,-7.7695642,110.3847551,-1.459
1789017900.3566196,36.68300524478685,36.68300524478685,0.0,False,False,3.98,3.459,-7.7695553,110.3850879,-1.98,-7.7695642,110.3847551,-1.459
1789017900.5683799,36.68300524478685,36.68300524478685,0.0,False,False,3.98,3.459,-7.7695553,110.3850879,-1.98,-7.7695642,110.3847551,-1.459
1789017900.772648,36.68300524478685,36.68300524478685,0.0,False,False,3.98,3.459,-7.7695553,110.3850879,-1.98,-7.7695642,110.3847551,-1.459
1789017900.9753242,36.68300524478685,36.68300524478685,0.0,False,False,3.98,3.459,-7.7695553,110.3850879,-1.98,-7.7695642,110.3847551,-1.459
1789017901.1881995,36.68300524478685,36.68300524478685,0.0,False,False,3.98,3.459,-7.7695553,110.3850879,-1.98,-7.7695642,110.3847551,-1.459
1789017901.3909833,36.68300524478685,36.68300524478685,0.0,False,False,3.98,3.459,-7.7695553,110.3850879,-1.98,-7.7695642,110.3847551,-1.459
1789017901.5952353,36.68300524478685,36.68300524478685,0.0,False,False,3.98,3.459,-7.7695553,110.3850879,-1.98,-7.7695642,110.3847551,-1.459
1789017901.7976987,36.68300524478685,36.68300524478685,0.0,False,False,3.98,3.459,-7.7695553,110.3850879,-1.98,-7.7695642,110.3847551,-1.459
1789017902.000077,36.68300524478685,36.68300524478685,0.0,False,False,3.98,3.459,-7.7695553,110.3850879,-1.98,-7.7695642,110.3847551,-1.459
1789017902.202907,36.68300524478685,36.68300524478685,0.0,False,False,3.98,3.459,-7.7695553,110.3850879,-1.98,-7.7695642,110.3847551,-1.459
1789017902.4042866,36.6829910556522,36.6829910556522,0.0,False,False,3.9799999999999995,3.46,-7.7695553,110.3850879,-1.98,-7.7695642,110.3847551,-1.46
1789017902.6126301,36.6829910556522,36.6829910556522,0.0,False,False,3.9799999999999995,3.46,-7.7695553,110.3850879,-1.98,-7.7695642,110.3847551,-1.46
1789017902.8195357,36.6829910556522,36.6829910556522,0.0,False,False,3.9799999999999995,3.46,-7.7695553,110.3850879,-1.98,-7.7695642,110.3847551,-1.46
1789017903.0233002,36.6829910556522,36.6829910556522,0.0,False,False,3.9799999999999995,3.46,-7.7695553,110.3850879,-1.98,-7.7695642,110.3847551,-1.46
1789017903.2260401,36.6829910556522,36.6829910556522,0.0,False,False,3.9799999999999995,3.46,-7.7695553,110.3850879,-1.98,-7.7695642,110.3847551,-1.46
1789017903.4361787,36.6829910556522,36.6829910556522,0.0,False,False,3.9799999999999995,3.46,-7.7695553,110.3850879,-1.98,-7.7695642,110.3847551,-1.46
1789017903.6437376,36.6829910556522,36.6829910556522,0.0,False,False,3.9799999999999995,3.46,-7.7695553,110.3850879,-1.98,-7.7695642,110.3847551,-1.46
1789017903.84512,36.6829910556522,36.6829910556522,0.0,False,False,3.9799999999999995,3.46,-7.7695553,110.3850879,-1.98,-7.7695642,110.3847551,-1.46
1789017904.0519934,36.6829910556522,36.6829910556522,0.0,False,False,3.9799999999999995,3.46,-7.7695553,110.3850879,-1.98,-7.7695642,110.3847551,-1.46
1789017904.2566605,36.6829910556522,36.6829910556522,0.0,False,False,3.9799999999999995,3.46,-7.7695553,110.3850879,-1.98,-7.7695642,110.3847551,-1.46
1789017904.4598696,36.6829910556522,36.6829910556522,0.0,False,False,3.9799999999999995,3.46,-7.7695553,110.3850879,-1.98,-7.7695642,110.3847551,-1.46
1789017904.6604145,36.6829910556522,36.6829910556522,0.0,False,False,3.9799999999999995,3.46,-7.7695553,110.3850879,-1.98,-7.7695642,110.3847551,-1.46
1789017904.871051,36.6829910556522,36.6829910556522,0.0,False,False,3.9799999999999995,3.46,-7.7695553,110.3850879,-1.98,-7.7695642,110.3847551,-1.46
1789017905.073694,36.6829910556522,36.6829910556522,0.0,False,False,3.9799999999999995,3.46,-7.7695553,110.3850879,-1.98,-7.7695642,110.3847551,-1.46
1789017905.2755966,36.6829910556522,36.6829910556522,0.0,False,False,3.9799999999999995,3.46,-7.7695553,110.3850879,-1.98,-7.7695642,110.3847551,-1.46
1789017905.4773405,36.6829910556522,36.6829910556522,0.0,False,False,3.9799999999999995,3.46,-7.7695553,110.3850879,-1.98,-7.7695642,110.3847551,-1.46
1789017905.687634,36.6829910556522,36.6829910556522,0.0,False,False,3.9799999999999995,3.46,-7.7695553,110.3850879,-1.98,-7.7695642,110.3847551,-1.46
1789017905.8909864,36.6829910556522,36.6829910556522,0.0,False,False,3.9799999999999995,3.46,-7.7695553,110.3850879,-1.98,-7.7695642,110.3847551,-1.46
1789017906.091277,36.6829910556522,36.6829910556522,0.0,False,False,3.9799999999999995,3.46,-7.7695553,110.3850879,-1.98,-7.7695642,110.3847551,-1.46
1789017906.2983336,36.6829910556522,36.6829910556522,0.0,False,False,3.9799999999999995,3.46,-7.7695553,110.3850879,-1.98,-7.7695642,110.3847551,-1.46
1789017906.5003877,36.6829910556522,36.6829910556522,0.0,False,False,3.9799999999999995,3.46,-7.7695553,110.3850879,-1.98,-7.7695642,110.3847551,-1.46
1789017906.7028904,36.6829910556522,36.6829910556522,0.0,False,False,3.9799999999999995,3.46,-7.7695553,110.3850879,-1.98,-7.7695642,110.3847551,-1.46
1789017906.9051356,36.6829910556522,36.6829910556522,0.0,False,False,3.9799999999999995,3.46,-7.7695553,110.3850879,-1.98,-7.7695642,110.3847551,-1.46
1789017907.1052988,36.6829910556522,36.6829910556522,0.0,False,False,3.9799999999999995,3.46,-7.7695553,110.3850879,-1.98,-7.7695642,110.3847551,-1.46
1789017907.3111541,36.6829910556522,36.6829910556522,0.0,False,False,3.9799999999999995,3.46,-7.7695553,110.3850879,-1.98,-7.7695642,110.3847551,-1.46
1789017907.5143876,36.6829910556522,36.6829910556522,0.0,False,False,3.9799999999999995,3.46,-7.7695553,110.3850879,-1.98,-7.7695642,110.3847551,-1.46
1789017907.7164106,36.6829910556522,36.6829910556522,0.0,False,False,3.9799999999999995,3.46,-7.7695553,110.3850879,-1.98,-7.7695642,110.3847551,-1.46
1789017907.919007,36.6829910556522,36.6829910556522,0.0,False,False,3.9799999999999995,3.46,-7.7695553,110.3850879,-1.98,-7.7695642,110.3847551,-1.46
1789017908.1300292,36.6829910556522,36.6829910556522,0.0,False,False,3.9799999999999995,3.46,-7.7695553,110.3850879,-1.98,-7.7695642,110.3847551,-1.46
1789017908.334067,36.6829910556522,36.6829910556522,0.0,False,False,3.9799999999999995,3.46,-7.7695553,110.3850879,-1.98,-7.7695642,110.3847551,-1.46
1789017908.537258,36.6829910556522,36.6829910556522,0.0,False,False,3.9799999999999995,3.46,-7.7695553,110.3850879,-1.98,-7.7695642,110.3847551,-1.46
1789017908.7490945,36.6829910556522,36.6829910556522,0.0,False,False,3.9799999999999995,3.46,-7.7695553,110.3850879,-1.98,-7.7695642,110.3847551,-1.46
1789017908.950714,36.6829910556522,36.6829910556522,0.0,False,False,3.9799999999999995,3.46,-7.7695553,110.3850879,-1.98,-7.7695642,110.3847551,-1.46
1789017909.1527872,36.6829910556522,36.6829910556522,0.0,False,False,3.9799999999999995,3.46,-7.7695553,110.3850879,-1.98,-7.7695642,110.3847551,-1.46
1789017909.3536644,36.6829910556522,36.6829910556522,0.0,False,False,3.9799999999999995,3.46,-7.7695553,110.3850879,-1.98,-7.7695642,110.3847551,-1.46
1789017909.5627794,36.6829910556522,36.6829910556522,0.0,False,False,3.9799999999999995,3.46,-7.7695553,110.3850879,-1.98,-7.7695642,110.3847551,-1.46
1789017909.7648156,36.6829910556522,36.6829910556522,0.0,False,False,3.9799999999999995,3.46,-7.7695553,110.3850879,-1.98,-7.7695642,110.3847551,-1.46
1789017909.9658437,36.6829910556522,36.6829910556522,0.0,False,False,3.9799999999999995,3.46,-7.7695553,110.3850879,-1.98,-7.7695642,110.3847551,-1.46
1789017910.1702726,36.6829910556522,36.6829910556522,0.0,False,False,3.9799999999999995,3.46,-7.7695553,110.3850879,-1.98,-7.7695642,110.3847551,-1.46
1789017910.3804717,36.6829910556522,36.6829910556522,0.0,False,False,3.9799999999999995,3.46,-7.7695553,110.3850879,-1.98,-7.7695642,110.3847551,-1.46
1789017910.5818923,36.6829910556522,36.6829910556522,0.0,False,False,3.9799999999999995,3.46,-7.7695553,110.3850879,-1.98,-7.7695642,110.3847551,-1.46
1789017910.7831428,36.6829910556522,36.6829910556522,0.0,False,False,3.9799999999999995,3.46,-7.7695553,110.3850879,-1.98,-7.7695642,110.3847551,-1.46
1789017910.9930422,36.6829910556522,36.6829910556522,0.0,False,False,3.9799999999999995,3.46,-7.7695553,110.3850879,-1.98,-7.7695642,110.3847551,-1.46
1789017911.1995003,36.6829910556522,36.6829910556522,0.0,False,False,3.9799999999999995,3.46,-7.7695553,110.3850879,-1.98,-7.7695642,110.3847551,-1.46
1789017911.403818,36.6829910556522,36.6829910556522,0.0,False,False,3.9799999999999995,3.46,-7.7695553,110.3850879,-1.98,-7.7695642,110.3847551,-1.46
1789017911.6057413,36.6829910556522,36.6829910556522,0.0,False,False,3.9799999999999995,3.46,-7.7695553,110.3850879,-1.98,-7.7695642,110.3847551,-1.46
1789017911.8126369,36.6829910556522,36.6829910556522,0.0,False,False,3.9799999999999995,3.46,-7.7695553,110.3850879,-1.98,-7.7695642,110.3847551,-1.46
1789017912.0193486,36.6829910556522,36.6829910556522,0.0,False,False,3.9799999999999995,3.46,-7.7695553,110.3850879,-1.98,-7.7695642,110.3847551,-1.46
1789017912.2309117,36.6829910556522,36.6829910556522,0.0,False,False,3.9799999999999995,3.46,-7.7695553,110.3850879,-1.98,-7.7695642,110.3847551,-1.46
1789017912.4343333,36.6829910556522,36.6829910556522,0.0,False,False,3.9799999999999995,3.46,-7.7695553,110.3850879,-1.98,-7.7695642,110.3847551,-1.46
1789017912.6472375,36.6829910556522,36.6829910556522,0.0,False,False,3.9799999999999995,3.46,-7.7695553,110.3850879,-1.98,-7.7695642,110.3847551,-1.46
1789017912.852718,36.6829910556522,36.6829910556522,0.0,False,False,3.9799999999999995,3.46,-7.7695553,110.3850879,-1.98,-7.7695642,110.3847551,-1.46
1789017913.0636961,36.6829910556522,36.6829910556522,0.0,False,False,3.9799999999999995,3.46,-7.7695553,110.3850879,-1.98,-7.7695642,110.3847551,-1.46
1789017913.266288,36.6829910556522,36.6829910556522,0.0,False,False,3.9799999999999995,3.46,-7.7695553,110.3850879,-1.98,-7.7695642,110.3847551,-1.46
1789017913.4686894,36.6829910556522,36.6829910556522,0.0,False,False,3.9799999999999995,3.46,-7.7695553,110.3850879,-1.98,-7.7695642,110.3847551,-1.46
1789017913.6729674,36.6829910556522,36.6829910556522,0.0,False,False,3.9799999999999995,3.46,-7.7695553,110.3850879,-1.98,-7.7695642,110.3847551,-1.46
1789017913.8762596,36.6829910556522,36.6829910556522,0.0,False,False,3.9799999999999995,3.46,-7.7695553,110.3850879,-1.98,-7.7695642,110.3847551,-1.46
1789017914.0862098,36.6829910556522,36.6829910556522,0.0,False,False,3.9799999999999995,3.46,-7.7695553,110.3850879,-1.98,-7.7695642,110.3847551,-1.46
1789017914.2885988,36.6829910556522,36.6829910556522,0.0,False,False,3.9799999999999995,3.46,-7.7695553,110.3850879,-1.98,-7.7695642,110.3847551,-1.46
1789017914.5017462,36.6829910556522,36.6829910556522,0.0,False,False,3.9799999999999995,3.46,-7.7695553,110.3850879,-1.98,-7.7695642,110.3847551,-1.46
1789017914.7046814,36.6829910556522,36.6829910556522,0.0,False,False,3.9799999999999995,3.46,-7.7695553,110.3850879,-1.98,-7.7695642,110.3847551,-1.46
1789017914.9093652,36.6829910556522,36.6829910556522,0.0,False,False,3.9799999999999995,3.46,-7.7695553,110.3850879,-1.98,-7.7695642,110.3847551,-1.46
1789017915.110536,36.6829910556522,36.6829910556522,0.0,False,False,3.9799999999999995,3.46,-7.7695553,110.3850879,-1.98,-7.7695642,110.3847551,-1.46
1789017915.3106399,36.6829910556522,36.6829910556522,0.0,False,False,3.9799999999999995,3.46,-7.7695553,110.3850879,-1.98,-7.7695642,110.3847551,-1.46
1789017915.5118608,36.6829910556522,36.6829910556522,0.0,False,False,3.9799999999999995,3.46,-7.7695553,110.3850879,-1.98,-7.7695642,110.3847551,-1.46
1789017915.7182636,36.6829910556522,36.6829910556522,0.0,False,False,3.9799999999999995,3.46,-7.7695553,110.3850879,-1.98,-7.7695642,110.3847551,-1.46
1789017915.9295416,36.6829910556522,36.6829910556522,0.0,False,False,3.9799999999999995,3.46,-7.7695553,110.3850879,-1.98,-7.7695642,110.3847551,-1.46
1789017916.141358,36.6829910556522,36.6829910556522,0.0,False,False,3.9799999999999995,3.46,-7.7695553,110.3850879,-1.98,-7.7695642,110.3847551,-1.46
1789017916.3413818,36.68300524478685,36.68300524478685,0.0,False,False,3.981,3.46,-7.7695553,110.3850879,-1.981,-7.7695642,110.3847551,-1.46
1789017916.5539553,36.68300524478685,36.68300524478685,0.0,False,False,3.981,3.46,-7.7695553,110.3850879,-1.981,-7.7695642,110.3847551,-1.46
1789017916.7577436,36.68300524478685,36.68300524478685,0.0,False,False,3.981,3.46,-7.7695553,110.3850879,-1.981,-7.7695642,110.3847551,-1.46
1789017916.9607267,36.68300524478685,36.68300524478685,0.0,False,False,3.981,3.46,-7.7695553,110.3850879,-1.981,-7.7695642,110.3847551,-1.46
1789017917.172211,36.68300524478685,36.68300524478685,0.0,False,False,3.981,3.46,-7.7695553,110.3850879,-1.981,-7.7695642,110.3847551,-1.46
1789017917.384485,36.68300524478685,36.68300524478685,0.0,False,False,3.981,3.46,-7.7695553,110.3850879,-1.981,-7.7695642,110.3847551,-1.46
1789017917.5882328,36.68300524478685,36.68300524478685,0.0,False,False,3.981,3.46,-7.7695553,110.3850879,-1.981,-7.7695642,110.3847551,-1.46
1789017917.7885458,36.68300524478685,36.68300524478685,0.0,False,False,3.981,3.46,-7.7695553,110.3850879,-1.981,-7.7695642,110.3847551,-1.46
1789017917.9917202,36.68300524478685,36.68300524478685,0.0,False,False,3.981,3.46,-7.7695553,110.3850879,-1.981,-7.7695642,110.3847551,-1.46
1789017918.1994486,36.68300524478685,36.68300524478685,0.0,False,False,3.981,3.46,-7.7695553,110.3850879,-1.981,-7.7695642,110.3847551,-1.46
1789017918.4077148,36.68300524478685,36.68300524478685,0.0,False,False,3.981,3.46,-7.7695553,110.3850879,-1.981,-7.7695642,110.3847551,-1.46
1789017918.6093829,36.68300524478685,36.68300524478685,0.0,False,False,3.981,3.46,-7.7695553,110.3850879,-1.981,-7.7695642,110.3847551,-1.46
1789017918.8198857,36.68300524478685,36.68300524478685,0.0,False,False,3.981,3.46,-7.7695553,110.3850879,-1.981,-7.7695642,110.3847551,-1.46
1789017919.0209122,36.68300524478685,36.68300524478685,0.0,False,False,3.981,3.46,-7.7695553,110.3850879,-1.981,-7.7695642,110.3847551,-1.46
1789017919.223088,36.68300524478685,36.68300524478685,0.0,False,False,3.981,3.46,-7.7695553,110.3850879,-1.981,-7.7695642,110.3847551,-1.46
1789017919.4238932,36.68300524478685,36.68300524478685,0.0,False,False,3.981,3.46,-7.7695553,110.3850879,-1.981,-7.7695642,110.3847551,-1.46
1789017919.62687,36.68300524478685,36.68300524478685,0.0,False,False,3.981,3.46,-7.7695553,110.3850879,-1.981,-7.7695642,110.3847551,-1.46
1789017919.8299692,36.68300524478685,36.68300524478685,0.0,False,False,3.981,3.46,-7.7695553,110.3850879,-1.981,-7.7695642,110.3847551,-1.46
1789017920.0315871,36.68300524478685,36.68300524478685,0.0,False,False,3.981,3.46,-7.7695553,110.3850879,-1.981,-7.7695642,110.3847551,-1.46
1789017920.2358348,36.68300524478685,36.68300524478685,0.0,False,False,3.981,3.46,-7.7695553,110.3850879,-1.981,-7.7695642,110.3847551,-1.46
1789017920.4422636,36.68300524478685,36.68300524478685,0.0,False,False,3.981,3.46,-7.7695553,110.3850879,-1.981,-7.7695642,110.3847551,-1.46
1789017920.650111,36.68300524478685,36.68300524478685,0.0,False,False,3.981,3.46,-7.7695553,110.3850879,-1.981,-7.7695642,110.3847551,-1.46
1789017920.8516695,36.68300524478685,36.68300524478685,0.0,False,False,3.981,3.46,-7.7695553,110.3850879,-1.981,-7.7695642,110.3847551,-1.46
1789017921.0634766,36.68300524478685,36.68300524478685,0.0,False,False,3.981,3.46,-7.7695553,110.3850879,-1.981,-7.7695642,110.3847551,-1.46
1789017921.2769008,36.68300524478685,36.68300524478685,0.0,False,False,3.981,3.46,-7.7695553,110.3850879,-1.981,-7.7695642,110.3847551,-1.46
1789017921.4784553,36.68300524478685,36.68300524478685,0.0,False,False,3.981,3.46,-7.7695553,110.3850879,-1.981,-7.7695642,110.3847551,-1.46
1789017921.6798365,36.68300524478685,36.68300524478685,0.0,False,False,3.981,3.46,-7.7695553,110.3850879,-1.981,-7.7695642,110.3847551,-1.46
1789017921.8859015,36.68300524478685,36.68300524478685,0.0,False,False,3.981,3.46,-7.7695553,110.3850879,-1.981,-7.7695642,110.3847551,-1.46
1789017922.1021407,36.68300524478685,36.68300524478685,0.0,False,False,3.981,3.46,-7.7695553,110.3850879,-1.981,-7.7695642,110.3847551,-1.46
1789017922.3102515,36.68300524478685,36.68300524478685,0.0,False,False,3.981,3.46,-7.7695553,110.3850879,-1.981,-7.7695642,110.3847551,-1.46
1789017922.5118027,36.68300524478685,36.68300524478685,0.0,False,False,3.981,3.46,-7.7695553,110.3850879,-1.981,-7.7695642,110.3847551,-1.46
1789017922.7133226,36.68300524478685,36.68300524478685,0.0,False,False,3.981,3.46,-7.7695553,110.3850879,-1.981,-7.7695642,110.3847551,-1.46
1789017922.9232616,36.6829910556522,36.6829910556522,0.0,False,False,3.981,3.4610000000000003,-7.7695553,110.3850879,-1.981,-7.7695642,110.3847551,-1.461
1789017923.1354513,36.6829910556522,36.6829910556522,0.0,False,False,3.981,3.4610000000000003,-7.7695553,110.3850879,-1.981,-7.7695642,110.3847551,-1.461
1789017923.338125,36.6829910556522,36.6829910556522,0.0,False,False,3.981,3.4610000000000003,-7.7695553,110.3850879,-1.981,-7.7695642,110.3847551,-1.461
1789017923.5462599,36.68297689377266,36.68297689377266,0.0,False,False,3.98,3.4610000000000003,-7.7695553,110.3850879,-1.98,-7.7695642,110.3847551,-1.461
1789017923.7477062,36.68297689377266,36.68297689377266,0.0,False,False,3.98,3.4610000000000003,-7.7695553,110.3850879,-1.98,-7.7695642,110.3847551,-1.461
1789017923.9536533,36.68297689377266,36.68297689377266,0.0,False,False,3.98,3.4610000000000003,-7.7695553,110.3850879,-1.98,-7.7695642,110.3847551,-1.461
1789017924.1605544,36.68297689377266,36.68297689377266,0.0,False,False,3.98,3.4610000000000003,-7.7695553,110.3850879,-1.98,-7.7695642,110.3847551,-1.461
1789017924.3608794,36.68297689377266,36.68297689377266,0.0,False,False,3.98,3.4610000000000003,-7.7695553,110.3850879,-1.98,-7.7695642,110.3847551,-1.461
1789017924.5640833,36.68297689377266,36.68297689377266,0.0,False,False,3.98,3.4610000000000003,-7.7695553,110.3850879,-1.98,-7.7695642,110.3847551,-1.461
1789017924.7655396,36.68297689377266,36.68297689377266,0.0,False,False,3.98,3.4610000000000003,-7.7695553,110.3850879,-1.98,-7.7695642,110.3847551,-1.461
1789017924.9696164,36.68297689377266,36.68297689377266,0.0,False,False,3.98,3.4610000000000003,-7.7695553,110.3850879,-1.98,-7.7695642,110.3847551,-1.461
1789017925.1706529,36.68297689377266,36.68297689377266,0.0,False,False,3.98,3.4610000000000003,-7.7695553,110.3850879,-1.98,-7.7695642,110.3847551,-1.461
1789017925.3733277,36.68297689377266,36.68297689377266,0.0,False,False,3.98,3.4610000000000003,-7.7695553,110.3850879,-1.98,-7.7695642,110.3847551,-1.461
1789017925.5744188,36.68297689377266,36.68297689377266,0.0,False,False,3.98,3.4610000000000003,-7.7695553,110.3850879,-1.98,-7.7695642,110.3847551,-1.461
1789017925.7758064,36.68297689377266,36.68297689377266,0.0,False,False,3.98,3.4610000000000003,-7.7695553,110.3850879,-1.98,-7.7695642,110.3847551,-1.461
1789017925.9848053,36.68297689377266,36.68297689377266,0.0,False,False,3.98,3.4610000000000003,-7.7695553,110.3850879,-1.98,-7.7695642,110.3847551,-1.461
1789017926.1871731,36.68297689377266,36.68297689377266,0.0,False,False,3.98,3.4610000000000003,-7.7695553,110.3850879,-1.98,-7.7695642,110.3847551,-1.461
1789017926.388569,36.68297689377266,36.68297689377266,0.0,False,False,3.98,3.4610000000000003,-7.7695553,110.3850879,-1.98,-7.7695642,110.3847551,-1.461
1789017926.5905812,36.68297689377266,36.68297689377266,0.0,False,False,3.98,3.4610000000000003,-7.7695553,110.3850879,-1.98,-7.7695642,110.3847551,-1.461
1789017926.7915723,36.68297689377266,36.68297689377266,0.0,False,False,3.98,3.4610000000000003,-7.7695553,110.3850879,-1.98,-7.7695642,110.3847551,-1.461
1789017927.008956,36.68297689377266,36.68297689377266,0.0,False,False,3.98,3.4610000000000003,-7.7695553,110.3850879,-1.98,-7.7695642,110.3847551,-1.461
1789017927.2138166,36.68297689377266,36.68297689377266,0.0,False,False,3.98,3.4610000000000003,-7.7695553,110.3850879,-1.98,-7.7695642,110.3847551,-1.461
1789017927.416289,36.68297689377266,36.68297689377266,0.0,False,False,3.98,3.4610000000000003,-7.7695553,110.3850879,-1.98,-7.7695642,110.3847551,-1.461
1789017927.62945,36.68297689377266,36.68297689377266,0.0,False,False,3.98,3.4610000000000003,-7.7695553,110.3850879,-1.98,-7.7695642,110.3847551,-1.461
1789017927.8324714,36.68297689377266,36.68297689377266,0.0,False,False,3.98,3.4610000000000003,-7.7695553,110.3850879,-1.98,-7.7695642,110.3847551,-1.461
1789017928.037023,36.68297689377266,36.68297689377266,0.0,False,False,3.98,3.4610000000000003,-7.7695553,110.3850879,-1.98,-7.7695642,110.3847551,-1.461
1789017928.2403722,36.68297689377266,36.68297689377266,0.0,False,False,3.98,3.4610000000000003,-7.7695553,110.3850879,-1.98,-7.7695642,110.3847551,-1.461
1789017928.4434373,36.68297689377266,36.68297689377266,0.0,False,False,3.98,3.4610000000000003,-7.7695553,110.3850879,-1.98,-7.7695642,110.3847551,-1.461
1789017928.6508627,36.6829910556522,36.6829910556522,0.0,False,False,3.9799999999999995,3.46,-7.7695553,110.3850879,-1.98,-7.7695642,110.3847551,-1.46
1789017928.8588579,36.6829910556522,36.6829910556522,0.0,False,False,3.9799999999999995,3.46,-7.7695553,110.3850879,-1.98,-7.7695642,110.3847551,-1.46
1789017929.0603385,36.6829910556522,36.6829910556522,0.0,False,False,3.9799999999999995,3.46,-7.7695553,110.3850879,-1.98,-7.7695642,110.3847551,-1.46
1789017929.2781038,36.6829910556522,36.6829910556522,0.0,False,False,3.9799999999999995,3.46,-7.7695553,110.3850879,-1.98,-7.7695642,110.3847551,-1.46
1789017929.4832096,36.6829910556522,36.6829910556522,0.0,False,False,3.9799999999999995,3.46,-7.7695553,110.3850879,-1.98,-7.7695642,110.3847551,-1.46
1789017929.685605,36.6829910556522,36.6829910556522,0.0,False,False,3.9799999999999995,3.46,-7.7695553,110.3850879,-1.98,-7.7695642,110.3847551,-1.46
1789017929.8887162,36.68300524478685,36.68300524478685,0.0,False,False,3.981,3.46,-7.7695553,110.3850879,-1.981,-7.7695642,110.3847551,-1.46
1789017930.097366,36.68300524478685,36.68300524478685,0.0,False,False,3.981,3.46,-7.7695553,110.3850879,-1.981,-7.7695642,110.3847551,-1.46
1789017930.3091636,36.68300524478685,36.68300524478685,0.0,False,False,3.981,3.46,-7.7695553,110.3850879,-1.981,-7.7695642,110.3847551,-1.46
1789017930.513808,36.68300524478685,36.68300524478685,0.0,False,False,3.981,3.46,-7.7695553,110.3850879,-1.981,-7.7695642,110.3847551,-1.46
1789017930.7164748,36.68300524478685,36.68300524478685,0.0,False,False,3.981,3.46,-7.7695553,110.3850879,-1.981,-7.7695642,110.3847551,-1.46
1789017930.9204876,36.68300524478685,36.68300524478685,0.0,False,False,3.981,3.46,-7.7695553,110.3850879,-1.981,-7.7695642,110.3847551,-1.46
1789017931.1235745,36.68300524478685,36.68300524478685,0.0,False,False,3.981,3.46,-7.7695553,110.3850879,-1.981,-7.7695642,110.3847551,-1.46
1789017931.3261318,36.68300524478685,36.68300524478685,0.0,False,False,3.981,3.46,-7.7695553,110.3850879,-1.981,-7.7695642,110.3847551,-1.46
1789017931.5358212,36.68300524478685,36.68300524478685,0.0,False,False,3.981,3.46,-7.7695553,110.3850879,-1.981,-7.7695642,110.3847551,-1.46
1789017931.7381718,36.68300524478685,36.68300524478685,0.0,False,False,3.981,3.46,-7.7695553,110.3850879,-1.981,-7.7695642,110.3847551,-1.46
1789017931.949225,36.68300524478685,36.68300524478685,0.0,False,False,3.981,3.46,-7.7695553,110.3850879,-1.981,-7.7695642,110.3847551,-1.46
1789017932.1535425,36.68300524478685,36.68300524478685,0.0,False,False,3.981,3.46,-7.7695553,110.3850879,-1.981,-7.7695642,110.3847551,-1.46
1789017932.353681,36.68300524478685,36.68300524478685,0.0,False,False,3.981,3.46,-7.7695553,110.3850879,-1.981,-7.7695642,110.3847551,-1.46
1789017932.56635,36.68300524478685,36.68300524478685,0.0,False,False,3.981,3.46,-7.7695553,110.3850879,-1.981,-7.7695642,110.3847551,-1.46
1789017932.7710657,36.68300524478685,36.68300524478685,0.0,False,False,3.981,3.46,-7.7695553,110.3850879,-1.981,-7.7695642,110.3847551,-1.46
1789017932.9830887,36.68300524478685,36.68300524478685,0.0,False,False,3.981,3.46,-7.7695553,110.3850879,-1.981,-7.7695642,110.3847551,-1.46
1789017933.1877074,36.68300524478685,36.68300524478685,0.0,False,False,3.981,3.46,-7.7695553,110.3850879,-1.981,-7.7695642,110.3847551,-1.46
1789017933.4013517,36.68300524478685,36.68300524478685,0.0,False,False,3.981,3.46,-7.7695553,110.3850879,-1.981,-7.7695642,110.3847551,-1.46
1789017933.6045492,36.68300524478685,36.68300524478685,0.0,False,False,3.981,3.46,-7.7695553,110.3850879,-1.981,-7.7695642,110.3847551,-1.46
1789017933.80819,36.68300524478685,36.68300524478685,0.0,False,False,3.981,3.46,-7.7695553,110.3850879,-1.981,-7.7695642,110.3847551,-1.46
1789017934.011977,36.68300524478685,36.68300524478685,0.0,False,False,3.981,3.46,-7.7695553,110.3850879,-1.981,-7.7695642,110.3847551,-1.46
1789017934.222305,36.68300524478685,36.68300524478685,0.0,False,False,3.981,3.46,-7.7695553,110.3850879,-1.981,-7.7695642,110.3847551,-1.46
1789017934.425183,36.68300524478685,36.68300524478685,0.0,False,False,3.981,3.46,-7.7695553,110.3850879,-1.981,-7.7695642,110.3847551,-1.46
1789017934.6298382,36.68300524478685,36.68300524478685,0.0,False,False,3.981,3.46,-7.7695553,110.3850879,-1.981,-7.7695642,110.3847551,-1.46
1789017934.835798,36.68300524478685,36.68300524478685,0.0,False,False,3.981,3.46,-7.7695553,110.3850879,-1.981,-7.7695642,110.3847551,-1.46
1789017935.0415351,36.68300524478685,36.68300524478685,0.0,False,False,3.981,3.46,-7.7695553,110.3850879,-1.981,-7.7695642,110.3847551,-1.46
1789017935.2546325,36.68300524478685,36.68300524478685,0.0,False,False,3.981,3.46,-7.7695553,110.3850879,-1.981,-7.7695642,110.3847551,-1.46
1789017935.4599597,36.68300524478685,36.68300524478685,0.0,False,False,3.981,3.46,-7.7695553,110.3850879,-1.981,-7.7695642,110.3847551,-1.46
1789017935.6655307,36.68300524478685,36.68300524478685,0.0,False,False,3.981,3.46,-7.7695553,110.3850879,-1.981,-7.7695642,110.3847551,-1.46
1789017935.8656802,36.68300524478685,36.68300524478685,0.0,False,False,3.981,3.46,-7.7695553,110.3850879,-1.981,-7.7695642,110.3847551,-1.46
1789017936.076179,36.68300524478685,36.68300524478685,0.0,False,False,3.981,3.46,-7.7695553,110.3850879,-1.981,-7.7695642,110.3847551,-1.46
1789017936.289573,36.68300524478685,36.68300524478685,0.0,False,False,3.981,3.46,-7.7695553,110.3850879,-1.981,-7.7695642,110.3847551,-1.46
1789017936.4943721,36.68300524478685,36.68300524478685,0.0,False,False,3.981,3.46,-7.7695553,110.3850879,-1.981,-7.7695642,110.3847551,-1.46
1789017936.7001324,36.68300524478685,36.68300524478685,0.0,False,False,3.981,3.46,-7.7695553,110.3850879,-1.981,-7.7695642,110.3847551,-1.46
1789017936.9041362,36.68300524478685,36.68300524478685,0.0,False,False,3.981,3.46,-7.7695553,110.3850879,-1.981,-7.7695642,110.3847551,-1.46
1789017937.1088152,36.68300524478685,36.68300524478685,0.0,False,False,3.981,3.46,-7.7695553,110.3850879,-1.981,-7.7695642,110.3847551,-1.46
1789017937.324238,36.68300524478685,36.68300524478685,0.0,False,False,3.981,3.46,-7.7695553,110.3850879,-1.981,-7.7695642,110.3847551,-1.46
1789017937.5357084,36.68300524478685,36.68300524478685,0.0,False,False,3.981,3.46,-7.7695553,110.3850879,-1.981,-7.7695642,110.3847551,-1.46
1789017937.7397466,36.68300524478685,36.68300524478685,0.0,False,False,3.981,3.46,-7.7695553,110.3850879,-1.981,-7.7695642,110.3847551,-1.46
1789017937.9423118,36.68300524478685,36.68300524478685,0.0,False,False,3.981,3.46,-7.7695553,110.3850879,-1.981,-7.7695642,110.3847551,-1.46
1789017938.1453998,36.68300524478685,36.68300524478685,0.0,False,False,3.981,3.46,-7.7695553,110.3850879,-1.981,-7.7695642,110.3847551,-1.46
1789017938.349753,36.68300524478685,36.68300524478685,0.0,False,False,3.981,3.46,-7.7695553,110.3850879,-1.981,-7.7695642,110.3847551,-1.46
1789017938.5517673,36.68300524478685,36.68300524478685,0.0,False,False,3.981,3.46,-7.7695553,110.3850879,-1.981,-7.7695642,110.3847551,-1.46
1789017938.7555914,36.68300524478685,36.68300524478685,0.0,False,False,3.981,3.46,-7.7695553,110.3850879,-1.981,-7.7695642,110.3847551,-1.46
1789017938.9596033,36.68300524478685,36.68300524478685,0.0,False,False,3.981,3.46,-7.7695553,110.3850879,-1.981,-7.7695642,110.3847551,-1.46
1789017939.1658683,36.68300524478685,36.68300524478685,0.0,False,False,3.981,3.46,-7.7695553,110.3850879,-1.981,-7.7695642,110.3847551,-1.46
1789017939.3689022,36.68300524478685,36.68300524478685,0.0,False,False,3.981,3.46,-7.7695553,110.3850879,-1.981,-7.7695642,110.3847551,-1.46
1789017939.5800018,36.68300524478685,36.68300524478685,0.0,False,False,3.981,3.46,-7.7695553,110.3850879,-1.981,-7.7695642,110.3847551,-1.46
1789017939.7824183,36.68300524478685,36.68300524478685,0.0,False,False,3.981,3.46,-7.7695553,110.3850879,-1.981,-7.7695642,110.3847551,-1.46
1789017939.9937506,36.68300524478685,36.68300524478685,0.0,False,False,3.981,3.46,-7.7695553,110.3850879,-1.981,-7.7695642,110.3847551,-1.46
1789017940.194945,36.68300524478685,36.68300524478685,0.0,False,False,3.981,3.46,-7.7695553,110.3850879,-1.981,-7.7695642,110.3847551,-1.46
1789017940.3968973,36.68300524478685,36.68300524478685,0.0,False,False,3.981,3.46,-7.7695553,110.3850879,-1.981,-7.7695642,110.3847551,-1.46
1789017940.5972238,36.68300524478685,36.68300524478685,0.0,False,False,3.981,3.46,-7.7695553,110.3850879,-1.981,-7.7695642,110.3847551,-1.46
1789017940.7978787,36.68300524478685,36.68300524478685,0.0,False,False,3.981,3.46,-7.7695553,110.3850879,-1.981,-7.7695642,110.3847551,-1.46
1789017941.00826,36.68300524478685,36.68300524478685,0.0,False,False,3.981,3.46,-7.7695553,110.3850879,-1.981,-7.7695642,110.3847551,-1.46
1789017941.2150028,36.68300524478685,36.68300524478685,0.0,False,False,3.981,3.46,-7.7695553,110.3850879,-1.981,-7.7695642,110.3847551,-1.46
1789017941.4238124,36.68300524478685,36.68300524478685,0.0,False,False,3.981,3.46,-7.7695553,110.3850879,-1.981,-7.7695642,110.3847551,-1.46
1789017941.6300263,36.68300524478685,36.68300524478685,0.0,False,False,3.981,3.46,-7.7695553,110.3850879,-1.981,-7.7695642,110.3847551,-1.46
1789017941.840797,36.68300524478685,36.68300524478685,0.0,False,False,3.981,3.46,-7.7695553,110.3850879,-1.981,-7.7695642,110.3847551,-1.46
1789017942.041535,36.68300524478685,36.68300524478685,0.0,False,False,3.981,3.46,-7.7695553,110.3850879,-1.981,-7.7695642,110.3847551,-1.46
1789017942.2438302,36.68300524478685,36.68300524478685,0.0,False,False,3.981,3.46,-7.7695553,110.3850879,-1.981,-7.7695642,110.3847551,-1.46
1789017942.4495583,36.68300524478685,36.68300524478685,0.0,False,False,3.981,3.46,-7.7695553,110.3850879,-1.981,-7.7695642,110.3847551,-1.46
1789017942.6529694,36.68300524478685,36.68300524478685,0.0,False,False,3.981,3.46,-7.7695553,110.3850879,-1.981,-7.7695642,110.3847551,-1.46
1789017942.8530717,36.68300524478685,36.68300524478685,0.0,False,False,3.981,3.46,-7.7695553,110.3850879,-1.981,-7.7695642,110.3847551,-1.46
1789017943.0574846,36.68300524478685,36.68300524478685,0.0,False,False,3.981,3.46,-7.7695553,110.3850879,-1.981,-7.7695642,110.3847551,-1.46
1789017943.2631824,36.68300524478685,36.68300524478685,0.0,False,False,3.981,3.46,-7.7695553,110.3850879,-1.981,-7.7695642,110.3847551,-1.46
1789017943.4698422,36.68300524478685,36.68300524478685,0.0,False,False,3.981,3.46,-7.7695553,110.3850879,-1.981,-7.7695642,110.3847551,-1.46
1789017943.676058,36.68300524478685,36.68300524478685,0.0,False,False,3.981,3.46,-7.7695553,110.3850879,-1.981,-7.7695642,110.3847551,-1.46
1789017943.879598,36.68300524478685,36.68300524478685,0.0,False,False,3.981,3.46,-7.7695553,110.3850879,-1.981,-7.7695642,110.3847551,-1.46
1789017944.0822992,36.68300524478685,36.68300524478685,0.0,False,False,3.981,3.46,-7.7695553,110.3850879,-1.981,-7.7695642,110.3847551,-1.46
1789017944.287997,36.68300524478685,36.68300524478685,0.0,False,False,3.981,3.46,-7.7695553,110.3850879,-1.981,-7.7695642,110.3847551,-1.46
1789017944.4934816,36.68300524478685,36.68300524478685,0.0,False,False,3.981,3.46,-7.7695553,110.3850879,-1.981,-7.7695642,110.3847551,-1.46
1789017944.6998277,36.68300524478685,36.68300524478685,0.0,False,False,3.981,3.46,-7.7695553,110.3850879,-1.981,-7.7695642,110.3847551,-1.46
1789017944.9029121,36.68300524478685,36.68300524478685,0.0,False,False,3.981,3.46,-7.7695553,110.3850879,-1.981,-7.7695642,110.3847551,-1.46
1789017945.108293,36.68300524478685,36.68300524478685,0.0,False,False,3.981,3.46,-7.7695553,110.3850879,-1.981,-7.7695642,110.3847551,-1.46
1789017945.3137066,36.68300524478685,36.68300524478685,0.0,False,False,3.981,3.46,-7.7695553,110.3850879,-1.981,-7.7695642,110.3847551,-1.46
1789017945.5202262,36.68300524478685,36.68300524478685,0.0,False,False,3.981,3.46,-7.7695553,110.3850879,-1.981,-7.7695642,110.3847551,-1.46
1789017945.7227228,36.68300524478685,36.68300524478685,0.0,False,False,3.981,3.46,-7.7695553,110.3850879,-1.981,-7.7695642,110.3847551,-1.46
1789017945.9285924,36.68300524478685,36.68300524478685,0.0,False,False,3.981,3.46,-7.7695553,110.3850879,-1.981,-7.7695642,110.3847551,-1.46
1789017946.1438456,36.68300524478685,36.68300524478685,0.0,False,False,3.981,3.46,-7.7695553,110.3850879,-1.981,-7.7695642,110.3847551,-1.46
1789017946.3478923,36.6829910556522,36.6829910556522,0.0,False,False,3.9799999999999995,3.46,-7.7695553,110.3850879,-1.98,-7.7695642,110.3847551,-1.46
1789017946.5528831,36.68300524478685,36.68300524478685,0.0,False,False,3.98,3.459,-7.7695553,110.3850879,-1.98,-7.7695642,110.3847551,-1.459
1789017946.758089,36.68300524478685,36.68300524478685,0.0,False,False,3.98,3.459,-7.7695553,110.3850879,-1.98,-7.7695642,110.3847551,-1.459
1789017946.962553,36.68300524478685,36.68300524478685,0.0,False,False,3.98,3.459,-7.7695553,110.3850879,-1.98,-7.7695642,110.3847551,-1.459
1789017947.1676967,36.68300524478685,36.68300524478685,0.0,False,False,3.98,3.459,-7.7695553,110.3850879,-1.98,-7.7695642,110.3847551,-1.459
1789017947.3739507,36.68300524478685,36.68300524478685,0.0,False,False,3.98,3.459,-7.7695553,110.3850879,-1.98,-7.7695642,110.3847551,-1.459
1789017947.588192,36.68300524478685,36.68300524478685,0.0,False,False,3.98,3.459,-7.7695553,110.3850879,-1.98,-7.7695642,110.3847551,-1.459
1789017947.8010087,36.68300524478685,36.68300524478685,0.0,False,False,3.98,3.459,-7.7695553,110.3850879,-1.98,-7.7695642,110.3847551,-1.459
1789017949.1353137,36.68300524478685,36.68300524478685,0.0,False,False,3.98,3.459,-7.7695553,110.3850879,-1.98,-7.7695642,110.3847551,-1.459
1789017949.3375363,36.6829910556522,36.6829910556522,0.0,False,False,3.9799999999999995,3.46,-7.7695553,110.3850879,-1.98,-7.7695642,110.3847551,-1.46
1789017949.5487337,36.6829910556522,36.6829910556522,0.0,False,False,3.9799999999999995,3.46,-7.7695553,110.3850879,-1.98,-7.7695642,110.3847551,-1.46
1789017949.7534518,36.6829910556522,36.6829910556522,0.0,False,False,3.9799999999999995,3.46,-7.7695553,110.3850879,-1.98,-7.7695642,110.3847551,-1.46
1789017949.9586809,36.6829910556522,36.6829910556522,0.0,False,False,3.9799999999999995,3.46,-7.7695553,110.3850879,-1.98,-7.7695642,110.3847551,-1.46
1789017950.1640692,36.6829910556522,36.6829910556522,0.0,False,False,3.9799999999999995,3.46,-7.7695553,110.3850879,-1.98,-7.7695642,110.3847551,-1.46
1789017950.3772187,36.6829910556522,36.6829910556522,0.0,False,False,3.9799999999999995,3.46,-7.7695553,110.3850879,-1.98,-7.7695642,110.3847551,-1.46
1789017950.582051,36.6829910556522,36.6829910556522,0.0,False,False,3.9799999999999995,3.46,-7.7695553,110.3850879,-1.98,-7.7695642,110.3847551,-1.46
1789017950.786784,36.6829910556522,36.6829910556522,0.0,False,False,3.9799999999999995,3.46,-7.7695553,110.3850879,-1.98,-7.7695642,110.3847551,-1.46
1789017950.9992163,36.6829910556522,36.6829910556522,0.0,False,False,3.9799999999999995,3.46,-7.7695553,110.3850879,-1.98,-7.7695642,110.3847551,-1.46
1789017951.2043848,36.6829910556522,36.6829910556522,0.0,False,False,3.9799999999999995,3.46,-7.7695553,110.3850879,-1.98,-7.7695642,110.3847551,-1.46
1789017951.4080076,36.6829910556522,36.6829910556522,0.0,False,False,3.9799999999999995,3.46,-7.7695553,110.3850879,-1.98,-7.7695642,110.3847551,-1.46
1789017951.6109118,36.6829910556522,36.6829910556522,0.0,False,False,3.9799999999999995,3.46,-7.7695553,110.3850879,-1.98,-7.7695642,110.3847551,-1.46
1789017951.8154314,36.6829910556522,36.6829910556522,0.0,False,False,3.9799999999999995,3.46,-7.7695553,110.3850879,-1.98,-7.7695642,110.3847551,-1.46
1789017952.0156167,36.6829910556522,36.6829910556522,0.0,False,False,3.9799999999999995,3.46,-7.7695553,110.3850879,-1.98,-7.7695642,110.3847551,-1.46
1789017952.2172334,36.6829910556522,36.6829910556522,0.0,False,False,3.9799999999999995,3.46,-7.7695553,110.3850879,-1.98,-7.7695642,110.3847551,-1.46
1789017952.4191995,36.6829910556522,36.6829910556522,0.0,False,False,3.9799999999999995,3.46,-7.7695553,110.3850879,-1.98,-7.7695642,110.3847551,-1.46
1789017952.632342,36.6829910556522,36.6829910556522,0.0,False,False,3.9799999999999995,3.46,-7.7695553,110.3850879,-1.98,-7.7695642,110.3847551,-1.46
1789017952.84341,36.6829910556522,36.6829910556522,0.0,False,False,3.9799999999999995,3.46,-7.7695553,110.3850879,-1.98,-7.7695642,110.3847551,-1.46
1789017953.0451522,36.6829910556522,36.6829910556522,0.0,False,False,3.9799999999999995,3.46,-7.7695553,110.3850879,-1.98,-7.7695642,110.3847551,-1.46
1789017953.246346,36.6829910556522,36.6829910556522,0.0,False,False,3.9799999999999995,3.46,-7.7695553,110.3850879,-1.98,-7.7695642,110.3847551,-1.46
1789017953.4498441,36.6829910556522,36.6829910556522,0.0,False,False,3.9799999999999995,3.46,-7.7695553,110.3850879,-1.98,-7.7695642,110.3847551,-1.46
1789017953.657133,36.6829910556522,36.6829910556522,0.0,False,False,3.9799999999999995,3.46,-7.7695553,110.3850879,-1.98,-7.7695642,110.3847551,-1.46
1789017953.8654222,36.6829910556522,36.6829910556522,0.0,False,False,3.9799999999999995,3.46,-7.7695553,110.3850879,-1.98,-7.7695642,110.3847551,-1.46
1789017954.0697622,36.6829910556522,36.6829910556522,0.0,False,False,3.9799999999999995,3.46,-7.7695553,110.3850879,-1.98,-7.7695642,110.3847551,-1.46
1789017954.2698631,36.6829910556522,36.6829910556522,0.0,False,False,3.9799999999999995,3.46,-7.7695553,110.3850879,-1.98,-7.7695642,110.3847551,-1.46
1789017954.481565,36.6829910556522,36.6829910556522,0.0,False,False,3.9799999999999995,3.46,-7.7695553,110.3850879,-1.98,-7.7695642,110.3847551,-1.46
1789017954.684959,36.6829910556522,36.6829910556522,0.0,False,False,3.9799999999999995,3.46,-7.7695553,110.3850879,-1.98,-7.7695642,110.3847551,-1.46
1789017954.888166,36.6829910556522,36.6829910556522,0.0,False,False,3.9799999999999995,3.46,-7.7695553,110.3850879,-1.98,-7.7695642,110.3847551,-1.46
1789017955.1038928,36.6829910556522,36.6829910556522,0.0,False,False,3.9799999999999995,3.46,-7.7695553,110.3850879,-1.98,-7.7695642,110.3847551,-1.46
1789017955.3074853,36.6829910556522,36.6829910556522,0.0,False,False,3.9799999999999995,3.46,-7.7695553,110.3850879,-1.98,-7.7695642,110.3847551,-1.46
1789017955.5148284,36.6829910556522,36.6829910556522,0.0,False,False,3.9799999999999995,3.46,-7.7695553,110.3850879,-1.98,-7.7695642,110.3847551,-1.46
1789017955.7165494,36.6829910556522,36.6829910556522,0.0,False,False,3.9799999999999995,3.46,-7.7695553,110.3850879,-1.98,-7.7695642,110.3847551,-1.46
1789017955.9199624,36.6829910556522,36.6829910556522,0.0,False,False,3.9799999999999995,3.46,-7.7695553,110.3850879,-1.98,-7.7695642,110.3847551,-1.46
1789017956.1245387,36.6829910556522,36.6829910556522,0.0,False,False,3.9799999999999995,3.46,-7.7695553,110.3850879,-1.98,-7.7695642,110.3847551,-1.46
1789017956.336686,36.6829910556522,36.6829910556522,0.0,False,False,3.9799999999999995,3.46,-7.7695553,110.3850879,-1.98,-7.7695642,110.3847551,-1.46
1789017956.5404286,36.6829910556522,36.6829910556522,0.0,False,False,3.9799999999999995,3.46,-7.7695553,110.3850879,-1.98,-7.7695642,110.3847551,-1.46
1789017956.7461832,36.6829910556522,36.6829910556522,0.0,False,False,3.9799999999999995,3.46,-7.7695553,110.3850879,-1.98,-7.7695642,110.3847551,-1.46
1789017956.950734,36.6829910556522,36.6829910556522,0.0,False,False,3.9799999999999995,3.46,-7.7695553,110.3850879,-1.98,-7.7695642,110.3847551,-1.46
1789017957.152907,36.6829910556522,36.6829910556522,0.0,False,False,3.9799999999999995,3.46,-7.7695553,110.3850879,-1.98,-7.7695642,110.3847551,-1.46
1789017957.353077,36.6829910556522,36.6829910556522,0.0,False,False,3.9799999999999995,3.46,-7.7695553,110.3850879,-1.98,-7.7695642,110.3847551,-1.46
1789017957.5690014,36.6829910556522,36.6829910556522,0.0,False,False,3.9799999999999995,3.46,-7.7695553,110.3850879,-1.98,-7.7695642,110.3847551,-1.46
1789017957.7831213,36.6829910556522,36.6829910556522,0.0,False,False,3.9799999999999995,3.46,-7.7695553,110.3850879,-1.98,-7.7695642,110.3847551,-1.46
1789017957.9946752,36.6829910556522,36.6829910556522,0.0,False,False,3.9799999999999995,3.46,-7.7695553,110.3850879,-1.98,-7.7695642,110.3847551,-1.46
1789017958.200172,36.6829910556522,36.6829910556522,0.0,False,False,3.9799999999999995,3.46,-7.7695553,110.3850879,-1.98,-7.7695642,110.3847551,-1.46
1789017958.4108827,36.6829910556522,36.6829910556522,0.0,False,False,3.9799999999999995,3.46,-7.7695553,110.3850879,-1.98,-7.7695642,110.3847551,-1.46
1789017958.617587,36.6829910556522,36.6829910556522,0.0,False,False,3.9799999999999995,3.46,-7.7695553,110.3850879,-1.98,-7.7695642,110.3847551,-1.46
1789017958.8232553,36.6829910556522,36.6829910556522,0.0,False,False,3.9799999999999995,3.46,-7.7695553,110.3850879,-1.98,-7.7695642,110.3847551,-1.46
1789017959.0251288,36.6829910556522,36.6829910556522,0.0,False,False,3.9799999999999995,3.46,-7.7695553,110.3850879,-1.98,-7.7695642,110.3847551,-1.46
1789017959.2358687,36.6829910556522,36.6829910556522,0.0,False,False,3.9799999999999995,3.46,-7.7695553,110.3850879,-1.98,-7.7695642,110.3847551,-1.46
1789017959.4480162,36.6829910556522,36.6829910556522,0.0,False,False,3.9799999999999995,3.46,-7.7695553,110.3850879,-1.98,-7.7695642,110.3847551,-1.46
1789017959.650954,36.6829910556522,36.6829910556522,0.0,False,False,3.9799999999999995,3.46,-7.7695553,110.3850879,-1.98,-7.7695642,110.3847551,-1.46
1789017959.8553855,36.6829910556522,36.6829910556522,0.0,False,False,3.9799999999999995,3.46,-7.7695553,110.3850879,-1.98,-7.7695642,110.3847551,-1.46
1789017960.065461,36.6829910556522,36.6829910556522,0.0,False,False,3.9799999999999995,3.46,-7.7695553,110.3850879,-1.98,-7.7695642,110.3847551,-1.46
1789017960.2727592,36.6829910556522,36.6829910556522,0.0,False,False,3.9799999999999995,3.46,-7.7695553,110.3850879,-1.98,-7.7695642,110.3847551,-1.46
1789017960.475072,36.6829910556522,36.6829910556522,0.0,False,False,3.9799999999999995,3.46,-7.7695553,110.3850879,-1.98,-7.7695642,110.3847551,-1.46
1789017960.6832464,36.6829910556522,36.6829910556522,0.0,False,False,3.9799999999999995,3.46,-7.7695553,110.3850879,-1.98,-7.7695642,110.3847551,-1.46
1789017960.8887756,36.6829910556522,36.6829910556522,0.0,False,False,3.9799999999999995,3.46,-7.7695553,110.3850879,-1.98,-7.7695642,110.3847551,-1.46
1789017961.0907202,36.68300524478685,36.68300524478685,0.0,False,False,3.98,3.459,-7.7695553,110.3850879,-1.98,-7.7695642,110.3847551,-1.459
1789017961.298774,36.6829910556522,36.6829910556522,0.0,False,False,3.9799999999999995,3.46,-7.7695553,110.3850879,-1.98,-7.7695642,110.3847551,-1.46
1789017961.501161,36.6829910556522,36.6829910556522,0.0,False,False,3.9799999999999995,3.46,-7.7695553,110.3850879,-1.98,-7.7695642,110.3847551,-1.46
1789017961.714112,36.6829910556522,36.6829910556522,0.0,False,False,3.9799999999999995,3.46,-7.7695553,110.3850879,-1.98,-7.7695642,110.3847551,-1.46
1789017961.921793,36.68300524478685,36.68300524478685,0.0,False,False,3.98,3.459,-7.7695553,110.3850879,-1.98,-7.7695642,110.3847551,-1.459
1789017962.1230524,36.68300524478685,36.68300524478685,0.0,False,False,3.98,3.459,-7.7695553,110.3850879,-1.98,-7.7695642,110.3847551,-1.459
1789017962.333181,36.68300524478685,36.68300524478685,0.0,False,False,3.98,3.459,-7.7695553,110.3850879,-1.98,-7.7695642,110.3847551,-1.459
1789017962.5367987,36.68300524478685,36.68300524478685,0.0,False,False,3.98,3.459,-7.7695553,110.3850879,-1.98,-7.7695642,110.3847551,-1.459
1789017962.7455223,36.68300524478685,36.68300524478685,0.0,False,False,3.98,3.459,-7.7695553,110.3850879,-1.98,-7.7695642,110.3847551,-1.459
1789017962.9493513,36.68300524478685,36.68300524478685,0.0,False,False,3.98,3.459,-7.7695553,110.3850879,-1.98,-7.7695642,110.3847551,-1.459
1789017963.1625538,36.68300524478685,36.68300524478685,0.0,False,False,3.98,3.459,-7.7695553,110.3850879,-1.98,-7.7695642,110.3847551,-1.459
1789017963.3630683,36.68300524478685,36.68300524478685,0.0,False,False,3.98,3.459,-7.7695553,110.3850879,-1.98,-7.7695642,110.3847551,-1.459
1789017963.5697901,36.68300524478685,36.68300524478685,0.0,False,False,3.98,3.459,-7.7695553,110.3850879,-1.98,-7.7695642,110.3847551,-1.459
1789017963.7713733,36.68300524478685,36.68300524478685,0.0,False,False,3.98,3.459,-7.7695553,110.3850879,-1.98,-7.7695642,110.3847551,-1.459
1789017963.985224,36.68300524478685,36.68300524478685,0.0,False,False,3.98,3.459,-7.7695553,110.3850879,-1.98,-7.7695642,110.3847551,-1.459
1789017964.1906636,36.68300524478685,36.68300524478685,0.0,False,False,3.98,3.459,-7.7695553,110.3850879,-1.98,-7.7695642,110.3847551,-1.459
1789017964.39116,36.68300524478685,36.68300524478685,0.0,False,False,3.98,3.459,-7.7695553,110.3850879,-1.98,-7.7695642,110.3847551,-1.459
1789017964.6047785,36.68300524478685,36.68300524478685,0.0,False,False,3.98,3.459,-7.7695553,110.3850879,-1.98,-7.7695642,110.3847551,-1.459
1789017964.8172388,36.68300524478685,36.68300524478685,0.0,False,False,3.98,3.459,-7.7695553,110.3850879,-1.98,-7.7695642,110.3847551,-1.459
1789017965.0230296,36.68300524478685,36.68300524478685,0.0,False,False,3.98,3.459,-7.7695553,110.3850879,-1.98,-7.7695642,110.3847551,-1.459
1789017965.2349203,36.68300524478685,36.68300524478685,0.0,False,False,3.98,3.459,-7.7695553,110.3850879,-1.98,-7.7695642,110.3847551,-1.459
1789017965.4435625,36.68300524478685,36.68300524478685,0.0,False,False,3.98,3.459,-7.7695553,110.3850879,-1.98,-7.7695642,110.3847551,-1.459
1789017965.6728735,36.68300524478685,36.68300524478685,0.0,False,False,3.98,3.459,-7.7695553,110.3850879,-1.98,-7.7695642,110.3847551,-1.459
1789017965.9305558,36.68300524478685,36.68300524478685,0.0,False,False,3.98,3.459,-7.7695553,110.3850879,-1.98,-7.7695642,110.3847551,-1.459
1789017966.1417456,36.68300524478685,36.68300524478685,0.0,False,False,3.98,3.459,-7.7695553,110.3850879,-1.98,-7.7695642,110.3847551,-1.459
1789017966.3540404,36.68300524478685,36.68300524478685,0.0,False,False,3.98,3.459,-7.7695553,110.3850879,-1.98,-7.7695642,110.3847551,-1.459
1789017966.5604846,36.68300524478685,36.68300524478685,0.0,False,False,3.98,3.459,-7.7695553,110.3850879,-1.98,-7.7695642,110.3847551,-1.459
1789017966.7639608,36.68300524478685,36.68300524478685,0.0,False,False,3.98,3.459,-7.7695553,110.3850879,-1.98,-7.7695642,110.3847551,-1.459
1789017966.9664586,36.68300524478685,36.68300524478685,0.0,False,False,3.98,3.459,-7.7695553,110.3850879,-1.98,-7.7695642,110.3847551,-1.459
1789017967.1691515,36.68300524478685,36.68300524478685,0.0,False,False,3.98,3.459,-7.7695553,110.3850879,-1.98,-7.7695642,110.3847551,-1.459
1789017967.3949513,36.68300524478685,36.68300524478685,0.0,False,False,3.98,3.459,-7.7695553,110.3850879,-1.98,-7.7695642,110.3847551,-1.459
1789017967.6317701,36.68300524478685,36.68300524478685,0.0,False,False,3.98,3.459,-7.7695553,110.3850879,-1.98,-7.7695642,110.3847551,-1.459
1789017967.8500638,36.68300524478685,36.68300524478685,0.0,False,False,3.98,3.459,-7.7695553,110.3850879,-1.98,-7.7695642,110.3847551,-1.459
1789017968.059294,36.68300524478685,36.68300524478685,0.0,False,False,3.98,3.459,-7.7695553,110.3850879,-1.98,-7.7695642,110.3847551,-1.459
1789017968.2639947,36.68300524478685,36.68300524478685,0.0,False,False,3.98,3.459,-7.7695553,110.3850879,-1.98,-7.7695642,110.3847551,-1.459
1789017968.4657571,36.68300524478685,36.68300524478685,0.0,False,False,3.98,3.459,-7.7695553,110.3850879,-1.98,-7.7695642,110.3847551,-1.459
1789017968.6665132,36.68300524478685,36.68300524478685,0.0,False,False,3.98,3.459,-7.7695553,110.3850879,-1.98,-7.7695642,110.3847551,-1.459
1789017968.874343,36.6829910556522,36.6829910556522,0.0,False,False,3.9799999999999995,3.46,-7.7695553,110.3850879,-1.98,-7.7695642,110.3847551,-1.46
1789017969.0762274,36.6829910556522,36.6829910556522,0.0,False,False,3.9799999999999995,3.46,-7.7695553,110.3850879,-1.98,-7.7695642,110.3847551,-1.46
1789017969.2776413,36.6829910556522,36.6829910556522,0.0,False,False,3.9799999999999995,3.46,-7.7695553,110.3850879,-1.98,-7.7695642,110.3847551,-1.46
1789017969.4797113,36.6829910556522,36.6829910556522,0.0,False,False,3.9799999999999995,3.46,-7.7695553,110.3850879,-1.98,-7.7695642,110.3847551,-1.46
1789017969.6953437,36.6829910556522,36.6829910556522,0.0,False,False,3.9799999999999995,3.46,-7.7695553,110.3850879,-1.98,-7.7695642,110.3847551,-1.46
1789017969.8928814,36.6829910556522,36.6829910556522,0.0,False,False,3.9799999999999995,3.46,-7.7695553,110.3850879,-1.98,-7.7695642,110.3847551,-1.46
1789017970.094047,36.6829910556522,36.6829910556522,0.0,False,False,3.9799999999999995,3.46,-7.7695553,110.3850879,-1.98,-7.7695642,110.3847551,-1.46
1789017970.3028815,36.6829910556522,36.6829910556522,0.0,False,False,3.9799999999999995,3.46,-7.7695553,110.3850879,-1.98,-7.7695642,110.3847551,-1.46
1789017970.5059118,36.6829910556522,36.6829910556522,0.0,False,False,3.9799999999999995,3.46,-7.7695553,110.3850879,-1.98,-7.7695642,110.3847551,-1.46
1789017970.7074227,36.6829910556522,36.6829910556522,0.0,False,False,3.9799999999999995,3.46,-7.7695553,110.3850879,-1.98,-7.7695642,110.3847551,-1.46
1789017970.9170282,36.6829910556522,36.6829910556522,0.0,False,False,3.9799999999999995,3.46,-7.7695553,110.3850879,-1.98,-7.7695642,110.3847551,-1.46
1789017971.1186528,36.6829910556522,36.6829910556522,0.0,False,False,3.9799999999999995,3.46,-7.7695553,110.3850879,-1.98,-7.7695642,110.3847551,-1.46
1789017971.3223186,36.6829910556522,36.6829910556522,0.0,False,False,3.9799999999999995,3.46,-7.7695553,110.3850879,-1.98,-7.7695642,110.3847551,-1.46
1789017971.5234723,36.6829910556522,36.6829910556522,0.0,False,False,3.9799999999999995,3.46,-7.7695553,110.3850879,-1.98,-7.7695642,110.3847551,-1.46
1789017971.7369983,36.6829910556522,36.6829910556522,0.0,False,False,3.9799999999999995,3.46,-7.7695553,110.3850879,-1.98,-7.7695642,110.3847551,-1.46
1789017971.9454708,36.6829910556522,36.6829910556522,0.0,False,False,3.9799999999999995,3.46,-7.7695553,110.3850879,-1.98,-7.7695642,110.3847551,-1.46
1789017972.1468341,36.6829910556522,36.6829910556522,0.0,False,False,3.9799999999999995,3.46,-7.7695553,110.3850879,-1.98,-7.7695642,110.3847551,-1.46
1789017972.3485572,36.6829910556522,36.6829910556522,0.0,False,False,3.9799999999999995,3.46,-7.7695553,110.3850879,-1.98,-7.7695642,110.3847551,-1.46
1789017972.5503423,36.6829910556522,36.6829910556522,0.0,False,False,3.9799999999999995,3.46,-7.7695553,110.3850879,-1.98,-7.7695642,110.3847551,-1.46
1789017972.7526474,36.6829910556522,36.6829910556522,0.0,False,False,3.9799999999999995,3.46,-7.7695553,110.3850879,-1.98,-7.7695642,110.3847551,-1.46
1789017972.9536545,36.6829910556522,36.6829910556522,0.0,False,False,3.9799999999999995,3.46,-7.7695553,110.3850879,-1.98,-7.7695642,110.3847551,-1.46
1789017973.1551368,36.6829910556522,36.6829910556522,0.0,False,False,3.9799999999999995,3.46,-7.7695553,110.3850879,-1.98,-7.7695642,110.3847551,-1.46
1789017973.3594527,36.6829910556522,36.6829910556522,0.0,False,False,3.9799999999999995,3.46,-7.7695553,110.3850879,-1.98,-7.7695642,110.3847551,-1.46
1789017973.563322,36.6829910556522,36.6829910556522,0.0,False,False,3.9799999999999995,3.46,-7.7695553,110.3850879,-1.98,-7.7695642,110.3847551,-1.46
1789017973.764931,36.6829910556522,36.6829910556522,0.0,False,False,3.9799999999999995,3.46,-7.7695553,110.3850879,-1.98,-7.7695642,110.3847551,-1.46
1789017973.9676707,36.6829910556522,36.6829910556522,0.0,False,False,3.9799999999999995,3.46,-7.7695553,110.3850879,-1.98,-7.7695642,110.3847551,-1.46
1789017974.172069,36.6829910556522,36.6829910556522,0.0,False,False,3.9799999999999995,3.46,-7.7695553,110.3850879,-1.98,-7.7695642,110.3847551,-1.46
1789017974.3768005,36.6829910556522,36.6829910556522,0.0,False,False,3.9799999999999995,3.46,-7.7695553,110.3850879,-1.98,-7.7695642,110.3847551,-1.46
1789017974.5779235,36.6829910556522,36.6829910556522,0.0,False,False,3.9799999999999995,3.46,-7.7695553,110.3850879,-1.98,-7.7695642,110.3847551,-1.46
1789017974.7807705,36.6829910556522,36.6829910556522,0.0,False,False,3.9799999999999995,3.46,-7.7695553,110.3850879,-1.98,-7.7695642,110.3847551,-1.46
1789017974.9944034,36.6829910556522,36.6829910556522,0.0,False,False,3.9799999999999995,3.46,-7.7695553,110.3850879,-1.98,-7.7695642,110.3847551,-1.46
1789017975.2004411,36.6829910556522,36.6829910556522,0.0,False,False,3.9799999999999995,3.46,-7.7695553,110.3850879,-1.98,-7.7695642,110.3847551,-1.46
1789017975.4129086,36.6829910556522,36.6829910556522,0.0,False,False,3.9799999999999995,3.46,-7.7695553,110.3850879,-1.98,-7.7695642,110.3847551,-1.46
1789017975.6133285,36.6829910556522,36.6829910556522,0.0,False,False,3.9799999999999995,3.46,-7.7695553,110.3850879,-1.98,-7.7695642,110.3847551,-1.46
1789017975.8249624,36.6829910556522,36.6829910556522,0.0,False,False,3.9799999999999995,3.46,-7.7695553,110.3850879,-1.98,-7.7695642,110.3847551,-1.46
1789017976.0266383,36.6829910556522,36.6829910556522,0.0,False,False,3.9799999999999995,3.46,-7.7695553,110.3850879,-1.98,-7.7695642,110.3847551,-1.46
1789017976.2285738,36.6829910556522,36.6829910556522,0.0,False,False,3.9799999999999995,3.46,-7.7695553,110.3850879,-1.98,-7.7695642,110.3847551,-1.46
1789017976.4317317,36.6829910556522,36.6829910556522,0.0,False,False,3.9799999999999995,3.46,-7.7695553,110.3850879,-1.98,-7.7695642,110.3847551,-1.46
1789017976.6321628,36.6829910556522,36.6829910556522,0.0,False,False,3.9799999999999995,3.46,-7.7695553,110.3850879,-1.98,-7.7695642,110.3847551,-1.46
1789017976.8337097,36.6829910556522,36.6829910556522,0.0,False,False,3.9799999999999995,3.46,-7.7695553,110.3850879,-1.98,-7.7695642,110.3847551,-1.46
1789017977.037915,36.6829910556522,36.6829910556522,0.0,False,False,3.9799999999999995,3.46,-7.7695553,110.3850879,-1.98,-7.7695642,110.3847551,-1.46
1789017977.2412598,36.6829910556522,36.6829910556522,0.0,False,False,3.9799999999999995,3.46,-7.7695553,110.3850879,-1.98,-7.7695642,110.3847551,-1.46
1789017977.4500613,36.6829910556522,36.6829910556522,0.0,False,False,3.9799999999999995,3.46,-7.7695553,110.3850879,-1.98,-7.7695642,110.3847551,-1.46
1789017977.6506562,36.6829910556522,36.6829910556522,0.0,False,False,3.9799999999999995,3.46,-7.7695553,110.3850879,-1.98,-7.7695642,110.3847551,-1.46
1789017977.8521786,36.6829910556522,36.6829910556522,0.0,False,False,3.9799999999999995,3.46,-7.7695553,110.3850879,-1.98,-7.7695642,110.3847551,-1.46
1789017978.0565012,36.6829910556522,36.6829910556522,0.0,False,False,3.9799999999999995,3.46,-7.7695553,110.3850879,-1.98,-7.7695642,110.3847551,-1.46
1789017978.2575722,36.6829910556522,36.6829910556522,0.0,False,False,3.9799999999999995,3.46,-7.7695553,110.3850879,-1.98,-7.7695642,110.3847551,-1.46
1789017978.4597728,36.6829910556522,36.6829910556522,0.0,False,False,3.9799999999999995,3.46,-7.7695553,110.3850879,-1.98,-7.7695642,110.3847551,-1.46
1789017978.66382,36.6829910556522,36.6829910556522,0.0,False,False,3.9799999999999995,3.46,-7.7695553,110.3850879,-1.98,-7.7695642,110.3847551,-1.46
1789017978.8676057,36.6829910556522,36.6829910556522,0.0,False,False,3.9799999999999995,3.46,-7.7695553,110.3850879,-1.98,-7.7695642,110.3847551,-1.46
1789017979.0756986,36.6829910556522,36.6829910556522,0.0,False,False,3.9799999999999995,3.46,-7.7695553,110.3850879,-1.98,-7.7695642,110.3847551,-1.46
1789017979.2775133,36.6829910556522,36.6829910556522,0.0,False,False,3.9799999999999995,3.46,-7.7695553,110.3850879,-1.98,-7.7695642,110.3847551,-1.46
1789017979.478723,36.6829910556522,36.6829910556522,0.0,False,False,3.9799999999999995,3.46,-7.7695553,110.3850879,-1.98,-7.7695642,110.3847551,-1.46
1789017979.6860096,36.6829910556522,36.6829910556522,0.0,False,False,3.9799999999999995,3.46,-7.7695553,110.3850879,-1.98,-7.7695642,110.3847551,-1.46
1789017979.8877199,36.6829910556522,36.6829910556522,0.0,False,False,3.9799999999999995,3.46,-7.7695553,110.3850879,-1.98,-7.7695642,110.3847551,-1.46
1789017980.0908937,36.6829910556522,36.6829910556522,0.0,False,False,3.9799999999999995,3.46,-7.7695553,110.3850879,-1.98,-7.7695642,110.3847551,-1.46
1789017980.302897,36.6829910556522,36.6829910556522,0.0,False,False,3.9799999999999995,3.46,-7.7695553,110.3850879,-1.98,-7.7695642,110.3847551,-1.46
1789017980.5050445,36.6829910556522,36.6829910556522,0.0,False,False,3.9799999999999995,3.46,-7.7695553,110.3850879,-1.98,-7.7695642,110.3847551,-1.46
1789017980.7066095,36.6829910556522,36.6829910556522,0.0,False,False,3.9799999999999995,3.46,-7.7695553,110.3850879,-1.98,-7.7695642,110.3847551,-1.46
1789017980.9476616,36.6829910556522,36.6829910556522,0.0,False,False,3.9799999999999995,3.46,-7.7695553,110.3850879,-1.98,-7.7695642,110.3847551,-1.46
1789017981.1512764,36.6829910556522,36.6829910556522,0.0,False,False,3.9799999999999995,3.46,-7.7695553,110.3850879,-1.98,-7.7695642,110.3847551,-1.46
1789017981.3537152,36.6829910556522,36.6829910556522,0.0,False,False,3.9799999999999995,3.46,-7.7695553,110.3850879,-1.98,-7.7695642,110.3847551,-1.46
1789017981.559978,36.6829910556522,36.6829910556522,0.0,False,False,3.9799999999999995,3.46,-7.7695553,110.3850879,-1.98,-7.7695642,110.3847551,-1.46
1789017981.7657287,36.6829910556522,36.6829910556522,0.0,False,False,3.9799999999999995,3.46,-7.7695553,110.3850879,-1.98,-7.7695642,110.3847551,-1.46
1789017981.9716682,36.6829910556522,36.6829910556522,0.0,False,False,3.9799999999999995,3.46,-7.7695553,110.3850879,-1.98,-7.7695642,110.3847551,-1.46
1789017982.1722467,36.6829910556522,36.6829910556522,0.0,False,False,3.9799999999999995,3.46,-7.7695553,110.3850879,-1.98,-7.7695642,110.3847551,-1.46
1789017982.3747942,36.6829910556522,36.6829910556522,0.0,False,False,3.9799999999999995,3.46,-7.7695553,110.3850879,-1.98,-7.7695642,110.3847551,-1.46
1789017982.586108,36.6829910556522,36.6829910556522,0.0,False,False,3.9799999999999995,3.46,-7.7695553,110.3850879,-1.98,-7.7695642,110.3847551,-1.46
1789017982.786574,36.6829910556522,36.6829910556522,0.0,False,False,3.9799999999999995,3.46,-7.7695553,110.3850879,-1.98,-7.7695642,110.3847551,-1.46
1789017982.9914808,36.6829910556522,36.6829910556522,0.0,False,False,3.9799999999999995,3.46,-7.7695553,110.3850879,-1.98,-7.7695642,110.3847551,-1.46
1789017983.1940446,36.6829910556522,36.6829910556522,0.0,False,False,3.9799999999999995,3.46,-7.7695553,110.3850879,-1.98,-7.7695642,110.3847551,-1.46
1789017983.396669,36.6829910556522,36.6829910556522,0.0,False,False,3.9799999999999995,3.46,-7.7695553,110.3850879,-1.98,-7.7695642,110.3847551,-1.46
1789017983.5976582,36.6829910556522,36.6829910556522,0.0,False,False,3.9799999999999995,3.46,-7.7695553,110.3850879,-1.98,-7.7695642,110.3847551,-1.46
1789017983.798686,36.6829910556522,36.6829910556522,0.0,False,False,3.9799999999999995,3.46,-7.7695553,110.3850879,-1.98,-7.7695642,110.3847551,-1.46
1789017984.002192,36.6829910556522,36.6829910556522,0.0,False,False,3.9799999999999995,3.46,-7.7695553,110.3850879,-1.98,-7.7695642,110.3847551,-1.46
1789017984.2060626,36.6829910556522,36.6829910556522,0.0,False,False,3.9799999999999995,3.46,-7.7695553,110.3850879,-1.98,-7.7695642,110.3847551,-1.46
1789017984.4090652,36.6829910556522,36.6829910556522,0.0,False,False,3.9799999999999995,3.46,-7.7695553,110.3850879,-1.98,-7.7695642,110.3847551,-1.46
1789017984.6193445,36.6829910556522,36.6829910556522,0.0,False,False,3.9799999999999995,3.46,-7.7695553,110.3850879,-1.98,-7.7695642,110.3847551,-1.46
1789017984.814257,36.6829910556522,36.6829910556522,0.0,False,False,3.9799999999999995,3.46,-7.7695553,110.3850879,-1.98,-7.7695642,110.3847551,-1.46
1789017985.0228302,36.6829910556522,36.6829910556522,0.0,False,False,3.9799999999999995,3.46,-7.7695553,110.3850879,-1.98,-7.7695642,110.3847551,-1.46
1789017985.2292502,36.6829910556522,36.6829910556522,0.0,False,False,3.9799999999999995,3.46,-7.7695553,110.3850879,-1.98,-7.7695642,110.3847551,-1.46
1789017985.4443939,36.6829910556522,36.6829910556522,0.0,False,False,3.9799999999999995,3.46,-7.7695553,110.3850879,-1.98,-7.7695642,110.3847551,-1.46
1789017985.6433754,36.6829910556522,36.6829910556522,0.0,False,False,3.9799999999999995,3.46,-7.7695553,110.3850879,-1.98,-7.7695642,110.3847551,-1.46
1789017985.8522847,36.6829910556522,36.6829910556522,0.0,False,False,3.9799999999999995,3.46,-7.7695553,110.3850879,-1.98,-7.7695642,110.3847551,-1.46
1789017986.0514638,36.6829910556522,36.6829910556522,0.0,False,False,3.9799999999999995,3.46,-7.7695553,110.3850879,-1.98,-7.7695642,110.3847551,-1.46
1789017986.2638035,36.6829910556522,36.6829910556522,0.0,False,False,3.9799999999999995,3.46,-7.7695553,110.3850879,-1.98,-7.7695642,110.3847551,-1.46
1789017986.4647293,36.6829910556522,36.6829910556522,0.0,False,False,3.9799999999999995,3.46,-7.7695553,110.3850879,-1.98,-7.7695642,110.3847551,-1.46
1789017986.6666248,36.6829910556522,36.6829910556522,0.0,False,False,3.9799999999999995,3.46,-7.7695553,110.3850879,-1.98,-7.7695642,110.3847551,-1.46
1789017986.870393,36.6829910556522,36.6829910556522,0.0,False,False,3.9799999999999995,3.46,-7.7695553,110.3850879,-1.98,-7.7695642,110.3847551,-1.46
1789017987.08182,36.6829910556522,36.6829910556522,0.0,False,False,3.9799999999999995,3.46,-7.7695553,110.3850879,-1.98,-7.7695642,110.3847551,-1.46
1789017987.2925696,36.6829910556522,36.6829910556522,0.0,False,False,3.9799999999999995,3.46,-7.7695553,110.3850879,-1.98,-7.7695642,110.3847551,-1.46
1789017987.498534,36.6829910556522,36.6829910556522,0.0,False,False,3.9799999999999995,3.46,-7.7695553,110.3850879,-1.98,-7.7695642,110.3847551,-1.46
1789017987.701429,36.6829910556522,36.6829910556522,0.0,False,False,3.9799999999999995,3.46,-7.7695553,110.3850879,-1.98,-7.7695642,110.3847551,-1.46
1789017987.9058347,36.6829910556522,36.6829910556522,0.0,False,False,3.9799999999999995,3.46,-7.7695553,110.3850879,-1.98,-7.7695642,110.3847551,-1.46
1789017988.1119835,36.6829910556522,36.6829910556522,0.0,False,False,3.9799999999999995,3.46,-7.7695553,110.3850879,-1.98,-7.7695642,110.3847551,-1.46
1789017988.3173857,36.6829910556522,36.6829910556522,0.0,False,False,3.9799999999999995,3.46,-7.7695553,110.3850879,-1.98,-7.7695642,110.3847551,-1.46
1789017988.5177715,36.6829910556522,36.6829910556522,0.0,False,False,3.9799999999999995,3.46,-7.7695553,110.3850879,-1.98,-7.7695642,110.3847551,-1.46
1789017988.7227647,36.6829910556522,36.6829910556522,0.0,False,False,3.9799999999999995,3.46,-7.7695553,110.3850879,-1.98,-7.7695642,110.3847551,-1.46
1789017988.9292219,36.6829910556522,36.6829910556522,0.0,False,False,3.9799999999999995,3.46,-7.7695553,110.3850879,-1.98,-7.7695642,110.3847551,-1.46
1789017989.1340778,36.6829910556522,36.6829910556522,0.0,False,False,3.9799999999999995,3.46,-7.7695553,110.3850879,-1.98,-7.7695642,110.3847551,-1.46
1789017989.3434722,36.6829910556522,36.6829910556522,0.0,False,False,3.9799999999999995,3.46,-7.7695553,110.3850879,-1.98,-7.7695642,110.3847551,-1.46
1789017989.5448217,36.6829910556522,36.6829910556522,0.0,False,False,3.9799999999999995,3.46,-7.7695553,110.3850879,-1.98,-7.7695642,110.3847551,-1.46
1789017989.7580688,36.6829910556522,36.6829910556522,0.0,False,False,3.9799999999999995,3.46,-7.7695553,110.3850879,-1.98,-7.7695642,110.3847551,-1.46
1789017989.9704018,36.6829910556522,36.6829910556522,0.0,False,False,3.9799999999999995,3.46,-7.7695553,110.3850879,-1.98,-7.7695642,110.3847551,-1.46
1789017990.1715872,36.6829910556522,36.6829910556522,0.0,False,False,3.9799999999999995,3.46,-7.7695553,110.3850879,-1.98,-7.7695642,110.3847551,-1.46
1789017990.370982,36.6829910556522,36.6829910556522,0.0,False,False,3.9799999999999995,3.46,-7.7695553,110.3850879,-1.98,-7.7695642,110.3847551,-1.46
1789017990.576358,36.6829910556522,36.6829910556522,0.0,False,False,3.9799999999999995,3.46,-7.7695553,110.3850879,-1.98,-7.7695642,110.3847551,-1.46
1789017990.7776842,36.6829910556522,36.6829910556522,0.0,False,False,3.9799999999999995,3.46,-7.7695553,110.3850879,-1.98,-7.7695642,110.3847551,-1.46
1789017990.986822,36.6829910556522,36.6829910556522,0.0,False,False,3.9799999999999995,3.46,-7.7695553,110.3850879,-1.98,-7.7695642,110.3847551,-1.46
1789017991.1892123,36.6829910556522,36.6829910556522,0.0,False,False,3.9799999999999995,3.46,-7.7695553,110.3850879,-1.98,-7.7695642,110.3847551,-1.46
1789017991.3894403,36.6829910556522,36.6829910556522,0.0,False,False,3.9799999999999995,3.46,-7.7695553,110.3850879,-1.98,-7.7695642,110.3847551,-1.46
1789017991.5983853,36.6829910556522,36.6829910556522,0.0,False,False,3.9799999999999995,3.46,-7.7695553,110.3850879,-1.98,-7.7695642,110.3847551,-1.46
1789017991.799293,36.6829910556522,36.6829910556522,0.0,False,False,3.9799999999999995,3.46,-7.7695553,110.3850879,-1.98,-7.7695642,110.3847551,-1.46
1789017992.0061135,36.6829910556522,36.6829910556522,0.0,False,False,3.9799999999999995,3.46,-7.7695553,110.3850879,-1.98,-7.7695642,110.3847551,-1.46
1789017992.2155712,36.6829910556522,36.6829910556522,0.0,False,False,3.9799999999999995,3.46,-7.7695553,110.3850879,-1.98,-7.7695642,110.3847551,-1.46
1789017992.4159846,36.6829910556522,36.6829910556522,0.0,False,False,3.9799999999999995,3.46,-7.7695553,110.3850879,-1.98,-7.7695642,110.3847551,-1.46
1789017992.6169162,36.6829910556522,36.6829910556522,0.0,False,False,3.9799999999999995,3.46,-7.7695553,110.3850879,-1.98,-7.7695642,110.3847551,-1.46
1789017992.8344731,36.6829910556522,36.6829910556522,0.0,False,False,3.9799999999999995,3.46,-7.7695553,110.3850879,-1.98,-7.7695642,110.3847551,-1.46
1789017993.0377908,36.6829910556522,36.6829910556522,0.0,False,False,3.9799999999999995,3.46,-7.7695553,110.3850879,-1.98,-7.7695642,110.3847551,-1.46
1789017993.241354,36.6829910556522,36.6829910556522,0.0,False,False,3.9799999999999995,3.46,-7.7695553,110.3850879,-1.98,-7.7695642,110.3847551,-1.46
1789017993.443236,36.6829910556522,36.6829910556522,0.0,False,False,3.9799999999999995,3.46,-7.7695553,110.3850879,-1.98,-7.7695642,110.3847551,-1.46
1789017993.6445518,36.6829910556522,36.6829910556522,0.0,False,False,3.9799999999999995,3.46,-7.7695553,110.3850879,-1.98,-7.7695642,110.3847551,-1.46
1789017993.8547466,36.6829910556522,36.6829910556522,0.0,False,False,3.9799999999999995,3.46,-7.7695553,110.3850879,-1.98,-7.7695642,110.3847551,-1.46
1789017994.0653343,36.6829910556522,36.6829910556522,0.0,False,False,3.9799999999999995,3.46,-7.7695553,110.3850879,-1.98,-7.7695642,110.3847551,-1.46
1789017994.279565,36.68300524478685,36.68300524478685,0.0,False,False,3.981,3.46,-7.7695553,110.3850879,-1.981,-7.7695642,110.3847551,-1.46
1789017994.4806762,36.68300524478685,36.68300524478685,0.0,False,False,3.981,3.46,-7.7695553,110.3850879,-1.981,-7.7695642,110.3847551,-1.46
1789017994.6814797,36.68300524478685,36.68300524478685,0.0,False,False,3.981,3.46,-7.7695553,110.3850879,-1.981,-7.7695642,110.3847551,-1.46
1789017994.8903618,36.68300524478685,36.68300524478685,0.0,False,False,3.981,3.46,-7.7695553,110.3850879,-1.981,-7.7695642,110.3847551,-1.46
1789017995.096576,36.68301946117658,36.68301946117658,0.0,False,False,3.981,3.459,-7.7695553,110.3850879,-1.981,-7.7695642,110.3847551,-1.459
1789017995.3008583,36.68301946117658,36.68301946117658,0.0,False,False,3.981,3.459,-7.7695553,110.3850879,-1.981,-7.7695642,110.3847551,-1.459
1789017995.5020068,36.68300524478685,36.68300524478685,0.0,False,False,3.98,3.459,-7.7695553,110.3850879,-1.98,-7.7695642,110.3847551,-1.459
1789017995.7106626,36.68300524478685,36.68300524478685,0.0,False,False,3.98,3.459,-7.7695553,110.3850879,-1.98,-7.7695642,110.3847551,-1.459
1789017995.912315,36.68300524478685,36.68300524478685,0.0,False,False,3.98,3.459,-7.7695553,110.3850879,-1.98,-7.7695642,110.3847551,-1.459
1789017996.1268237,36.68300524478685,36.68300524478685,0.0,False,False,3.98,3.459,-7.7695553,110.3850879,-1.98,-7.7695642,110.3847551,-1.459
1789017996.332309,36.68300524478685,36.68300524478685,0.0,False,False,3.98,3.459,-7.7695553,110.3850879,-1.98,-7.7695642,110.3847551,-1.459
1789017996.5556426,36.68300524478685,36.68300524478685,0.0,False,False,3.98,3.459,-7.7695553,110.3850879,-1.98,-7.7695642,110.3847551,-1.459
1789017996.7634244,36.68300524478685,36.68300524478685,0.0,False,False,3.98,3.459,-7.7695553,110.3850879,-1.98,-7.7695642,110.3847551,-1.459
1789017996.970824,36.68300524478685,36.68300524478685,0.0,False,False,3.98,3.459,-7.7695553,110.3850879,-1.98,-7.7695642,110.3847551,-1.459
1789017997.1774046,36.68300524478685,36.68300524478685,0.0,False,False,3.98,3.459,-7.7695553,110.3850879,-1.98,-7.7695642,110.3847551,-1.459
1789017997.380602,36.68300524478685,36.68300524478685,0.0,False,False,3.98,3.459,-7.7695553,110.3850879,-1.98,-7.7695642,110.3847551,-1.459
1789017997.585394,36.68300524478685,36.68300524478685,0.0,False,False,3.98,3.459,-7.7695553,110.3850879,-1.98,-7.7695642,110.3847551,-1.459
1789017997.7860916,36.68301946117658,36.68301946117658,0.0,False,False,3.981,3.459,-7.7695553,110.3850879,-1.981,-7.7695642,110.3847551,-1.459
1789017997.9906037,36.68301946117658,36.68301946117658,0.0,False,False,3.981,3.459,-7.7695553,110.3850879,-1.981,-7.7695642,110.3847551,-1.459
1789017998.1913285,36.68301946117658,36.68301946117658,0.0,False,False,3.981,3.459,-7.7695553,110.3850879,-1.981,-7.7695642,110.3847551,-1.459
1789017998.397513,36.68301946117658,36.68301946117658,0.0,False,False,3.981,3.459,-7.7695553,110.3850879,-1.981,-7.7695642,110.3847551,-1.459
1789017998.603009,36.68301946117658,36.68301946117658,0.0,False,False,3.981,3.459,-7.7695553,110.3850879,-1.981,-7.7695642,110.3847551,-1.459
1789017998.808288,36.68301946117658,36.68301946117658,0.0,False,False,3.981,3.459,-7.7695553,110.3850879,-1.981,-7.7695642,110.3847551,-1.459
1789017999.012622,36.68301946117658,36.68301946117658,0.0,False,False,3.981,3.459,-7.7695553,110.3850879,-1.981,-7.7695642,110.3847551,-1.459
1789017999.228194,36.68301946117658,36.68301946117658,0.0,False,False,3.981,3.459,-7.7695553,110.3850879,-1.981,-7.7695642,110.3847551,-1.459
1789017999.4317157,36.68301946117658,36.68301946117658,0.0,False,False,3.981,3.459,-7.7695553,110.3850879,-1.981,-7.7695642,110.3847551,-1.459
1789017999.6409202,36.68301946117658,36.68301946117658,0.0,False,False,3.981,3.459,-7.7695553,110.3850879,-1.981,-7.7695642,110.3847551,-1.459
1789017999.843634,36.68301946117658,36.68301946117658,0.0,False,False,3.981,3.459,-7.7695553,110.3850879,-1.981,-7.7695642,110.3847551,-1.459
1789018000.0439475,36.68301946117658,36.68301946117658,0.0,False,False,3.981,3.459,-7.7695553,110.3850879,-1.981,-7.7695642,110.3847551,-1.459
1789018000.24892,36.68300524478685,36.68300524478685,0.0,False,False,3.98,3.459,-7.7695553,110.3850879,-1.98,-7.7695642,110.3847551,-1.459
1789018000.4577816,36.68300524478685,36.68300524478685,0.0,False,False,3.98,3.459,-7.7695553,110.3850879,-1.98,-7.7695642,110.3847551,-1.459
1789018000.6660774,36.68300524478685,36.68300524478685,0.0,False,False,3.98,3.459,-7.7695553,110.3850879,-1.98,-7.7695642,110.3847551,-1.459
1789018000.8686378,36.68300524478685,36.68300524478685,0.0,False,False,3.98,3.459,-7.7695553,110.3850879,-1.98,-7.7695642,110.3847551,-1.459
1789018001.0690248,36.68300524478685,36.68300524478685,0.0,False,False,3.98,3.459,-7.7695553,110.3850879,-1.98,-7.7695642,110.3847551,-1.459
1789018001.2709348,36.68300524478685,36.68300524478685,0.0,False,False,3.98,3.459,-7.7695553,110.3850879,-1.98,-7.7695642,110.3847551,-1.459
1789018001.4836469,36.68300524478685,36.68300524478685,0.0,False,False,3.98,3.459,-7.7695553,110.3850879,-1.98,-7.7695642,110.3847551,-1.459
1789018001.686762,36.68300524478685,36.68300524478685,0.0,False,False,3.98,3.459,-7.7695553,110.3850879,-1.98,-7.7695642,110.3847551,-1.459
1789018001.8877437,36.68300524478685,36.68300524478685,0.0,False,False,3.98,3.459,-7.7695553,110.3850879,-1.98,-7.7695642,110.3847551,-1.459
1789018002.0895278,36.68300524478685,36.68300524478685,0.0,False,False,3.98,3.459,-7.7695553,110.3850879,-1.98,-7.7695642,110.3847551,-1.459
1789018002.2905521,36.68300524478685,36.68300524478685,0.0,False,False,3.98,3.459,-7.7695553,110.3850879,-1.98,-7.7695642,110.3847551,-1.459
1789018002.4936435,36.68300524478685,36.68300524478685,0.0,False,False,3.98,3.459,-7.7695553,110.3850879,-1.98,-7.7695642,110.3847551,-1.459
1789018002.694398,36.68300524478685,36.68300524478685,0.0,False,False,3.98,3.459,-7.7695553,110.3850879,-1.98,-7.7695642,110.3847551,-1.459
1789018002.9763193,36.68300524478685,36.68300524478685,0.0,False,False,3.98,3.459,-7.7695553,110.3850879,-1.98,-7.7695642,110.3847551,-1.459
1789018003.273717,36.68300524478685,36.68300524478685,0.0,False,False,3.98,3.459,-7.7695553,110.3850879,-1.98,-7.7695642,110.3847551,-1.459
1789018003.4740908,36.68300524478685,36.68300524478685,0.0,False,False,3.98,3.459,-7.7695553,110.3850879,-1.98,-7.7695642,110.3847551,-1.459
1789018003.6747966,36.68300524478685,36.68300524478685,0.0,False,False,3.98,3.459,-7.7695553,110.3850879,-1.98,-7.7695642,110.3847551,-1.459
1789018003.8756056,36.68300524478685,36.68300524478685,0.0,False,False,3.98,3.459,-7.7695553,110.3850879,-1.98,-7.7695642,110.3847551,-1.459
1789018004.08251,36.68300524478685,36.68300524478685,0.0,False,False,3.98,3.459,-7.7695553,110.3850879,-1.98,-7.7695642,110.3847551,-1.459
1789018004.2926319,36.68300524478685,36.68300524478685,0.0,False,False,3.98,3.459,-7.7695553,110.3850879,-1.98,-7.7695642,110.3847551,-1.459
1789018004.4968686,36.68300524478685,36.68300524478685,0.0,False,False,3.98,3.459,-7.7695553,110.3850879,-1.98,-7.7695642,110.3847551,-1.459
1789018004.7000916,36.68300524478685,36.68300524478685,0.0,False,False,3.98,3.459,-7.7695553,110.3850879,-1.98,-7.7695642,110.3847551,-1.459
1789018004.9020123,36.68300524478685,36.68300524478685,0.0,False,False,3.98,3.459,-7.7695553,110.3850879,-1.98,-7.7695642,110.3847551,-1.459
1789018005.1165628,36.68300524478685,36.68300524478685,0.0,False,False,3.98,3.459,-7.7695553,110.3850879,-1.98,-7.7695642,110.3847551,-1.459
1789018005.3236446,36.6829910556522,36.6829910556522,0.0,False,False,3.9799999999999995,3.46,-7.7695553,110.3850879,-1.98,-7.7695642,110.3847551,-1.46
1789018005.5281744,36.6829910556522,36.6829910556522,0.0,False,False,3.9799999999999995,3.46,-7.7695553,110.3850879,-1.98,-7.7695642,110.3847551,-1.46
1789018005.7281823,36.6829910556522,36.6829910556522,0.0,False,False,3.9799999999999995,3.46,-7.7695553,110.3850879,-1.98,-7.7695642,110.3847551,-1.46
1789018006.1680074,36.6829910556522,36.6829910556522,0.0,False,False,3.9799999999999995,3.46,-7.7695553,110.3850879,-1.98,-7.7695642,110.3847551,-1.46
1789018006.3017714,36.6829910556522,36.6829910556522,0.0,False,False,3.9799999999999995,3.46,-7.7695553,110.3850879,-1.98,-7.7695642,110.3847551,-1.46
1789018006.5054395,36.6829910556522,36.6829910556522,0.0,False,False,3.9799999999999995,3.46,-7.7695553,110.3850879,-1.98,-7.7695642,110.3847551,-1.46
1789018006.707832,36.6829910556522,36.6829910556522,0.0,False,False,3.9799999999999995,3.46,-7.7695553,110.3850879,-1.98,-7.7695642,110.3847551,-1.46
1789018006.9094303,36.6829910556522,36.6829910556522,0.0,False,False,3.9799999999999995,3.46,-7.7695553,110.3850879,-1.98,-7.7695642,110.3847551,-1.46
1789018007.1325784,36.6829910556522,36.6829910556522,0.0,False,False,3.9799999999999995,3.46,-7.7695553,110.3850879,-1.98,-7.7695642,110.3847551,-1.46
1789018007.4030652,36.6829910556522,36.6829910556522,0.0,False,False,3.9799999999999995,3.46,-7.7695553,110.3850879,-1.98,-7.7695642,110.3847551,-1.46
1789018007.669054,36.6829910556522,36.6829910556522,0.0,False,False,3.9799999999999995,3.46,-7.7695553,110.3850879,-1.98,-7.7695642,110.3847551,-1.46
1789018007.8907313,36.6829910556522,36.6829910556522,0.0,False,False,3.9799999999999995,3.46,-7.7695553,110.3850879,-1.98,-7.7695642,110.3847551,-1.46
1789018008.1834607,36.6829910556522,36.6829910556522,0.0,False,False,3.9799999999999995,3.46,-7.7695553,110.3850879,-1.98,-7.7695642,110.3847551,-1.46
1789018008.7040899,36.6829910556522,36.6829910556522,0.0,False,False,3.9799999999999995,3.46,-7.7695553,110.3850879,-1.98,-7.7695642,110.3847551,-1.46
1789018009.0746088,36.6829910556522,36.6829910556522,0.0,False,False,3.9799999999999995,3.46,-7.7695553,110.3850879,-1.98,-7.7695642,110.3847551,-1.46
1789018009.2787256,36.6829910556522,36.6829910556522,0.0,False,False,3.9799999999999995,3.46,-7.7695553,110.3850879,-1.98,-7.7695642,110.3847551,-1.46
1789018009.4795358,36.6829910556522,36.6829910556522,0.0,False,False,3.9799999999999995,3.46,-7.7695553,110.3850879,-1.98,-7.7695642,110.3847551,-1.46
1789018009.693628,36.6829910556522,36.6829910556522,0.0,False,False,3.9799999999999995,3.46,-7.7695553,110.3850879,-1.98,-7.7695642,110.3847551,-1.46
1789018009.895376,36.6829910556522,36.6829910556522,0.0,False,False,3.9799999999999995,3.46,-7.7695553,110.3850879,-1.98,-7.7695642,110.3847551,-1.46
1789018010.0956004,36.6829910556522,36.6829910556522,0.0,False,False,3.9799999999999995,3.46,-7.7695553,110.3850879,-1.98,-7.7695642,110.3847551,-1.46
1789018010.2974288,36.6829910556522,36.6829910556522,0.0,False,False,3.9799999999999995,3.46,-7.7695553,110.3850879,-1.98,-7.7695642,110.3847551,-1.46
1789018010.506346,36.6829910556522,36.6829910556522,0.0,False,False,3.9799999999999995,3.46,-7.7695553,110.3850879,-1.98,-7.7695642,110.3847551,-1.46
1789018010.7106903,36.6829910556522,36.6829910556522,0.0,False,False,3.9799999999999995,3.46,-7.7695553,110.3850879,-1.98,-7.7695642,110.3847551,-1.46
1789018010.9187934,36.6829910556522,36.6829910556522,0.0,False,False,3.9799999999999995,3.46,-7.7695553,110.3850879,-1.98,-7.7695642,110.3847551,-1.46
1789018011.1192,36.6829910556522,36.6829910556522,0.0,False,False,3.9799999999999995,3.46,-7.7695553,110.3850879,-1.98,-7.7695642,110.3847551,-1.46
1789018011.3195486,36.6829910556522,36.6829910556522,0.0,False,False,3.9799999999999995,3.46,-7.7695553,110.3850879,-1.98,-7.7695642,110.3847551,-1.46
1789018011.5230966,36.6829910556522,36.6829910556522,0.0,False,False,3.9799999999999995,3.46,-7.7695553,110.3850879,-1.98,-7.7695642,110.3847551,-1.46
1789018011.7264981,36.6829910556522,36.6829910556522,0.0,False,False,3.9799999999999995,3.46,-7.7695553,110.3850879,-1.98,-7.7695642,110.3847551,-1.46
1789018011.9414825,36.6829910556522,36.6829910556522,0.0,False,False,3.9799999999999995,3.46,-7.7695553,110.3850879,-1.98,-7.7695642,110.3847551,-1.46
1789018012.1415694,36.68297689377266,36.68297689377266,0.0,False,False,3.979,3.46,-7.7695553,110.3850879,-1.979,-7.7695642,110.3847551,-1.46
1789018012.3512669,36.68297689377266,36.68297689377266,0.0,False,False,3.979,3.46,-7.7695553,110.3850879,-1.979,-7.7695642,110.3847551,-1.46
1789018012.551596,36.68297689377266,36.68297689377266,0.0,False,False,3.979,3.46,-7.7695553,110.3850879,-1.979,-7.7695642,110.3847551,-1.46
1789018012.7616918,36.6829910556522,36.6829910556522,0.0,False,False,3.9799999999999995,3.46,-7.7695553,110.3850879,-1.98,-7.7695642,110.3847551,-1.46
1789018012.96476,36.6829910556522,36.6829910556522,0.0,False,False,3.9799999999999995,3.46,-7.7695553,110.3850879,-1.98,-7.7695642,110.3847551,-1.46
1789018013.1790633,36.6829910556522,36.6829910556522,0.0,False,False,3.9799999999999995,3.46,-7.7695553,110.3850879,-1.98,-7.7695642,110.3847551,-1.46
1789018013.380117,36.6829910556522,36.6829910556522,0.0,False,False,3.9799999999999995,3.46,-7.7695553,110.3850879,-1.98,-7.7695642,110.3847551,-1.46
1789018013.585639,36.6829910556522,36.6829910556522,0.0,False,False,3.9799999999999995,3.46,-7.7695553,110.3850879,-1.98,-7.7695642,110.3847551,-1.46
1789018013.7915392,36.6829910556522,36.6829910556522,0.0,False,False,3.9799999999999995,3.46,-7.7695553,110.3850879,-1.98,-7.7695642,110.3847551,-1.46
1789018013.999387,36.6829910556522,36.6829910556522,0.0,False,False,3.9799999999999995,3.46,-7.7695553,110.3850879,-1.98,-7.7695642,110.3847551,-1.46
1789018014.2052972,36.6829910556522,36.6829910556522,0.0,False,False,3.9799999999999995,3.46,-7.7695553,110.3850879,-1.98,-7.7695642,110.3847551,-1.46
